CustomerID,CustomerName,Gender,Age,Email,Phone,City,State,JoinDate,CustomerSegment
1,Ananya Thakur,Female,32,ananya1@gmail.com,9249827706,Mumbai,Maharashtra,2023-05-17,Silver
2,Sneha Yadav,Female,19,sneha2@gmail.com,9200604502,Jaipur,Rajasthan,2022-03-07,Regular
3,Amit Gupta,Male,44,amit3@gmail.com,9336696312,Jaipur,Rajasthan,2025-01-21,Regular
4,Aditya Yadav,Male,35,aditya4@gmail.com,9266944844,Delhi,Delhi,2023-11-28,Regular
5,Vivaan Yadav,Male,40,vivaan5@gmail.com,9469319644,Kolkata,West Bengal,2022-07-18,Silver
6,Amit Singh,Male,23,amit6@gmail.com,9692749116,Gaya,Bihar,2024-02-15,Regular
7,Ananya Singh,Female,60,ananya7@gmail.com,9344703907,Kolkata,West Bengal,2022-04-04,Gold
8,Vivaan Yadav,Male,47,vivaan8@gmail.com,9782560971,Mumbai,Maharashtra,2023-07-24,Gold
9,Priya Gupta,Female,59,priya9@gmail.com,9176667861,Mysuru,Karnataka,2023-07-01,Silver
10,Aditya Das,Male,35,aditya10@gmail.com,9787194506,Bengaluru,Karnataka,2024-02-17,Silver
11,Aarav Gupta,Male,38,aarav11@gmail.com,9530747414,Coimbatore,Tamil Nadu,2022-03-07,Regular
12,Prakash Das,Male,59,prakash12@gmail.com,9592688426,Coimbatore,Tamil Nadu,2024-03-21,Regular
13,Ananya Thakur,Female,45,ananya13@gmail.com,9726563708,Bengaluru,Karnataka,2025-04-12,Regular
14,Amit Das,Male,21,amit14@gmail.com,9217734861,Chennai,Tamil Nadu,2022-07-06,Regular
15,Sneha Singh,Female,42,sneha15@gmail.com,9739830322,Mysuru,Karnataka,2024-02-28,Platinum
16,Amit Kumar,Male,52,amit16@gmail.com,9906248900,Jodhpur,Rajasthan,2022-08-23,Regular
17,Ayushi Yadav,Female,47,ayushi17@gmail.com,9103484630,Kolkata,West Bengal,2022-11-20,Platinum
18,Amit Singh,Male,58,amit18@gmail.com,9645098869,Delhi,Delhi,2023-09-04,Silver
19,Aditya Kumar,Male,49,aditya19@gmail.com,9120912992,Mysuru,Karnataka,2023-10-26,Regular
20,Prakash Kumar,Male,54,prakash20@gmail.com,9184564737,Siliguri,West Bengal,2023-05-09,Regular
21,Amit Sharma,Male,60,amit21@gmail.com,9610330567,Hyderabad,Telangana,2022-09-20,Platinum
22,Amit Yadav,Male,52,amit22@gmail.com,9910959828,Mysuru,Karnataka,2023-03-10,Silver
23,Neha Verma,Female,51,neha23@gmail.com,9584779555,Coimbatore,Tamil Nadu,2024-06-16,Regular
24,Priya Kumar,Female,32,priya24@gmail.com,9731832764,Chennai,Tamil Nadu,2025-02-08,Regular
25,Prakash Singh,Male,39,prakash25@gmail.com,9176082500,Mumbai,Maharashtra,2022-03-06,Silver
26,Prakash Sharma,Male,54,prakash26@gmail.com,9607526654,Delhi,Delhi,2025-03-15,Regular
27,Prakash Singh,Male,60,prakash27@gmail.com,9562837684,Warangal,Telangana,2022-07-18,Regular
28,Ananya Kumar,Female,21,ananya28@gmail.com,9532311310,Kanpur,Uttar Pradesh,2022-07-21,Silver
29,Prakash Gupta,Male,46,prakash29@gmail.com,9250519597,Mumbai,Maharashtra,2025-01-03,Regular
30,Prakash Singh,Male,53,prakash30@gmail.com,9205128697,Delhi,Delhi,2024-06-26,Regular
31,Vivaan Gupta,Male,44,vivaan31@gmail.com,9621453189,Jaipur,Rajasthan,2022-12-07,Regular
32,Aditya Yadav,Male,42,aditya32@gmail.com,9384759615,Lucknow,Uttar Pradesh,2022-01-05,Gold
33,Neha Das,Female,30,neha33@gmail.com,9418587604,Warangal,Telangana,2022-11-14,Regular
34,Ananya Verma,Female,21,ananya34@gmail.com,9727255918,Patna,Bihar,2022-04-28,Regular
35,Aarav Singh,Male,22,aarav35@gmail.com,9738914080,Jaipur,Rajasthan,2023-01-16,Regular
36,Vivaan Gupta,Male,56,vivaan36@gmail.com,9142672287,Coimbatore,Tamil Nadu,2025-03-31,Silver
37,Ayushi Gupta,Female,33,ayushi37@gmail.com,9385201412,Kanpur,Uttar Pradesh,2023-10-06,Regular
38,Priya Singh,Female,47,priya38@gmail.com,9766964667,Delhi,Delhi,2022-01-20,Platinum
39,Amit Gupta,Male,34,amit39@gmail.com,9242224154,Mumbai,Maharashtra,2024-11-02,Platinum
40,Priya Thakur,Female,46,priya40@gmail.com,9995226828,Mumbai,Maharashtra,2022-11-20,Silver
41,Rohan Thakur,Male,26,rohan41@gmail.com,9383968123,Delhi,Delhi,2022-08-01,Regular
42,Ayushi Thakur,Female,39,ayushi42@gmail.com,9318610946,Mumbai,Maharashtra,2023-03-08,Silver
43,Ayushi Kumar,Female,58,ayushi43@gmail.com,9554811020,Delhi,Delhi,2022-07-09,Gold
44,Priya Sharma,Female,28,priya44@gmail.com,9895890631,Patna,Bihar,2023-06-21,Regular
45,Vivaan Singh,Male,52,vivaan45@gmail.com,9138684919,Lucknow,Uttar Pradesh,2022-11-02,Gold
46,Neha Sharma,Female,37,neha46@gmail.com,9491541578,Jaipur,Rajasthan,2022-03-27,Gold
47,Prakash Gupta,Male,40,prakash47@gmail.com,9937643439,Gaya,Bihar,2022-07-30,Silver
48,Prakash Sharma,Male,44,prakash48@gmail.com,9126614158,Lucknow,Uttar Pradesh,2022-12-29,Regular
49,Rohan Gupta,Male,28,rohan49@gmail.com,9945436943,Siliguri,West Bengal,2023-07-01,Silver
50,Rahul Gupta,Male,47,rahul50@gmail.com,9475442872,Lucknow,Uttar Pradesh,2023-02-13,Regular
51,Aarav Gupta,Male,39,aarav51@gmail.com,9399147754,Chennai,Tamil Nadu,2024-03-27,Gold
52,Rohan Yadav,Male,39,rohan52@gmail.com,9129635852,Delhi,Delhi,2025-01-03,Regular
53,Sneha Thakur,Female,24,sneha53@gmail.com,9740563507,Delhi,Delhi,2022-03-20,Regular
54,Sneha Singh,Female,54,sneha54@gmail.com,9304095531,Siliguri,West Bengal,2024-02-28,Regular
55,Amit Gupta,Male,45,amit55@gmail.com,9175133802,Lucknow,Uttar Pradesh,2024-01-16,Platinum
56,Rohan Singh,Male,50,rohan56@gmail.com,9432091877,Siliguri,West Bengal,2023-09-08,Silver
57,Ananya Thakur,Female,26,ananya57@gmail.com,9305986733,Siliguri,West Bengal,2025-02-09,Regular
58,Sneha Thakur,Female,53,sneha58@gmail.com,9995205588,Lucknow,Uttar Pradesh,2024-04-11,Regular
59,Neha Verma,Female,46,neha59@gmail.com,9574765466,Delhi,Delhi,2024-08-10,Silver
60,Ananya Sharma,Female,36,ananya60@gmail.com,9653462378,Jodhpur,Rajasthan,2022-06-23,Silver
61,Prakash Thakur,Male,30,prakash61@gmail.com,9258220114,Kolkata,West Bengal,2023-04-06,Regular
62,Sneha Singh,Female,44,sneha62@gmail.com,9776205431,Coimbatore,Tamil Nadu,2024-07-21,Silver
63,Neha Gupta,Female,59,neha63@gmail.com,9838328947,Kanpur,Uttar Pradesh,2022-10-30,Regular
64,Prakash Sharma,Male,47,prakash64@gmail.com,9153921577,Pune,Maharashtra,2024-11-26,Silver
65,Aditya Das,Male,53,aditya65@gmail.com,9739362057,Pune,Maharashtra,2024-12-23,Regular
66,Amit Das,Male,48,amit66@gmail.com,9583258726,Warangal,Telangana,2022-11-22,Regular
67,Amit Das,Male,35,amit67@gmail.com,9572309605,Coimbatore,Tamil Nadu,2023-05-05,Regular
68,Ayushi Verma,Female,52,ayushi68@gmail.com,9186519602,Delhi,Delhi,2023-10-17,Regular
69,Ananya Sharma,Female,22,ananya69@gmail.com,9545461013,Coimbatore,Tamil Nadu,2023-03-15,Regular
70,Neha Kumar,Female,44,neha70@gmail.com,9518197538,Jodhpur,Rajasthan,2023-02-28,Gold
71,Rahul Kumar,Male,37,rahul71@gmail.com,9909037759,Gaya,Bihar,2023-12-22,Regular
72,Rahul Gupta,Male,45,rahul72@gmail.com,9621454127,Lucknow,Uttar Pradesh,2023-07-13,Regular
73,Ananya Sharma,Female,26,ananya73@gmail.com,9768143326,Siliguri,West Bengal,2024-08-15,Silver
74,Vivaan Yadav,Male,47,vivaan74@gmail.com,9295130056,Lucknow,Uttar Pradesh,2022-10-05,Regular
75,Prakash Das,Male,39,prakash75@gmail.com,9917364173,Kanpur,Uttar Pradesh,2023-11-01,Gold
76,Ayushi Singh,Female,19,ayushi76@gmail.com,9904258674,Delhi,Delhi,2024-08-21,Silver
77,Rohan Singh,Male,19,rohan77@gmail.com,9365518424,Kolkata,West Bengal,2022-03-24,Regular
78,Prakash Sharma,Male,60,prakash78@gmail.com,9222824732,Patna,Bihar,2024-08-27,Silver
79,Ananya Thakur,Female,28,ananya79@gmail.com,9750572325,Coimbatore,Tamil Nadu,2024-01-26,Silver
80,Ayushi Singh,Female,19,ayushi80@gmail.com,9434961542,Mumbai,Maharashtra,2025-03-31,Silver
81,Ananya Gupta,Female,55,ananya81@gmail.com,9841541582,Kanpur,Uttar Pradesh,2022-06-05,Gold
82,Ananya Thakur,Female,54,ananya82@gmail.com,9940348305,Chennai,Tamil Nadu,2022-09-05,Regular
83,Rohan Verma,Male,50,rohan83@gmail.com,9795294275,Jodhpur,Rajasthan,2022-05-22,Regular
84,Vivaan Yadav,Male,58,vivaan84@gmail.com,9989817696,Kanpur,Uttar Pradesh,2024-01-12,Regular
85,Aditya Thakur,Male,48,aditya85@gmail.com,9599154414,Mysuru,Karnataka,2025-01-07,Regular
86,Prakash Singh,Male,46,prakash86@gmail.com,9361846370,Delhi,Delhi,2023-07-26,Gold
87,Aarav Das,Male,29,aarav87@gmail.com,9623502759,Kanpur,Uttar Pradesh,2023-10-28,Regular
88,Ayushi Thakur,Female,18,ayushi88@gmail.com,9654724287,Delhi,Delhi,2025-02-12,Platinum
89,Ananya Yadav,Female,53,ananya89@gmail.com,9914073098,Mumbai,Maharashtra,2024-09-27,Regular
90,Rahul Kumar,Male,36,rahul90@gmail.com,9337937327,Warangal,Telangana,2022-07-10,Regular
91,Rohan Verma,Male,53,rohan91@gmail.com,9670073085,Coimbatore,Tamil Nadu,2024-08-27,Regular
92,Priya Das,Female,37,priya92@gmail.com,9369942642,Jodhpur,Rajasthan,2023-07-09,Regular
93,Vivaan Sharma,Male,31,vivaan93@gmail.com,9893070706,Coimbatore,Tamil Nadu,2023-01-28,Regular
94,Vivaan Gupta,Male,32,vivaan94@gmail.com,9487493096,Jodhpur,Rajasthan,2023-08-30,Regular
95,Ayushi Kumar,Female,53,ayushi95@gmail.com,9413679331,Patna,Bihar,2022-04-22,Silver
96,Vivaan Kumar,Male,36,vivaan96@gmail.com,9604011128,Mysuru,Karnataka,2025-03-21,Regular
97,Aarav Thakur,Male,25,aarav97@gmail.com,9982739959,Kolkata,West Bengal,2024-09-05,Regular
98,Sneha Kumar,Female,27,sneha98@gmail.com,9970957171,Hyderabad,Telangana,2022-11-07,Silver
99,Prakash Singh,Male,44,prakash99@gmail.com,9751028618,Delhi,Delhi,2025-02-16,Silver
100,Rahul Das,Male,55,rahul100@gmail.com,9560452529,Coimbatore,Tamil Nadu,2023-09-01,Regular
101,Prakash Gupta,Male,60,prakash101@gmail.com,9187174381,Patna,Bihar,2023-06-26,Regular
102,Aditya Kumar,Male,46,aditya102@gmail.com,9840206617,Bengaluru,Karnataka,2024-04-16,Silver
103,Prakash Thakur,Male,47,prakash103@gmail.com,9176428684,Delhi,Delhi,2023-08-03,Silver
104,Neha Singh,Female,32,neha104@gmail.com,9795392488,Delhi,Delhi,2025-01-20,Regular
105,Vivaan Kumar,Male,37,vivaan105@gmail.com,9738923667,Delhi,Delhi,2022-12-06,Silver
106,Vivaan Das,Male,43,vivaan106@gmail.com,9392322121,Delhi,Delhi,2023-09-15,Silver
107,Vivaan Kumar,Male,38,vivaan107@gmail.com,9748232591,Warangal,Telangana,2024-06-03,Regular
108,Rohan Kumar,Male,54,rohan108@gmail.com,9143198431,Mumbai,Maharashtra,2023-07-06,Gold
109,Amit Das,Male,29,amit109@gmail.com,9728492896,Mysuru,Karnataka,2023-07-24,Regular
110,Rahul Verma,Male,39,rahul110@gmail.com,9444733679,Hyderabad,Telangana,2024-04-16,Silver
111,Neha Das,Female,60,neha111@gmail.com,9529982328,Mysuru,Karnataka,2023-08-14,Gold
112,Rahul Singh,Male,34,rahul112@gmail.com,9447112584,Jaipur,Rajasthan,2023-10-07,Regular
113,Rohan Das,Male,21,rohan113@gmail.com,9301415220,Lucknow,Uttar Pradesh,2024-04-26,Silver
114,Aarav Gupta,Male,53,aarav114@gmail.com,9240674381,Warangal,Telangana,2023-07-01,Gold
115,Vivaan Kumar,Male,28,vivaan115@gmail.com,9433665422,Warangal,Telangana,2023-05-06,Silver
116,Vivaan Gupta,Male,47,vivaan116@gmail.com,9226128312,Jodhpur,Rajasthan,2022-08-21,Silver
117,Ananya Thakur,Female,35,ananya117@gmail.com,9546129354,Mysuru,Karnataka,2024-11-08,Gold
118,Rahul Sharma,Male,30,rahul118@gmail.com,9743576792,Hyderabad,Telangana,2024-02-25,Silver
119,Ayushi Yadav,Female,50,ayushi119@gmail.com,9386874458,Bengaluru,Karnataka,2023-11-28,Gold
120,Sneha Das,Female,46,sneha120@gmail.com,9678296492,Delhi,Delhi,2022-11-01,Regular
121,Rahul Verma,Male,33,rahul121@gmail.com,9713963047,Siliguri,West Bengal,2023-01-22,Regular
122,Priya Das,Female,42,priya122@gmail.com,9812630453,Lucknow,Uttar Pradesh,2024-02-20,Gold
123,Aarav Sharma,Male,55,aarav123@gmail.com,9456476596,Mysuru,Karnataka,2024-10-25,Gold
124,Amit Das,Male,27,amit124@gmail.com,9540211187,Hyderabad,Telangana,2022-02-01,Gold
125,Rahul Thakur,Male,57,rahul125@gmail.com,9843785903,Bengaluru,Karnataka,2023-11-25,Regular
126,Rohan Yadav,Male,58,rohan126@gmail.com,9871716956,Pune,Maharashtra,2023-10-11,Gold
127,Sneha Singh,Female,58,sneha127@gmail.com,9834868441,Hyderabad,Telangana,2023-04-26,Gold
128,Neha Singh,Female,46,neha128@gmail.com,9278632824,Chennai,Tamil Nadu,2022-07-25,Silver
129,Priya Kumar,Female,40,priya129@gmail.com,9502482554,Patna,Bihar,2023-08-24,Regular
130,Sneha Sharma,Female,29,sneha130@gmail.com,9184791618,Coimbatore,Tamil Nadu,2022-12-15,Silver
131,Rahul Sharma,Male,47,rahul131@gmail.com,9784944881,Lucknow,Uttar Pradesh,2023-04-21,Regular
132,Rahul Thakur,Male,28,rahul132@gmail.com,9179308612,Delhi,Delhi,2025-01-24,Regular
133,Rohan Yadav,Male,47,rohan133@gmail.com,9424400672,Siliguri,West Bengal,2023-05-28,Regular
134,Vivaan Gupta,Male,54,vivaan134@gmail.com,9485429460,Kanpur,Uttar Pradesh,2024-02-21,Silver
135,Rohan Yadav,Male,18,rohan135@gmail.com,9707661655,Delhi,Delhi,2023-07-17,Gold
136,Ayushi Gupta,Female,32,ayushi136@gmail.com,9783563240,Gaya,Bihar,2023-12-23,Regular
137,Rohan Singh,Male,37,rohan137@gmail.com,9946764061,Delhi,Delhi,2022-03-22,Regular
138,Vivaan Thakur,Male,44,vivaan138@gmail.com,9288592093,Kolkata,West Bengal,2023-11-01,Regular
139,Amit Thakur,Male,34,amit139@gmail.com,9985503942,Jodhpur,Rajasthan,2022-12-03,Platinum
140,Vivaan Das,Male,27,vivaan140@gmail.com,9909763993,Delhi,Delhi,2022-06-04,Platinum
141,Vivaan Yadav,Male,34,vivaan141@gmail.com,9676140134,Kanpur,Uttar Pradesh,2022-01-29,Regular
142,Sneha Yadav,Female,24,sneha142@gmail.com,9824600232,Siliguri,West Bengal,2024-01-31,Regular
143,Sneha Gupta,Female,58,sneha143@gmail.com,9984607950,Gaya,Bihar,2022-05-10,Regular
144,Vivaan Sharma,Male,20,vivaan144@gmail.com,9426808977,Delhi,Delhi,2022-04-03,Platinum
145,Prakash Sharma,Male,47,prakash145@gmail.com,9498370582,Mumbai,Maharashtra,2024-03-06,Silver
146,Sneha Sharma,Female,59,sneha146@gmail.com,9206323670,Jodhpur,Rajasthan,2024-04-29,Gold
147,Aarav Verma,Male,46,aarav147@gmail.com,9577488537,Kanpur,Uttar Pradesh,2023-03-21,Platinum
148,Rohan Verma,Male,59,rohan148@gmail.com,9485123110,Kolkata,West Bengal,2025-01-20,Regular
149,Vivaan Das,Male,60,vivaan149@gmail.com,9327746886,Delhi,Delhi,2022-07-07,Silver
150,Priya Gupta,Female,54,priya150@gmail.com,9320337809,Patna,Bihar,2022-09-15,Regular
151,Sneha Gupta,Female,39,sneha151@gmail.com,9931471931,Jaipur,Rajasthan,2023-04-23,Regular
152,Aditya Sharma,Male,34,aditya152@gmail.com,9957397689,Gaya,Bihar,2025-01-11,Regular
153,Aarav Verma,Male,55,aarav153@gmail.com,9447646966,Patna,Bihar,2023-05-03,Regular
154,Aditya Yadav,Male,25,aditya154@gmail.com,9900651998,Delhi,Delhi,2024-12-13,Regular
155,Amit Singh,Male,50,amit155@gmail.com,9337887233,Warangal,Telangana,2024-07-14,Platinum
156,Rahul Kumar,Male,48,rahul156@gmail.com,9531233244,Gaya,Bihar,2022-05-05,Regular
157,Ananya Das,Female,23,ananya157@gmail.com,9445864933,Pune,Maharashtra,2022-05-31,Silver
158,Ayushi Verma,Female,56,ayushi158@gmail.com,9669681065,Mumbai,Maharashtra,2024-02-20,Regular
159,Vivaan Singh,Male,31,vivaan159@gmail.com,9561784080,Jodhpur,Rajasthan,2025-02-03,Regular
160,Priya Das,Female,44,priya160@gmail.com,9883415470,Coimbatore,Tamil Nadu,2024-03-27,Regular
161,Rohan Thakur,Male,27,rohan161@gmail.com,9837468465,Kanpur,Uttar Pradesh,2024-02-06,Gold
162,Vivaan Singh,Male,24,vivaan162@gmail.com,9899496315,Mumbai,Maharashtra,2024-06-03,Silver
163,Sneha Verma,Female,44,sneha163@gmail.com,9479673044,Bengaluru,Karnataka,2022-09-08,Gold
164,Ayushi Thakur,Female,24,ayushi164@gmail.com,9720535283,Lucknow,Uttar Pradesh,2023-12-22,Silver
165,Prakash Singh,Male,53,prakash165@gmail.com,9494665673,Mysuru,Karnataka,2023-12-19,Regular
166,Neha Kumar,Female,19,neha166@gmail.com,9293720285,Delhi,Delhi,2023-07-02,Regular
167,Priya Kumar,Female,27,priya167@gmail.com,9708082645,Delhi,Delhi,2023-01-07,Silver
168,Ananya Kumar,Female,51,ananya168@gmail.com,9330997172,Mumbai,Maharashtra,2022-07-07,Regular
169,Aditya Verma,Male,38,aditya169@gmail.com,9934120892,Warangal,Telangana,2023-10-01,Platinum
170,Aditya Sharma,Male,23,aditya170@gmail.com,9392168202,Mumbai,Maharashtra,2022-04-12,Regular
171,Sneha Das,Female,35,sneha171@gmail.com,9331465414,Kanpur,Uttar Pradesh,2024-04-28,Gold
172,Neha Singh,Female,55,neha172@gmail.com,9622517939,Pune,Maharashtra,2023-08-04,Silver
173,Prakash Yadav,Male,18,prakash173@gmail.com,9319497661,Delhi,Delhi,2022-04-23,Regular
174,Ayushi Thakur,Female,25,ayushi174@gmail.com,9108299923,Chennai,Tamil Nadu,2023-11-03,Regular
175,Aditya Yadav,Male,32,aditya175@gmail.com,9637152602,Lucknow,Uttar Pradesh,2024-12-26,Silver
176,Neha Kumar,Female,19,neha176@gmail.com,9593657365,Kolkata,West Bengal,2024-06-12,Gold
177,Sneha Yadav,Female,36,sneha177@gmail.com,9223666470,Siliguri,West Bengal,2024-05-05,Regular
178,Sneha Das,Female,23,sneha178@gmail.com,9568915703,Kolkata,West Bengal,2024-01-12,Gold
179,Sneha Yadav,Female,23,sneha179@gmail.com,9524951250,Coimbatore,Tamil Nadu,2024-12-09,Gold
180,Priya Sharma,Female,50,priya180@gmail.com,9779919809,Kolkata,West Bengal,2022-06-06,Regular
181,Priya Verma,Female,33,priya181@gmail.com,9210385522,Jaipur,Rajasthan,2022-10-30,Regular
182,Sneha Sharma,Female,29,sneha182@gmail.com,9929839316,Chennai,Tamil Nadu,2022-06-04,Silver
183,Rohan Verma,Male,27,rohan183@gmail.com,9572191734,Warangal,Telangana,2023-10-10,Regular
184,Ayushi Kumar,Female,50,ayushi184@gmail.com,9179661615,Warangal,Telangana,2023-12-22,Regular
185,Aarav Verma,Male,22,aarav185@gmail.com,9792205349,Hyderabad,Telangana,2023-08-11,Gold
186,Rahul Kumar,Male,54,rahul186@gmail.com,9799905142,Pune,Maharashtra,2024-07-10,Regular
187,Aarav Das,Male,39,aarav187@gmail.com,9866990485,Hyderabad,Telangana,2022-07-31,Regular
188,Prakash Das,Male,51,prakash188@gmail.com,9661296425,Bengaluru,Karnataka,2024-06-18,Silver
189,Ayushi Yadav,Female,39,ayushi189@gmail.com,9828960875,Siliguri,West Bengal,2024-04-17,Silver
190,Priya Singh,Female,42,priya190@gmail.com,9405100495,Kolkata,West Bengal,2025-02-16,Regular
191,Vivaan Sharma,Male,37,vivaan191@gmail.com,9804433388,Mysuru,Karnataka,2023-12-18,Silver
192,Sneha Singh,Female,53,sneha192@gmail.com,9504456327,Lucknow,Uttar Pradesh,2023-09-27,Silver
193,Rohan Singh,Male,50,rohan193@gmail.com,9488509962,Kolkata,West Bengal,2024-05-17,Regular
194,Prakash Verma,Male,30,prakash194@gmail.com,9343248743,Delhi,Delhi,2024-09-22,Platinum
195,Ayushi Singh,Female,52,ayushi195@gmail.com,9996703082,Bengaluru,Karnataka,2024-11-05,Silver
196,Rohan Verma,Male,56,rohan196@gmail.com,9504499880,Jaipur,Rajasthan,2022-09-26,Regular
197,Ananya Das,Female,44,ananya197@gmail.com,9491163514,Bengaluru,Karnataka,2022-03-31,Silver
198,Sneha Thakur,Female,32,sneha198@gmail.com,9673390109,Coimbatore,Tamil Nadu,2024-07-08,Regular
199,Priya Das,Female,36,priya199@gmail.com,9935504321,Hyderabad,Telangana,2024-08-03,Regular
200,Aditya Gupta,Male,34,aditya200@gmail.com,9156027635,Jodhpur,Rajasthan,2022-10-11,Silver
201,Ananya Singh,Female,23,ananya201@gmail.com,9919390458,Kolkata,West Bengal,2023-08-07,Regular
202,Neha Singh,Female,46,neha202@gmail.com,9475364113,Hyderabad,Telangana,2023-03-31,Platinum
203,Neha Verma,Female,42,neha203@gmail.com,9187623171,Lucknow,Uttar Pradesh,2023-04-28,Regular
204,Vivaan Verma,Male,26,vivaan204@gmail.com,9141127742,Gaya,Bihar,2022-10-27,Regular
205,Ananya Das,Female,57,ananya205@gmail.com,9105638424,Hyderabad,Telangana,2024-07-07,Gold
206,Prakash Sharma,Male,56,prakash206@gmail.com,9666690337,Gaya,Bihar,2025-01-28,Regular
207,Ayushi Singh,Female,33,ayushi207@gmail.com,9550784243,Delhi,Delhi,2022-04-08,Silver
208,Vivaan Das,Male,19,vivaan208@gmail.com,9778556450,Hyderabad,Telangana,2025-01-02,Silver
209,Ayushi Yadav,Female,57,ayushi209@gmail.com,9478833337,Chennai,Tamil Nadu,2022-01-04,Regular
210,Rohan Singh,Male,41,rohan210@gmail.com,9172670118,Lucknow,Uttar Pradesh,2024-12-08,Platinum
211,Neha Das,Female,58,neha211@gmail.com,9515410649,Jaipur,Rajasthan,2022-03-31,Platinum
212,Priya Singh,Female,33,priya212@gmail.com,9886989426,Delhi,Delhi,2023-12-08,Silver
213,Aditya Kumar,Male,52,aditya213@gmail.com,9463512350,Pune,Maharashtra,2023-12-23,Gold
214,Ananya Das,Female,26,ananya214@gmail.com,9167753684,Mysuru,Karnataka,2023-01-09,Silver
215,Ayushi Gupta,Female,30,ayushi215@gmail.com,9144996163,Hyderabad,Telangana,2022-03-31,Regular
216,Amit Das,Male,20,amit216@gmail.com,9908839964,Delhi,Delhi,2023-06-03,Silver
217,Aarav Verma,Male,25,aarav217@gmail.com,9958287383,Delhi,Delhi,2023-07-14,Regular
218,Neha Verma,Female,49,neha218@gmail.com,9843102880,Kanpur,Uttar Pradesh,2023-01-18,Regular
219,Vivaan Yadav,Male,45,vivaan219@gmail.com,9746879296,Jodhpur,Rajasthan,2022-06-11,Platinum
220,Priya Singh,Female,38,priya220@gmail.com,9809656613,Mysuru,Karnataka,2022-06-13,Regular
221,Aditya Das,Male,46,aditya221@gmail.com,9145478504,Warangal,Telangana,2023-12-21,Silver
222,Ayushi Kumar,Female,60,ayushi222@gmail.com,9784523874,Siliguri,West Bengal,2022-06-03,Regular
223,Aarav Sharma,Male,20,aarav223@gmail.com,9235538456,Jaipur,Rajasthan,2024-06-16,Regular
224,Neha Kumar,Female,46,neha224@gmail.com,9498320110,Siliguri,West Bengal,2022-11-11,Regular
225,Amit Verma,Male,38,amit225@gmail.com,9797460535,Mumbai,Maharashtra,2024-03-26,Regular
226,Ananya Sharma,Female,51,ananya226@gmail.com,9515524530,Mumbai,Maharashtra,2024-10-19,Gold
227,Ayushi Das,Female,57,ayushi227@gmail.com,9406635834,Pune,Maharashtra,2023-03-16,Silver
228,Vivaan Sharma,Male,46,vivaan228@gmail.com,9285388355,Hyderabad,Telangana,2022-06-01,Gold
229,Rohan Verma,Male,22,rohan229@gmail.com,9690554938,Hyderabad,Telangana,2023-12-13,Silver
230,Ananya Sharma,Female,50,ananya230@gmail.com,9340777602,Delhi,Delhi,2024-01-11,Regular
231,Prakash Das,Male,41,prakash231@gmail.com,9694875990,Chennai,Tamil Nadu,2022-02-23,Silver
232,Sneha Singh,Female,37,sneha232@gmail.com,9527521016,Hyderabad,Telangana,2022-05-15,Platinum
233,Neha Singh,Female,38,neha233@gmail.com,9789705810,Warangal,Telangana,2022-09-14,Regular
234,Aditya Sharma,Male,45,aditya234@gmail.com,9639945876,Warangal,Telangana,2022-09-22,Gold
235,Amit Sharma,Male,28,amit235@gmail.com,9273910700,Patna,Bihar,2023-09-15,Regular
236,Amit Thakur,Male,34,amit236@gmail.com,9310777576,Coimbatore,Tamil Nadu,2022-06-11,Silver
237,Aditya Thakur,Male,23,aditya237@gmail.com,9639633807,Jodhpur,Rajasthan,2024-12-28,Silver
238,Rohan Verma,Male,20,rohan238@gmail.com,9986090690,Bengaluru,Karnataka,2025-02-28,Gold
239,Rohan Thakur,Male,54,rohan239@gmail.com,9547306651,Mumbai,Maharashtra,2023-03-08,Silver
240,Rohan Thakur,Male,48,rohan240@gmail.com,9362935648,Gaya,Bihar,2023-09-11,Gold
241,Rahul Singh,Male,28,rahul241@gmail.com,9572022811,Kanpur,Uttar Pradesh,2022-05-03,Regular
242,Priya Sharma,Female,38,priya242@gmail.com,9888340979,Hyderabad,Telangana,2023-10-03,Platinum
243,Aditya Verma,Male,53,aditya243@gmail.com,9214014134,Siliguri,West Bengal,2024-11-20,Regular
244,Ayushi Das,Female,27,ayushi244@gmail.com,9203950725,Hyderabad,Telangana,2023-05-23,Regular
245,Prakash Sharma,Male,54,prakash245@gmail.com,9874305759,Kanpur,Uttar Pradesh,2023-11-02,Regular
246,Amit Das,Male,37,amit246@gmail.com,9634047267,Mysuru,Karnataka,2024-10-18,Regular
247,Prakash Gupta,Male,40,prakash247@gmail.com,9152246275,Kanpur,Uttar Pradesh,2025-04-09,Regular
248,Ayushi Kumar,Female,45,ayushi248@gmail.com,9243811545,Warangal,Telangana,2022-08-09,Gold
249,Priya Kumar,Female,21,priya249@gmail.com,9712335251,Siliguri,West Bengal,2024-03-31,Silver
250,Vivaan Yadav,Male,46,vivaan250@gmail.com,9920772671,Siliguri,West Bengal,2024-10-29,Silver
251,Vivaan Yadav,Male,39,vivaan251@gmail.com,9698967370,Mumbai,Maharashtra,2024-02-04,Platinum
252,Sneha Yadav,Female,20,sneha252@gmail.com,9148644109,Bengaluru,Karnataka,2024-10-21,Regular
253,Amit Das,Male,56,amit253@gmail.com,9653520069,Siliguri,West Bengal,2022-11-02,Regular
254,Neha Thakur,Female,50,neha254@gmail.com,9989368954,Kolkata,West Bengal,2023-11-20,Silver
255,Rahul Kumar,Male,39,rahul255@gmail.com,9823494111,Warangal,Telangana,2024-01-25,Regular
256,Ananya Kumar,Female,34,ananya256@gmail.com,9803935444,Kanpur,Uttar Pradesh,2024-08-29,Gold
257,Sneha Das,Female,51,sneha257@gmail.com,9775410705,Chennai,Tamil Nadu,2022-12-16,Silver
258,Rohan Gupta,Male,54,rohan258@gmail.com,9852178601,Lucknow,Uttar Pradesh,2022-03-06,Regular
259,Priya Yadav,Female,44,priya259@gmail.com,9841419015,Gaya,Bihar,2022-11-07,Regular
260,Ananya Kumar,Female,51,ananya260@gmail.com,9322631460,Jodhpur,Rajasthan,2022-10-10,Silver
261,Priya Sharma,Female,52,priya261@gmail.com,9467570835,Warangal,Telangana,2024-07-30,Silver
262,Prakash Gupta,Male,53,prakash262@gmail.com,9420511037,Delhi,Delhi,2023-07-26,Regular
263,Ananya Gupta,Female,38,ananya263@gmail.com,9615185000,Delhi,Delhi,2024-09-28,Regular
264,Vivaan Yadav,Male,40,vivaan264@gmail.com,9930071496,Delhi,Delhi,2024-03-19,Gold
265,Ayushi Singh,Female,46,ayushi265@gmail.com,9804344630,Delhi,Delhi,2023-12-11,Regular
266,Prakash Thakur,Male,35,prakash266@gmail.com,9247395716,Hyderabad,Telangana,2025-02-25,Regular
267,Aarav Gupta,Male,21,aarav267@gmail.com,9207586738,Chennai,Tamil Nadu,2023-04-22,Regular
268,Rohan Sharma,Male,53,rohan268@gmail.com,9269587940,Hyderabad,Telangana,2022-01-11,Regular
269,Rohan Gupta,Male,38,rohan269@gmail.com,9406462391,Warangal,Telangana,2023-08-12,Silver
270,Amit Kumar,Male,44,amit270@gmail.com,9999371401,Mumbai,Maharashtra,2022-12-25,Regular
271,Rahul Sharma,Male,20,rahul271@gmail.com,9109950544,Gaya,Bihar,2023-08-16,Regular
272,Ayushi Das,Female,51,ayushi272@gmail.com,9630334421,Pune,Maharashtra,2025-01-17,Gold
273,Ayushi Gupta,Female,39,ayushi273@gmail.com,9274476883,Mysuru,Karnataka,2022-08-19,Silver
274,Aarav Verma,Male,54,aarav274@gmail.com,9824132709,Delhi,Delhi,2023-08-28,Gold
275,Neha Verma,Female,43,neha275@gmail.com,9818608005,Mysuru,Karnataka,2022-06-27,Regular
276,Priya Gupta,Female,34,priya276@gmail.com,9511859868,Mysuru,Karnataka,2022-01-14,Regular
277,Ayushi Kumar,Female,59,ayushi277@gmail.com,9486066116,Delhi,Delhi,2023-06-20,Silver
278,Rahul Thakur,Male,43,rahul278@gmail.com,9836665942,Patna,Bihar,2022-11-24,Silver
279,Rohan Thakur,Male,57,rohan279@gmail.com,9337135066,Delhi,Delhi,2024-01-23,Regular
280,Aditya Das,Male,44,aditya280@gmail.com,9853703117,Mysuru,Karnataka,2024-02-05,Silver
281,Prakash Singh,Male,46,prakash281@gmail.com,9667121569,Hyderabad,Telangana,2024-12-12,Silver
282,Aarav Gupta,Male,52,aarav282@gmail.com,9260902774,Mumbai,Maharashtra,2025-03-18,Regular
283,Vivaan Gupta,Male,49,vivaan283@gmail.com,9197647841,Jodhpur,Rajasthan,2025-04-09,Gold
284,Rahul Sharma,Male,44,rahul284@gmail.com,9590483627,Hyderabad,Telangana,2024-11-17,Silver
285,Rohan Thakur,Male,43,rohan285@gmail.com,9373221357,Jodhpur,Rajasthan,2022-02-14,Gold
286,Aarav Yadav,Male,22,aarav286@gmail.com,9681069884,Chennai,Tamil Nadu,2023-12-07,Platinum
287,Aarav Thakur,Male,29,aarav287@gmail.com,9925677464,Pune,Maharashtra,2024-04-17,Regular
288,Neha Das,Female,42,neha288@gmail.com,9186167773,Kanpur,Uttar Pradesh,2024-02-13,Silver
289,Rohan Verma,Male,29,rohan289@gmail.com,9676876906,Jaipur,Rajasthan,2022-08-31,Regular
290,Aarav Kumar,Male,47,aarav290@gmail.com,9823164961,Bengaluru,Karnataka,2023-09-04,Silver
291,Prakash Gupta,Male,40,prakash291@gmail.com,9266560311,Kanpur,Uttar Pradesh,2024-08-01,Regular
292,Rohan Yadav,Male,33,rohan292@gmail.com,9321278458,Mumbai,Maharashtra,2022-02-02,Regular
293,Sneha Kumar,Female,20,sneha293@gmail.com,9531929128,Gaya,Bihar,2023-05-17,Regular
294,Aarav Sharma,Male,36,aarav294@gmail.com,9351429015,Jaipur,Rajasthan,2024-10-28,Gold
295,Prakash Thakur,Male,60,prakash295@gmail.com,9659689063,Siliguri,West Bengal,2022-10-21,Regular
296,Aarav Sharma,Male,53,aarav296@gmail.com,9632168774,Delhi,Delhi,2024-05-24,Regular
297,Amit Verma,Male,44,amit297@gmail.com,9260221190,Siliguri,West Bengal,2024-05-02,Regular
298,Prakash Gupta,Male,27,prakash298@gmail.com,9965195567,Mysuru,Karnataka,2023-09-08,Regular
299,Neha Sharma,Female,33,neha299@gmail.com,9373799489,Gaya,Bihar,2024-03-06,Regular
300,Priya Singh,Female,30,priya300@gmail.com,9155337035,Pune,Maharashtra,2025-01-01,Regular
301,Prakash Gupta,Male,31,prakash301@gmail.com,9457517705,Patna,Bihar,2024-09-08,Regular
302,Prakash Singh,Male,33,prakash302@gmail.com,9846923032,Patna,Bihar,2024-09-07,Silver
303,Prakash Verma,Male,42,prakash303@gmail.com,9600632621,Coimbatore,Tamil Nadu,2023-08-03,Silver
304,Ayushi Verma,Female,49,ayushi304@gmail.com,9600368062,Siliguri,West Bengal,2024-11-16,Regular
305,Prakash Verma,Male,44,prakash305@gmail.com,9149086585,Warangal,Telangana,2023-10-03,Silver
306,Aarav Thakur,Male,55,aarav306@gmail.com,9721849977,Chennai,Tamil Nadu,2025-02-07,Silver
307,Prakash Verma,Male,42,prakash307@gmail.com,9711806831,Delhi,Delhi,2023-04-17,Gold
308,Ayushi Das,Female,47,ayushi308@gmail.com,9280639501,Warangal,Telangana,2024-10-01,Silver
309,Aditya Das,Male,52,aditya309@gmail.com,9789137659,Kolkata,West Bengal,2023-01-12,Platinum
310,Vivaan Kumar,Male,44,vivaan310@gmail.com,9247630403,Jaipur,Rajasthan,2022-01-14,Gold
311,Ananya Sharma,Female,31,ananya311@gmail.com,9643026584,Chennai,Tamil Nadu,2022-01-19,Regular
312,Rohan Das,Male,18,rohan312@gmail.com,9671458801,Gaya,Bihar,2022-02-02,Silver
313,Amit Thakur,Male,36,amit313@gmail.com,9118406723,Patna,Bihar,2025-01-02,Silver
314,Vivaan Singh,Male,27,vivaan314@gmail.com,9358738317,Lucknow,Uttar Pradesh,2024-12-09,Regular
315,Priya Thakur,Female,23,priya315@gmail.com,9500561082,Jodhpur,Rajasthan,2024-03-23,Platinum
316,Ananya Gupta,Female,23,ananya316@gmail.com,9801943382,Hyderabad,Telangana,2023-09-07,Platinum
317,Neha Yadav,Female,53,neha317@gmail.com,9611106584,Patna,Bihar,2024-02-12,Regular
318,Vivaan Das,Male,59,vivaan318@gmail.com,9942217648,Patna,Bihar,2024-06-07,Regular
319,Prakash Gupta,Male,48,prakash319@gmail.com,9391086098,Mumbai,Maharashtra,2025-03-06,Regular
320,Amit Kumar,Male,38,amit320@gmail.com,9116812751,Pune,Maharashtra,2023-01-03,Platinum
321,Vivaan Thakur,Male,54,vivaan321@gmail.com,9358205053,Mysuru,Karnataka,2022-11-29,Silver
322,Neha Sharma,Female,50,neha322@gmail.com,9900427880,Kanpur,Uttar Pradesh,2022-06-10,Platinum
323,Neha Gupta,Female,39,neha323@gmail.com,9749794986,Patna,Bihar,2022-06-05,Gold
324,Aarav Thakur,Male,49,aarav324@gmail.com,9344961731,Kanpur,Uttar Pradesh,2024-07-11,Regular
325,Aditya Yadav,Male,57,aditya325@gmail.com,9417161302,Kanpur,Uttar Pradesh,2022-06-25,Gold
326,Ayushi Sharma,Female,58,ayushi326@gmail.com,9265653546,Mumbai,Maharashtra,2024-02-18,Silver
327,Vivaan Singh,Male,37,vivaan327@gmail.com,9577531502,Siliguri,West Bengal,2022-01-11,Regular
328,Aditya Singh,Male,45,aditya328@gmail.com,9581942228,Delhi,Delhi,2023-01-19,Silver
329,Vivaan Kumar,Male,40,vivaan329@gmail.com,9695088987,Jodhpur,Rajasthan,2022-07-03,Regular
330,Aarav Thakur,Male,42,aarav330@gmail.com,9936626463,Siliguri,West Bengal,2024-04-27,Regular
331,Sneha Sharma,Female,28,sneha331@gmail.com,9249078381,Jaipur,Rajasthan,2024-02-19,Regular
332,Aditya Singh,Male,45,aditya332@gmail.com,9396311802,Delhi,Delhi,2022-12-09,Regular
333,Priya Thakur,Female,58,priya333@gmail.com,9632363811,Hyderabad,Telangana,2023-05-21,Silver
334,Vivaan Sharma,Male,18,vivaan334@gmail.com,9524871030,Coimbatore,Tamil Nadu,2023-09-16,Regular
335,Rahul Verma,Male,59,rahul335@gmail.com,9738224541,Kanpur,Uttar Pradesh,2024-05-31,Regular
336,Rahul Verma,Male,43,rahul336@gmail.com,9442671456,Kolkata,West Bengal,2022-12-30,Regular
337,Priya Yadav,Female,43,priya337@gmail.com,9491932454,Hyderabad,Telangana,2023-07-29,Regular
338,Rohan Kumar,Male,31,rohan338@gmail.com,9570787423,Chennai,Tamil Nadu,2024-08-03,Gold
339,Rohan Das,Male,58,rohan339@gmail.com,9425164079,Pune,Maharashtra,2022-10-13,Regular
340,Neha Singh,Female,56,neha340@gmail.com,9614574336,Mysuru,Karnataka,2024-07-08,Silver
341,Amit Kumar,Male,52,amit341@gmail.com,9737609304,Jodhpur,Rajasthan,2024-01-07,Silver
342,Prakash Verma,Male,59,prakash342@gmail.com,9757857890,Mumbai,Maharashtra,2022-12-07,Regular
343,Neha Singh,Female,24,neha343@gmail.com,9377818215,Kanpur,Uttar Pradesh,2022-01-22,Regular
344,Rahul Verma,Male,47,rahul344@gmail.com,9929296154,Jaipur,Rajasthan,2024-03-12,Silver
345,Priya Kumar,Female,24,priya345@gmail.com,9417217932,Jaipur,Rajasthan,2024-09-15,Regular
346,Ananya Sharma,Female,37,ananya346@gmail.com,9468365044,Mumbai,Maharashtra,2023-12-15,Regular
347,Priya Das,Female,46,priya347@gmail.com,9875235090,Coimbatore,Tamil Nadu,2022-07-19,Silver
348,Ayushi Kumar,Female,19,ayushi348@gmail.com,9468377143,Kolkata,West Bengal,2022-08-24,Silver
349,Amit Sharma,Male,28,amit349@gmail.com,9455397438,Bengaluru,Karnataka,2025-02-04,Silver
350,Neha Sharma,Female,58,neha350@gmail.com,9805778992,Hyderabad,Telangana,2023-01-17,Regular
351,Rahul Yadav,Male,18,rahul351@gmail.com,9856704108,Patna,Bihar,2024-03-07,Regular
352,Sneha Singh,Female,29,sneha352@gmail.com,9492767278,Delhi,Delhi,2025-01-04,Regular
353,Ayushi Das,Female,58,ayushi353@gmail.com,9436515102,Hyderabad,Telangana,2024-12-16,Silver
354,Priya Verma,Female,57,priya354@gmail.com,9285250002,Lucknow,Uttar Pradesh,2024-07-26,Gold
355,Rohan Sharma,Male,25,rohan355@gmail.com,9356165519,Delhi,Delhi,2023-10-04,Regular
356,Ananya Sharma,Female,42,ananya356@gmail.com,9549080818,Mysuru,Karnataka,2024-11-12,Silver
357,Aditya Das,Male,59,aditya357@gmail.com,9286009450,Kanpur,Uttar Pradesh,2025-01-05,Silver
358,Aditya Sharma,Male,46,aditya358@gmail.com,9765086407,Warangal,Telangana,2023-10-07,Regular
359,Rahul Sharma,Male,42,rahul359@gmail.com,9702994164,Kolkata,West Bengal,2023-02-04,Silver
360,Rohan Das,Male,46,rohan360@gmail.com,9624737111,Warangal,Telangana,2024-05-01,Regular
361,Ayushi Kumar,Female,32,ayushi361@gmail.com,9677252858,Patna,Bihar,2023-07-17,Regular
362,Amit Singh,Male,25,amit362@gmail.com,9387643522,Warangal,Telangana,2025-03-18,Gold
363,Ananya Das,Female,31,ananya363@gmail.com,9556506372,Kolkata,West Bengal,2025-01-23,Regular
364,Aarav Das,Male,40,aarav364@gmail.com,9976955647,Coimbatore,Tamil Nadu,2023-06-23,Regular
365,Prakash Verma,Male,28,prakash365@gmail.com,9761587312,Mumbai,Maharashtra,2024-05-26,Regular
366,Aarav Verma,Male,35,aarav366@gmail.com,9740871060,Chennai,Tamil Nadu,2024-12-26,Silver
367,Ayushi Thakur,Female,24,ayushi367@gmail.com,9245587477,Siliguri,West Bengal,2024-11-19,Platinum
368,Ayushi Sharma,Female,33,ayushi368@gmail.com,9257027702,Lucknow,Uttar Pradesh,2022-09-29,Silver
369,Rahul Sharma,Male,58,rahul369@gmail.com,9388532840,Coimbatore,Tamil Nadu,2025-03-28,Silver
370,Vivaan Singh,Male,50,vivaan370@gmail.com,9905094179,Kanpur,Uttar Pradesh,2024-04-05,Regular
371,Rahul Verma,Male,18,rahul371@gmail.com,9931221434,Siliguri,West Bengal,2025-04-06,Gold
372,Rohan Verma,Male,52,rohan372@gmail.com,9527044165,Pune,Maharashtra,2022-05-10,Regular
373,Rahul Thakur,Male,36,rahul373@gmail.com,9462661837,Lucknow,Uttar Pradesh,2023-10-24,Silver
374,Priya Kumar,Female,24,priya374@gmail.com,9772355141,Mysuru,Karnataka,2022-04-05,Gold
375,Vivaan Sharma,Male,47,vivaan375@gmail.com,9100725768,Hyderabad,Telangana,2024-06-22,Platinum
376,Ananya Sharma,Female,28,ananya376@gmail.com,9394226159,Lucknow,Uttar Pradesh,2023-09-11,Regular
377,Vivaan Verma,Male,21,vivaan377@gmail.com,9525568516,Siliguri,West Bengal,2022-12-05,Silver
378,Rohan Singh,Male,18,rohan378@gmail.com,9329159242,Coimbatore,Tamil Nadu,2022-07-14,Regular
379,Amit Das,Male,18,amit379@gmail.com,9846891707,Bengaluru,Karnataka,2022-01-20,Regular
380,Ananya Sharma,Female,22,ananya380@gmail.com,9345829826,Pune,Maharashtra,2024-09-05,Regular
381,Priya Verma,Female,26,priya381@gmail.com,9510943598,Mumbai,Maharashtra,2023-09-05,Gold
382,Vivaan Kumar,Male,46,vivaan382@gmail.com,9477084942,Bengaluru,Karnataka,2022-12-03,Silver
383,Sneha Das,Female,23,sneha383@gmail.com,9207873599,Mysuru,Karnataka,2023-03-21,Regular
384,Priya Yadav,Female,26,priya384@gmail.com,9366058599,Pune,Maharashtra,2023-10-07,Regular
385,Amit Thakur,Male,60,amit385@gmail.com,9423893509,Mumbai,Maharashtra,2022-02-24,Regular
386,Ananya Yadav,Female,59,ananya386@gmail.com,9158593156,Jaipur,Rajasthan,2023-08-29,Gold
387,Neha Singh,Female,49,neha387@gmail.com,9785135687,Coimbatore,Tamil Nadu,2023-05-09,Silver
388,Priya Verma,Female,42,priya388@gmail.com,9710293796,Jaipur,Rajasthan,2022-09-28,Regular
389,Rahul Singh,Male,55,rahul389@gmail.com,9172512549,Jaipur,Rajasthan,2022-02-04,Regular
390,Aarav Yadav,Male,36,aarav390@gmail.com,9774922644,Chennai,Tamil Nadu,2024-11-03,Silver
391,Ananya Yadav,Female,58,ananya391@gmail.com,9676132087,Kanpur,Uttar Pradesh,2022-06-18,Silver
392,Vivaan Thakur,Male,50,vivaan392@gmail.com,9318181642,Mysuru,Karnataka,2022-06-11,Platinum
393,Neha Singh,Female,45,neha393@gmail.com,9883786839,Mysuru,Karnataka,2023-09-28,Platinum
394,Prakash Singh,Male,25,prakash394@gmail.com,9586804311,Chennai,Tamil Nadu,2024-06-08,Silver
395,Rohan Sharma,Male,18,rohan395@gmail.com,9860102491,Gaya,Bihar,2022-09-02,Regular
396,Rahul Verma,Male,51,rahul396@gmail.com,9940725996,Patna,Bihar,2024-12-07,Gold
397,Priya Sharma,Female,25,priya397@gmail.com,9928316966,Delhi,Delhi,2023-07-05,Gold
398,Ayushi Singh,Female,54,ayushi398@gmail.com,9773808249,Siliguri,West Bengal,2023-06-23,Regular
399,Aarav Das,Male,28,aarav399@gmail.com,9494801749,Warangal,Telangana,2025-03-06,Regular
400,Prakash Kumar,Male,18,prakash400@gmail.com,9362585121,Mumbai,Maharashtra,2022-04-01,Regular
401,Aditya Sharma,Male,53,aditya401@gmail.com,9962338680,Siliguri,West Bengal,2022-03-14,Gold
402,Priya Gupta,Female,38,priya402@gmail.com,9391261014,Lucknow,Uttar Pradesh,2024-05-02,Gold
403,Amit Kumar,Male,32,amit403@gmail.com,9963651372,Kolkata,West Bengal,2023-01-03,Silver
404,Vivaan Das,Male,37,vivaan404@gmail.com,9451436694,Gaya,Bihar,2023-08-02,Regular
405,Priya Gupta,Female,54,priya405@gmail.com,9942358213,Hyderabad,Telangana,2023-08-21,Regular
406,Priya Das,Female,52,priya406@gmail.com,9916561565,Coimbatore,Tamil Nadu,2023-02-05,Gold
407,Neha Kumar,Female,52,neha407@gmail.com,9471969615,Bengaluru,Karnataka,2023-04-23,Silver
408,Aarav Yadav,Male,24,aarav408@gmail.com,9320325776,Gaya,Bihar,2023-09-22,Silver
409,Rahul Kumar,Male,35,rahul409@gmail.com,9199886596,Coimbatore,Tamil Nadu,2022-10-19,Regular
410,Ananya Verma,Female,23,ananya410@gmail.com,9723597716,Coimbatore,Tamil Nadu,2024-07-27,Regular
411,Vivaan Kumar,Male,60,vivaan411@gmail.com,9240346956,Mysuru,Karnataka,2024-06-09,Regular
412,Neha Verma,Female,46,neha412@gmail.com,9392010397,Delhi,Delhi,2023-10-14,Regular
413,Sneha Singh,Female,24,sneha413@gmail.com,9276496293,Chennai,Tamil Nadu,2022-11-15,Regular
414,Vivaan Verma,Male,46,vivaan414@gmail.com,9431042889,Siliguri,West Bengal,2023-03-02,Regular
415,Aditya Thakur,Male,31,aditya415@gmail.com,9997567367,Mumbai,Maharashtra,2022-03-24,Gold
416,Ananya Gupta,Female,43,ananya416@gmail.com,9651323128,Bengaluru,Karnataka,2023-12-30,Regular
417,Aditya Kumar,Male,46,aditya417@gmail.com,9696950800,Delhi,Delhi,2024-04-08,Silver
418,Rahul Singh,Male,25,rahul418@gmail.com,9112838650,Chennai,Tamil Nadu,2022-10-14,Regular
419,Prakash Yadav,Male,58,prakash419@gmail.com,9792225271,Chennai,Tamil Nadu,2024-02-02,Regular
420,Aarav Singh,Male,59,aarav420@gmail.com,9576130756,Delhi,Delhi,2023-02-09,Gold
421,Vivaan Kumar,Male,21,vivaan421@gmail.com,9280377032,Pune,Maharashtra,2024-08-02,Gold
422,Rahul Kumar,Male,45,rahul422@gmail.com,9285550328,Kanpur,Uttar Pradesh,2024-02-23,Regular
423,Ayushi Das,Female,20,ayushi423@gmail.com,9759391912,Mysuru,Karnataka,2022-11-01,Silver
424,Rahul Yadav,Male,48,rahul424@gmail.com,9165475776,Coimbatore,Tamil Nadu,2025-02-01,Regular
425,Neha Gupta,Female,33,neha425@gmail.com,9777267364,Lucknow,Uttar Pradesh,2024-12-12,Platinum
426,Neha Verma,Female,52,neha426@gmail.com,9939059557,Jaipur,Rajasthan,2024-09-09,Regular
427,Neha Thakur,Female,19,neha427@gmail.com,9442392183,Jodhpur,Rajasthan,2023-01-04,Silver
428,Aarav Das,Male,40,aarav428@gmail.com,9923390510,Gaya,Bihar,2024-12-20,Silver
429,Vivaan Gupta,Male,35,vivaan429@gmail.com,9673044801,Chennai,Tamil Nadu,2023-05-09,Gold
430,Sneha Yadav,Female,29,sneha430@gmail.com,9289086333,Patna,Bihar,2023-12-28,Regular
431,Sneha Kumar,Female,54,sneha431@gmail.com,9705167856,Siliguri,West Bengal,2023-12-22,Regular
432,Amit Thakur,Male,49,amit432@gmail.com,9140763261,Coimbatore,Tamil Nadu,2022-12-26,Regular
433,Aarav Das,Male,39,aarav433@gmail.com,9759422189,Chennai,Tamil Nadu,2022-01-02,Regular
434,Ananya Sharma,Female,21,ananya434@gmail.com,9123528797,Mysuru,Karnataka,2023-10-25,Regular
435,Amit Verma,Male,41,amit435@gmail.com,9856491925,Bengaluru,Karnataka,2022-05-29,Platinum
436,Priya Thakur,Female,26,priya436@gmail.com,9269118504,Lucknow,Uttar Pradesh,2023-10-23,Silver
437,Rohan Verma,Male,53,rohan437@gmail.com,9844704803,Kanpur,Uttar Pradesh,2022-12-23,Gold
438,Rohan Sharma,Male,37,rohan438@gmail.com,9888121101,Kolkata,West Bengal,2024-02-14,Silver
439,Ananya Kumar,Female,43,ananya439@gmail.com,9927672827,Bengaluru,Karnataka,2025-03-19,Platinum
440,Sneha Verma,Female,58,sneha440@gmail.com,9707254955,Patna,Bihar,2023-03-29,Regular
441,Priya Singh,Female,40,priya441@gmail.com,9443080569,Hyderabad,Telangana,2023-05-03,Regular
442,Rahul Kumar,Male,31,rahul442@gmail.com,9367942460,Pune,Maharashtra,2023-06-28,Silver
443,Vivaan Kumar,Male,42,vivaan443@gmail.com,9570535289,Siliguri,West Bengal,2022-04-09,Silver
444,Rahul Yadav,Male,52,rahul444@gmail.com,9503026384,Mysuru,Karnataka,2023-12-21,Regular
445,Aditya Das,Male,20,aditya445@gmail.com,9416655712,Hyderabad,Telangana,2022-05-31,Regular
446,Vivaan Verma,Male,42,vivaan446@gmail.com,9272769884,Delhi,Delhi,2022-12-15,Silver
447,Priya Das,Female,45,priya447@gmail.com,9801835431,Jaipur,Rajasthan,2022-03-05,Regular
448,Aarav Singh,Male,31,aarav448@gmail.com,9303994042,Lucknow,Uttar Pradesh,2023-11-10,Regular
449,Rohan Thakur,Male,33,rohan449@gmail.com,9202988942,Jodhpur,Rajasthan,2023-09-02,Regular
450,Aditya Kumar,Male,18,aditya450@gmail.com,9559138405,Jodhpur,Rajasthan,2024-01-09,Regular
451,Vivaan Kumar,Male,28,vivaan451@gmail.com,9785252000,Hyderabad,Telangana,2023-02-28,Regular
452,Vivaan Thakur,Male,48,vivaan452@gmail.com,9625163699,Pune,Maharashtra,2024-03-25,Gold
453,Rohan Yadav,Male,41,rohan453@gmail.com,9509573649,Delhi,Delhi,2023-01-14,Regular
454,Ayushi Das,Female,34,ayushi454@gmail.com,9342925794,Hyderabad,Telangana,2024-08-10,Gold
455,Ananya Singh,Female,60,ananya455@gmail.com,9469143184,Patna,Bihar,2022-06-25,Gold
456,Amit Kumar,Male,51,amit456@gmail.com,9549502766,Lucknow,Uttar Pradesh,2024-03-03,Platinum
457,Rahul Thakur,Male,43,rahul457@gmail.com,9866979905,Hyderabad,Telangana,2022-06-11,Regular
458,Vivaan Das,Male,28,vivaan458@gmail.com,9327515325,Jaipur,Rajasthan,2022-12-21,Gold
459,Neha Singh,Female,30,neha459@gmail.com,9983221403,Bengaluru,Karnataka,2024-06-10,Silver
460,Ananya Singh,Female,42,ananya460@gmail.com,9697391512,Delhi,Delhi,2022-06-28,Regular
461,Amit Das,Male,57,amit461@gmail.com,9730905018,Siliguri,West Bengal,2022-01-26,Silver
462,Neha Sharma,Female,54,neha462@gmail.com,9731289471,Lucknow,Uttar Pradesh,2022-10-31,Silver
463,Sneha Singh,Female,52,sneha463@gmail.com,9469226717,Mumbai,Maharashtra,2023-08-09,Gold
464,Rohan Das,Male,56,rohan464@gmail.com,9607929943,Delhi,Delhi,2025-03-17,Regular
465,Aditya Yadav,Male,43,aditya465@gmail.com,9455939049,Delhi,Delhi,2022-03-21,Silver
466,Ayushi Verma,Female,39,ayushi466@gmail.com,9977661452,Gaya,Bihar,2022-02-11,Gold
467,Rahul Singh,Male,26,rahul467@gmail.com,9422638422,Delhi,Delhi,2023-04-12,Platinum
468,Ayushi Yadav,Female,30,ayushi468@gmail.com,9574289591,Warangal,Telangana,2022-07-02,Regular
469,Amit Verma,Male,50,amit469@gmail.com,9949856342,Kanpur,Uttar Pradesh,2022-04-26,Regular
470,Aditya Kumar,Male,30,aditya470@gmail.com,9994351711,Delhi,Delhi,2022-12-22,Regular
471,Aarav Das,Male,41,aarav471@gmail.com,9856594938,Patna,Bihar,2022-04-14,Regular
472,Amit Yadav,Male,19,amit472@gmail.com,9359779054,Siliguri,West Bengal,2022-09-11,Regular
473,Rahul Verma,Male,28,rahul473@gmail.com,9999423880,Hyderabad,Telangana,2023-12-07,Gold
474,Aarav Yadav,Male,28,aarav474@gmail.com,9714457408,Pune,Maharashtra,2022-04-12,Gold
475,Rohan Gupta,Male,35,rohan475@gmail.com,9799636574,Chennai,Tamil Nadu,2023-02-28,Regular
476,Rahul Sharma,Male,56,rahul476@gmail.com,9959922040,Patna,Bihar,2022-12-21,Regular
477,Ananya Thakur,Female,42,ananya477@gmail.com,9474423649,Delhi,Delhi,2024-05-17,Regular
478,Ayushi Yadav,Female,24,ayushi478@gmail.com,9107889398,Coimbatore,Tamil Nadu,2025-04-12,Silver
479,Ayushi Singh,Female,22,ayushi479@gmail.com,9461081823,Siliguri,West Bengal,2024-09-13,Platinum
480,Ayushi Thakur,Female,27,ayushi480@gmail.com,9655439758,Siliguri,West Bengal,2023-01-21,Gold
481,Rohan Verma,Male,19,rohan481@gmail.com,9803731001,Gaya,Bihar,2022-10-14,Regular
482,Neha Yadav,Female,20,neha482@gmail.com,9726016935,Delhi,Delhi,2024-03-06,Silver
483,Ananya Gupta,Female,58,ananya483@gmail.com,9942776797,Coimbatore,Tamil Nadu,2024-12-30,Regular
484,Aditya Sharma,Male,24,aditya484@gmail.com,9605497119,Siliguri,West Bengal,2023-08-25,Regular
485,Rohan Verma,Male,32,rohan485@gmail.com,9481482646,Delhi,Delhi,2022-07-02,Regular
486,Priya Verma,Female,55,priya486@gmail.com,9415734988,Delhi,Delhi,2023-06-18,Regular
487,Aarav Singh,Male,30,aarav487@gmail.com,9637383490,Pune,Maharashtra,2024-08-25,Regular
488,Neha Kumar,Female,26,neha488@gmail.com,9315066828,Kanpur,Uttar Pradesh,2022-11-05,Regular
489,Priya Sharma,Female,49,priya489@gmail.com,9457158145,Hyderabad,Telangana,2022-06-15,Silver
490,Rohan Kumar,Male,46,rohan490@gmail.com,9393698307,Mysuru,Karnataka,2022-01-10,Regular
491,Rahul Singh,Male,57,rahul491@gmail.com,9565694083,Bengaluru,Karnataka,2022-09-23,Silver
492,Rahul Yadav,Male,20,rahul492@gmail.com,9673144707,Kanpur,Uttar Pradesh,2022-01-10,Regular
493,Priya Gupta,Female,18,priya493@gmail.com,9772899961,Kolkata,West Bengal,2022-02-06,Silver
494,Ayushi Sharma,Female,42,ayushi494@gmail.com,9640453426,Coimbatore,Tamil Nadu,2022-07-30,Silver
495,Aarav Thakur,Male,47,aarav495@gmail.com,9881503560,Bengaluru,Karnataka,2023-08-19,Silver
496,Neha Sharma,Female,49,neha496@gmail.com,9485742696,Jodhpur,Rajasthan,2023-12-03,Gold
497,Aarav Gupta,Male,26,aarav497@gmail.com,9326763783,Mysuru,Karnataka,2023-04-05,Silver
498,Vivaan Verma,Male,42,vivaan498@gmail.com,9787539531,Jaipur,Rajasthan,2022-03-18,Regular
499,Sneha Kumar,Female,59,sneha499@gmail.com,9997777024,Jaipur,Rajasthan,2022-08-10,Regular
500,Rahul Yadav,Male,53,rahul500@gmail.com,9371375678,Pune,Maharashtra,2022-09-11,Regular
501,Ananya Kumar,Female,44,ananya501@gmail.com,9810456933,Bengaluru,Karnataka,2023-09-09,Regular
502,Sneha Sharma,Female,24,sneha502@gmail.com,9649309976,Jodhpur,Rajasthan,2024-05-07,Silver
503,Vivaan Singh,Male,30,vivaan503@gmail.com,9753910715,Pune,Maharashtra,2024-10-16,Regular
504,Priya Yadav,Female,28,priya504@gmail.com,9142311558,Delhi,Delhi,2023-08-28,Silver
505,Priya Gupta,Female,18,priya505@gmail.com,9821160591,Coimbatore,Tamil Nadu,2022-01-06,Regular
506,Aditya Singh,Male,22,aditya506@gmail.com,9876920515,Pune,Maharashtra,2024-11-13,Silver
507,Rahul Thakur,Male,47,rahul507@gmail.com,9153773200,Delhi,Delhi,2023-06-25,Regular
508,Ayushi Verma,Female,45,ayushi508@gmail.com,9893001503,Bengaluru,Karnataka,2023-10-03,Regular
509,Aditya Sharma,Male,40,aditya509@gmail.com,9569992383,Patna,Bihar,2023-11-05,Platinum
510,Priya Verma,Female,25,priya510@gmail.com,9530331581,Delhi,Delhi,2023-01-10,Regular
511,Neha Das,Female,59,neha511@gmail.com,9955675121,Warangal,Telangana,2024-05-13,Regular
512,Aditya Singh,Male,55,aditya512@gmail.com,9618268171,Bengaluru,Karnataka,2024-05-02,Gold
513,Sneha Yadav,Female,57,sneha513@gmail.com,9130941191,Hyderabad,Telangana,2024-01-05,Gold
514,Rahul Singh,Male,46,rahul514@gmail.com,9149362414,Mysuru,Karnataka,2024-04-22,Regular
515,Ananya Gupta,Female,51,ananya515@gmail.com,9661677752,Kolkata,West Bengal,2023-11-24,Silver
516,Rohan Gupta,Male,40,rohan516@gmail.com,9812653878,Pune,Maharashtra,2024-09-13,Silver
517,Amit Kumar,Male,59,amit517@gmail.com,9268499484,Lucknow,Uttar Pradesh,2022-01-24,Silver
518,Aditya Singh,Male,38,aditya518@gmail.com,9358655621,Warangal,Telangana,2024-10-03,Regular
519,Amit Gupta,Male,59,amit519@gmail.com,9506559022,Delhi,Delhi,2025-02-01,Regular
520,Rahul Das,Male,46,rahul520@gmail.com,9194510603,Chennai,Tamil Nadu,2025-03-19,Gold
521,Vivaan Das,Male,24,vivaan521@gmail.com,9533190034,Warangal,Telangana,2022-02-06,Regular
522,Vivaan Thakur,Male,53,vivaan522@gmail.com,9322104833,Jaipur,Rajasthan,2024-11-07,Silver
523,Priya Kumar,Female,47,priya523@gmail.com,9456452891,Warangal,Telangana,2023-04-02,Silver
524,Ananya Das,Female,24,ananya524@gmail.com,9915313588,Warangal,Telangana,2022-08-22,Silver
525,Priya Thakur,Female,51,priya525@gmail.com,9501461715,Gaya,Bihar,2025-01-26,Silver
526,Rahul Sharma,Male,24,rahul526@gmail.com,9373041065,Patna,Bihar,2024-04-18,Silver
527,Neha Gupta,Female,30,neha527@gmail.com,9869645166,Chennai,Tamil Nadu,2024-07-25,Regular
528,Rohan Singh,Male,47,rohan528@gmail.com,9807012492,Lucknow,Uttar Pradesh,2024-07-11,Silver
529,Rahul Kumar,Male,21,rahul529@gmail.com,9694022242,Jaipur,Rajasthan,2024-12-22,Platinum
530,Ananya Sharma,Female,24,ananya530@gmail.com,9515973568,Hyderabad,Telangana,2022-09-20,Silver
531,Neha Gupta,Female,43,neha531@gmail.com,9468141835,Siliguri,West Bengal,2023-07-15,Platinum
532,Aditya Yadav,Male,37,aditya532@gmail.com,9853223780,Hyderabad,Telangana,2024-11-15,Silver
533,Prakash Gupta,Male,40,prakash533@gmail.com,9821955780,Kolkata,West Bengal,2023-08-19,Regular
534,Ananya Singh,Female,53,ananya534@gmail.com,9615793279,Mysuru,Karnataka,2023-12-23,Silver
535,Neha Kumar,Female,24,neha535@gmail.com,9127135757,Kanpur,Uttar Pradesh,2024-12-06,Regular
536,Prakash Thakur,Male,36,prakash536@gmail.com,9833784779,Patna,Bihar,2022-11-26,Regular
537,Prakash Kumar,Male,46,prakash537@gmail.com,9210037068,Gaya,Bihar,2024-01-05,Silver
538,Ananya Yadav,Female,50,ananya538@gmail.com,9942143413,Jaipur,Rajasthan,2023-05-02,Gold
539,Neha Yadav,Female,38,neha539@gmail.com,9692839277,Delhi,Delhi,2024-05-03,Regular
540,Sneha Das,Female,58,sneha540@gmail.com,9856589701,Delhi,Delhi,2023-04-07,Silver
541,Ananya Gupta,Female,46,ananya541@gmail.com,9290509600,Kolkata,West Bengal,2023-08-26,Platinum
542,Aditya Singh,Male,20,aditya542@gmail.com,9560106760,Mumbai,Maharashtra,2024-02-12,Regular
543,Aditya Thakur,Male,39,aditya543@gmail.com,9600719456,Delhi,Delhi,2022-01-12,Silver
544,Aditya Verma,Male,58,aditya544@gmail.com,9761004783,Bengaluru,Karnataka,2022-04-15,Gold
545,Sneha Verma,Female,38,sneha545@gmail.com,9664138658,Delhi,Delhi,2022-05-30,Regular
546,Amit Sharma,Male,52,amit546@gmail.com,9676637967,Bengaluru,Karnataka,2024-05-01,Regular
547,Prakash Verma,Male,41,prakash547@gmail.com,9415223070,Kolkata,West Bengal,2023-11-10,Regular
548,Amit Kumar,Male,60,amit548@gmail.com,9471522500,Jodhpur,Rajasthan,2022-08-23,Regular
549,Rohan Verma,Male,25,rohan549@gmail.com,9514331133,Chennai,Tamil Nadu,2024-02-21,Regular
550,Amit Verma,Male,50,amit550@gmail.com,9578413078,Delhi,Delhi,2024-11-19,Regular
551,Priya Singh,Female,28,priya551@gmail.com,9930344435,Delhi,Delhi,2022-07-16,Silver
552,Prakash Gupta,Male,24,prakash552@gmail.com,9320739381,Patna,Bihar,2024-05-18,Silver
553,Ananya Sharma,Female,47,ananya553@gmail.com,9869731458,Lucknow,Uttar Pradesh,2022-02-18,Regular
554,Aarav Sharma,Male,53,aarav554@gmail.com,9175636616,Mumbai,Maharashtra,2023-05-31,Silver
555,Neha Yadav,Female,58,neha555@gmail.com,9534272756,Coimbatore,Tamil Nadu,2024-07-12,Regular
556,Rohan Singh,Male,18,rohan556@gmail.com,9788722430,Gaya,Bihar,2024-12-31,Silver
557,Ananya Singh,Female,50,ananya557@gmail.com,9213962171,Mumbai,Maharashtra,2024-01-03,Regular
558,Ayushi Das,Female,43,ayushi558@gmail.com,9982747173,Delhi,Delhi,2024-02-21,Silver
559,Amit Gupta,Male,43,amit559@gmail.com,9955525741,Hyderabad,Telangana,2022-10-07,Gold
560,Rohan Sharma,Male,59,rohan560@gmail.com,9500645832,Jodhpur,Rajasthan,2023-09-03,Platinum
561,Vivaan Kumar,Male,54,vivaan561@gmail.com,9740653308,Patna,Bihar,2022-01-11,Regular
562,Ayushi Gupta,Female,31,ayushi562@gmail.com,9543084388,Jaipur,Rajasthan,2023-12-06,Gold
563,Aditya Sharma,Male,57,aditya563@gmail.com,9996304234,Jaipur,Rajasthan,2023-03-29,Regular
564,Rohan Kumar,Male,47,rohan564@gmail.com,9792213989,Mumbai,Maharashtra,2025-01-29,Silver
565,Ayushi Singh,Female,55,ayushi565@gmail.com,9623116712,Delhi,Delhi,2023-02-09,Platinum
566,Rohan Gupta,Male,36,rohan566@gmail.com,9765200007,Kolkata,West Bengal,2022-07-24,Regular
567,Rahul Das,Male,57,rahul567@gmail.com,9808049250,Coimbatore,Tamil Nadu,2023-11-04,Regular
568,Priya Yadav,Female,18,priya568@gmail.com,9436311814,Mysuru,Karnataka,2022-12-12,Regular
569,Ayushi Verma,Female,39,ayushi569@gmail.com,9615346649,Coimbatore,Tamil Nadu,2022-10-03,Regular
570,Rahul Singh,Male,59,rahul570@gmail.com,9751361501,Siliguri,West Bengal,2022-12-26,Regular
571,Amit Gupta,Male,58,amit571@gmail.com,9182100852,Delhi,Delhi,2023-06-24,Silver
572,Sneha Yadav,Female,20,sneha572@gmail.com,9692269551,Patna,Bihar,2023-03-12,Regular
573,Rohan Sharma,Male,43,rohan573@gmail.com,9339773681,Jodhpur,Rajasthan,2024-01-20,Gold
574,Rahul Singh,Male,41,rahul574@gmail.com,9639198004,Delhi,Delhi,2024-03-23,Regular
575,Amit Sharma,Male,28,amit575@gmail.com,9292355674,Chennai,Tamil Nadu,2024-07-02,Silver
576,Priya Kumar,Female,49,priya576@gmail.com,9348839570,Mysuru,Karnataka,2023-03-25,Regular
577,Aarav Gupta,Male,41,aarav577@gmail.com,9516711804,Kolkata,West Bengal,2024-11-26,Regular
578,Aarav Verma,Male,51,aarav578@gmail.com,9780287364,Hyderabad,Telangana,2022-07-31,Gold
579,Neha Yadav,Female,55,neha579@gmail.com,9801514770,Delhi,Delhi,2024-01-19,Gold
580,Neha Gupta,Female,43,neha580@gmail.com,9478921345,Pune,Maharashtra,2024-11-23,Gold
581,Rahul Kumar,Male,26,rahul581@gmail.com,9572337634,Siliguri,West Bengal,2024-10-24,Regular
582,Prakash Sharma,Male,28,prakash582@gmail.com,9488933925,Pune,Maharashtra,2023-01-18,Silver
583,Neha Verma,Female,48,neha583@gmail.com,9825022076,Mumbai,Maharashtra,2022-08-21,Regular
584,Rohan Yadav,Male,33,rohan584@gmail.com,9146325879,Chennai,Tamil Nadu,2022-02-15,Regular
585,Rohan Kumar,Male,27,rohan585@gmail.com,9160035062,Bengaluru,Karnataka,2025-03-18,Regular
586,Sneha Kumar,Female,23,sneha586@gmail.com,9332565413,Mysuru,Karnataka,2023-08-04,Regular
587,Aditya Gupta,Male,56,aditya587@gmail.com,9253235987,Warangal,Telangana,2024-04-21,Gold
588,Aditya Verma,Male,56,aditya588@gmail.com,9734147620,Mysuru,Karnataka,2024-07-17,Regular
589,Aditya Singh,Male,30,aditya589@gmail.com,9661257031,Kanpur,Uttar Pradesh,2022-02-03,Gold
590,Aditya Singh,Male,48,aditya590@gmail.com,9760080817,Jodhpur,Rajasthan,2022-12-30,Silver
591,Vivaan Das,Male,56,vivaan591@gmail.com,9679053918,Jaipur,Rajasthan,2022-09-24,Gold
592,Priya Kumar,Female,45,priya592@gmail.com,9346408985,Kanpur,Uttar Pradesh,2024-12-21,Platinum
593,Priya Singh,Female,26,priya593@gmail.com,9373286650,Warangal,Telangana,2024-05-21,Regular
594,Ayushi Yadav,Female,30,ayushi594@gmail.com,9105872776,Chennai,Tamil Nadu,2023-06-12,Silver
595,Amit Kumar,Male,59,amit595@gmail.com,9320566645,Patna,Bihar,2024-02-08,Silver
596,Priya Singh,Female,45,priya596@gmail.com,9799624335,Siliguri,West Bengal,2022-11-13,Silver
597,Sneha Verma,Female,43,sneha597@gmail.com,9910644910,Delhi,Delhi,2023-07-19,Regular
598,Aditya Verma,Male,53,aditya598@gmail.com,9619433519,Jodhpur,Rajasthan,2025-02-19,Regular
599,Ananya Yadav,Female,60,ananya599@gmail.com,9227867365,Delhi,Delhi,2022-10-10,Silver
600,Vivaan Gupta,Male,43,vivaan600@gmail.com,9944048177,Hyderabad,Telangana,2024-11-07,Regular
601,Aditya Yadav,Male,23,aditya601@gmail.com,9983963824,Jaipur,Rajasthan,2022-01-11,Regular
602,Vivaan Thakur,Male,41,vivaan602@gmail.com,9185942015,Lucknow,Uttar Pradesh,2023-03-31,Silver
603,Sneha Thakur,Female,29,sneha603@gmail.com,9787507560,Kanpur,Uttar Pradesh,2022-04-28,Regular
604,Rohan Thakur,Male,20,rohan604@gmail.com,9941770040,Patna,Bihar,2023-02-03,Silver
605,Sneha Sharma,Female,41,sneha605@gmail.com,9356899846,Jaipur,Rajasthan,2022-03-15,Silver
606,Ayushi Yadav,Female,60,ayushi606@gmail.com,9524281692,Bengaluru,Karnataka,2023-12-25,Regular
607,Ananya Singh,Female,53,ananya607@gmail.com,9405472873,Chennai,Tamil Nadu,2022-07-04,Silver
608,Priya Thakur,Female,56,priya608@gmail.com,9308869838,Jodhpur,Rajasthan,2023-04-09,Regular
609,Ayushi Sharma,Female,50,ayushi609@gmail.com,9214315878,Lucknow,Uttar Pradesh,2024-04-13,Silver
610,Priya Singh,Female,34,priya610@gmail.com,9677569362,Jodhpur,Rajasthan,2024-11-17,Gold
611,Neha Das,Female,39,neha611@gmail.com,9932792876,Delhi,Delhi,2023-05-14,Regular
612,Rahul Singh,Male,22,rahul612@gmail.com,9510892271,Hyderabad,Telangana,2023-06-13,Silver
613,Priya Yadav,Female,51,priya613@gmail.com,9675151857,Chennai,Tamil Nadu,2023-12-25,Regular
614,Ayushi Singh,Female,39,ayushi614@gmail.com,9181635326,Delhi,Delhi,2024-03-28,Silver
615,Priya Verma,Female,54,priya615@gmail.com,9388917924,Mysuru,Karnataka,2023-03-24,Regular
616,Ananya Gupta,Female,33,ananya616@gmail.com,9384976854,Coimbatore,Tamil Nadu,2023-04-26,Regular
617,Sneha Verma,Female,24,sneha617@gmail.com,9228718546,Chennai,Tamil Nadu,2022-11-16,Gold
618,Amit Kumar,Male,41,amit618@gmail.com,9766436631,Hyderabad,Telangana,2024-09-14,Regular
619,Aditya Thakur,Male,32,aditya619@gmail.com,9905488247,Delhi,Delhi,2024-03-25,Silver
620,Rahul Kumar,Male,40,rahul620@gmail.com,9522750321,Gaya,Bihar,2024-10-26,Gold
621,Vivaan Das,Male,18,vivaan621@gmail.com,9112691606,Mysuru,Karnataka,2023-10-09,Silver
622,Priya Verma,Female,29,priya622@gmail.com,9689015467,Lucknow,Uttar Pradesh,2023-06-16,Regular
623,Sneha Verma,Female,29,sneha623@gmail.com,9635550230,Delhi,Delhi,2024-01-20,Regular
624,Priya Yadav,Female,46,priya624@gmail.com,9293154584,Kanpur,Uttar Pradesh,2023-07-27,Silver
625,Ananya Thakur,Female,53,ananya625@gmail.com,9564091344,Chennai,Tamil Nadu,2023-04-28,Gold
626,Ananya Sharma,Female,18,ananya626@gmail.com,9289630619,Chennai,Tamil Nadu,2024-08-26,Regular
627,Rahul Thakur,Male,53,rahul627@gmail.com,9709707672,Mysuru,Karnataka,2023-05-29,Regular
628,Aarav Gupta,Male,48,aarav628@gmail.com,9776309403,Mumbai,Maharashtra,2023-06-05,Regular
629,Priya Verma,Female,53,priya629@gmail.com,9969747935,Siliguri,West Bengal,2025-02-21,Regular
630,Vivaan Verma,Male,54,vivaan630@gmail.com,9718361962,Gaya,Bihar,2023-02-12,Silver
631,Ayushi Verma,Female,50,ayushi631@gmail.com,9623442423,Jaipur,Rajasthan,2023-10-28,Gold
632,Neha Thakur,Female,58,neha632@gmail.com,9255529715,Hyderabad,Telangana,2024-08-07,Gold
633,Rohan Yadav,Male,23,rohan633@gmail.com,9273945628,Siliguri,West Bengal,2022-05-27,Regular
634,Rohan Thakur,Male,56,rohan634@gmail.com,9792181541,Siliguri,West Bengal,2023-07-02,Regular
635,Ananya Das,Female,28,ananya635@gmail.com,9297446299,Warangal,Telangana,2024-04-27,Gold
636,Rohan Thakur,Male,31,rohan636@gmail.com,9279218750,Bengaluru,Karnataka,2022-06-13,Regular
637,Rahul Kumar,Male,43,rahul637@gmail.com,9662622237,Mumbai,Maharashtra,2022-02-23,Gold
638,Ayushi Sharma,Female,59,ayushi638@gmail.com,9518594177,Mumbai,Maharashtra,2022-06-22,Regular
639,Rahul Sharma,Male,51,rahul639@gmail.com,9283188932,Coimbatore,Tamil Nadu,2022-09-26,Regular
640,Rahul Das,Male,35,rahul640@gmail.com,9688996003,Siliguri,West Bengal,2025-01-12,Regular
641,Sneha Das,Female,45,sneha641@gmail.com,9662060684,Jaipur,Rajasthan,2025-03-01,Silver
642,Priya Das,Female,32,priya642@gmail.com,9964048388,Jodhpur,Rajasthan,2025-01-10,Regular
643,Neha Thakur,Female,37,neha643@gmail.com,9111334226,Delhi,Delhi,2022-11-15,Regular
644,Ayushi Das,Female,18,ayushi644@gmail.com,9838487369,Mysuru,Karnataka,2024-12-31,Gold
645,Aarav Yadav,Male,56,aarav645@gmail.com,9348265637,Warangal,Telangana,2023-08-23,Gold
646,Prakash Yadav,Male,45,prakash646@gmail.com,9523861817,Jodhpur,Rajasthan,2025-02-22,Regular
647,Prakash Thakur,Male,45,prakash647@gmail.com,9771435478,Kanpur,Uttar Pradesh,2022-06-12,Regular
648,Rohan Thakur,Male,30,rohan648@gmail.com,9173512612,Delhi,Delhi,2024-04-25,Regular
649,Rohan Das,Male,35,rohan649@gmail.com,9852126726,Delhi,Delhi,2024-07-16,Silver
650,Aarav Sharma,Male,52,aarav650@gmail.com,9123762858,Coimbatore,Tamil Nadu,2022-04-12,Regular
651,Ayushi Sharma,Female,18,ayushi651@gmail.com,9349978373,Pune,Maharashtra,2024-06-16,Regular
652,Prakash Verma,Male,37,prakash652@gmail.com,9943666157,Gaya,Bihar,2024-05-10,Gold
653,Ananya Kumar,Female,23,ananya653@gmail.com,9905917946,Siliguri,West Bengal,2023-11-08,Platinum
654,Neha Singh,Female,48,neha654@gmail.com,9294995530,Gaya,Bihar,2025-01-17,Regular
655,Aarav Singh,Male,42,aarav655@gmail.com,9928096889,Delhi,Delhi,2023-05-25,Platinum
656,Prakash Das,Male,51,prakash656@gmail.com,9815120513,Chennai,Tamil Nadu,2022-07-12,Platinum
657,Rohan Thakur,Male,28,rohan657@gmail.com,9775559969,Warangal,Telangana,2023-10-24,Silver
658,Ayushi Das,Female,30,ayushi658@gmail.com,9487005172,Jaipur,Rajasthan,2023-09-04,Gold
659,Prakash Yadav,Male,18,prakash659@gmail.com,9279701810,Chennai,Tamil Nadu,2023-10-27,Gold
660,Prakash Kumar,Male,55,prakash660@gmail.com,9941250135,Pune,Maharashtra,2022-03-28,Silver
661,Vivaan Gupta,Male,49,vivaan661@gmail.com,9198141669,Mysuru,Karnataka,2022-11-19,Silver
662,Aarav Verma,Male,52,aarav662@gmail.com,9949830412,Kolkata,West Bengal,2022-11-12,Regular
663,Priya Verma,Female,30,priya663@gmail.com,9122927426,Hyderabad,Telangana,2024-06-17,Silver
664,Ayushi Kumar,Female,46,ayushi664@gmail.com,9700248296,Kolkata,West Bengal,2024-09-20,Regular
665,Sneha Sharma,Female,40,sneha665@gmail.com,9447549695,Hyderabad,Telangana,2025-01-18,Silver
666,Vivaan Sharma,Male,36,vivaan666@gmail.com,9979843968,Delhi,Delhi,2024-07-09,Regular
667,Aarav Yadav,Male,19,aarav667@gmail.com,9765434962,Siliguri,West Bengal,2023-01-15,Gold
668,Ananya Singh,Female,42,ananya668@gmail.com,9303870775,Coimbatore,Tamil Nadu,2025-01-08,Silver
669,Sneha Thakur,Female,44,sneha669@gmail.com,9788165352,Hyderabad,Telangana,2023-10-23,Regular
670,Aarav Sharma,Male,20,aarav670@gmail.com,9316980704,Mumbai,Maharashtra,2023-01-01,Regular
671,Aarav Yadav,Male,51,aarav671@gmail.com,9769983207,Chennai,Tamil Nadu,2024-09-30,Silver
672,Priya Gupta,Female,18,priya672@gmail.com,9324130818,Delhi,Delhi,2022-05-26,Silver
673,Rohan Kumar,Male,53,rohan673@gmail.com,9898302819,Pune,Maharashtra,2024-01-10,Platinum
674,Ananya Kumar,Female,51,ananya674@gmail.com,9143650990,Kanpur,Uttar Pradesh,2023-06-29,Silver
675,Prakash Singh,Male,32,prakash675@gmail.com,9670866707,Delhi,Delhi,2022-07-27,Regular
676,Sneha Sharma,Female,53,sneha676@gmail.com,9545801065,Chennai,Tamil Nadu,2025-02-17,Silver
677,Ananya Yadav,Female,28,ananya677@gmail.com,9950899166,Siliguri,West Bengal,2022-08-02,Regular
678,Rohan Sharma,Male,56,rohan678@gmail.com,9575680693,Kanpur,Uttar Pradesh,2024-12-29,Platinum
679,Priya Yadav,Female,38,priya679@gmail.com,9753278884,Siliguri,West Bengal,2024-05-31,Regular
680,Neha Thakur,Female,46,neha680@gmail.com,9580499237,Jaipur,Rajasthan,2024-01-08,Platinum
681,Ayushi Kumar,Female,26,ayushi681@gmail.com,9424100009,Patna,Bihar,2024-11-26,Regular
682,Priya Kumar,Female,53,priya682@gmail.com,9648973579,Chennai,Tamil Nadu,2023-07-20,Silver
683,Aarav Das,Male,27,aarav683@gmail.com,9248614668,Bengaluru,Karnataka,2023-12-30,Regular
684,Ayushi Thakur,Female,54,ayushi684@gmail.com,9529280096,Chennai,Tamil Nadu,2022-07-08,Silver
685,Ananya Verma,Female,29,ananya685@gmail.com,9624282788,Chennai,Tamil Nadu,2024-09-15,Gold
686,Aarav Yadav,Male,21,aarav686@gmail.com,9927749187,Pune,Maharashtra,2022-06-10,Regular
687,Vivaan Gupta,Male,58,vivaan687@gmail.com,9934746883,Kanpur,Uttar Pradesh,2022-01-24,Silver
688,Amit Kumar,Male,52,amit688@gmail.com,9706570606,Gaya,Bihar,2023-10-16,Regular
689,Aditya Kumar,Male,46,aditya689@gmail.com,9908356009,Jaipur,Rajasthan,2024-03-15,Silver
690,Prakash Yadav,Male,43,prakash690@gmail.com,9258927104,Jaipur,Rajasthan,2023-08-17,Regular
691,Sneha Kumar,Female,43,sneha691@gmail.com,9381919481,Pune,Maharashtra,2025-01-27,Regular
692,Ananya Sharma,Female,48,ananya692@gmail.com,9700539700,Jodhpur,Rajasthan,2022-10-04,Regular
693,Amit Gupta,Male,22,amit693@gmail.com,9385891368,Lucknow,Uttar Pradesh,2023-05-12,Gold
694,Vivaan Yadav,Male,41,vivaan694@gmail.com,9473992719,Kolkata,West Bengal,2024-05-17,Regular
695,Ayushi Sharma,Female,57,ayushi695@gmail.com,9982169157,Kolkata,West Bengal,2023-12-18,Platinum
696,Rahul Kumar,Male,30,rahul696@gmail.com,9835898867,Hyderabad,Telangana,2023-04-24,Regular
697,Ananya Kumar,Female,57,ananya697@gmail.com,9258567048,Mumbai,Maharashtra,2023-05-13,Gold
698,Priya Singh,Female,46,priya698@gmail.com,9605936741,Delhi,Delhi,2023-09-17,Regular
699,Prakash Thakur,Male,48,prakash699@gmail.com,9768986243,Chennai,Tamil Nadu,2025-01-28,Silver
700,Neha Kumar,Female,28,neha700@gmail.com,9164542674,Bengaluru,Karnataka,2023-06-08,Regular
701,Rahul Kumar,Male,42,rahul701@gmail.com,9809069927,Delhi,Delhi,2022-05-17,Regular
702,Aarav Thakur,Male,32,aarav702@gmail.com,9508774805,Kolkata,West Bengal,2024-03-02,Silver
703,Rahul Singh,Male,30,rahul703@gmail.com,9637569722,Pune,Maharashtra,2023-01-17,Platinum
704,Aarav Gupta,Male,37,aarav704@gmail.com,9458167668,Jaipur,Rajasthan,2024-12-20,Regular
705,Priya Verma,Female,58,priya705@gmail.com,9424620301,Bengaluru,Karnataka,2023-12-29,Regular
706,Aarav Thakur,Male,19,aarav706@gmail.com,9695861587,Jodhpur,Rajasthan,2024-03-03,Platinum
707,Priya Yadav,Female,23,priya707@gmail.com,9883713061,Chennai,Tamil Nadu,2022-10-09,Regular
708,Prakash Sharma,Male,37,prakash708@gmail.com,9750009892,Coimbatore,Tamil Nadu,2024-05-23,Regular
709,Prakash Sharma,Male,52,prakash709@gmail.com,9834491630,Jaipur,Rajasthan,2025-04-04,Gold
710,Ananya Sharma,Female,27,ananya710@gmail.com,9804623475,Mysuru,Karnataka,2024-05-30,Platinum
711,Vivaan Singh,Male,38,vivaan711@gmail.com,9256253951,Mysuru,Karnataka,2023-01-13,Silver
712,Neha Thakur,Female,58,neha712@gmail.com,9892786126,Siliguri,West Bengal,2024-06-26,Regular
713,Aditya Sharma,Male,57,aditya713@gmail.com,9762441268,Chennai,Tamil Nadu,2022-02-23,Regular
714,Prakash Kumar,Male,23,prakash714@gmail.com,9838886075,Chennai,Tamil Nadu,2024-01-06,Gold
715,Ananya Verma,Female,42,ananya715@gmail.com,9627685695,Mysuru,Karnataka,2023-01-12,Regular
716,Prakash Kumar,Male,18,prakash716@gmail.com,9389758574,Bengaluru,Karnataka,2024-04-16,Platinum
717,Prakash Singh,Male,46,prakash717@gmail.com,9762562441,Chennai,Tamil Nadu,2022-12-29,Regular
718,Prakash Yadav,Male,20,prakash718@gmail.com,9752759821,Siliguri,West Bengal,2024-04-09,Silver
719,Neha Kumar,Female,24,neha719@gmail.com,9584912105,Kanpur,Uttar Pradesh,2024-12-02,Regular
720,Amit Yadav,Male,53,amit720@gmail.com,9515965279,Patna,Bihar,2022-03-22,Silver
721,Ayushi Das,Female,37,ayushi721@gmail.com,9930729364,Patna,Bihar,2024-03-26,Gold
722,Neha Thakur,Female,51,neha722@gmail.com,9252728624,Hyderabad,Telangana,2022-04-22,Regular
723,Ananya Singh,Female,55,ananya723@gmail.com,9847446866,Hyderabad,Telangana,2023-01-04,Silver
724,Priya Das,Female,29,priya724@gmail.com,9587135978,Kanpur,Uttar Pradesh,2022-02-21,Silver
725,Vivaan Thakur,Male,59,vivaan725@gmail.com,9863934819,Coimbatore,Tamil Nadu,2023-10-26,Gold
726,Vivaan Das,Male,23,vivaan726@gmail.com,9662444547,Mumbai,Maharashtra,2024-01-14,Silver
727,Neha Yadav,Female,28,neha727@gmail.com,9459910894,Jaipur,Rajasthan,2022-03-31,Silver
728,Aditya Sharma,Male,44,aditya728@gmail.com,9430779274,Bengaluru,Karnataka,2022-04-16,Regular
729,Rohan Sharma,Male,26,rohan729@gmail.com,9317810361,Warangal,Telangana,2022-08-29,Regular
730,Rahul Das,Male,52,rahul730@gmail.com,9966997739,Delhi,Delhi,2024-10-18,Regular
731,Prakash Das,Male,44,prakash731@gmail.com,9574460059,Hyderabad,Telangana,2024-07-18,Regular
732,Amit Thakur,Male,31,amit732@gmail.com,9152526165,Patna,Bihar,2025-02-15,Regular
733,Aarav Sharma,Male,60,aarav733@gmail.com,9720722322,Gaya,Bihar,2022-03-08,Gold
734,Vivaan Kumar,Male,44,vivaan734@gmail.com,9291392758,Delhi,Delhi,2022-08-12,Regular
735,Rahul Verma,Male,23,rahul735@gmail.com,9925183459,Delhi,Delhi,2022-03-15,Regular
736,Vivaan Yadav,Male,22,vivaan736@gmail.com,9414426733,Siliguri,West Bengal,2025-02-01,Regular
737,Priya Yadav,Female,31,priya737@gmail.com,9847141233,Pune,Maharashtra,2024-12-10,Regular
738,Sneha Singh,Female,56,sneha738@gmail.com,9946307028,Patna,Bihar,2024-09-17,Platinum
739,Sneha Verma,Female,51,sneha739@gmail.com,9717554752,Delhi,Delhi,2023-06-16,Platinum
740,Sneha Das,Female,58,sneha740@gmail.com,9634445451,Kolkata,West Bengal,2024-11-30,Regular
741,Ananya Thakur,Female,18,ananya741@gmail.com,9226923950,Bengaluru,Karnataka,2023-02-01,Regular
742,Sneha Yadav,Female,20,sneha742@gmail.com,9458406707,Mumbai,Maharashtra,2024-04-27,Regular
743,Rohan Gupta,Male,34,rohan743@gmail.com,9948465967,Chennai,Tamil Nadu,2023-07-31,Regular
744,Aarav Singh,Male,39,aarav744@gmail.com,9525254727,Delhi,Delhi,2023-11-14,Silver
745,Prakash Verma,Male,48,prakash745@gmail.com,9609490977,Patna,Bihar,2023-11-24,Gold
746,Aditya Das,Male,39,aditya746@gmail.com,9596573456,Mysuru,Karnataka,2025-01-04,Gold
747,Amit Thakur,Male,38,amit747@gmail.com,9696116984,Lucknow,Uttar Pradesh,2025-03-03,Silver
748,Priya Singh,Female,35,priya748@gmail.com,9133471933,Coimbatore,Tamil Nadu,2022-11-02,Regular
749,Sneha Yadav,Female,56,sneha749@gmail.com,9225460968,Lucknow,Uttar Pradesh,2023-01-19,Gold
750,Ananya Kumar,Female,44,ananya750@gmail.com,9193198413,Delhi,Delhi,2023-07-11,Regular
751,Rahul Thakur,Male,51,rahul751@gmail.com,9424611800,Coimbatore,Tamil Nadu,2023-03-19,Regular
752,Prakash Singh,Male,50,prakash752@gmail.com,9126773507,Kolkata,West Bengal,2024-06-27,Gold
753,Prakash Verma,Male,51,prakash753@gmail.com,9433245127,Jaipur,Rajasthan,2024-09-17,Gold
754,Amit Sharma,Male,20,amit754@gmail.com,9593243074,Bengaluru,Karnataka,2023-02-25,Regular
755,Aarav Thakur,Male,56,aarav755@gmail.com,9193497030,Jaipur,Rajasthan,2022-04-01,Regular
756,Amit Thakur,Male,54,amit756@gmail.com,9914426538,Patna,Bihar,2022-02-16,Regular
757,Prakash Gupta,Male,35,prakash757@gmail.com,9671526798,Coimbatore,Tamil Nadu,2023-08-10,Regular
758,Ayushi Sharma,Female,35,ayushi758@gmail.com,9222900917,Hyderabad,Telangana,2022-11-19,Regular
759,Prakash Verma,Male,38,prakash759@gmail.com,9391039983,Jaipur,Rajasthan,2025-01-30,Regular
760,Aditya Singh,Male,57,aditya760@gmail.com,9463718119,Delhi,Delhi,2023-09-30,Silver
761,Aarav Das,Male,24,aarav761@gmail.com,9511886978,Patna,Bihar,2022-04-14,Regular
762,Aditya Das,Male,37,aditya762@gmail.com,9456838867,Kanpur,Uttar Pradesh,2023-12-30,Gold
763,Rahul Sharma,Male,47,rahul763@gmail.com,9204435349,Jaipur,Rajasthan,2022-07-10,Regular
764,Prakash Gupta,Male,57,prakash764@gmail.com,9377082043,Warangal,Telangana,2022-10-22,Gold
765,Ananya Verma,Female,47,ananya765@gmail.com,9623456368,Lucknow,Uttar Pradesh,2023-10-28,Regular
766,Priya Das,Female,28,priya766@gmail.com,9403071541,Hyderabad,Telangana,2024-08-02,Gold
767,Neha Singh,Female,53,neha767@gmail.com,9797343144,Bengaluru,Karnataka,2023-10-30,Regular
768,Neha Yadav,Female,57,neha768@gmail.com,9361661280,Delhi,Delhi,2023-05-04,Silver
769,Vivaan Verma,Male,55,vivaan769@gmail.com,9562942172,Warangal,Telangana,2023-03-03,Gold
770,Amit Gupta,Male,60,amit770@gmail.com,9818983106,Kanpur,Uttar Pradesh,2022-12-21,Regular
771,Sneha Das,Female,53,sneha771@gmail.com,9204855083,Hyderabad,Telangana,2023-10-29,Gold
772,Neha Singh,Female,56,neha772@gmail.com,9928223643,Mysuru,Karnataka,2022-08-11,Gold
773,Rohan Kumar,Male,31,rohan773@gmail.com,9977283140,Siliguri,West Bengal,2022-07-05,Regular
774,Rohan Sharma,Male,52,rohan774@gmail.com,9412999235,Patna,Bihar,2024-07-16,Regular
775,Prakash Verma,Male,54,prakash775@gmail.com,9952923229,Hyderabad,Telangana,2023-09-06,Gold
776,Ananya Verma,Female,55,ananya776@gmail.com,9108717978,Delhi,Delhi,2022-07-02,Silver
777,Aditya Thakur,Male,41,aditya777@gmail.com,9689360922,Jodhpur,Rajasthan,2022-05-08,Platinum
778,Vivaan Thakur,Male,33,vivaan778@gmail.com,9563550988,Gaya,Bihar,2022-03-05,Silver
779,Ananya Yadav,Female,42,ananya779@gmail.com,9567281753,Kanpur,Uttar Pradesh,2024-04-11,Silver
780,Aditya Gupta,Male,42,aditya780@gmail.com,9486856173,Mysuru,Karnataka,2025-02-11,Gold
781,Rohan Sharma,Male,18,rohan781@gmail.com,9177036673,Mysuru,Karnataka,2022-10-03,Silver
782,Rohan Yadav,Male,23,rohan782@gmail.com,9247339141,Mysuru,Karnataka,2022-10-06,Silver
783,Ananya Yadav,Female,47,ananya783@gmail.com,9646980102,Kanpur,Uttar Pradesh,2023-01-04,Regular
784,Priya Gupta,Female,45,priya784@gmail.com,9749155592,Warangal,Telangana,2023-01-16,Regular
785,Ananya Thakur,Female,52,ananya785@gmail.com,9718853630,Hyderabad,Telangana,2024-04-21,Regular
786,Ananya Verma,Female,55,ananya786@gmail.com,9617042023,Gaya,Bihar,2022-08-20,Platinum
787,Ananya Thakur,Female,51,ananya787@gmail.com,9184003766,Mumbai,Maharashtra,2024-08-10,Silver
788,Rahul Singh,Male,55,rahul788@gmail.com,9435544022,Mumbai,Maharashtra,2025-01-09,Silver
789,Rahul Das,Male,48,rahul789@gmail.com,9716290544,Kolkata,West Bengal,2024-11-15,Silver
790,Ayushi Thakur,Female,20,ayushi790@gmail.com,9846305497,Kanpur,Uttar Pradesh,2022-12-10,Gold
791,Aarav Das,Male,28,aarav791@gmail.com,9715103737,Delhi,Delhi,2025-03-30,Regular
792,Ayushi Das,Female,26,ayushi792@gmail.com,9642879692,Delhi,Delhi,2022-06-18,Regular
793,Aditya Thakur,Male,34,aditya793@gmail.com,9115250362,Delhi,Delhi,2023-07-18,Silver
794,Rohan Das,Male,29,rohan794@gmail.com,9380517824,Bengaluru,Karnataka,2024-01-28,Gold
795,Aditya Kumar,Male,23,aditya795@gmail.com,9255767997,Coimbatore,Tamil Nadu,2023-12-04,Silver
796,Neha Yadav,Female,60,neha796@gmail.com,9572645050,Mysuru,Karnataka,2023-05-03,Silver
797,Sneha Verma,Female,59,sneha797@gmail.com,9383892497,Bengaluru,Karnataka,2022-04-22,Gold
798,Aditya Das,Male,48,aditya798@gmail.com,9423590493,Mumbai,Maharashtra,2024-03-27,Regular
799,Neha Yadav,Female,34,neha799@gmail.com,9255853446,Jaipur,Rajasthan,2024-08-29,Silver
800,Ayushi Das,Female,38,ayushi800@gmail.com,9669355272,Lucknow,Uttar Pradesh,2024-02-22,Silver
801,Amit Verma,Male,57,amit801@gmail.com,9800150455,Patna,Bihar,2024-06-03,Gold
802,Ayushi Singh,Female,59,ayushi802@gmail.com,9727255103,Siliguri,West Bengal,2023-06-07,Regular
803,Amit Verma,Male,38,amit803@gmail.com,9687994511,Chennai,Tamil Nadu,2023-01-04,Regular
804,Aarav Yadav,Male,51,aarav804@gmail.com,9211569592,Patna,Bihar,2022-07-20,Silver
805,Ananya Thakur,Female,30,ananya805@gmail.com,9136552071,Kolkata,West Bengal,2023-05-31,Regular
806,Sneha Gupta,Female,25,sneha806@gmail.com,9192756659,Mumbai,Maharashtra,2022-09-07,Gold
807,Rohan Sharma,Male,29,rohan807@gmail.com,9372017183,Mysuru,Karnataka,2022-08-16,Regular
808,Ayushi Yadav,Female,34,ayushi808@gmail.com,9273909699,Pune,Maharashtra,2023-10-25,Gold
809,Neha Yadav,Female,21,neha809@gmail.com,9377281586,Delhi,Delhi,2023-11-13,Platinum
810,Rahul Singh,Male,30,rahul810@gmail.com,9755306663,Delhi,Delhi,2024-10-04,Regular
811,Aditya Yadav,Male,57,aditya811@gmail.com,9790779098,Hyderabad,Telangana,2023-03-24,Regular
812,Vivaan Kumar,Male,22,vivaan812@gmail.com,9713476544,Warangal,Telangana,2022-05-30,Silver
813,Rahul Sharma,Male,20,rahul813@gmail.com,9813615080,Hyderabad,Telangana,2022-01-02,Regular
814,Neha Kumar,Female,49,neha814@gmail.com,9613398300,Mysuru,Karnataka,2024-11-21,Regular
815,Aarav Yadav,Male,25,aarav815@gmail.com,9709073484,Mumbai,Maharashtra,2024-09-14,Silver
816,Rohan Thakur,Male,21,rohan816@gmail.com,9778897450,Siliguri,West Bengal,2024-03-31,Platinum
817,Amit Verma,Male,47,amit817@gmail.com,9916530277,Pune,Maharashtra,2022-06-14,Gold
818,Amit Kumar,Male,60,amit818@gmail.com,9305088080,Chennai,Tamil Nadu,2024-02-26,Regular
819,Rohan Verma,Male,23,rohan819@gmail.com,9779454449,Lucknow,Uttar Pradesh,2024-09-23,Regular
820,Aarav Gupta,Male,55,aarav820@gmail.com,9356071459,Chennai,Tamil Nadu,2022-02-21,Regular
821,Rahul Das,Male,20,rahul821@gmail.com,9464304610,Pune,Maharashtra,2022-02-03,Regular
822,Vivaan Gupta,Male,47,vivaan822@gmail.com,9828080516,Gaya,Bihar,2024-12-07,Gold
823,Ananya Gupta,Female,20,ananya823@gmail.com,9889693867,Jaipur,Rajasthan,2022-05-28,Regular
824,Sneha Kumar,Female,59,sneha824@gmail.com,9240163827,Gaya,Bihar,2023-05-13,Regular
825,Vivaan Das,Male,55,vivaan825@gmail.com,9168673962,Gaya,Bihar,2022-12-16,Gold
826,Rahul Gupta,Male,30,rahul826@gmail.com,9557641077,Mumbai,Maharashtra,2022-05-10,Regular
827,Vivaan Sharma,Male,31,vivaan827@gmail.com,9920583443,Kanpur,Uttar Pradesh,2023-10-21,Regular
828,Vivaan Singh,Male,27,vivaan828@gmail.com,9913413214,Mysuru,Karnataka,2023-07-15,Regular
829,Rahul Gupta,Male,20,rahul829@gmail.com,9243205892,Kolkata,West Bengal,2025-04-06,Regular
830,Aarav Das,Male,18,aarav830@gmail.com,9107756709,Lucknow,Uttar Pradesh,2022-06-15,Regular
831,Neha Das,Female,31,neha831@gmail.com,9253639423,Pune,Maharashtra,2022-09-17,Silver
832,Neha Gupta,Female,57,neha832@gmail.com,9842678841,Jodhpur,Rajasthan,2022-12-24,Regular
833,Sneha Singh,Female,40,sneha833@gmail.com,9549667909,Mysuru,Karnataka,2023-09-09,Regular
834,Vivaan Singh,Male,52,vivaan834@gmail.com,9644967737,Chennai,Tamil Nadu,2024-01-12,Regular
835,Aarav Gupta,Male,27,aarav835@gmail.com,9835774878,Coimbatore,Tamil Nadu,2022-08-19,Gold
836,Aditya Sharma,Male,21,aditya836@gmail.com,9792414048,Warangal,Telangana,2022-03-30,Regular
837,Ayushi Verma,Female,20,ayushi837@gmail.com,9212121299,Coimbatore,Tamil Nadu,2024-07-17,Silver
838,Aditya Kumar,Male,50,aditya838@gmail.com,9224623936,Jaipur,Rajasthan,2024-09-20,Regular
839,Sneha Verma,Female,30,sneha839@gmail.com,9902178290,Coimbatore,Tamil Nadu,2024-05-08,Silver
840,Vivaan Verma,Male,24,vivaan840@gmail.com,9354603902,Kolkata,West Bengal,2023-04-12,Silver
841,Prakash Singh,Male,55,prakash841@gmail.com,9620128825,Coimbatore,Tamil Nadu,2024-08-22,Regular
842,Prakash Das,Male,42,prakash842@gmail.com,9501026552,Lucknow,Uttar Pradesh,2022-12-31,Regular
843,Ayushi Gupta,Female,26,ayushi843@gmail.com,9134461310,Coimbatore,Tamil Nadu,2023-11-19,Silver
844,Aditya Singh,Male,47,aditya844@gmail.com,9549064417,Gaya,Bihar,2024-08-11,Regular
845,Ayushi Sharma,Female,54,ayushi845@gmail.com,9693516844,Kolkata,West Bengal,2022-12-15,Gold
846,Amit Das,Male,55,amit846@gmail.com,9608404935,Pune,Maharashtra,2023-03-20,Gold
847,Ananya Yadav,Female,33,ananya847@gmail.com,9451431346,Delhi,Delhi,2023-05-21,Regular
848,Sneha Kumar,Female,20,sneha848@gmail.com,9143012678,Chennai,Tamil Nadu,2024-05-05,Platinum
849,Neha Yadav,Female,24,neha849@gmail.com,9585805219,Jaipur,Rajasthan,2024-09-08,Regular
850,Ananya Yadav,Female,26,ananya850@gmail.com,9484835170,Mumbai,Maharashtra,2023-03-23,Regular
851,Rahul Thakur,Male,47,rahul851@gmail.com,9712441715,Mumbai,Maharashtra,2022-11-28,Silver
852,Rahul Sharma,Male,29,rahul852@gmail.com,9948104335,Gaya,Bihar,2024-04-10,Gold
853,Rohan Singh,Male,39,rohan853@gmail.com,9670071366,Hyderabad,Telangana,2024-02-28,Regular
854,Ananya Gupta,Female,57,ananya854@gmail.com,9460449408,Kanpur,Uttar Pradesh,2022-06-15,Silver
855,Aarav Singh,Male,41,aarav855@gmail.com,9599668842,Gaya,Bihar,2024-02-24,Silver
856,Aditya Singh,Male,31,aditya856@gmail.com,9248612097,Siliguri,West Bengal,2025-02-22,Platinum
857,Rohan Das,Male,31,rohan857@gmail.com,9908713884,Chennai,Tamil Nadu,2025-04-03,Silver
858,Priya Thakur,Female,45,priya858@gmail.com,9397582542,Coimbatore,Tamil Nadu,2024-10-28,Regular
859,Rahul Das,Male,51,rahul859@gmail.com,9990733087,Siliguri,West Bengal,2024-10-23,Regular
860,Rahul Verma,Male,30,rahul860@gmail.com,9591638597,Jodhpur,Rajasthan,2022-05-15,Regular
861,Ayushi Singh,Female,28,ayushi861@gmail.com,9396291256,Lucknow,Uttar Pradesh,2022-08-12,Regular
862,Aditya Gupta,Male,58,aditya862@gmail.com,9124363495,Mysuru,Karnataka,2024-12-02,Regular
863,Rahul Verma,Male,46,rahul863@gmail.com,9892109271,Jaipur,Rajasthan,2024-05-10,Silver
864,Vivaan Kumar,Male,51,vivaan864@gmail.com,9792211324,Delhi,Delhi,2023-04-21,Regular
865,Rahul Das,Male,37,rahul865@gmail.com,9709081834,Siliguri,West Bengal,2024-07-26,Regular
866,Ayushi Gupta,Female,41,ayushi866@gmail.com,9409394722,Delhi,Delhi,2024-09-18,Gold
867,Priya Thakur,Female,28,priya867@gmail.com,9764249151,Patna,Bihar,2024-07-22,Gold
868,Aditya Sharma,Male,28,aditya868@gmail.com,9355448903,Jodhpur,Rajasthan,2022-11-11,Regular
869,Rahul Thakur,Male,29,rahul869@gmail.com,9320283891,Kolkata,West Bengal,2024-01-28,Silver
870,Priya Sharma,Female,46,priya870@gmail.com,9679677338,Gaya,Bihar,2024-02-03,Platinum
871,Vivaan Kumar,Male,49,vivaan871@gmail.com,9925190102,Jodhpur,Rajasthan,2024-04-08,Regular
872,Aditya Kumar,Male,50,aditya872@gmail.com,9455709881,Warangal,Telangana,2025-01-23,Silver
873,Ayushi Sharma,Female,46,ayushi873@gmail.com,9463659637,Delhi,Delhi,2025-03-03,Silver
874,Aditya Singh,Male,19,aditya874@gmail.com,9531246845,Hyderabad,Telangana,2023-09-23,Silver
875,Priya Singh,Female,21,priya875@gmail.com,9752997384,Coimbatore,Tamil Nadu,2023-10-31,Silver
876,Ayushi Gupta,Female,23,ayushi876@gmail.com,9678115797,Jaipur,Rajasthan,2022-02-16,Gold
877,Prakash Das,Male,56,prakash877@gmail.com,9749697362,Pune,Maharashtra,2023-10-13,Silver
878,Neha Sharma,Female,41,neha878@gmail.com,9514585268,Gaya,Bihar,2024-05-25,Regular
879,Priya Thakur,Female,53,priya879@gmail.com,9194058316,Delhi,Delhi,2024-07-01,Regular
880,Rahul Thakur,Male,45,rahul880@gmail.com,9882334208,Warangal,Telangana,2022-12-02,Gold
881,Aditya Gupta,Male,48,aditya881@gmail.com,9664037702,Bengaluru,Karnataka,2023-09-14,Platinum
882,Vivaan Kumar,Male,58,vivaan882@gmail.com,9393484627,Pune,Maharashtra,2024-04-18,Regular
883,Ananya Sharma,Female,29,ananya883@gmail.com,9993657840,Jodhpur,Rajasthan,2023-02-13,Regular
884,Aarav Thakur,Male,37,aarav884@gmail.com,9630536354,Jodhpur,Rajasthan,2025-04-13,Silver
885,Aarav Kumar,Male,34,aarav885@gmail.com,9422304445,Hyderabad,Telangana,2022-11-12,Platinum
886,Rohan Thakur,Male,29,rohan886@gmail.com,9628159105,Hyderabad,Telangana,2024-05-04,Gold
887,Vivaan Thakur,Male,22,vivaan887@gmail.com,9743054662,Chennai,Tamil Nadu,2024-10-06,Silver
888,Ayushi Das,Female,41,ayushi888@gmail.com,9650320457,Warangal,Telangana,2022-09-02,Silver
889,Aditya Kumar,Male,38,aditya889@gmail.com,9595042189,Gaya,Bihar,2022-10-27,Gold
890,Aditya Kumar,Male,41,aditya890@gmail.com,9550449730,Mysuru,Karnataka,2023-07-13,Silver
891,Ayushi Thakur,Female,58,ayushi891@gmail.com,9182492018,Kolkata,West Bengal,2024-12-20,Silver
892,Sneha Sharma,Female,38,sneha892@gmail.com,9439528365,Bengaluru,Karnataka,2025-01-18,Gold
893,Rohan Verma,Male,52,rohan893@gmail.com,9722820339,Delhi,Delhi,2022-07-16,Regular
894,Aditya Thakur,Male,49,aditya894@gmail.com,9542375728,Bengaluru,Karnataka,2024-02-03,Regular
895,Prakash Sharma,Male,32,prakash895@gmail.com,9992895309,Bengaluru,Karnataka,2024-10-27,Regular
896,Neha Das,Female,25,neha896@gmail.com,9979227852,Jaipur,Rajasthan,2022-06-06,Regular
897,Priya Thakur,Female,26,priya897@gmail.com,9977288628,Gaya,Bihar,2024-01-13,Regular
898,Aditya Thakur,Male,25,aditya898@gmail.com,9338754922,Jodhpur,Rajasthan,2022-02-28,Regular
899,Ayushi Sharma,Female,26,ayushi899@gmail.com,9184401435,Bengaluru,Karnataka,2023-03-06,Regular
900,Aarav Das,Male,20,aarav900@gmail.com,9310830273,Mumbai,Maharashtra,2024-06-02,Regular
901,Rahul Singh,Male,20,rahul901@gmail.com,9171132564,Jaipur,Rajasthan,2023-06-03,Regular
902,Vivaan Gupta,Male,29,vivaan902@gmail.com,9820051966,Patna,Bihar,2023-02-14,Regular
903,Ananya Thakur,Female,40,ananya903@gmail.com,9478175386,Mumbai,Maharashtra,2025-04-02,Regular
904,Amit Singh,Male,55,amit904@gmail.com,9919527047,Jaipur,Rajasthan,2022-07-22,Regular
905,Ayushi Sharma,Female,18,ayushi905@gmail.com,9878837937,Chennai,Tamil Nadu,2025-01-05,Regular
906,Priya Sharma,Female,24,priya906@gmail.com,9294184632,Coimbatore,Tamil Nadu,2024-06-19,Gold
907,Prakash Gupta,Male,25,prakash907@gmail.com,9917557160,Kanpur,Uttar Pradesh,2024-04-14,Platinum
908,Vivaan Sharma,Male,41,vivaan908@gmail.com,9856699057,Pune,Maharashtra,2024-10-12,Regular
909,Priya Das,Female,42,priya909@gmail.com,9404525471,Patna,Bihar,2022-08-25,Regular
910,Prakash Yadav,Male,45,prakash910@gmail.com,9302706330,Delhi,Delhi,2023-08-19,Gold
911,Aditya Kumar,Male,24,aditya911@gmail.com,9525598787,Warangal,Telangana,2024-10-03,Regular
912,Aditya Yadav,Male,55,aditya912@gmail.com,9209223328,Mumbai,Maharashtra,2024-03-31,Silver
913,Priya Gupta,Female,30,priya913@gmail.com,9738834325,Bengaluru,Karnataka,2023-11-25,Gold
914,Prakash Yadav,Male,35,prakash914@gmail.com,9921216010,Lucknow,Uttar Pradesh,2024-10-19,Silver
915,Priya Das,Female,49,priya915@gmail.com,9649127152,Delhi,Delhi,2024-04-08,Regular
916,Vivaan Thakur,Male,49,vivaan916@gmail.com,9347843014,Hyderabad,Telangana,2024-09-29,Silver
917,Vivaan Kumar,Male,49,vivaan917@gmail.com,9828112320,Bengaluru,Karnataka,2022-05-20,Regular
918,Sneha Verma,Female,37,sneha918@gmail.com,9767831721,Mysuru,Karnataka,2022-11-09,Silver
919,Rahul Gupta,Male,60,rahul919@gmail.com,9634615027,Pune,Maharashtra,2023-08-25,Regular
920,Amit Kumar,Male,45,amit920@gmail.com,9227919275,Delhi,Delhi,2022-03-06,Regular
921,Rahul Das,Male,20,rahul921@gmail.com,9289911827,Siliguri,West Bengal,2022-03-15,Silver
922,Rahul Yadav,Male,37,rahul922@gmail.com,9868501922,Delhi,Delhi,2022-10-03,Regular
923,Rohan Das,Male,53,rohan923@gmail.com,9267837613,Pune,Maharashtra,2024-09-01,Silver
924,Rahul Yadav,Male,36,rahul924@gmail.com,9444115773,Kanpur,Uttar Pradesh,2023-12-24,Regular
925,Priya Verma,Female,19,priya925@gmail.com,9921620818,Patna,Bihar,2025-04-10,Gold
926,Vivaan Yadav,Male,40,vivaan926@gmail.com,9542306042,Siliguri,West Bengal,2023-12-08,Regular
927,Prakash Thakur,Male,22,prakash927@gmail.com,9427397259,Chennai,Tamil Nadu,2022-06-23,Regular
928,Amit Verma,Male,47,amit928@gmail.com,9806272779,Bengaluru,Karnataka,2022-03-18,Gold
929,Ayushi Kumar,Female,55,ayushi929@gmail.com,9123876200,Jodhpur,Rajasthan,2024-08-19,Platinum
930,Priya Singh,Female,24,priya930@gmail.com,9841809534,Kanpur,Uttar Pradesh,2024-09-27,Silver
931,Amit Verma,Male,57,amit931@gmail.com,9421608113,Siliguri,West Bengal,2022-12-08,Regular
932,Rahul Singh,Male,31,rahul932@gmail.com,9408545686,Lucknow,Uttar Pradesh,2025-01-02,Regular
933,Prakash Singh,Male,24,prakash933@gmail.com,9735509839,Delhi,Delhi,2025-03-30,Regular
934,Neha Gupta,Female,22,neha934@gmail.com,9799582326,Pune,Maharashtra,2023-12-13,Gold
935,Neha Verma,Female,44,neha935@gmail.com,9531967365,Jodhpur,Rajasthan,2023-02-14,Regular
936,Rohan Sharma,Male,58,rohan936@gmail.com,9855196603,Jodhpur,Rajasthan,2022-02-08,Silver
937,Prakash Das,Male,58,prakash937@gmail.com,9672003029,Mysuru,Karnataka,2023-07-03,Gold
938,Amit Gupta,Male,47,amit938@gmail.com,9258638580,Lucknow,Uttar Pradesh,2024-01-17,Regular
939,Neha Verma,Female,58,neha939@gmail.com,9318568778,Delhi,Delhi,2022-05-12,Gold
940,Rohan Sharma,Male,56,rohan940@gmail.com,9353542478,Delhi,Delhi,2023-06-10,Regular
941,Prakash Kumar,Male,37,prakash941@gmail.com,9598387685,Mumbai,Maharashtra,2023-05-18,Regular
942,Rohan Kumar,Male,28,rohan942@gmail.com,9392822240,Kanpur,Uttar Pradesh,2023-02-18,Regular
943,Rohan Sharma,Male,49,rohan943@gmail.com,9939917094,Delhi,Delhi,2022-03-28,Regular
944,Sneha Thakur,Female,44,sneha944@gmail.com,9490234548,Pune,Maharashtra,2022-05-11,Silver
945,Ananya Sharma,Female,25,ananya945@gmail.com,9713077996,Pune,Maharashtra,2023-04-29,Silver
946,Rahul Singh,Male,56,rahul946@gmail.com,9231293747,Pune,Maharashtra,2023-05-03,Gold
947,Sneha Yadav,Female,45,sneha947@gmail.com,9334084722,Siliguri,West Bengal,2023-04-29,Regular
948,Ayushi Das,Female,34,ayushi948@gmail.com,9732950344,Bengaluru,Karnataka,2024-04-16,Regular
949,Ananya Singh,Female,52,ananya949@gmail.com,9555031725,Jodhpur,Rajasthan,2023-10-11,Regular
950,Aditya Verma,Male,41,aditya950@gmail.com,9981934350,Coimbatore,Tamil Nadu,2024-08-31,Regular
951,Ananya Gupta,Female,53,ananya951@gmail.com,9513057975,Patna,Bihar,2023-06-03,Regular
952,Amit Gupta,Male,42,amit952@gmail.com,9108446160,Kolkata,West Bengal,2024-06-25,Gold
953,Ayushi Singh,Female,37,ayushi953@gmail.com,9325900773,Kanpur,Uttar Pradesh,2023-04-28,Gold
954,Rohan Verma,Male,20,rohan954@gmail.com,9394244475,Mysuru,Karnataka,2024-04-12,Gold
955,Ananya Yadav,Female,45,ananya955@gmail.com,9980727404,Warangal,Telangana,2023-11-13,Regular
956,Amit Singh,Male,44,amit956@gmail.com,9746517065,Mysuru,Karnataka,2023-12-22,Silver
957,Rahul Kumar,Male,59,rahul957@gmail.com,9788904718,Jodhpur,Rajasthan,2022-04-17,Regular
958,Aarav Yadav,Male,58,aarav958@gmail.com,9428079168,Hyderabad,Telangana,2023-02-14,Regular
959,Aditya Gupta,Male,59,aditya959@gmail.com,9919439714,Mumbai,Maharashtra,2024-11-23,Regular
960,Rahul Das,Male,34,rahul960@gmail.com,9286271681,Kanpur,Uttar Pradesh,2022-10-01,Silver
961,Prakash Singh,Male,41,prakash961@gmail.com,9295302103,Siliguri,West Bengal,2024-04-28,Regular
962,Aarav Kumar,Male,59,aarav962@gmail.com,9757133384,Lucknow,Uttar Pradesh,2025-02-17,Silver
963,Prakash Thakur,Male,21,prakash963@gmail.com,9530607955,Pune,Maharashtra,2022-12-12,Silver
964,Vivaan Verma,Male,54,vivaan964@gmail.com,9226004164,Delhi,Delhi,2022-12-15,Regular
965,Rahul Das,Male,32,rahul965@gmail.com,9866183203,Jodhpur,Rajasthan,2022-08-31,Regular
966,Ananya Das,Female,26,ananya966@gmail.com,9563114070,Delhi,Delhi,2024-02-22,Gold
967,Ananya Gupta,Female,29,ananya967@gmail.com,9538649410,Coimbatore,Tamil Nadu,2024-05-06,Gold
968,Ayushi Gupta,Female,33,ayushi968@gmail.com,9496895499,Gaya,Bihar,2024-07-12,Silver
969,Aarav Das,Male,38,aarav969@gmail.com,9844128379,Hyderabad,Telangana,2022-09-30,Regular
970,Ananya Yadav,Female,22,ananya970@gmail.com,9202305498,Coimbatore,Tamil Nadu,2023-06-09,Silver
971,Prakash Das,Male,56,prakash971@gmail.com,9820256933,Gaya,Bihar,2023-12-27,Platinum
972,Ayushi Yadav,Female,43,ayushi972@gmail.com,9820762108,Patna,Bihar,2023-09-12,Regular
973,Sneha Sharma,Female,28,sneha973@gmail.com,9640893920,Jaipur,Rajasthan,2023-06-18,Regular
974,Aditya Singh,Male,51,aditya974@gmail.com,9564854683,Siliguri,West Bengal,2023-10-12,Regular
975,Aarav Sharma,Male,35,aarav975@gmail.com,9902969226,Pune,Maharashtra,2024-10-19,Regular
976,Ayushi Thakur,Female,38,ayushi976@gmail.com,9567910238,Kanpur,Uttar Pradesh,2024-11-24,Gold
977,Aditya Das,Male,30,aditya977@gmail.com,9259580383,Siliguri,West Bengal,2022-04-19,Regular
978,Rahul Thakur,Male,47,rahul978@gmail.com,9568613005,Bengaluru,Karnataka,2022-12-01,Regular
979,Rahul Verma,Male,49,rahul979@gmail.com,9591515743,Hyderabad,Telangana,2025-02-22,Regular
980,Priya Singh,Female,36,priya980@gmail.com,9293976787,Bengaluru,Karnataka,2023-02-22,Gold
981,Sneha Gupta,Female,18,sneha981@gmail.com,9664804742,Jodhpur,Rajasthan,2025-04-10,Gold
982,Vivaan Gupta,Male,24,vivaan982@gmail.com,9452893605,Mysuru,Karnataka,2024-10-17,Regular
983,Priya Singh,Female,27,priya983@gmail.com,9131003764,Pune,Maharashtra,2023-10-25,Regular
984,Rohan Thakur,Male,39,rohan984@gmail.com,9147080354,Warangal,Telangana,2022-01-12,Silver
985,Ananya Sharma,Female,21,ananya985@gmail.com,9960666308,Warangal,Telangana,2023-03-09,Silver
986,Ananya Singh,Female,56,ananya986@gmail.com,9509515396,Kolkata,West Bengal,2025-01-25,Regular
987,Prakash Yadav,Male,19,prakash987@gmail.com,9323577467,Delhi,Delhi,2022-07-02,Regular
988,Rohan Sharma,Male,37,rohan988@gmail.com,9627040908,Kanpur,Uttar Pradesh,2022-09-04,Gold
989,Priya Singh,Female,50,priya989@gmail.com,9314610134,Delhi,Delhi,2024-01-23,Regular
990,Ayushi Yadav,Female,45,ayushi990@gmail.com,9970798567,Kanpur,Uttar Pradesh,2022-07-04,Regular
991,Rohan Yadav,Male,20,rohan991@gmail.com,9651196193,Mysuru,Karnataka,2022-07-10,Regular
992,Rohan Sharma,Male,51,rohan992@gmail.com,9775984454,Hyderabad,Telangana,2024-10-11,Silver
993,Rahul Yadav,Male,48,rahul993@gmail.com,9422544807,Pune,Maharashtra,2022-06-12,Regular
994,Prakash Yadav,Male,54,prakash994@gmail.com,9151247840,Mysuru,Karnataka,2023-08-29,Silver
995,Amit Yadav,Male,24,amit995@gmail.com,9598921108,Patna,Bihar,2024-04-25,Silver
996,Ayushi Singh,Female,19,ayushi996@gmail.com,9222337296,Delhi,Delhi,2024-10-28,Silver
997,Aditya Yadav,Male,23,aditya997@gmail.com,9546946709,Hyderabad,Telangana,2022-04-03,Gold
998,Sneha Das,Female,57,sneha998@gmail.com,9967405227,Delhi,Delhi,2024-07-10,Regular
999,Aditya Singh,Male,24,aditya999@gmail.com,9565788042,Bengaluru,Karnataka,2023-06-16,Silver
1000,Vivaan Kumar,Male,59,vivaan1000@gmail.com,9612303560,Gaya,Bihar,2022-12-18,Regular
1001,Ayushi Verma,Female,37,ayushi1001@gmail.com,9194097510,Kanpur,Uttar Pradesh,2024-03-19,Regular
1002,Vivaan Kumar,Male,19,vivaan1002@gmail.com,9324658446,Patna,Bihar,2023-01-21,Regular
1003,Neha Gupta,Female,37,neha1003@gmail.com,9926481789,Bengaluru,Karnataka,2022-06-26,Regular
1004,Aarav Singh,Male,27,aarav1004@gmail.com,9893260250,Warangal,Telangana,2022-12-07,Silver
1005,Aarav Das,Male,33,aarav1005@gmail.com,9316185483,Warangal,Telangana,2025-04-13,Regular
1006,Priya Kumar,Female,58,priya1006@gmail.com,9865677581,Lucknow,Uttar Pradesh,2022-07-30,Regular
1007,Ananya Thakur,Female,49,ananya1007@gmail.com,9529153534,Kanpur,Uttar Pradesh,2022-03-17,Regular
1008,Ananya Kumar,Female,19,ananya1008@gmail.com,9553123931,Hyderabad,Telangana,2024-12-17,Silver
1009,Ayushi Yadav,Female,25,ayushi1009@gmail.com,9631275428,Jaipur,Rajasthan,2024-08-27,Silver
1010,Ananya Yadav,Female,28,ananya1010@gmail.com,9409249220,Siliguri,West Bengal,2022-02-12,Silver
1011,Rahul Gupta,Male,32,rahul1011@gmail.com,9730993734,Warangal,Telangana,2024-11-05,Gold
1012,Aditya Thakur,Male,44,aditya1012@gmail.com,9994513638,Siliguri,West Bengal,2024-03-10,Platinum
1013,Aditya Gupta,Male,23,aditya1013@gmail.com,9816246415,Siliguri,West Bengal,2023-08-02,Regular
1014,Aditya Das,Male,44,aditya1014@gmail.com,9630133267,Bengaluru,Karnataka,2022-07-26,Regular
1015,Aarav Verma,Male,40,aarav1015@gmail.com,9826845755,Chennai,Tamil Nadu,2023-06-19,Regular
1016,Vivaan Verma,Male,25,vivaan1016@gmail.com,9763103142,Jaipur,Rajasthan,2024-05-31,Regular
1017,Rahul Thakur,Male,40,rahul1017@gmail.com,9926108943,Jaipur,Rajasthan,2023-11-28,Regular
1018,Aditya Singh,Male,46,aditya1018@gmail.com,9957905637,Jodhpur,Rajasthan,2022-04-14,Regular
1019,Sneha Singh,Female,20,sneha1019@gmail.com,9644715382,Mumbai,Maharashtra,2025-02-25,Regular
1020,Priya Sharma,Female,46,priya1020@gmail.com,9918153355,Mumbai,Maharashtra,2023-08-22,Silver
1021,Rohan Verma,Male,26,rohan1021@gmail.com,9232052491,Mumbai,Maharashtra,2023-11-17,Gold
1022,Aarav Gupta,Male,39,aarav1022@gmail.com,9407904380,Warangal,Telangana,2024-08-28,Silver
1023,Priya Yadav,Female,58,priya1023@gmail.com,9814033220,Pune,Maharashtra,2024-01-09,Regular
1024,Prakash Sharma,Male,44,prakash1024@gmail.com,9539492534,Jodhpur,Rajasthan,2024-05-28,Gold
1025,Aarav Das,Male,18,aarav1025@gmail.com,9870544763,Jodhpur,Rajasthan,2022-10-26,Gold
1026,Priya Verma,Female,28,priya1026@gmail.com,9566081562,Mumbai,Maharashtra,2024-04-02,Regular
1027,Sneha Kumar,Female,36,sneha1027@gmail.com,9550225634,Patna,Bihar,2024-11-30,Regular
1028,Ananya Verma,Female,18,ananya1028@gmail.com,9987988308,Jodhpur,Rajasthan,2023-12-06,Regular
1029,Ananya Yadav,Female,59,ananya1029@gmail.com,9320260494,Jaipur,Rajasthan,2024-07-02,Gold
1030,Rohan Yadav,Male,37,rohan1030@gmail.com,9190495952,Warangal,Telangana,2023-02-09,Regular
1031,Ananya Sharma,Female,52,ananya1031@gmail.com,9404865220,Siliguri,West Bengal,2024-12-01,Regular
1032,Amit Verma,Male,19,amit1032@gmail.com,9129947975,Jodhpur,Rajasthan,2022-11-24,Gold
1033,Prakash Thakur,Male,50,prakash1033@gmail.com,9218586088,Jodhpur,Rajasthan,2024-05-15,Silver
1034,Rohan Verma,Male,21,rohan1034@gmail.com,9912350050,Siliguri,West Bengal,2022-09-11,Silver
1035,Ayushi Kumar,Female,39,ayushi1035@gmail.com,9353507570,Pune,Maharashtra,2024-07-17,Gold
1036,Priya Thakur,Female,60,priya1036@gmail.com,9942661053,Jaipur,Rajasthan,2023-08-06,Gold
1037,Amit Gupta,Male,38,amit1037@gmail.com,9654535921,Mysuru,Karnataka,2022-08-04,Silver
1038,Vivaan Sharma,Male,44,vivaan1038@gmail.com,9187990100,Siliguri,West Bengal,2024-05-21,Regular
1039,Rahul Gupta,Male,22,rahul1039@gmail.com,9496526646,Lucknow,Uttar Pradesh,2024-07-02,Silver
1040,Ayushi Das,Female,46,ayushi1040@gmail.com,9839827290,Kanpur,Uttar Pradesh,2024-05-17,Platinum
1041,Aditya Sharma,Male,26,aditya1041@gmail.com,9620511813,Warangal,Telangana,2024-11-01,Silver
1042,Ananya Gupta,Female,48,ananya1042@gmail.com,9135011913,Bengaluru,Karnataka,2024-07-21,Silver
1043,Vivaan Yadav,Male,25,vivaan1043@gmail.com,9496839906,Jodhpur,Rajasthan,2022-08-14,Silver
1044,Vivaan Verma,Male,41,vivaan1044@gmail.com,9425623035,Patna,Bihar,2023-09-17,Regular
1045,Aditya Yadav,Male,37,aditya1045@gmail.com,9404386805,Patna,Bihar,2022-04-10,Regular
1046,Vivaan Verma,Male,20,vivaan1046@gmail.com,9548367904,Hyderabad,Telangana,2022-05-19,Regular
1047,Priya Yadav,Female,56,priya1047@gmail.com,9242603228,Delhi,Delhi,2024-08-31,Gold
1048,Rahul Das,Male,38,rahul1048@gmail.com,9195901227,Jodhpur,Rajasthan,2022-11-02,Gold
1049,Prakash Yadav,Male,52,prakash1049@gmail.com,9149198538,Kanpur,Uttar Pradesh,2023-11-26,Platinum
1050,Rohan Singh,Male,19,rohan1050@gmail.com,9714174731,Warangal,Telangana,2022-12-06,Silver
1051,Rohan Singh,Male,57,rohan1051@gmail.com,9681790182,Delhi,Delhi,2023-01-30,Silver
1052,Rahul Kumar,Male,60,rahul1052@gmail.com,9671079725,Patna,Bihar,2022-09-04,Regular
1053,Prakash Gupta,Male,46,prakash1053@gmail.com,9190890036,Gaya,Bihar,2025-04-01,Gold
1054,Sneha Kumar,Female,19,sneha1054@gmail.com,9465025573,Siliguri,West Bengal,2024-10-03,Regular
1055,Amit Verma,Male,34,amit1055@gmail.com,9197737441,Lucknow,Uttar Pradesh,2024-02-22,Regular
1056,Ayushi Sharma,Female,34,ayushi1056@gmail.com,9924960882,Mumbai,Maharashtra,2023-01-10,Regular
1057,Rohan Sharma,Male,57,rohan1057@gmail.com,9449278231,Delhi,Delhi,2022-05-01,Regular
1058,Neha Singh,Female,27,neha1058@gmail.com,9543265118,Gaya,Bihar,2023-10-18,Gold
1059,Vivaan Kumar,Male,33,vivaan1059@gmail.com,9907597452,Delhi,Delhi,2023-02-19,Silver
1060,Amit Yadav,Male,35,amit1060@gmail.com,9165103088,Coimbatore,Tamil Nadu,2022-08-24,Regular
1061,Vivaan Das,Male,44,vivaan1061@gmail.com,9780259788,Jodhpur,Rajasthan,2022-03-01,Regular
1062,Amit Singh,Male,53,amit1062@gmail.com,9799597461,Gaya,Bihar,2023-05-20,Gold
1063,Rahul Singh,Male,31,rahul1063@gmail.com,9940612700,Delhi,Delhi,2024-10-21,Platinum
1064,Prakash Yadav,Male,46,prakash1064@gmail.com,9144873906,Kolkata,West Bengal,2025-02-10,Regular
1065,Rohan Sharma,Male,21,rohan1065@gmail.com,9617743557,Warangal,Telangana,2022-01-02,Regular
1066,Priya Gupta,Female,50,priya1066@gmail.com,9402055699,Delhi,Delhi,2025-04-13,Regular
1067,Ayushi Singh,Female,25,ayushi1067@gmail.com,9991740555,Jaipur,Rajasthan,2024-03-20,Regular
1068,Neha Gupta,Female,38,neha1068@gmail.com,9832400367,Jodhpur,Rajasthan,2024-10-30,Platinum
1069,Ayushi Gupta,Female,39,ayushi1069@gmail.com,9326155683,Delhi,Delhi,2023-10-21,Regular
1070,Ananya Sharma,Female,56,ananya1070@gmail.com,9611669068,Kolkata,West Bengal,2022-01-05,Regular
1071,Neha Das,Female,52,neha1071@gmail.com,9187132846,Patna,Bihar,2024-03-15,Gold
1072,Rohan Das,Male,40,rohan1072@gmail.com,9972717220,Mumbai,Maharashtra,2022-09-10,Regular
1073,Aditya Kumar,Male,47,aditya1073@gmail.com,9497800553,Siliguri,West Bengal,2022-09-13,Platinum
1074,Prakash Kumar,Male,40,prakash1074@gmail.com,9305634099,Hyderabad,Telangana,2023-07-30,Regular
1075,Prakash Das,Male,20,prakash1075@gmail.com,9401459841,Delhi,Delhi,2024-01-14,Regular
1076,Prakash Yadav,Male,35,prakash1076@gmail.com,9711068865,Chennai,Tamil Nadu,2022-08-16,Silver
1077,Rohan Sharma,Male,55,rohan1077@gmail.com,9237703513,Bengaluru,Karnataka,2022-05-14,Silver
1078,Sneha Gupta,Female,35,sneha1078@gmail.com,9305999029,Mysuru,Karnataka,2024-12-07,Gold
1079,Rohan Das,Male,45,rohan1079@gmail.com,9788232308,Gaya,Bihar,2022-01-05,Silver
1080,Neha Yadav,Female,25,neha1080@gmail.com,9830330709,Gaya,Bihar,2023-07-16,Silver
1081,Amit Kumar,Male,21,amit1081@gmail.com,9398428319,Warangal,Telangana,2023-04-05,Gold
1082,Priya Kumar,Female,30,priya1082@gmail.com,9459387638,Jodhpur,Rajasthan,2024-03-13,Regular
1083,Ananya Yadav,Female,33,ananya1083@gmail.com,9311394879,Patna,Bihar,2022-06-02,Regular
1084,Rohan Singh,Male,48,rohan1084@gmail.com,9563801642,Delhi,Delhi,2022-02-27,Gold
1085,Prakash Singh,Male,33,prakash1085@gmail.com,9465933326,Siliguri,West Bengal,2024-08-27,Gold
1086,Vivaan Das,Male,58,vivaan1086@gmail.com,9579378686,Kolkata,West Bengal,2022-07-15,Silver
1087,Aarav Yadav,Male,22,aarav1087@gmail.com,9940360006,Mumbai,Maharashtra,2023-10-04,Regular
1088,Ayushi Yadav,Female,24,ayushi1088@gmail.com,9827529296,Hyderabad,Telangana,2022-05-15,Regular
1089,Neha Yadav,Female,57,neha1089@gmail.com,9907414505,Gaya,Bihar,2022-07-16,Regular
1090,Neha Das,Female,57,neha1090@gmail.com,9764893749,Gaya,Bihar,2024-05-26,Regular
1091,Amit Verma,Male,24,amit1091@gmail.com,9210262182,Gaya,Bihar,2023-01-30,Regular
1092,Sneha Sharma,Female,34,sneha1092@gmail.com,9481598412,Mumbai,Maharashtra,2024-11-08,Regular
1093,Prakash Sharma,Male,21,prakash1093@gmail.com,9237096167,Hyderabad,Telangana,2022-04-01,Regular
1094,Ayushi Sharma,Female,48,ayushi1094@gmail.com,9431436631,Kanpur,Uttar Pradesh,2022-10-29,Silver
1095,Aarav Sharma,Male,33,aarav1095@gmail.com,9644502921,Delhi,Delhi,2022-04-28,Gold
1096,Neha Verma,Female,30,neha1096@gmail.com,9787790466,Jaipur,Rajasthan,2023-02-05,Gold
1097,Prakash Das,Male,56,prakash1097@gmail.com,9843473702,Pune,Maharashtra,2024-08-15,Regular
1098,Neha Verma,Female,24,neha1098@gmail.com,9587803152,Siliguri,West Bengal,2022-11-29,Gold
1099,Prakash Kumar,Male,32,prakash1099@gmail.com,9600940025,Gaya,Bihar,2023-04-02,Silver
1100,Ananya Verma,Female,31,ananya1100@gmail.com,9529832349,Coimbatore,Tamil Nadu,2024-02-09,Regular
1101,Aarav Singh,Male,19,aarav1101@gmail.com,9695595576,Gaya,Bihar,2024-01-03,Regular
1102,Prakash Verma,Male,19,prakash1102@gmail.com,9313806556,Delhi,Delhi,2022-03-31,Regular
1103,Ayushi Sharma,Female,53,ayushi1103@gmail.com,9364102119,Bengaluru,Karnataka,2023-11-27,Regular
1104,Ayushi Singh,Female,26,ayushi1104@gmail.com,9506865213,Patna,Bihar,2022-02-12,Silver
1105,Prakash Thakur,Male,33,prakash1105@gmail.com,9496898624,Pune,Maharashtra,2024-07-23,Gold
1106,Ananya Singh,Female,27,ananya1106@gmail.com,9240439719,Mysuru,Karnataka,2022-08-31,Gold
1107,Ananya Verma,Female,56,ananya1107@gmail.com,9561215232,Coimbatore,Tamil Nadu,2023-10-14,Platinum
1108,Sneha Gupta,Female,36,sneha1108@gmail.com,9947813439,Chennai,Tamil Nadu,2025-01-01,Regular
1109,Rohan Thakur,Male,50,rohan1109@gmail.com,9727153504,Chennai,Tamil Nadu,2022-09-16,Gold
1110,Rahul Singh,Male,50,rahul1110@gmail.com,9516736210,Chennai,Tamil Nadu,2022-12-09,Gold
1111,Rahul Das,Male,38,rahul1111@gmail.com,9865026957,Jodhpur,Rajasthan,2023-01-02,Regular
1112,Rahul Thakur,Male,43,rahul1112@gmail.com,9785160666,Warangal,Telangana,2025-04-05,Gold
1113,Prakash Gupta,Male,33,prakash1113@gmail.com,9525094361,Patna,Bihar,2024-07-14,Regular
1114,Sneha Sharma,Female,34,sneha1114@gmail.com,9691150686,Kanpur,Uttar Pradesh,2024-02-06,Regular
1115,Rahul Verma,Male,55,rahul1115@gmail.com,9144176873,Pune,Maharashtra,2023-04-17,Regular
1116,Rahul Das,Male,44,rahul1116@gmail.com,9494612942,Siliguri,West Bengal,2024-06-04,Gold
1117,Neha Kumar,Female,46,neha1117@gmail.com,9351030533,Siliguri,West Bengal,2023-01-03,Regular
1118,Vivaan Thakur,Male,50,vivaan1118@gmail.com,9686962999,Pune,Maharashtra,2024-10-24,Silver
1119,Vivaan Singh,Male,41,vivaan1119@gmail.com,9141104326,Delhi,Delhi,2022-05-27,Silver
1120,Rohan Verma,Male,37,rohan1120@gmail.com,9900164591,Kolkata,West Bengal,2023-05-28,Gold
1121,Ananya Sharma,Female,34,ananya1121@gmail.com,9109163182,Delhi,Delhi,2025-01-17,Gold
1122,Neha Yadav,Female,59,neha1122@gmail.com,9112767564,Delhi,Delhi,2025-04-02,Regular
1123,Neha Gupta,Female,31,neha1123@gmail.com,9609424194,Jaipur,Rajasthan,2023-04-10,Regular
1124,Ananya Das,Female,23,ananya1124@gmail.com,9436161542,Jodhpur,Rajasthan,2023-11-29,Gold
1125,Prakash Das,Male,53,prakash1125@gmail.com,9132324001,Kanpur,Uttar Pradesh,2024-07-10,Regular
1126,Ananya Kumar,Female,60,ananya1126@gmail.com,9995821601,Mysuru,Karnataka,2024-10-20,Regular
1127,Neha Yadav,Female,37,neha1127@gmail.com,9450125214,Coimbatore,Tamil Nadu,2025-01-06,Silver
1128,Aditya Verma,Male,58,aditya1128@gmail.com,9958076247,Patna,Bihar,2025-03-09,Silver
1129,Prakash Yadav,Male,52,prakash1129@gmail.com,9514930176,Kanpur,Uttar Pradesh,2022-05-11,Regular
1130,Sneha Das,Female,23,sneha1130@gmail.com,9284064756,Pune,Maharashtra,2023-09-16,Regular
1131,Aarav Das,Male,29,aarav1131@gmail.com,9313673270,Jaipur,Rajasthan,2022-02-24,Regular
1132,Prakash Gupta,Male,60,prakash1132@gmail.com,9663065592,Kanpur,Uttar Pradesh,2023-08-20,Regular
1133,Amit Kumar,Male,38,amit1133@gmail.com,9541158894,Gaya,Bihar,2022-12-18,Regular
1134,Amit Yadav,Male,22,amit1134@gmail.com,9517677937,Mumbai,Maharashtra,2024-09-06,Platinum
1135,Prakash Thakur,Male,60,prakash1135@gmail.com,9609791168,Chennai,Tamil Nadu,2024-06-04,Regular
1136,Amit Das,Male,30,amit1136@gmail.com,9107992185,Delhi,Delhi,2023-07-19,Platinum
1137,Neha Gupta,Female,39,neha1137@gmail.com,9711205057,Hyderabad,Telangana,2024-12-12,Gold
1138,Sneha Kumar,Female,36,sneha1138@gmail.com,9793958412,Warangal,Telangana,2022-07-06,Gold
1139,Ananya Thakur,Female,57,ananya1139@gmail.com,9984150804,Warangal,Telangana,2024-03-11,Gold
1140,Prakash Sharma,Male,47,prakash1140@gmail.com,9513030888,Mysuru,Karnataka,2024-06-03,Gold
1141,Neha Kumar,Female,28,neha1141@gmail.com,9393965039,Bengaluru,Karnataka,2023-05-06,Gold
1142,Rohan Singh,Male,49,rohan1142@gmail.com,9541606556,Jodhpur,Rajasthan,2023-03-21,Platinum
1143,Priya Singh,Female,50,priya1143@gmail.com,9923065067,Jaipur,Rajasthan,2022-08-04,Gold
1144,Aditya Thakur,Male,50,aditya1144@gmail.com,9147926645,Kanpur,Uttar Pradesh,2023-03-01,Regular
1145,Neha Verma,Female,30,neha1145@gmail.com,9525925819,Pune,Maharashtra,2024-03-28,Regular
1146,Ananya Sharma,Female,60,ananya1146@gmail.com,9903884763,Delhi,Delhi,2023-11-01,Regular
1147,Vivaan Gupta,Male,26,vivaan1147@gmail.com,9605504475,Hyderabad,Telangana,2024-06-15,Gold
1148,Aarav Singh,Male,36,aarav1148@gmail.com,9233306531,Bengaluru,Karnataka,2022-12-29,Silver
1149,Vivaan Kumar,Male,27,vivaan1149@gmail.com,9573152913,Lucknow,Uttar Pradesh,2023-07-14,Regular
1150,Rohan Gupta,Male,21,rohan1150@gmail.com,9998186261,Chennai,Tamil Nadu,2024-06-24,Silver
1151,Neha Thakur,Female,21,neha1151@gmail.com,9742318110,Jaipur,Rajasthan,2024-06-28,Regular
1152,Prakash Verma,Male,30,prakash1152@gmail.com,9198125433,Lucknow,Uttar Pradesh,2023-05-04,Regular
1153,Priya Gupta,Female,32,priya1153@gmail.com,9203726898,Patna,Bihar,2022-05-10,Gold
1154,Aarav Yadav,Male,24,aarav1154@gmail.com,9975769961,Bengaluru,Karnataka,2024-11-15,Regular
1155,Sneha Gupta,Female,43,sneha1155@gmail.com,9559432973,Jaipur,Rajasthan,2025-01-14,Regular
1156,Priya Verma,Female,18,priya1156@gmail.com,9531793991,Chennai,Tamil Nadu,2022-12-22,Silver
1157,Prakash Das,Male,22,prakash1157@gmail.com,9806480997,Gaya,Bihar,2023-03-27,Gold
1158,Vivaan Gupta,Male,37,vivaan1158@gmail.com,9924145310,Kolkata,West Bengal,2024-04-21,Silver
1159,Ayushi Singh,Female,58,ayushi1159@gmail.com,9847662934,Mumbai,Maharashtra,2023-10-27,Regular
1160,Aditya Verma,Male,22,aditya1160@gmail.com,9459816489,Mysuru,Karnataka,2024-09-14,Regular
1161,Amit Gupta,Male,55,amit1161@gmail.com,9856589767,Warangal,Telangana,2024-10-28,Platinum
1162,Sneha Singh,Female,33,sneha1162@gmail.com,9892328358,Chennai,Tamil Nadu,2023-09-25,Regular
1163,Aarav Sharma,Male,49,aarav1163@gmail.com,9418487640,Chennai,Tamil Nadu,2024-02-07,Regular
1164,Rohan Kumar,Male,56,rohan1164@gmail.com,9576447381,Lucknow,Uttar Pradesh,2023-05-03,Silver
1165,Ayushi Verma,Female,51,ayushi1165@gmail.com,9950167054,Kolkata,West Bengal,2022-03-23,Platinum
1166,Prakash Verma,Male,33,prakash1166@gmail.com,9320994787,Delhi,Delhi,2023-12-03,Silver
1167,Sneha Yadav,Female,38,sneha1167@gmail.com,9297080451,Chennai,Tamil Nadu,2024-12-03,Regular
1168,Rahul Singh,Male,21,rahul1168@gmail.com,9781146329,Patna,Bihar,2023-01-30,Platinum
1169,Vivaan Sharma,Male,31,vivaan1169@gmail.com,9353736066,Chennai,Tamil Nadu,2025-01-29,Silver
1170,Ayushi Sharma,Female,33,ayushi1170@gmail.com,9555284547,Kanpur,Uttar Pradesh,2023-02-09,Regular
1171,Ayushi Das,Female,35,ayushi1171@gmail.com,9938902595,Coimbatore,Tamil Nadu,2023-02-17,Regular
1172,Neha Sharma,Female,46,neha1172@gmail.com,9553867727,Siliguri,West Bengal,2024-08-22,Silver
1173,Rahul Kumar,Male,45,rahul1173@gmail.com,9189370596,Lucknow,Uttar Pradesh,2024-02-21,Gold
1174,Amit Sharma,Male,42,amit1174@gmail.com,9597841726,Delhi,Delhi,2023-06-11,Regular
1175,Amit Das,Male,39,amit1175@gmail.com,9246733633,Delhi,Delhi,2022-05-28,Silver
1176,Prakash Kumar,Male,50,prakash1176@gmail.com,9884227355,Chennai,Tamil Nadu,2022-01-27,Silver
1177,Neha Yadav,Female,42,neha1177@gmail.com,9625651506,Warangal,Telangana,2024-02-04,Regular
1178,Aarav Singh,Male,54,aarav1178@gmail.com,9274335280,Pune,Maharashtra,2024-02-28,Regular
1179,Ananya Verma,Female,49,ananya1179@gmail.com,9781804304,Kanpur,Uttar Pradesh,2024-11-09,Silver
1180,Neha Gupta,Female,48,neha1180@gmail.com,9137052221,Gaya,Bihar,2023-05-12,Gold
1181,Ananya Sharma,Female,56,ananya1181@gmail.com,9589058010,Kolkata,West Bengal,2023-06-20,Platinum
1182,Prakash Sharma,Male,25,prakash1182@gmail.com,9927825086,Mysuru,Karnataka,2022-01-26,Regular
1183,Ananya Singh,Female,30,ananya1183@gmail.com,9554133586,Kanpur,Uttar Pradesh,2024-11-27,Regular
1184,Ananya Thakur,Female,52,ananya1184@gmail.com,9807044021,Kanpur,Uttar Pradesh,2024-10-22,Gold
1185,Ananya Singh,Female,58,ananya1185@gmail.com,9714837122,Delhi,Delhi,2022-08-12,Gold
1186,Ayushi Gupta,Female,37,ayushi1186@gmail.com,9106893748,Kolkata,West Bengal,2024-03-26,Platinum
1187,Vivaan Singh,Male,51,vivaan1187@gmail.com,9547581039,Hyderabad,Telangana,2024-05-05,Silver
1188,Aditya Verma,Male,26,aditya1188@gmail.com,9312622922,Lucknow,Uttar Pradesh,2023-01-17,Regular
1189,Rahul Gupta,Male,30,rahul1189@gmail.com,9163331510,Jaipur,Rajasthan,2023-01-16,Silver
1190,Neha Das,Female,58,neha1190@gmail.com,9278376576,Coimbatore,Tamil Nadu,2022-08-12,Regular
1191,Vivaan Thakur,Male,39,vivaan1191@gmail.com,9131854320,Pune,Maharashtra,2022-05-12,Silver
1192,Rohan Singh,Male,21,rohan1192@gmail.com,9385702028,Warangal,Telangana,2022-01-20,Gold
1193,Vivaan Gupta,Male,18,vivaan1193@gmail.com,9503368085,Patna,Bihar,2024-12-05,Silver
1194,Rahul Verma,Male,39,rahul1194@gmail.com,9498127494,Delhi,Delhi,2024-05-29,Silver
1195,Prakash Verma,Male,42,prakash1195@gmail.com,9755851235,Siliguri,West Bengal,2024-03-27,Regular
1196,Vivaan Kumar,Male,43,vivaan1196@gmail.com,9878699246,Siliguri,West Bengal,2024-07-24,Gold
1197,Sneha Singh,Female,35,sneha1197@gmail.com,9850829666,Bengaluru,Karnataka,2024-12-22,Gold
1198,Rahul Das,Male,44,rahul1198@gmail.com,9808914863,Coimbatore,Tamil Nadu,2024-11-20,Regular
1199,Rohan Verma,Male,38,rohan1199@gmail.com,9827921175,Kolkata,West Bengal,2022-04-04,Regular
1200,Ananya Singh,Female,45,ananya1200@gmail.com,9611232011,Warangal,Telangana,2023-12-15,Platinum
1201,Ayushi Gupta,Female,51,ayushi1201@gmail.com,9714065028,Pune,Maharashtra,2022-10-21,Gold
1202,Aditya Das,Male,37,aditya1202@gmail.com,9993733419,Jaipur,Rajasthan,2022-06-28,Silver
1203,Aditya Das,Male,48,aditya1203@gmail.com,9811506547,Jodhpur,Rajasthan,2022-08-25,Silver
1204,Aditya Singh,Male,45,aditya1204@gmail.com,9868546986,Chennai,Tamil Nadu,2022-08-05,Regular
1205,Ayushi Gupta,Female,60,ayushi1205@gmail.com,9611425712,Siliguri,West Bengal,2023-06-12,Platinum
1206,Amit Das,Male,39,amit1206@gmail.com,9340310093,Mumbai,Maharashtra,2022-07-05,Platinum
1207,Neha Yadav,Female,45,neha1207@gmail.com,9968063877,Pune,Maharashtra,2025-02-24,Regular
1208,Ayushi Singh,Female,23,ayushi1208@gmail.com,9465327609,Delhi,Delhi,2022-08-17,Silver
1209,Sneha Verma,Female,38,sneha1209@gmail.com,9508231386,Chennai,Tamil Nadu,2022-09-18,Silver
1210,Aarav Gupta,Male,45,aarav1210@gmail.com,9443214044,Gaya,Bihar,2024-03-05,Gold
1211,Vivaan Yadav,Male,52,vivaan1211@gmail.com,9594568456,Bengaluru,Karnataka,2022-01-19,Regular
1212,Rahul Das,Male,56,rahul1212@gmail.com,9404290729,Delhi,Delhi,2022-10-29,Regular
1213,Ayushi Singh,Female,54,ayushi1213@gmail.com,9613552190,Gaya,Bihar,2023-07-15,Silver
1214,Ayushi Yadav,Female,39,ayushi1214@gmail.com,9263962774,Coimbatore,Tamil Nadu,2022-05-01,Gold
1215,Ananya Kumar,Female,49,ananya1215@gmail.com,9881034931,Chennai,Tamil Nadu,2023-01-02,Regular
1216,Amit Yadav,Male,45,amit1216@gmail.com,9827888175,Bengaluru,Karnataka,2023-11-23,Regular
1217,Neha Singh,Female,36,neha1217@gmail.com,9403186123,Siliguri,West Bengal,2024-12-17,Silver
1218,Vivaan Sharma,Male,55,vivaan1218@gmail.com,9964439252,Coimbatore,Tamil Nadu,2023-10-25,Regular
1219,Rohan Sharma,Male,26,rohan1219@gmail.com,9574469049,Delhi,Delhi,2025-03-28,Silver
1220,Prakash Gupta,Male,59,prakash1220@gmail.com,9109805961,Delhi,Delhi,2023-02-05,Regular
1221,Neha Yadav,Female,21,neha1221@gmail.com,9203130465,Mumbai,Maharashtra,2022-12-11,Regular
1222,Aarav Singh,Male,59,aarav1222@gmail.com,9463446378,Hyderabad,Telangana,2024-11-21,Silver
1223,Prakash Kumar,Male,33,prakash1223@gmail.com,9525894109,Mysuru,Karnataka,2022-09-01,Regular
1224,Ananya Singh,Female,59,ananya1224@gmail.com,9510277740,Mysuru,Karnataka,2024-08-07,Regular
1225,Aarav Singh,Male,23,aarav1225@gmail.com,9231051868,Warangal,Telangana,2022-08-27,Regular
1226,Aarav Das,Male,24,aarav1226@gmail.com,9952920067,Jaipur,Rajasthan,2023-07-15,Silver
1227,Rohan Yadav,Male,54,rohan1227@gmail.com,9234471604,Kanpur,Uttar Pradesh,2023-09-04,Regular
1228,Neha Kumar,Female,53,neha1228@gmail.com,9977744045,Mumbai,Maharashtra,2024-03-17,Silver
1229,Vivaan Singh,Male,60,vivaan1229@gmail.com,9225977908,Jodhpur,Rajasthan,2023-03-01,Regular
1230,Amit Das,Male,25,amit1230@gmail.com,9142029652,Bengaluru,Karnataka,2023-10-06,Regular
1231,Vivaan Thakur,Male,23,vivaan1231@gmail.com,9233913984,Chennai,Tamil Nadu,2022-03-13,Silver
1232,Neha Kumar,Female,37,neha1232@gmail.com,9149570642,Kolkata,West Bengal,2023-05-24,Platinum
1233,Rohan Das,Male,54,rohan1233@gmail.com,9626608970,Jodhpur,Rajasthan,2022-10-14,Silver
1234,Sneha Gupta,Female,60,sneha1234@gmail.com,9980214137,Jodhpur,Rajasthan,2022-07-22,Regular
1235,Aditya Thakur,Male,26,aditya1235@gmail.com,9746547614,Patna,Bihar,2023-03-17,Silver
1236,Aditya Yadav,Male,53,aditya1236@gmail.com,9373769135,Siliguri,West Bengal,2022-06-02,Regular
1237,Rahul Singh,Male,45,rahul1237@gmail.com,9845730200,Mysuru,Karnataka,2023-06-05,Regular
1238,Rohan Thakur,Male,41,rohan1238@gmail.com,9705206157,Chennai,Tamil Nadu,2023-01-30,Silver
1239,Neha Sharma,Female,45,neha1239@gmail.com,9506885773,Jaipur,Rajasthan,2023-10-10,Regular
1240,Ayushi Singh,Female,25,ayushi1240@gmail.com,9834417124,Chennai,Tamil Nadu,2024-12-24,Silver
1241,Rohan Singh,Male,39,rohan1241@gmail.com,9935447323,Pune,Maharashtra,2024-01-14,Regular
1242,Aarav Singh,Male,32,aarav1242@gmail.com,9506553391,Coimbatore,Tamil Nadu,2024-02-12,Platinum
1243,Amit Thakur,Male,24,amit1243@gmail.com,9667966601,Mumbai,Maharashtra,2024-09-29,Regular
1244,Sneha Singh,Female,28,sneha1244@gmail.com,9441446020,Delhi,Delhi,2022-04-09,Platinum
1245,Priya Yadav,Female,55,priya1245@gmail.com,9236979608,Lucknow,Uttar Pradesh,2024-09-03,Regular
1246,Rohan Sharma,Male,42,rohan1246@gmail.com,9709413742,Jaipur,Rajasthan,2022-10-20,Silver
1247,Ananya Gupta,Female,47,ananya1247@gmail.com,9296606987,Gaya,Bihar,2024-05-06,Regular
1248,Amit Thakur,Male,45,amit1248@gmail.com,9658984263,Siliguri,West Bengal,2023-07-19,Platinum
1249,Rohan Singh,Male,44,rohan1249@gmail.com,9927402258,Coimbatore,Tamil Nadu,2023-09-18,Regular
1250,Vivaan Gupta,Male,28,vivaan1250@gmail.com,9717741601,Mumbai,Maharashtra,2022-07-11,Regular
1251,Aarav Yadav,Male,26,aarav1251@gmail.com,9615026653,Delhi,Delhi,2024-11-07,Regular
1252,Neha Kumar,Female,18,neha1252@gmail.com,9866823538,Jaipur,Rajasthan,2023-01-25,Regular
1253,Prakash Kumar,Male,28,prakash1253@gmail.com,9824262657,Jodhpur,Rajasthan,2024-07-07,Platinum
1254,Aditya Singh,Male,26,aditya1254@gmail.com,9651564517,Jaipur,Rajasthan,2024-01-22,Regular
1255,Rahul Yadav,Male,41,rahul1255@gmail.com,9221583552,Gaya,Bihar,2022-12-16,Regular
1256,Ayushi Thakur,Female,36,ayushi1256@gmail.com,9384273996,Chennai,Tamil Nadu,2024-09-16,Regular
1257,Ayushi Kumar,Female,57,ayushi1257@gmail.com,9624272120,Lucknow,Uttar Pradesh,2024-08-06,Regular
1258,Priya Thakur,Female,24,priya1258@gmail.com,9105534508,Gaya,Bihar,2023-12-26,Regular
1259,Priya Kumar,Female,45,priya1259@gmail.com,9628330503,Mysuru,Karnataka,2022-07-27,Regular
1260,Neha Singh,Female,18,neha1260@gmail.com,9267106867,Jaipur,Rajasthan,2024-09-25,Gold
1261,Rahul Yadav,Male,37,rahul1261@gmail.com,9491374277,Delhi,Delhi,2024-02-06,Regular
1262,Vivaan Das,Male,28,vivaan1262@gmail.com,9250188999,Mysuru,Karnataka,2024-06-18,Regular
1263,Priya Gupta,Female,30,priya1263@gmail.com,9405908799,Lucknow,Uttar Pradesh,2022-08-15,Regular
1264,Ananya Verma,Female,28,ananya1264@gmail.com,9815331979,Kanpur,Uttar Pradesh,2022-03-06,Regular
1265,Vivaan Yadav,Male,53,vivaan1265@gmail.com,9632111648,Warangal,Telangana,2024-09-28,Gold
1266,Neha Yadav,Female,25,neha1266@gmail.com,9215834822,Mysuru,Karnataka,2022-09-27,Gold
1267,Priya Kumar,Female,21,priya1267@gmail.com,9828330158,Bengaluru,Karnataka,2023-04-30,Gold
1268,Neha Das,Female,36,neha1268@gmail.com,9621762558,Lucknow,Uttar Pradesh,2023-08-16,Regular
1269,Sneha Sharma,Female,29,sneha1269@gmail.com,9367862922,Lucknow,Uttar Pradesh,2024-11-13,Regular
1270,Ananya Gupta,Female,30,ananya1270@gmail.com,9608838545,Pune,Maharashtra,2024-05-28,Silver
1271,Prakash Sharma,Male,25,prakash1271@gmail.com,9242051544,Mumbai,Maharashtra,2023-04-15,Regular
1272,Aditya Yadav,Male,57,aditya1272@gmail.com,9314365568,Delhi,Delhi,2022-02-06,Regular
1273,Neha Thakur,Female,32,neha1273@gmail.com,9460968220,Gaya,Bihar,2023-04-19,Regular
1274,Rohan Kumar,Male,25,rohan1274@gmail.com,9389100789,Gaya,Bihar,2023-09-16,Regular
1275,Prakash Verma,Male,29,prakash1275@gmail.com,9143904371,Siliguri,West Bengal,2022-04-08,Regular
1276,Ayushi Das,Female,56,ayushi1276@gmail.com,9208192050,Kolkata,West Bengal,2023-07-28,Regular
1277,Priya Verma,Female,25,priya1277@gmail.com,9204031858,Delhi,Delhi,2023-09-16,Silver
1278,Priya Verma,Female,55,priya1278@gmail.com,9667861313,Jaipur,Rajasthan,2024-01-11,Silver
1279,Prakash Yadav,Male,24,prakash1279@gmail.com,9240107634,Coimbatore,Tamil Nadu,2022-06-28,Silver
1280,Sneha Gupta,Female,46,sneha1280@gmail.com,9205911113,Mumbai,Maharashtra,2023-01-31,Regular
1281,Ayushi Das,Female,52,ayushi1281@gmail.com,9873920320,Jodhpur,Rajasthan,2023-02-18,Regular
1282,Neha Thakur,Female,40,neha1282@gmail.com,9493002419,Bengaluru,Karnataka,2025-02-21,Regular
1283,Vivaan Das,Male,51,vivaan1283@gmail.com,9641025679,Pune,Maharashtra,2024-05-08,Gold
1284,Ananya Sharma,Female,20,ananya1284@gmail.com,9707925535,Mysuru,Karnataka,2023-08-17,Regular
1285,Rahul Singh,Male,46,rahul1285@gmail.com,9906087827,Coimbatore,Tamil Nadu,2022-12-05,Silver
1286,Neha Thakur,Female,29,neha1286@gmail.com,9103866057,Jodhpur,Rajasthan,2023-02-28,Regular
1287,Amit Das,Male,51,amit1287@gmail.com,9377921559,Chennai,Tamil Nadu,2024-10-28,Regular
1288,Ananya Thakur,Female,25,ananya1288@gmail.com,9283726992,Coimbatore,Tamil Nadu,2025-02-04,Regular
1289,Ayushi Kumar,Female,35,ayushi1289@gmail.com,9242776948,Jaipur,Rajasthan,2022-10-31,Regular
1290,Prakash Singh,Male,59,prakash1290@gmail.com,9473084374,Patna,Bihar,2022-01-03,Silver
1291,Vivaan Thakur,Male,44,vivaan1291@gmail.com,9756573836,Siliguri,West Bengal,2022-10-01,Regular
1292,Priya Gupta,Female,29,priya1292@gmail.com,9374864174,Patna,Bihar,2023-07-27,Platinum
1293,Ananya Yadav,Female,58,ananya1293@gmail.com,9781080390,Jaipur,Rajasthan,2023-06-12,Silver
1294,Prakash Verma,Male,31,prakash1294@gmail.com,9724556746,Coimbatore,Tamil Nadu,2023-07-05,Silver
1295,Rahul Gupta,Male,41,rahul1295@gmail.com,9259272622,Lucknow,Uttar Pradesh,2024-06-07,Gold
1296,Aditya Das,Male,29,aditya1296@gmail.com,9302786799,Pune,Maharashtra,2023-01-14,Silver
1297,Aarav Thakur,Male,29,aarav1297@gmail.com,9977783087,Mysuru,Karnataka,2022-11-30,Regular
1298,Aditya Singh,Male,33,aditya1298@gmail.com,9588578468,Chennai,Tamil Nadu,2024-05-23,Gold
1299,Ananya Sharma,Female,56,ananya1299@gmail.com,9207084212,Lucknow,Uttar Pradesh,2022-01-25,Regular
1300,Aarav Kumar,Male,33,aarav1300@gmail.com,9926907506,Patna,Bihar,2022-09-28,Regular
1301,Aarav Singh,Male,39,aarav1301@gmail.com,9859624835,Bengaluru,Karnataka,2025-01-15,Regular
1302,Sneha Das,Female,37,sneha1302@gmail.com,9456220636,Mysuru,Karnataka,2022-12-01,Regular
1303,Amit Thakur,Male,25,amit1303@gmail.com,9122771813,Chennai,Tamil Nadu,2025-01-18,Gold
1304,Vivaan Yadav,Male,18,vivaan1304@gmail.com,9340853982,Pune,Maharashtra,2022-10-18,Regular
1305,Aditya Verma,Male,32,aditya1305@gmail.com,9834887664,Kanpur,Uttar Pradesh,2023-08-11,Regular
1306,Aditya Singh,Male,24,aditya1306@gmail.com,9402595772,Pune,Maharashtra,2023-04-05,Regular
1307,Priya Singh,Female,56,priya1307@gmail.com,9262245578,Kolkata,West Bengal,2022-03-30,Regular
1308,Sneha Sharma,Female,27,sneha1308@gmail.com,9816479341,Jodhpur,Rajasthan,2024-05-20,Silver
1309,Vivaan Thakur,Male,60,vivaan1309@gmail.com,9496331524,Delhi,Delhi,2024-10-19,Platinum
1310,Aditya Sharma,Male,27,aditya1310@gmail.com,9519403103,Mumbai,Maharashtra,2023-10-18,Regular
1311,Vivaan Yadav,Male,27,vivaan1311@gmail.com,9197116745,Hyderabad,Telangana,2023-07-25,Regular
1312,Neha Verma,Female,49,neha1312@gmail.com,9555086222,Bengaluru,Karnataka,2023-10-16,Regular
1313,Aditya Gupta,Male,44,aditya1313@gmail.com,9689848541,Kanpur,Uttar Pradesh,2024-02-24,Regular
1314,Amit Gupta,Male,23,amit1314@gmail.com,9723805279,Jodhpur,Rajasthan,2024-02-27,Silver
1315,Ananya Singh,Female,41,ananya1315@gmail.com,9103077456,Jaipur,Rajasthan,2023-04-27,Regular
1316,Amit Das,Male,25,amit1316@gmail.com,9163970728,Gaya,Bihar,2022-10-01,Gold
1317,Ayushi Das,Female,53,ayushi1317@gmail.com,9552127953,Kolkata,West Bengal,2022-10-23,Regular
1318,Ananya Sharma,Female,27,ananya1318@gmail.com,9505295431,Chennai,Tamil Nadu,2022-08-29,Silver
1319,Aarav Singh,Male,22,aarav1319@gmail.com,9611988629,Kanpur,Uttar Pradesh,2025-04-06,Gold
1320,Aditya Verma,Male,23,aditya1320@gmail.com,9363115935,Bengaluru,Karnataka,2022-10-17,Regular
1321,Aditya Das,Male,51,aditya1321@gmail.com,9850077300,Lucknow,Uttar Pradesh,2022-10-14,Platinum
1322,Ananya Verma,Female,59,ananya1322@gmail.com,9846515809,Warangal,Telangana,2024-06-28,Regular
1323,Aarav Kumar,Male,50,aarav1323@gmail.com,9272173204,Mumbai,Maharashtra,2022-12-22,Regular
1324,Amit Thakur,Male,50,amit1324@gmail.com,9428601463,Kanpur,Uttar Pradesh,2025-03-17,Silver
1325,Ayushi Singh,Female,42,ayushi1325@gmail.com,9234360915,Lucknow,Uttar Pradesh,2024-12-04,Silver
1326,Prakash Yadav,Male,53,prakash1326@gmail.com,9749703359,Lucknow,Uttar Pradesh,2023-01-12,Gold
1327,Priya Yadav,Female,28,priya1327@gmail.com,9158703244,Warangal,Telangana,2024-02-19,Gold
1328,Ayushi Singh,Female,22,ayushi1328@gmail.com,9489447905,Lucknow,Uttar Pradesh,2022-08-02,Silver
1329,Prakash Thakur,Male,52,prakash1329@gmail.com,9214315434,Kolkata,West Bengal,2022-11-30,Regular
1330,Prakash Gupta,Male,33,prakash1330@gmail.com,9389016952,Gaya,Bihar,2022-03-08,Regular
1331,Aarav Kumar,Male,23,aarav1331@gmail.com,9431361946,Gaya,Bihar,2023-10-07,Regular
1332,Neha Gupta,Female,43,neha1332@gmail.com,9879201690,Siliguri,West Bengal,2023-10-07,Regular
1333,Priya Yadav,Female,24,priya1333@gmail.com,9639208572,Bengaluru,Karnataka,2024-10-28,Gold
1334,Sneha Yadav,Female,55,sneha1334@gmail.com,9140166847,Bengaluru,Karnataka,2024-09-03,Regular
1335,Vivaan Singh,Male,31,vivaan1335@gmail.com,9967020791,Mysuru,Karnataka,2023-04-20,Silver
1336,Amit Verma,Male,26,amit1336@gmail.com,9464020716,Bengaluru,Karnataka,2024-07-05,Regular
1337,Ananya Yadav,Female,31,ananya1337@gmail.com,9755398297,Lucknow,Uttar Pradesh,2023-05-05,Silver
1338,Vivaan Kumar,Male,37,vivaan1338@gmail.com,9687482857,Mysuru,Karnataka,2022-10-20,Gold
1339,Vivaan Das,Male,28,vivaan1339@gmail.com,9417406866,Pune,Maharashtra,2023-10-05,Regular
1340,Priya Singh,Female,29,priya1340@gmail.com,9863060026,Delhi,Delhi,2022-05-26,Gold
1341,Ayushi Das,Female,25,ayushi1341@gmail.com,9710672894,Delhi,Delhi,2022-10-15,Regular
1342,Neha Yadav,Female,46,neha1342@gmail.com,9493775775,Siliguri,West Bengal,2022-09-22,Silver
1343,Vivaan Yadav,Male,46,vivaan1343@gmail.com,9382208801,Siliguri,West Bengal,2024-11-02,Gold
1344,Ananya Gupta,Female,18,ananya1344@gmail.com,9265959933,Patna,Bihar,2025-02-22,Gold
1345,Aditya Yadav,Male,32,aditya1345@gmail.com,9516851266,Delhi,Delhi,2022-05-30,Gold
1346,Rahul Das,Male,47,rahul1346@gmail.com,9217165692,Pune,Maharashtra,2024-12-31,Regular
1347,Neha Gupta,Female,39,neha1347@gmail.com,9169225783,Pune,Maharashtra,2024-04-02,Regular
1348,Ananya Das,Female,35,ananya1348@gmail.com,9588100108,Hyderabad,Telangana,2022-08-23,Regular
1349,Aditya Gupta,Male,54,aditya1349@gmail.com,9133633082,Mysuru,Karnataka,2023-10-18,Platinum
1350,Priya Yadav,Female,31,priya1350@gmail.com,9158065294,Lucknow,Uttar Pradesh,2024-08-27,Regular
1351,Ayushi Thakur,Female,23,ayushi1351@gmail.com,9252189904,Gaya,Bihar,2022-12-27,Regular
1352,Ayushi Das,Female,51,ayushi1352@gmail.com,9329893386,Lucknow,Uttar Pradesh,2024-05-09,Silver
1353,Aarav Singh,Male,39,aarav1353@gmail.com,9908716628,Delhi,Delhi,2024-05-27,Regular
1354,Neha Das,Female,52,neha1354@gmail.com,9839626111,Coimbatore,Tamil Nadu,2024-08-31,Gold
1355,Ananya Yadav,Female,53,ananya1355@gmail.com,9940817554,Kanpur,Uttar Pradesh,2022-01-21,Gold
1356,Ananya Sharma,Female,60,ananya1356@gmail.com,9984230489,Chennai,Tamil Nadu,2023-10-26,Platinum
1357,Aditya Das,Male,49,aditya1357@gmail.com,9439740334,Kolkata,West Bengal,2022-10-30,Regular
1358,Amit Kumar,Male,26,amit1358@gmail.com,9781066979,Kanpur,Uttar Pradesh,2024-07-11,Regular
1359,Prakash Gupta,Male,52,prakash1359@gmail.com,9931488913,Mumbai,Maharashtra,2024-05-10,Regular
1360,Priya Gupta,Female,54,priya1360@gmail.com,9115430761,Lucknow,Uttar Pradesh,2023-01-27,Regular
1361,Ayushi Thakur,Female,25,ayushi1361@gmail.com,9850886071,Kolkata,West Bengal,2024-10-25,Regular
1362,Neha Verma,Female,52,neha1362@gmail.com,9557252089,Warangal,Telangana,2023-12-23,Silver
1363,Aditya Das,Male,41,aditya1363@gmail.com,9289939734,Kolkata,West Bengal,2024-05-27,Silver
1364,Neha Thakur,Female,58,neha1364@gmail.com,9404135610,Mysuru,Karnataka,2024-06-14,Silver
1365,Vivaan Singh,Male,57,vivaan1365@gmail.com,9541608179,Mumbai,Maharashtra,2022-02-03,Regular
1366,Rohan Das,Male,55,rohan1366@gmail.com,9965297020,Jaipur,Rajasthan,2024-10-27,Regular
1367,Prakash Gupta,Male,53,prakash1367@gmail.com,9509181353,Delhi,Delhi,2024-07-20,Regular
1368,Priya Das,Female,59,priya1368@gmail.com,9855737029,Hyderabad,Telangana,2024-04-25,Gold
1369,Priya Gupta,Female,36,priya1369@gmail.com,9387343124,Lucknow,Uttar Pradesh,2024-11-05,Gold
1370,Neha Gupta,Female,44,neha1370@gmail.com,9135084096,Delhi,Delhi,2022-01-09,Regular
1371,Amit Verma,Male,28,amit1371@gmail.com,9714381587,Mysuru,Karnataka,2023-11-18,Platinum
1372,Prakash Yadav,Male,54,prakash1372@gmail.com,9560745246,Coimbatore,Tamil Nadu,2022-04-16,Regular
1373,Neha Verma,Female,28,neha1373@gmail.com,9569656381,Lucknow,Uttar Pradesh,2024-11-25,Regular
1374,Rohan Yadav,Male,53,rohan1374@gmail.com,9270782032,Bengaluru,Karnataka,2023-06-17,Platinum
1375,Vivaan Kumar,Male,18,vivaan1375@gmail.com,9775269926,Chennai,Tamil Nadu,2024-06-14,Gold
1376,Sneha Singh,Female,42,sneha1376@gmail.com,9127154794,Bengaluru,Karnataka,2025-03-17,Silver
1377,Rohan Verma,Male,33,rohan1377@gmail.com,9800640935,Mysuru,Karnataka,2023-01-18,Gold
1378,Amit Gupta,Male,34,amit1378@gmail.com,9807872562,Delhi,Delhi,2024-02-14,Regular
1379,Rohan Kumar,Male,24,rohan1379@gmail.com,9219111815,Mumbai,Maharashtra,2025-04-01,Regular
1380,Aditya Thakur,Male,29,aditya1380@gmail.com,9199618698,Mumbai,Maharashtra,2023-06-21,Regular
1381,Neha Singh,Female,19,neha1381@gmail.com,9544255455,Kolkata,West Bengal,2024-10-02,Regular
1382,Rohan Yadav,Male,38,rohan1382@gmail.com,9780271060,Mumbai,Maharashtra,2024-02-08,Gold
1383,Ayushi Kumar,Female,60,ayushi1383@gmail.com,9709127131,Bengaluru,Karnataka,2023-01-01,Silver
1384,Priya Verma,Female,57,priya1384@gmail.com,9744237435,Patna,Bihar,2024-09-18,Silver
1385,Vivaan Gupta,Male,52,vivaan1385@gmail.com,9124737048,Mysuru,Karnataka,2022-03-02,Silver
1386,Priya Singh,Female,19,priya1386@gmail.com,9451693111,Bengaluru,Karnataka,2023-03-21,Regular
1387,Ayushi Thakur,Female,30,ayushi1387@gmail.com,9198751865,Mumbai,Maharashtra,2024-09-13,Regular
1388,Rahul Das,Male,50,rahul1388@gmail.com,9529434612,Jodhpur,Rajasthan,2024-06-12,Gold
1389,Prakash Thakur,Male,24,prakash1389@gmail.com,9726687538,Delhi,Delhi,2024-03-15,Gold
1390,Prakash Das,Male,46,prakash1390@gmail.com,9554984487,Delhi,Delhi,2024-06-06,Silver
1391,Sneha Singh,Female,45,sneha1391@gmail.com,9314448547,Delhi,Delhi,2024-02-24,Silver
1392,Rahul Sharma,Male,50,rahul1392@gmail.com,9371725032,Kolkata,West Bengal,2022-03-11,Silver
1393,Neha Kumar,Female,29,neha1393@gmail.com,9968700591,Delhi,Delhi,2022-08-23,Regular
1394,Prakash Singh,Male,60,prakash1394@gmail.com,9499067203,Mysuru,Karnataka,2023-03-17,Regular
1395,Aarav Verma,Male,39,aarav1395@gmail.com,9329536397,Kolkata,West Bengal,2022-01-23,Regular
1396,Amit Singh,Male,36,amit1396@gmail.com,9746179886,Kolkata,West Bengal,2024-02-29,Regular
1397,Amit Thakur,Male,54,amit1397@gmail.com,9793927248,Chennai,Tamil Nadu,2022-06-03,Regular
1398,Priya Gupta,Female,21,priya1398@gmail.com,9961919613,Kanpur,Uttar Pradesh,2023-02-08,Regular
1399,Neha Singh,Female,46,neha1399@gmail.com,9283759887,Gaya,Bihar,2022-09-12,Silver
1400,Sneha Kumar,Female,19,sneha1400@gmail.com,9791131756,Lucknow,Uttar Pradesh,2023-08-07,Gold
1401,Ayushi Sharma,Female,20,ayushi1401@gmail.com,9672805833,Gaya,Bihar,2024-04-04,Gold
1402,Rohan Kumar,Male,48,rohan1402@gmail.com,9202134123,Gaya,Bihar,2022-05-23,Gold
1403,Ayushi Verma,Female,43,ayushi1403@gmail.com,9185649391,Kanpur,Uttar Pradesh,2023-12-10,Silver
1404,Sneha Kumar,Female,37,sneha1404@gmail.com,9847814942,Siliguri,West Bengal,2024-03-16,Platinum
1405,Priya Singh,Female,32,priya1405@gmail.com,9151361623,Hyderabad,Telangana,2022-03-01,Gold
1406,Priya Yadav,Female,28,priya1406@gmail.com,9194507238,Bengaluru,Karnataka,2023-04-09,Regular
1407,Ananya Kumar,Female,20,ananya1407@gmail.com,9218974458,Kolkata,West Bengal,2023-06-16,Regular
1408,Ayushi Verma,Female,35,ayushi1408@gmail.com,9850185649,Delhi,Delhi,2024-02-17,Regular
1409,Vivaan Sharma,Male,27,vivaan1409@gmail.com,9908564991,Mysuru,Karnataka,2023-10-16,Silver
1410,Rohan Singh,Male,51,rohan1410@gmail.com,9358260082,Kanpur,Uttar Pradesh,2024-12-04,Silver
1411,Priya Das,Female,23,priya1411@gmail.com,9383266009,Warangal,Telangana,2023-04-08,Gold
1412,Amit Gupta,Male,22,amit1412@gmail.com,9180685683,Pune,Maharashtra,2023-02-26,Platinum
1413,Aarav Gupta,Male,42,aarav1413@gmail.com,9301774803,Patna,Bihar,2024-08-16,Regular
1414,Sneha Verma,Female,47,sneha1414@gmail.com,9803611574,Kolkata,West Bengal,2023-10-01,Regular
1415,Aditya Gupta,Male,42,aditya1415@gmail.com,9585795047,Jaipur,Rajasthan,2024-01-15,Gold
1416,Neha Gupta,Female,35,neha1416@gmail.com,9554293711,Jaipur,Rajasthan,2022-05-21,Regular
1417,Aditya Das,Male,25,aditya1417@gmail.com,9358301976,Delhi,Delhi,2022-08-08,Regular
1418,Ayushi Kumar,Female,60,ayushi1418@gmail.com,9670033865,Hyderabad,Telangana,2024-09-02,Regular
1419,Amit Singh,Male,45,amit1419@gmail.com,9327704161,Delhi,Delhi,2023-12-27,Regular
1420,Amit Verma,Male,46,amit1420@gmail.com,9392690066,Jodhpur,Rajasthan,2022-04-19,Regular
1421,Ananya Yadav,Female,36,ananya1421@gmail.com,9303419997,Gaya,Bihar,2023-02-02,Regular
1422,Amit Yadav,Male,21,amit1422@gmail.com,9794007506,Delhi,Delhi,2022-08-12,Regular
1423,Vivaan Kumar,Male,54,vivaan1423@gmail.com,9385806715,Mumbai,Maharashtra,2022-03-15,Regular
1424,Ayushi Gupta,Female,43,ayushi1424@gmail.com,9521857514,Jaipur,Rajasthan,2024-04-08,Regular
1425,Prakash Sharma,Male,40,prakash1425@gmail.com,9783865325,Delhi,Delhi,2023-02-21,Regular
1426,Vivaan Sharma,Male,57,vivaan1426@gmail.com,9611915355,Delhi,Delhi,2024-10-27,Silver
1427,Priya Singh,Female,29,priya1427@gmail.com,9456649049,Chennai,Tamil Nadu,2022-12-08,Gold
1428,Rohan Das,Male,39,rohan1428@gmail.com,9122362658,Bengaluru,Karnataka,2024-05-26,Regular
1429,Aditya Kumar,Male,48,aditya1429@gmail.com,9726162060,Delhi,Delhi,2023-12-23,Regular
1430,Vivaan Kumar,Male,54,vivaan1430@gmail.com,9830194109,Coimbatore,Tamil Nadu,2022-02-05,Platinum
1431,Aditya Singh,Male,37,aditya1431@gmail.com,9963173126,Chennai,Tamil Nadu,2022-07-24,Silver
1432,Ananya Verma,Female,34,ananya1432@gmail.com,9812329472,Warangal,Telangana,2025-01-22,Regular
1433,Aarav Verma,Male,39,aarav1433@gmail.com,9656016860,Siliguri,West Bengal,2023-09-09,Gold
1434,Ayushi Kumar,Female,44,ayushi1434@gmail.com,9336497651,Hyderabad,Telangana,2022-10-30,Silver
1435,Rahul Kumar,Male,54,rahul1435@gmail.com,9895656039,Mysuru,Karnataka,2023-05-16,Silver
1436,Prakash Singh,Male,42,prakash1436@gmail.com,9785835146,Kanpur,Uttar Pradesh,2023-02-01,Regular
1437,Amit Sharma,Male,40,amit1437@gmail.com,9455618641,Delhi,Delhi,2023-06-28,Regular
1438,Ayushi Gupta,Female,55,ayushi1438@gmail.com,9658429212,Kanpur,Uttar Pradesh,2022-03-26,Silver
1439,Rahul Verma,Male,25,rahul1439@gmail.com,9108949508,Pune,Maharashtra,2023-08-14,Regular
1440,Rohan Sharma,Male,36,rohan1440@gmail.com,9769794920,Mysuru,Karnataka,2024-12-07,Silver
1441,Rahul Thakur,Male,36,rahul1441@gmail.com,9116742210,Mysuru,Karnataka,2022-05-13,Regular
1442,Sneha Singh,Female,49,sneha1442@gmail.com,9428373339,Coimbatore,Tamil Nadu,2022-04-19,Regular
1443,Aarav Thakur,Male,40,aarav1443@gmail.com,9404154049,Kolkata,West Bengal,2022-10-10,Gold
1444,Vivaan Thakur,Male,30,vivaan1444@gmail.com,9563910997,Jaipur,Rajasthan,2022-10-20,Silver
1445,Prakash Kumar,Male,40,prakash1445@gmail.com,9367070195,Pune,Maharashtra,2024-08-27,Gold
1446,Neha Singh,Female,37,neha1446@gmail.com,9741065526,Kanpur,Uttar Pradesh,2023-06-20,Regular
1447,Sneha Sharma,Female,34,sneha1447@gmail.com,9245696833,Kanpur,Uttar Pradesh,2023-02-13,Regular
1448,Ayushi Singh,Female,54,ayushi1448@gmail.com,9774652206,Coimbatore,Tamil Nadu,2023-09-01,Regular
1449,Neha Singh,Female,51,neha1449@gmail.com,9574487943,Mysuru,Karnataka,2022-10-11,Silver
1450,Rahul Verma,Male,47,rahul1450@gmail.com,9551514516,Jodhpur,Rajasthan,2024-05-25,Platinum
1451,Amit Kumar,Male,23,amit1451@gmail.com,9911594694,Hyderabad,Telangana,2024-05-12,Regular
1452,Sneha Verma,Female,57,sneha1452@gmail.com,9683331234,Delhi,Delhi,2022-09-18,Gold
1453,Neha Sharma,Female,60,neha1453@gmail.com,9106391818,Delhi,Delhi,2024-04-05,Regular
1454,Aarav Singh,Male,35,aarav1454@gmail.com,9991092205,Jodhpur,Rajasthan,2022-04-23,Platinum
1455,Sneha Singh,Female,54,sneha1455@gmail.com,9616972219,Pune,Maharashtra,2023-08-19,Silver
1456,Ananya Kumar,Female,51,ananya1456@gmail.com,9254781920,Patna,Bihar,2023-02-24,Silver
1457,Prakash Sharma,Male,58,prakash1457@gmail.com,9433816481,Hyderabad,Telangana,2023-09-09,Silver
1458,Sneha Gupta,Female,22,sneha1458@gmail.com,9100038346,Gaya,Bihar,2022-08-23,Regular
1459,Prakash Gupta,Male,48,prakash1459@gmail.com,9126474585,Mumbai,Maharashtra,2022-08-01,Gold
1460,Aarav Singh,Male,43,aarav1460@gmail.com,9619389882,Warangal,Telangana,2023-09-07,Platinum
1461,Sneha Das,Female,45,sneha1461@gmail.com,9257030842,Coimbatore,Tamil Nadu,2022-09-10,Silver
1462,Ananya Gupta,Female,50,ananya1462@gmail.com,9896356429,Bengaluru,Karnataka,2022-12-16,Silver
1463,Rahul Thakur,Male,60,rahul1463@gmail.com,9207395318,Coimbatore,Tamil Nadu,2023-08-16,Platinum
1464,Rohan Thakur,Male,42,rohan1464@gmail.com,9849098886,Warangal,Telangana,2024-03-12,Gold
1465,Neha Sharma,Female,36,neha1465@gmail.com,9590788362,Warangal,Telangana,2022-02-27,Regular
1466,Sneha Thakur,Female,59,sneha1466@gmail.com,9798385649,Lucknow,Uttar Pradesh,2022-03-11,Gold
1467,Priya Sharma,Female,47,priya1467@gmail.com,9397323455,Hyderabad,Telangana,2024-08-16,Regular
1468,Amit Gupta,Male,51,amit1468@gmail.com,9519429677,Mysuru,Karnataka,2023-12-16,Silver
1469,Priya Verma,Female,26,priya1469@gmail.com,9398865449,Bengaluru,Karnataka,2024-07-30,Gold
1470,Vivaan Das,Male,48,vivaan1470@gmail.com,9750517675,Delhi,Delhi,2024-02-11,Silver
1471,Aditya Verma,Male,40,aditya1471@gmail.com,9727594817,Jodhpur,Rajasthan,2025-04-04,Silver
1472,Aarav Kumar,Male,32,aarav1472@gmail.com,9203659505,Lucknow,Uttar Pradesh,2022-11-22,Silver
1473,Priya Gupta,Female,24,priya1473@gmail.com,9286828884,Warangal,Telangana,2023-04-30,Silver
1474,Vivaan Kumar,Male,25,vivaan1474@gmail.com,9140177565,Kanpur,Uttar Pradesh,2023-05-28,Gold
1475,Priya Kumar,Female,38,priya1475@gmail.com,9215600122,Pune,Maharashtra,2022-12-23,Silver
1476,Rohan Gupta,Male,34,rohan1476@gmail.com,9627317852,Lucknow,Uttar Pradesh,2023-02-05,Regular
1477,Prakash Sharma,Male,51,prakash1477@gmail.com,9968305176,Delhi,Delhi,2024-06-07,Gold
1478,Rohan Singh,Male,20,rohan1478@gmail.com,9969740383,Mumbai,Maharashtra,2023-02-21,Regular
1479,Neha Singh,Female,29,neha1479@gmail.com,9832679764,Gaya,Bihar,2023-11-29,Silver
1480,Prakash Gupta,Male,48,prakash1480@gmail.com,9637783898,Jodhpur,Rajasthan,2025-03-14,Regular
1481,Vivaan Das,Male,58,vivaan1481@gmail.com,9503853871,Jaipur,Rajasthan,2024-05-25,Gold
1482,Amit Thakur,Male,25,amit1482@gmail.com,9635488193,Mumbai,Maharashtra,2022-07-26,Regular
1483,Aarav Gupta,Male,34,aarav1483@gmail.com,9519217161,Jodhpur,Rajasthan,2023-08-17,Silver
1484,Ayushi Singh,Female,54,ayushi1484@gmail.com,9359199557,Mumbai,Maharashtra,2024-12-30,Gold
1485,Neha Kumar,Female,25,neha1485@gmail.com,9725747220,Jodhpur,Rajasthan,2025-01-23,Regular
1486,Aarav Verma,Male,34,aarav1486@gmail.com,9315297327,Delhi,Delhi,2024-05-13,Regular
1487,Prakash Verma,Male,33,prakash1487@gmail.com,9629950772,Patna,Bihar,2022-05-08,Regular
1488,Vivaan Yadav,Male,53,vivaan1488@gmail.com,9614076961,Gaya,Bihar,2022-06-15,Platinum
1489,Vivaan Kumar,Male,50,vivaan1489@gmail.com,9341855018,Delhi,Delhi,2024-10-14,Silver
1490,Ayushi Gupta,Female,21,ayushi1490@gmail.com,9128297197,Kanpur,Uttar Pradesh,2022-02-13,Gold
1491,Rohan Kumar,Male,48,rohan1491@gmail.com,9155985344,Coimbatore,Tamil Nadu,2025-02-05,Regular
1492,Neha Yadav,Female,26,neha1492@gmail.com,9224106516,Lucknow,Uttar Pradesh,2025-01-30,Regular
1493,Prakash Verma,Male,21,prakash1493@gmail.com,9355733316,Siliguri,West Bengal,2024-06-13,Regular
1494,Neha Kumar,Female,33,neha1494@gmail.com,9972546113,Patna,Bihar,2022-01-31,Regular
1495,Rahul Sharma,Male,20,rahul1495@gmail.com,9437290100,Patna,Bihar,2023-08-02,Regular
1496,Aditya Yadav,Male,60,aditya1496@gmail.com,9231400613,Coimbatore,Tamil Nadu,2024-09-07,Silver
1497,Amit Gupta,Male,40,amit1497@gmail.com,9336531677,Pune,Maharashtra,2024-10-10,Regular
1498,Amit Thakur,Male,51,amit1498@gmail.com,9387263790,Delhi,Delhi,2023-05-16,Regular
1499,Aarav Verma,Male,57,aarav1499@gmail.com,9622061542,Jaipur,Rajasthan,2024-04-21,Regular
1500,Amit Gupta,Male,53,amit1500@gmail.com,9326312174,Chennai,Tamil Nadu,2023-09-17,Regular
1501,Prakash Das,Male,25,prakash1501@gmail.com,9122859588,Bengaluru,Karnataka,2024-07-18,Regular
1502,Ayushi Yadav,Female,23,ayushi1502@gmail.com,9164123910,Gaya,Bihar,2023-09-08,Regular
1503,Aarav Yadav,Male,46,aarav1503@gmail.com,9147690834,Kanpur,Uttar Pradesh,2024-02-27,Regular
1504,Rohan Yadav,Male,21,rohan1504@gmail.com,9809101742,Lucknow,Uttar Pradesh,2024-12-26,Regular
1505,Aarav Verma,Male,55,aarav1505@gmail.com,9332512511,Jodhpur,Rajasthan,2023-06-22,Gold
1506,Neha Kumar,Female,53,neha1506@gmail.com,9516730543,Siliguri,West Bengal,2022-08-12,Platinum
1507,Neha Thakur,Female,42,neha1507@gmail.com,9601794417,Delhi,Delhi,2022-11-29,Silver
1508,Aarav Thakur,Male,23,aarav1508@gmail.com,9368363101,Chennai,Tamil Nadu,2023-07-16,Gold
1509,Sneha Yadav,Female,57,sneha1509@gmail.com,9394495044,Delhi,Delhi,2022-03-21,Regular
1510,Vivaan Thakur,Male,60,vivaan1510@gmail.com,9444659729,Delhi,Delhi,2025-03-10,Gold
1511,Rahul Kumar,Male,18,rahul1511@gmail.com,9600835600,Mysuru,Karnataka,2024-06-19,Regular
1512,Rohan Gupta,Male,21,rohan1512@gmail.com,9722308895,Siliguri,West Bengal,2024-04-16,Platinum
1513,Vivaan Das,Male,34,vivaan1513@gmail.com,9922461359,Delhi,Delhi,2023-01-04,Gold
1514,Aditya Gupta,Male,27,aditya1514@gmail.com,9763518015,Delhi,Delhi,2022-12-24,Silver
1515,Rohan Kumar,Male,50,rohan1515@gmail.com,9572778060,Chennai,Tamil Nadu,2023-01-13,Silver
1516,Aarav Thakur,Male,19,aarav1516@gmail.com,9828413374,Patna,Bihar,2023-06-12,Gold
1517,Sneha Gupta,Female,24,sneha1517@gmail.com,9183192595,Kolkata,West Bengal,2023-12-18,Silver
1518,Prakash Gupta,Male,54,prakash1518@gmail.com,9498744078,Mumbai,Maharashtra,2023-10-30,Gold
1519,Rohan Yadav,Male,27,rohan1519@gmail.com,9126515624,Lucknow,Uttar Pradesh,2023-08-03,Regular
1520,Neha Verma,Female,36,neha1520@gmail.com,9767777623,Siliguri,West Bengal,2024-08-21,Regular
1521,Ayushi Sharma,Female,24,ayushi1521@gmail.com,9753949729,Kolkata,West Bengal,2022-02-22,Regular
1522,Prakash Yadav,Male,20,prakash1522@gmail.com,9805512080,Siliguri,West Bengal,2025-04-08,Silver
1523,Vivaan Gupta,Male,50,vivaan1523@gmail.com,9716799441,Lucknow,Uttar Pradesh,2025-03-03,Silver
1524,Amit Kumar,Male,60,amit1524@gmail.com,9663121824,Lucknow,Uttar Pradesh,2024-08-25,Silver
1525,Prakash Thakur,Male,39,prakash1525@gmail.com,9360998015,Siliguri,West Bengal,2023-05-15,Gold
1526,Rahul Verma,Male,33,rahul1526@gmail.com,9577823147,Kolkata,West Bengal,2022-08-25,Silver
1527,Vivaan Verma,Male,50,vivaan1527@gmail.com,9182080866,Kanpur,Uttar Pradesh,2025-02-21,Gold
1528,Rahul Yadav,Male,54,rahul1528@gmail.com,9988866136,Hyderabad,Telangana,2023-04-16,Gold
1529,Neha Sharma,Female,36,neha1529@gmail.com,9466759935,Bengaluru,Karnataka,2023-06-18,Regular
1530,Neha Sharma,Female,49,neha1530@gmail.com,9779281033,Pune,Maharashtra,2025-03-25,Gold
1531,Rahul Kumar,Male,25,rahul1531@gmail.com,9549495817,Chennai,Tamil Nadu,2022-12-08,Regular
1532,Ananya Singh,Female,20,ananya1532@gmail.com,9995348812,Jodhpur,Rajasthan,2022-09-16,Regular
1533,Aditya Yadav,Male,40,aditya1533@gmail.com,9236851601,Bengaluru,Karnataka,2024-05-14,Regular
1534,Ananya Thakur,Female,39,ananya1534@gmail.com,9985531613,Jaipur,Rajasthan,2022-09-01,Gold
1535,Vivaan Verma,Male,44,vivaan1535@gmail.com,9777350700,Mumbai,Maharashtra,2024-07-08,Regular
1536,Rahul Sharma,Male,55,rahul1536@gmail.com,9980582182,Kanpur,Uttar Pradesh,2023-01-11,Platinum
1537,Aarav Verma,Male,42,aarav1537@gmail.com,9444066478,Mumbai,Maharashtra,2024-07-17,Regular
1538,Vivaan Gupta,Male,49,vivaan1538@gmail.com,9466271821,Jodhpur,Rajasthan,2023-09-01,Regular
1539,Ayushi Verma,Female,38,ayushi1539@gmail.com,9913144918,Jodhpur,Rajasthan,2024-02-26,Regular
1540,Ananya Gupta,Female,51,ananya1540@gmail.com,9398775349,Bengaluru,Karnataka,2024-05-31,Silver
1541,Priya Thakur,Female,25,priya1541@gmail.com,9409069241,Kolkata,West Bengal,2022-12-06,Regular
1542,Aditya Thakur,Male,56,aditya1542@gmail.com,9909030969,Hyderabad,Telangana,2023-06-16,Regular
1543,Aditya Singh,Male,53,aditya1543@gmail.com,9646210500,Coimbatore,Tamil Nadu,2023-02-28,Gold
1544,Amit Gupta,Male,49,amit1544@gmail.com,9993894892,Patna,Bihar,2022-01-14,Gold
1545,Ayushi Yadav,Female,51,ayushi1545@gmail.com,9235483349,Kolkata,West Bengal,2024-06-30,Gold
1546,Ananya Singh,Female,45,ananya1546@gmail.com,9629629113,Delhi,Delhi,2024-06-29,Regular
1547,Ananya Singh,Female,23,ananya1547@gmail.com,9899161913,Mysuru,Karnataka,2023-12-26,Gold
1548,Aditya Verma,Male,47,aditya1548@gmail.com,9777127299,Pune,Maharashtra,2023-07-20,Silver
1549,Aarav Yadav,Male,51,aarav1549@gmail.com,9440942237,Pune,Maharashtra,2022-07-25,Regular
1550,Rohan Kumar,Male,26,rohan1550@gmail.com,9729581402,Jaipur,Rajasthan,2023-05-19,Regular
1551,Ayushi Das,Female,49,ayushi1551@gmail.com,9973885029,Chennai,Tamil Nadu,2022-11-07,Regular
1552,Aditya Gupta,Male,51,aditya1552@gmail.com,9876619853,Warangal,Telangana,2022-07-01,Silver
1553,Vivaan Das,Male,57,vivaan1553@gmail.com,9323925607,Gaya,Bihar,2025-02-16,Silver
1554,Ananya Thakur,Female,58,ananya1554@gmail.com,9726956729,Gaya,Bihar,2024-02-18,Regular
1555,Amit Sharma,Male,32,amit1555@gmail.com,9413657078,Siliguri,West Bengal,2023-09-07,Silver
1556,Sneha Verma,Female,48,sneha1556@gmail.com,9417201826,Warangal,Telangana,2025-01-17,Regular
1557,Neha Das,Female,33,neha1557@gmail.com,9811266117,Pune,Maharashtra,2023-10-29,Regular
1558,Priya Singh,Female,43,priya1558@gmail.com,9856793425,Mysuru,Karnataka,2023-12-13,Regular
1559,Sneha Yadav,Female,19,sneha1559@gmail.com,9412383966,Warangal,Telangana,2023-04-26,Regular
1560,Aarav Verma,Male,38,aarav1560@gmail.com,9541553871,Coimbatore,Tamil Nadu,2023-06-20,Regular
1561,Neha Thakur,Female,35,neha1561@gmail.com,9621307443,Warangal,Telangana,2022-04-22,Silver
1562,Ayushi Das,Female,32,ayushi1562@gmail.com,9714723307,Kolkata,West Bengal,2024-04-19,Gold
1563,Rohan Singh,Male,26,rohan1563@gmail.com,9749572144,Jaipur,Rajasthan,2023-11-07,Silver
1564,Vivaan Verma,Male,53,vivaan1564@gmail.com,9168144785,Gaya,Bihar,2023-12-24,Silver
1565,Priya Gupta,Female,52,priya1565@gmail.com,9524693118,Jaipur,Rajasthan,2022-11-18,Gold
1566,Aditya Verma,Male,44,aditya1566@gmail.com,9331514949,Coimbatore,Tamil Nadu,2023-11-10,Silver
1567,Aarav Kumar,Male,24,aarav1567@gmail.com,9638480797,Chennai,Tamil Nadu,2024-12-14,Regular
1568,Aditya Thakur,Male,19,aditya1568@gmail.com,9346966247,Hyderabad,Telangana,2023-09-10,Silver
1569,Ayushi Singh,Female,59,ayushi1569@gmail.com,9530303043,Chennai,Tamil Nadu,2024-02-13,Regular
1570,Vivaan Singh,Male,44,vivaan1570@gmail.com,9121640386,Delhi,Delhi,2024-10-30,Regular
1571,Vivaan Yadav,Male,56,vivaan1571@gmail.com,9435211139,Jaipur,Rajasthan,2023-02-02,Gold
1572,Ayushi Thakur,Female,30,ayushi1572@gmail.com,9207029747,Lucknow,Uttar Pradesh,2024-07-28,Regular
1573,Ayushi Yadav,Female,32,ayushi1573@gmail.com,9536294281,Warangal,Telangana,2022-07-10,Silver
1574,Ananya Gupta,Female,19,ananya1574@gmail.com,9633687151,Warangal,Telangana,2024-02-23,Silver
1575,Rahul Gupta,Male,19,rahul1575@gmail.com,9526649827,Kolkata,West Bengal,2025-03-29,Gold
1576,Rahul Singh,Male,39,rahul1576@gmail.com,9254373208,Warangal,Telangana,2023-09-29,Gold
1577,Amit Sharma,Male,49,amit1577@gmail.com,9737168632,Mumbai,Maharashtra,2023-03-02,Regular
1578,Sneha Das,Female,54,sneha1578@gmail.com,9916668272,Mysuru,Karnataka,2024-12-07,Regular
1579,Neha Thakur,Female,27,neha1579@gmail.com,9139202005,Warangal,Telangana,2023-11-23,Regular
1580,Ayushi Gupta,Female,49,ayushi1580@gmail.com,9685821445,Lucknow,Uttar Pradesh,2025-02-25,Regular
1581,Rahul Das,Male,53,rahul1581@gmail.com,9894230707,Coimbatore,Tamil Nadu,2024-11-19,Platinum
1582,Neha Singh,Female,26,neha1582@gmail.com,9912700913,Mumbai,Maharashtra,2024-02-09,Regular
1583,Aditya Gupta,Male,25,aditya1583@gmail.com,9141942442,Jaipur,Rajasthan,2024-06-15,Gold
1584,Rohan Das,Male,53,rohan1584@gmail.com,9548982293,Hyderabad,Telangana,2022-10-14,Regular
1585,Neha Thakur,Female,51,neha1585@gmail.com,9446159485,Delhi,Delhi,2023-07-10,Silver
1586,Aditya Thakur,Male,31,aditya1586@gmail.com,9962014673,Kolkata,West Bengal,2024-12-07,Silver
1587,Rahul Das,Male,39,rahul1587@gmail.com,9901831993,Siliguri,West Bengal,2023-03-08,Silver
1588,Amit Das,Male,38,amit1588@gmail.com,9547001886,Bengaluru,Karnataka,2022-01-21,Regular
1589,Aarav Thakur,Male,30,aarav1589@gmail.com,9845225335,Hyderabad,Telangana,2023-01-20,Regular
1590,Vivaan Kumar,Male,56,vivaan1590@gmail.com,9267990152,Warangal,Telangana,2024-08-17,Regular
1591,Priya Kumar,Female,35,priya1591@gmail.com,9405144085,Jaipur,Rajasthan,2023-01-30,Gold
1592,Priya Yadav,Female,53,priya1592@gmail.com,9680912575,Kanpur,Uttar Pradesh,2023-06-06,Silver
1593,Sneha Sharma,Female,31,sneha1593@gmail.com,9400632183,Chennai,Tamil Nadu,2022-07-30,Regular
1594,Amit Yadav,Male,54,amit1594@gmail.com,9928905792,Mumbai,Maharashtra,2023-11-08,Gold
1595,Prakash Sharma,Male,32,prakash1595@gmail.com,9332404394,Delhi,Delhi,2022-01-06,Regular
1596,Aditya Das,Male,38,aditya1596@gmail.com,9183523612,Bengaluru,Karnataka,2022-01-01,Gold
1597,Amit Das,Male,60,amit1597@gmail.com,9606472290,Patna,Bihar,2024-05-21,Regular
1598,Prakash Yadav,Male,42,prakash1598@gmail.com,9858324357,Jaipur,Rajasthan,2024-02-12,Regular
1599,Amit Singh,Male,28,amit1599@gmail.com,9780505229,Delhi,Delhi,2023-03-15,Gold
1600,Amit Das,Male,34,amit1600@gmail.com,9835907840,Mysuru,Karnataka,2024-09-30,Regular
1601,Aditya Kumar,Male,47,aditya1601@gmail.com,9927580907,Kanpur,Uttar Pradesh,2024-01-19,Silver
1602,Sneha Gupta,Female,41,sneha1602@gmail.com,9292205795,Lucknow,Uttar Pradesh,2024-02-23,Platinum
1603,Rahul Verma,Male,30,rahul1603@gmail.com,9106028563,Patna,Bihar,2024-12-13,Silver
1604,Priya Thakur,Female,18,priya1604@gmail.com,9751519070,Kolkata,West Bengal,2024-10-26,Regular
1605,Neha Kumar,Female,35,neha1605@gmail.com,9771378998,Delhi,Delhi,2023-06-03,Regular
1606,Sneha Das,Female,29,sneha1606@gmail.com,9608361362,Gaya,Bihar,2024-10-01,Silver
1607,Aarav Verma,Male,57,aarav1607@gmail.com,9865911268,Jaipur,Rajasthan,2022-03-01,Regular
1608,Vivaan Yadav,Male,21,vivaan1608@gmail.com,9576073508,Bengaluru,Karnataka,2022-09-02,Silver
1609,Vivaan Thakur,Male,59,vivaan1609@gmail.com,9759281551,Gaya,Bihar,2023-02-02,Silver
1610,Ananya Sharma,Female,51,ananya1610@gmail.com,9115216218,Siliguri,West Bengal,2024-01-21,Platinum
1611,Rohan Kumar,Male,30,rohan1611@gmail.com,9985888054,Kanpur,Uttar Pradesh,2022-05-14,Gold
1612,Vivaan Sharma,Male,20,vivaan1612@gmail.com,9395843204,Mysuru,Karnataka,2024-06-27,Silver
1613,Aditya Kumar,Male,35,aditya1613@gmail.com,9701896059,Jodhpur,Rajasthan,2023-09-30,Regular
1614,Sneha Singh,Female,47,sneha1614@gmail.com,9194663182,Siliguri,West Bengal,2025-03-05,Regular
1615,Ananya Singh,Female,38,ananya1615@gmail.com,9734740899,Mumbai,Maharashtra,2023-01-16,Silver
1616,Aarav Gupta,Male,47,aarav1616@gmail.com,9187268291,Patna,Bihar,2024-02-07,Gold
1617,Rohan Gupta,Male,37,rohan1617@gmail.com,9157268351,Coimbatore,Tamil Nadu,2022-09-29,Regular
1618,Ayushi Sharma,Female,38,ayushi1618@gmail.com,9544510617,Delhi,Delhi,2025-03-03,Regular
1619,Prakash Sharma,Male,34,prakash1619@gmail.com,9848997374,Coimbatore,Tamil Nadu,2023-08-28,Regular
1620,Priya Verma,Female,59,priya1620@gmail.com,9661612863,Pune,Maharashtra,2023-12-16,Regular
1621,Sneha Yadav,Female,52,sneha1621@gmail.com,9710649119,Bengaluru,Karnataka,2022-11-15,Regular
1622,Rohan Thakur,Male,39,rohan1622@gmail.com,9851247570,Kanpur,Uttar Pradesh,2023-03-01,Platinum
1623,Vivaan Gupta,Male,31,vivaan1623@gmail.com,9602176380,Jodhpur,Rajasthan,2023-06-13,Regular
1624,Rahul Sharma,Male,55,rahul1624@gmail.com,9446808902,Mumbai,Maharashtra,2024-08-14,Regular
1625,Priya Singh,Female,18,priya1625@gmail.com,9270457051,Lucknow,Uttar Pradesh,2024-01-05,Regular
1626,Rohan Singh,Male,40,rohan1626@gmail.com,9428860953,Siliguri,West Bengal,2023-01-19,Regular
1627,Aarav Das,Male,55,aarav1627@gmail.com,9718437921,Jaipur,Rajasthan,2024-07-23,Silver
1628,Prakash Thakur,Male,56,prakash1628@gmail.com,9462794021,Kanpur,Uttar Pradesh,2024-02-04,Regular
1629,Aarav Gupta,Male,24,aarav1629@gmail.com,9552030261,Kanpur,Uttar Pradesh,2024-11-04,Regular
1630,Sneha Kumar,Female,50,sneha1630@gmail.com,9278654244,Delhi,Delhi,2022-12-02,Gold
1631,Sneha Sharma,Female,60,sneha1631@gmail.com,9457713985,Jaipur,Rajasthan,2022-09-24,Gold
1632,Ayushi Sharma,Female,47,ayushi1632@gmail.com,9525195177,Patna,Bihar,2023-12-10,Regular
1633,Prakash Sharma,Male,37,prakash1633@gmail.com,9186302290,Patna,Bihar,2023-09-10,Regular
1634,Vivaan Gupta,Male,53,vivaan1634@gmail.com,9932803308,Coimbatore,Tamil Nadu,2022-11-12,Regular
1635,Priya Singh,Female,53,priya1635@gmail.com,9837431324,Hyderabad,Telangana,2024-08-22,Regular
1636,Rohan Yadav,Male,33,rohan1636@gmail.com,9919325320,Coimbatore,Tamil Nadu,2024-08-07,Gold
1637,Priya Sharma,Female,38,priya1637@gmail.com,9404077884,Lucknow,Uttar Pradesh,2024-03-29,Gold
1638,Amit Singh,Male,49,amit1638@gmail.com,9819274604,Kanpur,Uttar Pradesh,2023-12-12,Silver
1639,Sneha Sharma,Female,41,sneha1639@gmail.com,9488995663,Patna,Bihar,2023-04-27,Regular
1640,Vivaan Gupta,Male,49,vivaan1640@gmail.com,9301831842,Gaya,Bihar,2022-10-10,Regular
1641,Vivaan Verma,Male,59,vivaan1641@gmail.com,9293140002,Delhi,Delhi,2024-02-26,Regular
1642,Neha Das,Female,34,neha1642@gmail.com,9552836541,Delhi,Delhi,2022-03-13,Regular
1643,Rahul Singh,Male,24,rahul1643@gmail.com,9804233550,Lucknow,Uttar Pradesh,2023-12-11,Gold
1644,Priya Sharma,Female,50,priya1644@gmail.com,9512306429,Patna,Bihar,2025-03-22,Silver
1645,Rohan Yadav,Male,21,rohan1645@gmail.com,9425294935,Gaya,Bihar,2024-05-15,Regular
1646,Amit Verma,Male,39,amit1646@gmail.com,9674477822,Pune,Maharashtra,2024-08-27,Platinum
1647,Neha Yadav,Female,27,neha1647@gmail.com,9107469730,Mumbai,Maharashtra,2022-06-13,Regular
1648,Amit Das,Male,21,amit1648@gmail.com,9599035658,Delhi,Delhi,2024-06-09,Regular
1649,Rahul Verma,Male,56,rahul1649@gmail.com,9837003118,Pune,Maharashtra,2022-04-13,Regular
1650,Rohan Thakur,Male,52,rohan1650@gmail.com,9386941953,Kanpur,Uttar Pradesh,2022-02-18,Regular
1651,Aarav Das,Male,37,aarav1651@gmail.com,9782881227,Siliguri,West Bengal,2023-10-27,Regular
1652,Ananya Kumar,Female,43,ananya1652@gmail.com,9366960905,Pune,Maharashtra,2024-12-24,Regular
1653,Aditya Sharma,Male,45,aditya1653@gmail.com,9394952837,Jaipur,Rajasthan,2024-10-07,Regular
1654,Ananya Das,Female,22,ananya1654@gmail.com,9450671708,Hyderabad,Telangana,2022-03-25,Regular
1655,Neha Singh,Female,58,neha1655@gmail.com,9904519313,Bengaluru,Karnataka,2023-11-23,Regular
1656,Aditya Thakur,Male,45,aditya1656@gmail.com,9225010851,Lucknow,Uttar Pradesh,2022-06-12,Gold
1657,Sneha Gupta,Female,41,sneha1657@gmail.com,9715614860,Delhi,Delhi,2022-04-11,Regular
1658,Ananya Sharma,Female,50,ananya1658@gmail.com,9820952828,Kanpur,Uttar Pradesh,2023-07-21,Regular
1659,Rohan Thakur,Male,18,rohan1659@gmail.com,9537209194,Lucknow,Uttar Pradesh,2023-07-13,Regular
1660,Ayushi Thakur,Female,56,ayushi1660@gmail.com,9948533297,Lucknow,Uttar Pradesh,2024-08-05,Platinum
1661,Prakash Gupta,Male,38,prakash1661@gmail.com,9337358917,Kolkata,West Bengal,2022-02-07,Regular
1662,Sneha Yadav,Female,52,sneha1662@gmail.com,9517727993,Delhi,Delhi,2023-11-05,Regular
1663,Priya Verma,Female,40,priya1663@gmail.com,9983290841,Jaipur,Rajasthan,2023-10-17,Regular
1664,Prakash Sharma,Male,34,prakash1664@gmail.com,9532651629,Warangal,Telangana,2024-03-09,Regular
1665,Amit Verma,Male,31,amit1665@gmail.com,9903170583,Pune,Maharashtra,2022-06-20,Platinum
1666,Ayushi Verma,Female,47,ayushi1666@gmail.com,9131744717,Siliguri,West Bengal,2024-07-13,Regular
1667,Sneha Yadav,Female,19,sneha1667@gmail.com,9906797157,Mysuru,Karnataka,2024-04-30,Platinum
1668,Prakash Yadav,Male,26,prakash1668@gmail.com,9506334876,Jodhpur,Rajasthan,2025-01-05,Silver
1669,Neha Gupta,Female,25,neha1669@gmail.com,9712832797,Mumbai,Maharashtra,2023-03-09,Regular
1670,Amit Yadav,Male,31,amit1670@gmail.com,9549017351,Mysuru,Karnataka,2023-12-22,Gold
1671,Priya Singh,Female,50,priya1671@gmail.com,9675125160,Delhi,Delhi,2023-10-13,Silver
1672,Rahul Das,Male,46,rahul1672@gmail.com,9268542889,Coimbatore,Tamil Nadu,2023-08-10,Gold
1673,Ayushi Kumar,Female,39,ayushi1673@gmail.com,9919195114,Mysuru,Karnataka,2024-12-26,Regular
1674,Neha Yadav,Female,44,neha1674@gmail.com,9302802939,Bengaluru,Karnataka,2024-05-06,Silver
1675,Sneha Singh,Female,44,sneha1675@gmail.com,9124517413,Chennai,Tamil Nadu,2025-03-14,Regular
1676,Sneha Das,Female,41,sneha1676@gmail.com,9124394894,Chennai,Tamil Nadu,2022-07-06,Silver
1677,Aditya Das,Male,33,aditya1677@gmail.com,9288131372,Lucknow,Uttar Pradesh,2024-01-26,Regular
1678,Aditya Thakur,Male,19,aditya1678@gmail.com,9322272362,Coimbatore,Tamil Nadu,2022-05-13,Silver
1679,Rohan Das,Male,29,rohan1679@gmail.com,9595431160,Hyderabad,Telangana,2023-05-11,Silver
1680,Aditya Gupta,Male,22,aditya1680@gmail.com,9107390903,Pune,Maharashtra,2024-08-04,Silver
1681,Neha Singh,Female,34,neha1681@gmail.com,9868773997,Kanpur,Uttar Pradesh,2024-05-04,Silver
1682,Rahul Das,Male,36,rahul1682@gmail.com,9971515860,Jaipur,Rajasthan,2022-05-03,Regular
1683,Neha Das,Female,25,neha1683@gmail.com,9211264367,Gaya,Bihar,2024-05-27,Regular
1684,Ananya Sharma,Female,44,ananya1684@gmail.com,9804951238,Delhi,Delhi,2024-01-21,Regular
1685,Prakash Thakur,Male,39,prakash1685@gmail.com,9789380446,Coimbatore,Tamil Nadu,2022-07-18,Silver
1686,Prakash Thakur,Male,36,prakash1686@gmail.com,9840016544,Warangal,Telangana,2023-12-03,Regular
1687,Sneha Thakur,Female,26,sneha1687@gmail.com,9258939532,Warangal,Telangana,2022-03-15,Silver
1688,Priya Verma,Female,37,priya1688@gmail.com,9868623785,Patna,Bihar,2023-08-20,Regular
1689,Ananya Das,Female,27,ananya1689@gmail.com,9898577406,Delhi,Delhi,2023-08-27,Gold
1690,Sneha Thakur,Female,34,sneha1690@gmail.com,9783718347,Bengaluru,Karnataka,2024-02-26,Regular
1691,Aditya Kumar,Male,41,aditya1691@gmail.com,9874317498,Coimbatore,Tamil Nadu,2023-06-16,Silver
1692,Rahul Sharma,Male,59,rahul1692@gmail.com,9267371502,Jodhpur,Rajasthan,2023-12-06,Silver
1693,Amit Verma,Male,49,amit1693@gmail.com,9796188973,Jodhpur,Rajasthan,2024-02-14,Regular
1694,Aditya Das,Male,18,aditya1694@gmail.com,9818059278,Jodhpur,Rajasthan,2024-02-17,Platinum
1695,Ayushi Gupta,Female,27,ayushi1695@gmail.com,9398839041,Kolkata,West Bengal,2023-04-05,Silver
1696,Priya Das,Female,54,priya1696@gmail.com,9785730802,Mumbai,Maharashtra,2024-07-29,Gold
1697,Ananya Gupta,Female,60,ananya1697@gmail.com,9135262255,Jaipur,Rajasthan,2024-01-15,Regular
1698,Amit Singh,Male,53,amit1698@gmail.com,9674187598,Pune,Maharashtra,2023-07-10,Gold
1699,Aarav Das,Male,51,aarav1699@gmail.com,9366257851,Jaipur,Rajasthan,2025-03-06,Regular
1700,Prakash Das,Male,20,prakash1700@gmail.com,9754056633,Bengaluru,Karnataka,2022-12-30,Regular
1701,Ananya Gupta,Female,26,ananya1701@gmail.com,9661092057,Delhi,Delhi,2022-05-11,Regular
1702,Prakash Das,Male,24,prakash1702@gmail.com,9676528107,Chennai,Tamil Nadu,2024-08-08,Gold
1703,Rohan Singh,Male,48,rohan1703@gmail.com,9224990409,Gaya,Bihar,2023-02-07,Regular
1704,Vivaan Gupta,Male,37,vivaan1704@gmail.com,9711312655,Hyderabad,Telangana,2024-09-24,Regular
1705,Ananya Das,Female,55,ananya1705@gmail.com,9965184508,Lucknow,Uttar Pradesh,2023-02-03,Silver
1706,Ayushi Yadav,Female,49,ayushi1706@gmail.com,9777668740,Hyderabad,Telangana,2023-07-09,Regular
1707,Amit Thakur,Male,34,amit1707@gmail.com,9671434688,Jodhpur,Rajasthan,2023-09-06,Regular
1708,Rohan Das,Male,29,rohan1708@gmail.com,9623535512,Delhi,Delhi,2022-08-17,Regular
1709,Rahul Sharma,Male,22,rahul1709@gmail.com,9916513883,Jodhpur,Rajasthan,2023-01-02,Regular
1710,Rahul Verma,Male,29,rahul1710@gmail.com,9307871584,Delhi,Delhi,2025-01-08,Gold
1711,Ayushi Thakur,Female,51,ayushi1711@gmail.com,9606672610,Chennai,Tamil Nadu,2023-10-18,Regular
1712,Sneha Sharma,Female,28,sneha1712@gmail.com,9306055421,Delhi,Delhi,2023-10-26,Gold
1713,Sneha Sharma,Female,51,sneha1713@gmail.com,9608712246,Bengaluru,Karnataka,2023-10-29,Silver
1714,Prakash Thakur,Male,37,prakash1714@gmail.com,9498133949,Kanpur,Uttar Pradesh,2024-08-24,Regular
1715,Ananya Verma,Female,37,ananya1715@gmail.com,9556660155,Siliguri,West Bengal,2024-07-10,Silver
1716,Neha Kumar,Female,40,neha1716@gmail.com,9793414641,Lucknow,Uttar Pradesh,2024-04-17,Gold
1717,Aarav Gupta,Male,60,aarav1717@gmail.com,9869521454,Warangal,Telangana,2023-03-04,Regular
1718,Priya Yadav,Female,38,priya1718@gmail.com,9699221128,Kolkata,West Bengal,2024-02-23,Silver
1719,Sneha Das,Female,24,sneha1719@gmail.com,9179915293,Chennai,Tamil Nadu,2023-07-16,Regular
1720,Ananya Das,Female,60,ananya1720@gmail.com,9518826971,Siliguri,West Bengal,2022-04-05,Silver
1721,Ayushi Yadav,Female,24,ayushi1721@gmail.com,9160252553,Hyderabad,Telangana,2022-05-02,Silver
1722,Rahul Thakur,Male,48,rahul1722@gmail.com,9244187130,Delhi,Delhi,2022-08-16,Gold
1723,Ananya Yadav,Female,27,ananya1723@gmail.com,9733301861,Pune,Maharashtra,2022-11-07,Regular
1724,Rahul Gupta,Male,54,rahul1724@gmail.com,9686891329,Chennai,Tamil Nadu,2023-11-03,Gold
1725,Ananya Kumar,Female,22,ananya1725@gmail.com,9943854460,Delhi,Delhi,2022-10-15,Silver
1726,Rahul Gupta,Male,38,rahul1726@gmail.com,9602861644,Siliguri,West Bengal,2023-01-13,Regular
1727,Prakash Thakur,Male,56,prakash1727@gmail.com,9902783369,Siliguri,West Bengal,2023-06-07,Platinum
1728,Rohan Yadav,Male,43,rohan1728@gmail.com,9965505500,Bengaluru,Karnataka,2024-05-25,Regular
1729,Amit Verma,Male,54,amit1729@gmail.com,9569447344,Patna,Bihar,2022-02-03,Platinum
1730,Amit Das,Male,54,amit1730@gmail.com,9458364095,Jodhpur,Rajasthan,2023-08-02,Silver
1731,Amit Singh,Male,28,amit1731@gmail.com,9957480532,Mumbai,Maharashtra,2024-12-25,Silver
1732,Sneha Gupta,Female,45,sneha1732@gmail.com,9978058573,Pune,Maharashtra,2022-05-30,Regular
1733,Rohan Verma,Male,29,rohan1733@gmail.com,9795612752,Hyderabad,Telangana,2022-05-30,Silver
1734,Aarav Yadav,Male,36,aarav1734@gmail.com,9106822504,Warangal,Telangana,2025-03-23,Silver
1735,Aarav Gupta,Male,45,aarav1735@gmail.com,9261592689,Lucknow,Uttar Pradesh,2023-10-23,Regular
1736,Amit Das,Male,54,amit1736@gmail.com,9480797502,Coimbatore,Tamil Nadu,2023-02-15,Gold
1737,Aditya Gupta,Male,29,aditya1737@gmail.com,9208336789,Bengaluru,Karnataka,2023-09-24,Regular
1738,Amit Verma,Male,38,amit1738@gmail.com,9438589714,Patna,Bihar,2022-05-22,Gold
1739,Ayushi Sharma,Female,35,ayushi1739@gmail.com,9350159135,Chennai,Tamil Nadu,2024-05-18,Platinum
1740,Aarav Sharma,Male,25,aarav1740@gmail.com,9995669512,Coimbatore,Tamil Nadu,2024-06-19,Platinum
1741,Ananya Gupta,Female,21,ananya1741@gmail.com,9579761146,Gaya,Bihar,2024-02-19,Regular
1742,Neha Singh,Female,29,neha1742@gmail.com,9644068557,Chennai,Tamil Nadu,2022-07-10,Gold
1743,Aditya Gupta,Male,49,aditya1743@gmail.com,9895258294,Jaipur,Rajasthan,2022-09-04,Silver
1744,Prakash Gupta,Male,50,prakash1744@gmail.com,9486395102,Siliguri,West Bengal,2022-07-05,Regular
1745,Rahul Kumar,Male,42,rahul1745@gmail.com,9962656713,Jaipur,Rajasthan,2022-01-15,Regular
1746,Priya Thakur,Female,45,priya1746@gmail.com,9800081643,Pune,Maharashtra,2022-05-14,Regular
1747,Rahul Kumar,Male,59,rahul1747@gmail.com,9447109525,Pune,Maharashtra,2023-07-17,Regular
1748,Sneha Kumar,Female,51,sneha1748@gmail.com,9267244216,Chennai,Tamil Nadu,2022-09-20,Regular
1749,Aarav Gupta,Male,41,aarav1749@gmail.com,9763094664,Hyderabad,Telangana,2023-08-24,Regular
1750,Aditya Sharma,Male,27,aditya1750@gmail.com,9896680642,Mysuru,Karnataka,2024-11-28,Gold
1751,Vivaan Sharma,Male,49,vivaan1751@gmail.com,9319125903,Mysuru,Karnataka,2022-03-03,Regular
1752,Sneha Verma,Female,19,sneha1752@gmail.com,9456033513,Siliguri,West Bengal,2022-02-28,Regular
1753,Ananya Sharma,Female,20,ananya1753@gmail.com,9679256785,Hyderabad,Telangana,2024-04-14,Regular
1754,Aditya Singh,Male,40,aditya1754@gmail.com,9339121961,Jaipur,Rajasthan,2022-01-31,Regular
1755,Rahul Das,Male,52,rahul1755@gmail.com,9572892896,Mumbai,Maharashtra,2024-04-30,Regular
1756,Rahul Das,Male,26,rahul1756@gmail.com,9446685954,Gaya,Bihar,2023-06-11,Silver
1757,Rahul Das,Male,30,rahul1757@gmail.com,9235112134,Kolkata,West Bengal,2025-03-15,Regular
1758,Prakash Singh,Male,43,prakash1758@gmail.com,9403117074,Bengaluru,Karnataka,2022-07-14,Gold
1759,Prakash Thakur,Male,60,prakash1759@gmail.com,9423312408,Mumbai,Maharashtra,2023-01-14,Regular
1760,Aditya Verma,Male,41,aditya1760@gmail.com,9809960056,Warangal,Telangana,2024-05-14,Regular
1761,Rohan Kumar,Male,29,rohan1761@gmail.com,9115377844,Gaya,Bihar,2023-02-10,Regular
1762,Aditya Yadav,Male,18,aditya1762@gmail.com,9714273453,Patna,Bihar,2023-10-23,Regular
1763,Rohan Yadav,Male,31,rohan1763@gmail.com,9586612913,Kolkata,West Bengal,2024-07-14,Silver
1764,Vivaan Thakur,Male,39,vivaan1764@gmail.com,9462124359,Jodhpur,Rajasthan,2024-11-19,Platinum
1765,Priya Das,Female,47,priya1765@gmail.com,9812157199,Mysuru,Karnataka,2025-01-29,Regular
1766,Vivaan Verma,Male,59,vivaan1766@gmail.com,9127288058,Siliguri,West Bengal,2024-05-23,Platinum
1767,Prakash Das,Male,25,prakash1767@gmail.com,9691057043,Bengaluru,Karnataka,2022-08-16,Silver
1768,Ayushi Das,Female,53,ayushi1768@gmail.com,9189085397,Mysuru,Karnataka,2024-06-12,Platinum
1769,Neha Gupta,Female,32,neha1769@gmail.com,9933128481,Jaipur,Rajasthan,2022-10-18,Regular
1770,Sneha Kumar,Female,41,sneha1770@gmail.com,9679237767,Kolkata,West Bengal,2024-12-27,Regular
1771,Priya Sharma,Female,28,priya1771@gmail.com,9781726567,Jaipur,Rajasthan,2022-07-25,Silver
1772,Amit Yadav,Male,35,amit1772@gmail.com,9152519054,Chennai,Tamil Nadu,2023-02-19,Platinum
1773,Neha Yadav,Female,47,neha1773@gmail.com,9445660346,Kanpur,Uttar Pradesh,2024-09-02,Regular
1774,Vivaan Thakur,Male,60,vivaan1774@gmail.com,9434583699,Delhi,Delhi,2025-02-12,Regular
1775,Neha Sharma,Female,48,neha1775@gmail.com,9983089574,Mumbai,Maharashtra,2022-10-22,Regular
1776,Aditya Yadav,Male,55,aditya1776@gmail.com,9307630852,Coimbatore,Tamil Nadu,2024-03-11,Regular
1777,Prakash Thakur,Male,43,prakash1777@gmail.com,9232576429,Kolkata,West Bengal,2022-10-15,Silver
1778,Rahul Sharma,Male,38,rahul1778@gmail.com,9111563162,Bengaluru,Karnataka,2023-07-19,Silver
1779,Amit Singh,Male,32,amit1779@gmail.com,9809122115,Jodhpur,Rajasthan,2024-08-22,Regular
1780,Aditya Singh,Male,35,aditya1780@gmail.com,9143992952,Pune,Maharashtra,2023-12-01,Regular
1781,Rohan Das,Male,55,rohan1781@gmail.com,9280878259,Delhi,Delhi,2024-05-22,Gold
1782,Prakash Singh,Male,56,prakash1782@gmail.com,9743221793,Warangal,Telangana,2022-07-01,Gold
1783,Ananya Yadav,Female,21,ananya1783@gmail.com,9785111610,Coimbatore,Tamil Nadu,2024-05-13,Regular
1784,Ayushi Verma,Female,60,ayushi1784@gmail.com,9997966258,Delhi,Delhi,2024-05-09,Regular
1785,Aarav Singh,Male,33,aarav1785@gmail.com,9728980907,Kolkata,West Bengal,2024-09-21,Regular
1786,Vivaan Das,Male,56,vivaan1786@gmail.com,9999164317,Kanpur,Uttar Pradesh,2025-02-22,Silver
1787,Aarav Singh,Male,54,aarav1787@gmail.com,9201912670,Jodhpur,Rajasthan,2022-07-21,Regular
1788,Sneha Yadav,Female,20,sneha1788@gmail.com,9472915318,Coimbatore,Tamil Nadu,2024-03-17,Silver
1789,Sneha Kumar,Female,58,sneha1789@gmail.com,9899278745,Warangal,Telangana,2024-03-27,Gold
1790,Sneha Sharma,Female,58,sneha1790@gmail.com,9453220524,Patna,Bihar,2022-02-19,Regular
1791,Ananya Das,Female,40,ananya1791@gmail.com,9978716413,Lucknow,Uttar Pradesh,2023-06-04,Silver
1792,Ayushi Das,Female,38,ayushi1792@gmail.com,9591993412,Kolkata,West Bengal,2022-04-08,Silver
1793,Prakash Verma,Male,40,prakash1793@gmail.com,9938558242,Delhi,Delhi,2024-04-01,Gold
1794,Priya Verma,Female,32,priya1794@gmail.com,9439875950,Hyderabad,Telangana,2025-01-07,Gold
1795,Rohan Yadav,Male,57,rohan1795@gmail.com,9633856589,Mumbai,Maharashtra,2023-10-03,Silver
1796,Ayushi Das,Female,39,ayushi1796@gmail.com,9965325849,Lucknow,Uttar Pradesh,2023-12-20,Regular
1797,Aditya Verma,Male,25,aditya1797@gmail.com,9303785198,Kolkata,West Bengal,2022-02-02,Silver
1798,Amit Sharma,Male,57,amit1798@gmail.com,9846933565,Jodhpur,Rajasthan,2024-03-26,Regular
1799,Ananya Yadav,Female,27,ananya1799@gmail.com,9868678998,Mumbai,Maharashtra,2023-06-24,Regular
1800,Aditya Yadav,Male,36,aditya1800@gmail.com,9758654741,Siliguri,West Bengal,2022-08-01,Silver
1801,Prakash Das,Male,33,prakash1801@gmail.com,9688396797,Pune,Maharashtra,2022-03-25,Regular
1802,Rahul Gupta,Male,33,rahul1802@gmail.com,9342485962,Delhi,Delhi,2023-03-25,Regular
1803,Aarav Thakur,Male,19,aarav1803@gmail.com,9757366769,Chennai,Tamil Nadu,2023-05-15,Regular
1804,Amit Gupta,Male,29,amit1804@gmail.com,9656811785,Warangal,Telangana,2024-04-24,Silver
1805,Ananya Verma,Female,45,ananya1805@gmail.com,9497529831,Kanpur,Uttar Pradesh,2023-06-24,Regular
1806,Amit Verma,Male,26,amit1806@gmail.com,9445382534,Coimbatore,Tamil Nadu,2022-06-07,Gold
1807,Vivaan Das,Male,38,vivaan1807@gmail.com,9212536324,Chennai,Tamil Nadu,2025-01-01,Gold
1808,Ananya Gupta,Female,35,ananya1808@gmail.com,9716606071,Coimbatore,Tamil Nadu,2024-08-10,Gold
1809,Rahul Yadav,Male,28,rahul1809@gmail.com,9123745996,Warangal,Telangana,2022-05-13,Silver
1810,Priya Das,Female,22,priya1810@gmail.com,9832299454,Jaipur,Rajasthan,2022-10-30,Regular
1811,Ananya Kumar,Female,45,ananya1811@gmail.com,9856148124,Delhi,Delhi,2024-10-02,Gold
1812,Prakash Das,Male,52,prakash1812@gmail.com,9848619208,Mysuru,Karnataka,2023-09-27,Silver
1813,Sneha Yadav,Female,52,sneha1813@gmail.com,9831563639,Kolkata,West Bengal,2022-10-23,Silver
1814,Ananya Verma,Female,22,ananya1814@gmail.com,9759116913,Patna,Bihar,2022-09-03,Regular
1815,Ananya Gupta,Female,56,ananya1815@gmail.com,9930790768,Lucknow,Uttar Pradesh,2023-05-25,Gold
1816,Aarav Das,Male,39,aarav1816@gmail.com,9195676548,Bengaluru,Karnataka,2022-09-02,Regular
1817,Neha Yadav,Female,26,neha1817@gmail.com,9468610566,Kanpur,Uttar Pradesh,2024-08-29,Regular
1818,Aditya Yadav,Male,49,aditya1818@gmail.com,9197425423,Delhi,Delhi,2023-06-01,Regular
1819,Prakash Verma,Male,39,prakash1819@gmail.com,9585038697,Lucknow,Uttar Pradesh,2022-06-17,Gold
1820,Aarav Kumar,Male,21,aarav1820@gmail.com,9833054373,Jodhpur,Rajasthan,2025-02-14,Regular
1821,Amit Kumar,Male,38,amit1821@gmail.com,9513125946,Bengaluru,Karnataka,2022-01-10,Regular
1822,Aditya Gupta,Male,29,aditya1822@gmail.com,9674681649,Kolkata,West Bengal,2024-10-17,Regular
1823,Rohan Sharma,Male,54,rohan1823@gmail.com,9289975300,Kolkata,West Bengal,2024-02-06,Gold
1824,Rahul Kumar,Male,52,rahul1824@gmail.com,9952172487,Bengaluru,Karnataka,2022-03-21,Platinum
1825,Vivaan Verma,Male,55,vivaan1825@gmail.com,9656723166,Delhi,Delhi,2023-01-05,Regular
1826,Prakash Sharma,Male,47,prakash1826@gmail.com,9807046107,Pune,Maharashtra,2023-11-22,Silver
1827,Vivaan Singh,Male,33,vivaan1827@gmail.com,9492660421,Kanpur,Uttar Pradesh,2023-11-24,Regular
1828,Neha Kumar,Female,21,neha1828@gmail.com,9615850694,Hyderabad,Telangana,2024-01-04,Gold
1829,Rohan Verma,Male,54,rohan1829@gmail.com,9717494743,Mumbai,Maharashtra,2024-12-15,Silver
1830,Amit Gupta,Male,38,amit1830@gmail.com,9245465890,Jodhpur,Rajasthan,2023-08-02,Regular
1831,Rohan Yadav,Male,45,rohan1831@gmail.com,9504872553,Coimbatore,Tamil Nadu,2024-04-07,Regular
1832,Vivaan Verma,Male,48,vivaan1832@gmail.com,9754620914,Gaya,Bihar,2025-02-23,Regular
1833,Rohan Kumar,Male,20,rohan1833@gmail.com,9301948176,Warangal,Telangana,2024-12-16,Platinum
1834,Rohan Verma,Male,52,rohan1834@gmail.com,9130025158,Delhi,Delhi,2022-04-09,Regular
1835,Prakash Verma,Male,21,prakash1835@gmail.com,9984490665,Delhi,Delhi,2025-01-06,Gold
1836,Amit Verma,Male,31,amit1836@gmail.com,9205925419,Lucknow,Uttar Pradesh,2022-04-02,Regular
1837,Ananya Verma,Female,31,ananya1837@gmail.com,9631797707,Bengaluru,Karnataka,2022-05-30,Regular
1838,Neha Gupta,Female,36,neha1838@gmail.com,9105088230,Patna,Bihar,2022-08-27,Gold
1839,Neha Gupta,Female,43,neha1839@gmail.com,9148057234,Kolkata,West Bengal,2024-02-01,Regular
1840,Neha Thakur,Female,59,neha1840@gmail.com,9890954267,Coimbatore,Tamil Nadu,2023-02-24,Gold
1841,Neha Yadav,Female,35,neha1841@gmail.com,9303470329,Lucknow,Uttar Pradesh,2024-02-12,Gold
1842,Sneha Kumar,Female,20,sneha1842@gmail.com,9847326207,Warangal,Telangana,2024-03-20,Gold
1843,Vivaan Singh,Male,28,vivaan1843@gmail.com,9949533843,Bengaluru,Karnataka,2022-08-25,Regular
1844,Aditya Thakur,Male,36,aditya1844@gmail.com,9675804885,Mysuru,Karnataka,2024-03-26,Regular
1845,Vivaan Yadav,Male,23,vivaan1845@gmail.com,9695658257,Delhi,Delhi,2023-02-18,Gold
1846,Amit Kumar,Male,48,amit1846@gmail.com,9217407113,Chennai,Tamil Nadu,2024-08-18,Regular
1847,Aditya Singh,Male,33,aditya1847@gmail.com,9568096274,Gaya,Bihar,2022-05-19,Silver
1848,Rahul Kumar,Male,30,rahul1848@gmail.com,9925223433,Hyderabad,Telangana,2024-10-28,Regular
1849,Sneha Kumar,Female,39,sneha1849@gmail.com,9369296768,Kolkata,West Bengal,2022-11-09,Gold
1850,Prakash Kumar,Male,42,prakash1850@gmail.com,9264387203,Siliguri,West Bengal,2024-03-12,Platinum
1851,Prakash Sharma,Male,39,prakash1851@gmail.com,9806535237,Jaipur,Rajasthan,2023-02-03,Silver
1852,Vivaan Gupta,Male,36,vivaan1852@gmail.com,9697916497,Gaya,Bihar,2024-12-18,Regular
1853,Aarav Singh,Male,44,aarav1853@gmail.com,9656249065,Jodhpur,Rajasthan,2022-05-14,Silver
1854,Priya Kumar,Female,24,priya1854@gmail.com,9834779362,Mysuru,Karnataka,2022-10-21,Regular
1855,Sneha Kumar,Female,54,sneha1855@gmail.com,9228464715,Lucknow,Uttar Pradesh,2024-03-04,Gold
1856,Aarav Das,Male,59,aarav1856@gmail.com,9514523135,Patna,Bihar,2025-03-16,Regular
1857,Ananya Gupta,Female,57,ananya1857@gmail.com,9368480890,Kanpur,Uttar Pradesh,2024-10-01,Regular
1858,Aditya Das,Male,41,aditya1858@gmail.com,9340346197,Warangal,Telangana,2025-01-03,Regular
1859,Ayushi Sharma,Female,19,ayushi1859@gmail.com,9563573628,Mysuru,Karnataka,2024-01-24,Gold
1860,Rahul Yadav,Male,32,rahul1860@gmail.com,9531892193,Bengaluru,Karnataka,2025-01-13,Regular
1861,Neha Yadav,Female,47,neha1861@gmail.com,9887535182,Kolkata,West Bengal,2024-05-05,Regular
1862,Priya Verma,Female,60,priya1862@gmail.com,9528297429,Kanpur,Uttar Pradesh,2023-10-30,Regular
1863,Prakash Gupta,Male,54,prakash1863@gmail.com,9308952234,Jaipur,Rajasthan,2023-01-27,Platinum
1864,Amit Yadav,Male,59,amit1864@gmail.com,9429530273,Siliguri,West Bengal,2024-02-07,Regular
1865,Vivaan Das,Male,57,vivaan1865@gmail.com,9542508175,Mysuru,Karnataka,2023-09-08,Regular
1866,Amit Sharma,Male,51,amit1866@gmail.com,9563624345,Coimbatore,Tamil Nadu,2024-02-27,Regular
1867,Ananya Gupta,Female,54,ananya1867@gmail.com,9816178863,Hyderabad,Telangana,2024-03-01,Regular
1868,Sneha Gupta,Female,44,sneha1868@gmail.com,9439829290,Mysuru,Karnataka,2022-11-05,Regular
1869,Priya Kumar,Female,22,priya1869@gmail.com,9192073425,Mysuru,Karnataka,2022-07-18,Regular
1870,Vivaan Verma,Male,30,vivaan1870@gmail.com,9898417572,Gaya,Bihar,2024-01-01,Regular
1871,Vivaan Verma,Male,55,vivaan1871@gmail.com,9989331508,Coimbatore,Tamil Nadu,2023-10-09,Regular
1872,Ayushi Thakur,Female,53,ayushi1872@gmail.com,9271597258,Kolkata,West Bengal,2022-07-27,Gold
1873,Neha Singh,Female,57,neha1873@gmail.com,9539890432,Bengaluru,Karnataka,2024-12-26,Regular
1874,Ananya Thakur,Female,25,ananya1874@gmail.com,9812824006,Jodhpur,Rajasthan,2023-05-26,Platinum
1875,Aarav Sharma,Male,48,aarav1875@gmail.com,9507345169,Hyderabad,Telangana,2024-02-20,Regular
1876,Rahul Sharma,Male,19,rahul1876@gmail.com,9628030831,Gaya,Bihar,2024-07-05,Platinum
1877,Vivaan Verma,Male,29,vivaan1877@gmail.com,9244894370,Siliguri,West Bengal,2022-05-22,Silver
1878,Vivaan Gupta,Male,36,vivaan1878@gmail.com,9863868715,Lucknow,Uttar Pradesh,2023-10-19,Gold
1879,Sneha Das,Female,57,sneha1879@gmail.com,9733854211,Pune,Maharashtra,2022-02-02,Regular
1880,Ayushi Gupta,Female,35,ayushi1880@gmail.com,9658809180,Mysuru,Karnataka,2024-11-17,Gold
1881,Priya Sharma,Female,59,priya1881@gmail.com,9356413764,Gaya,Bihar,2022-04-17,Silver
1882,Neha Verma,Female,35,neha1882@gmail.com,9905303808,Delhi,Delhi,2022-03-24,Platinum
1883,Priya Kumar,Female,57,priya1883@gmail.com,9111465285,Hyderabad,Telangana,2022-09-25,Silver
1884,Neha Gupta,Female,42,neha1884@gmail.com,9517038254,Gaya,Bihar,2024-08-20,Regular
1885,Priya Verma,Female,45,priya1885@gmail.com,9537222341,Delhi,Delhi,2024-11-15,Silver
1886,Ananya Thakur,Female,30,ananya1886@gmail.com,9624877670,Mysuru,Karnataka,2025-02-05,Regular
1887,Rohan Singh,Male,50,rohan1887@gmail.com,9221896837,Pune,Maharashtra,2023-10-15,Regular
1888,Prakash Singh,Male,41,prakash1888@gmail.com,9169749378,Bengaluru,Karnataka,2022-12-29,Regular
1889,Vivaan Kumar,Male,39,vivaan1889@gmail.com,9762993351,Chennai,Tamil Nadu,2022-01-28,Regular
1890,Rohan Singh,Male,21,rohan1890@gmail.com,9856072762,Warangal,Telangana,2022-09-07,Regular
1891,Vivaan Singh,Male,45,vivaan1891@gmail.com,9949966218,Mumbai,Maharashtra,2022-01-08,Silver
1892,Ananya Singh,Female,38,ananya1892@gmail.com,9771573690,Chennai,Tamil Nadu,2024-03-03,Silver
1893,Ananya Das,Female,48,ananya1893@gmail.com,9409305817,Hyderabad,Telangana,2023-01-17,Silver
1894,Aditya Kumar,Male,29,aditya1894@gmail.com,9312300775,Gaya,Bihar,2022-06-12,Regular
1895,Ananya Singh,Female,30,ananya1895@gmail.com,9300841312,Jaipur,Rajasthan,2022-06-05,Gold
1896,Neha Thakur,Female,50,neha1896@gmail.com,9787833622,Chennai,Tamil Nadu,2024-04-24,Regular
1897,Priya Gupta,Female,18,priya1897@gmail.com,9803131422,Kanpur,Uttar Pradesh,2024-12-22,Gold
1898,Aditya Singh,Male,22,aditya1898@gmail.com,9630345834,Delhi,Delhi,2022-05-07,Regular
1899,Vivaan Das,Male,23,vivaan1899@gmail.com,9441877303,Gaya,Bihar,2022-01-25,Silver
1900,Sneha Thakur,Female,46,sneha1900@gmail.com,9484520396,Kolkata,West Bengal,2023-10-16,Silver
1901,Rahul Thakur,Male,38,rahul1901@gmail.com,9686173802,Warangal,Telangana,2024-09-28,Platinum
1902,Sneha Sharma,Female,40,sneha1902@gmail.com,9539946808,Chennai,Tamil Nadu,2022-03-29,Regular
1903,Neha Das,Female,46,neha1903@gmail.com,9263944109,Warangal,Telangana,2024-08-09,Regular
1904,Aarav Sharma,Male,42,aarav1904@gmail.com,9778812108,Kanpur,Uttar Pradesh,2023-10-11,Regular
1905,Neha Sharma,Female,55,neha1905@gmail.com,9297471450,Kolkata,West Bengal,2022-11-06,Regular
1906,Rahul Sharma,Male,39,rahul1906@gmail.com,9312339412,Gaya,Bihar,2023-07-09,Regular
1907,Ayushi Thakur,Female,30,ayushi1907@gmail.com,9622412731,Lucknow,Uttar Pradesh,2023-04-12,Silver
1908,Neha Sharma,Female,60,neha1908@gmail.com,9164167256,Warangal,Telangana,2024-09-25,Regular
1909,Priya Das,Female,27,priya1909@gmail.com,9352492987,Mumbai,Maharashtra,2023-08-16,Silver
1910,Neha Das,Female,37,neha1910@gmail.com,9778077202,Hyderabad,Telangana,2022-01-27,Regular
1911,Sneha Singh,Female,51,sneha1911@gmail.com,9402684735,Delhi,Delhi,2022-09-23,Regular
1912,Priya Das,Female,19,priya1912@gmail.com,9580046571,Kolkata,West Bengal,2022-05-10,Regular
1913,Priya Gupta,Female,58,priya1913@gmail.com,9611302630,Chennai,Tamil Nadu,2023-10-03,Gold
1914,Sneha Verma,Female,26,sneha1914@gmail.com,9445565285,Jodhpur,Rajasthan,2023-02-03,Gold
1915,Prakash Das,Male,48,prakash1915@gmail.com,9120827680,Chennai,Tamil Nadu,2025-02-27,Regular
1916,Aditya Verma,Male,51,aditya1916@gmail.com,9627143325,Pune,Maharashtra,2022-06-16,Regular
1917,Rahul Yadav,Male,35,rahul1917@gmail.com,9864404989,Delhi,Delhi,2023-01-31,Regular
1918,Prakash Gupta,Male,38,prakash1918@gmail.com,9482433311,Gaya,Bihar,2022-01-07,Gold
1919,Ayushi Verma,Female,38,ayushi1919@gmail.com,9749367938,Hyderabad,Telangana,2024-09-19,Gold
1920,Sneha Singh,Female,21,sneha1920@gmail.com,9889731609,Chennai,Tamil Nadu,2023-08-29,Gold
1921,Prakash Yadav,Male,18,prakash1921@gmail.com,9420165131,Jodhpur,Rajasthan,2024-05-16,Regular
1922,Aarav Kumar,Male,23,aarav1922@gmail.com,9495815219,Mysuru,Karnataka,2024-05-13,Regular
1923,Rohan Yadav,Male,28,rohan1923@gmail.com,9737636286,Mysuru,Karnataka,2025-02-11,Regular
1924,Ayushi Das,Female,30,ayushi1924@gmail.com,9858380341,Kolkata,West Bengal,2023-07-20,Silver
1925,Sneha Sharma,Female,19,sneha1925@gmail.com,9233052656,Delhi,Delhi,2023-10-24,Regular
1926,Priya Sharma,Female,42,priya1926@gmail.com,9690694502,Siliguri,West Bengal,2023-10-08,Regular
1927,Neha Sharma,Female,57,neha1927@gmail.com,9997726891,Kanpur,Uttar Pradesh,2023-10-31,Gold
1928,Sneha Kumar,Female,21,sneha1928@gmail.com,9876075538,Delhi,Delhi,2024-11-13,Silver
1929,Vivaan Singh,Male,27,vivaan1929@gmail.com,9209793556,Mysuru,Karnataka,2022-10-14,Silver
1930,Priya Verma,Female,23,priya1930@gmail.com,9543070745,Chennai,Tamil Nadu,2023-11-24,Regular
1931,Neha Kumar,Female,44,neha1931@gmail.com,9789147591,Pune,Maharashtra,2024-12-10,Gold
1932,Prakash Das,Male,25,prakash1932@gmail.com,9919011687,Bengaluru,Karnataka,2022-11-22,Gold
1933,Prakash Kumar,Male,19,prakash1933@gmail.com,9156353302,Delhi,Delhi,2025-02-16,Silver
1934,Aarav Kumar,Male,32,aarav1934@gmail.com,9263886015,Coimbatore,Tamil Nadu,2023-03-25,Platinum
1935,Priya Yadav,Female,19,priya1935@gmail.com,9647873486,Mysuru,Karnataka,2024-03-21,Gold
1936,Rohan Yadav,Male,22,rohan1936@gmail.com,9143089281,Hyderabad,Telangana,2025-01-31,Regular
1937,Prakash Das,Male,40,prakash1937@gmail.com,9853578008,Patna,Bihar,2022-01-15,Regular
1938,Neha Gupta,Female,52,neha1938@gmail.com,9107891939,Kolkata,West Bengal,2022-11-08,Gold
1939,Amit Verma,Male,42,amit1939@gmail.com,9271651932,Delhi,Delhi,2024-11-12,Gold
1940,Prakash Verma,Male,43,prakash1940@gmail.com,9227955302,Delhi,Delhi,2023-06-18,Silver
1941,Rahul Yadav,Male,29,rahul1941@gmail.com,9221003717,Hyderabad,Telangana,2023-02-24,Regular
1942,Prakash Thakur,Male,55,prakash1942@gmail.com,9978170803,Mumbai,Maharashtra,2023-03-15,Regular
1943,Rohan Gupta,Male,34,rohan1943@gmail.com,9332793730,Hyderabad,Telangana,2025-03-06,Silver
1944,Prakash Sharma,Male,31,prakash1944@gmail.com,9636433591,Delhi,Delhi,2023-11-15,Platinum
1945,Rahul Yadav,Male,49,rahul1945@gmail.com,9615584596,Kanpur,Uttar Pradesh,2022-12-05,Silver
1946,Vivaan Singh,Male,19,vivaan1946@gmail.com,9764943338,Delhi,Delhi,2022-01-01,Regular
1947,Aarav Thakur,Male,42,aarav1947@gmail.com,9882487451,Gaya,Bihar,2024-06-30,Silver
1948,Aarav Verma,Male,59,aarav1948@gmail.com,9304854311,Bengaluru,Karnataka,2023-03-17,Platinum
1949,Ayushi Yadav,Female,37,ayushi1949@gmail.com,9927257614,Kolkata,West Bengal,2022-02-15,Regular
1950,Aditya Thakur,Male,31,aditya1950@gmail.com,9229198005,Pune,Maharashtra,2024-07-24,Gold
1951,Aditya Kumar,Male,23,aditya1951@gmail.com,9878257769,Gaya,Bihar,2022-08-19,Regular
1952,Ayushi Kumar,Female,48,ayushi1952@gmail.com,9167950509,Jodhpur,Rajasthan,2025-02-27,Silver
1953,Vivaan Yadav,Male,19,vivaan1953@gmail.com,9139901496,Bengaluru,Karnataka,2024-02-12,Regular
1954,Aditya Kumar,Male,20,aditya1954@gmail.com,9805029652,Warangal,Telangana,2025-03-27,Regular
1955,Ananya Das,Female,35,ananya1955@gmail.com,9126213124,Delhi,Delhi,2023-02-20,Silver
1956,Ananya Das,Female,59,ananya1956@gmail.com,9147376817,Chennai,Tamil Nadu,2022-01-04,Gold
1957,Prakash Kumar,Male,41,prakash1957@gmail.com,9194935958,Kanpur,Uttar Pradesh,2023-08-10,Silver
1958,Amit Sharma,Male,60,amit1958@gmail.com,9498650571,Warangal,Telangana,2024-02-04,Silver
1959,Priya Verma,Female,29,priya1959@gmail.com,9722997665,Jaipur,Rajasthan,2024-04-13,Regular
1960,Ayushi Sharma,Female,52,ayushi1960@gmail.com,9537899599,Warangal,Telangana,2024-10-09,Regular
1961,Sneha Thakur,Female,39,sneha1961@gmail.com,9485117575,Lucknow,Uttar Pradesh,2022-10-09,Silver
1962,Aarav Verma,Male,58,aarav1962@gmail.com,9255746782,Hyderabad,Telangana,2024-11-03,Silver
1963,Sneha Sharma,Female,43,sneha1963@gmail.com,9187771298,Jaipur,Rajasthan,2023-02-26,Gold
1964,Amit Singh,Male,18,amit1964@gmail.com,9373500468,Mumbai,Maharashtra,2025-03-24,Platinum
1965,Rohan Verma,Male,25,rohan1965@gmail.com,9449489327,Bengaluru,Karnataka,2024-09-28,Silver
1966,Amit Yadav,Male,54,amit1966@gmail.com,9477027645,Siliguri,West Bengal,2023-03-25,Silver
1967,Rohan Das,Male,30,rohan1967@gmail.com,9869015924,Mumbai,Maharashtra,2022-11-15,Regular
1968,Rahul Sharma,Male,37,rahul1968@gmail.com,9359666580,Jaipur,Rajasthan,2022-05-28,Gold
1969,Amit Singh,Male,19,amit1969@gmail.com,9117416094,Delhi,Delhi,2023-01-27,Regular
1970,Aditya Singh,Male,34,aditya1970@gmail.com,9585974860,Mumbai,Maharashtra,2022-05-18,Platinum
1971,Rohan Yadav,Male,56,rohan1971@gmail.com,9422353917,Kanpur,Uttar Pradesh,2022-01-22,Regular
1972,Ayushi Yadav,Female,58,ayushi1972@gmail.com,9760139881,Kolkata,West Bengal,2024-09-06,Silver
1973,Rahul Verma,Male,19,rahul1973@gmail.com,9374644018,Hyderabad,Telangana,2023-12-21,Silver
1974,Neha Verma,Female,19,neha1974@gmail.com,9507986780,Lucknow,Uttar Pradesh,2024-10-01,Regular
1975,Rahul Thakur,Male,23,rahul1975@gmail.com,9189082650,Hyderabad,Telangana,2025-01-18,Regular
1976,Neha Verma,Female,56,neha1976@gmail.com,9603885031,Pune,Maharashtra,2023-05-10,Regular
1977,Prakash Yadav,Male,18,prakash1977@gmail.com,9834250195,Delhi,Delhi,2022-07-14,Regular
1978,Vivaan Sharma,Male,35,vivaan1978@gmail.com,9848538764,Gaya,Bihar,2024-08-06,Silver
1979,Ayushi Singh,Female,49,ayushi1979@gmail.com,9286743752,Jaipur,Rajasthan,2024-11-24,Gold
1980,Aarav Thakur,Male,45,aarav1980@gmail.com,9217762169,Delhi,Delhi,2023-11-10,Silver
1981,Rahul Das,Male,18,rahul1981@gmail.com,9515864153,Mumbai,Maharashtra,2023-05-26,Gold
1982,Aarav Thakur,Male,32,aarav1982@gmail.com,9465147820,Mysuru,Karnataka,2023-01-10,Gold
1983,Ananya Das,Female,24,ananya1983@gmail.com,9276558895,Hyderabad,Telangana,2022-08-26,Regular
1984,Rahul Verma,Male,19,rahul1984@gmail.com,9860648163,Gaya,Bihar,2024-05-30,Silver
1985,Neha Das,Female,35,neha1985@gmail.com,9568464025,Kolkata,West Bengal,2022-03-10,Silver
1986,Vivaan Singh,Male,60,vivaan1986@gmail.com,9484015807,Lucknow,Uttar Pradesh,2023-06-23,Regular
1987,Aditya Singh,Male,28,aditya1987@gmail.com,9192747165,Jaipur,Rajasthan,2022-02-19,Silver
1988,Rohan Verma,Male,34,rohan1988@gmail.com,9613119468,Coimbatore,Tamil Nadu,2025-02-15,Regular
1989,Vivaan Kumar,Male,30,vivaan1989@gmail.com,9258255838,Mysuru,Karnataka,2023-04-21,Regular
1990,Priya Kumar,Female,18,priya1990@gmail.com,9221067160,Lucknow,Uttar Pradesh,2024-11-10,Silver
1991,Ayushi Sharma,Female,33,ayushi1991@gmail.com,9615813939,Delhi,Delhi,2023-10-17,Gold
1992,Rahul Das,Male,24,rahul1992@gmail.com,9285132385,Coimbatore,Tamil Nadu,2023-03-15,Regular
1993,Aditya Sharma,Male,27,aditya1993@gmail.com,9916600009,Jaipur,Rajasthan,2024-11-10,Regular
1994,Sneha Sharma,Female,58,sneha1994@gmail.com,9908971848,Jaipur,Rajasthan,2023-05-21,Regular
1995,Ayushi Yadav,Female,45,ayushi1995@gmail.com,9146073086,Kolkata,West Bengal,2022-05-03,Gold
1996,Prakash Verma,Male,46,prakash1996@gmail.com,9751156245,Lucknow,Uttar Pradesh,2024-03-11,Gold
1997,Rahul Yadav,Male,33,rahul1997@gmail.com,9743148646,Chennai,Tamil Nadu,2022-11-19,Silver
1998,Neha Kumar,Female,22,neha1998@gmail.com,9703106474,Hyderabad,Telangana,2024-05-04,Regular
1999,Priya Thakur,Female,35,priya1999@gmail.com,9598760695,Bengaluru,Karnataka,2024-03-16,Silver
2000,Amit Verma,Male,48,amit2000@gmail.com,9649154475,Siliguri,West Bengal,2023-09-24,Regular
2001,Rahul Verma,Male,49,rahul2001@gmail.com,9467659963,Jaipur,Rajasthan,2022-07-06,Silver
2002,Rohan Thakur,Male,36,rohan2002@gmail.com,9738268451,Pune,Maharashtra,2023-07-10,Silver
2003,Prakash Gupta,Male,37,prakash2003@gmail.com,9305993653,Siliguri,West Bengal,2023-12-15,Gold
2004,Ayushi Thakur,Female,60,ayushi2004@gmail.com,9807715191,Jodhpur,Rajasthan,2024-05-18,Regular
2005,Prakash Verma,Male,53,prakash2005@gmail.com,9444824123,Mysuru,Karnataka,2025-01-16,Regular
2006,Vivaan Thakur,Male,31,vivaan2006@gmail.com,9742238528,Hyderabad,Telangana,2023-05-21,Gold
2007,Rohan Das,Male,33,rohan2007@gmail.com,9520509767,Kolkata,West Bengal,2024-02-07,Regular
2008,Amit Verma,Male,34,amit2008@gmail.com,9750670105,Delhi,Delhi,2022-10-27,Regular
2009,Amit Yadav,Male,22,amit2009@gmail.com,9302859986,Pune,Maharashtra,2022-01-07,Gold
2010,Rahul Thakur,Male,54,rahul2010@gmail.com,9551501133,Delhi,Delhi,2024-11-12,Regular
2011,Rohan Das,Male,48,rohan2011@gmail.com,9569410109,Gaya,Bihar,2022-08-10,Regular
2012,Aditya Singh,Male,21,aditya2012@gmail.com,9144060578,Mumbai,Maharashtra,2024-01-11,Gold
2013,Amit Thakur,Male,24,amit2013@gmail.com,9897815003,Delhi,Delhi,2022-09-18,Silver
2014,Rohan Kumar,Male,25,rohan2014@gmail.com,9462501562,Chennai,Tamil Nadu,2022-01-21,Platinum
2015,Neha Gupta,Female,32,neha2015@gmail.com,9763907349,Delhi,Delhi,2023-04-18,Silver
2016,Prakash Sharma,Male,53,prakash2016@gmail.com,9727194083,Delhi,Delhi,2022-02-17,Regular
2017,Neha Gupta,Female,57,neha2017@gmail.com,9118726669,Chennai,Tamil Nadu,2025-01-14,Platinum
2018,Rahul Singh,Male,33,rahul2018@gmail.com,9536371041,Pune,Maharashtra,2022-07-15,Regular
2019,Aditya Gupta,Male,24,aditya2019@gmail.com,9103402003,Hyderabad,Telangana,2023-07-27,Regular
2020,Sneha Yadav,Female,31,sneha2020@gmail.com,9349302163,Delhi,Delhi,2024-07-02,Regular
2021,Ananya Das,Female,27,ananya2021@gmail.com,9893671719,Pune,Maharashtra,2024-06-25,Gold
2022,Amit Thakur,Male,49,amit2022@gmail.com,9568849679,Lucknow,Uttar Pradesh,2023-02-25,Gold
2023,Priya Kumar,Female,50,priya2023@gmail.com,9761036088,Jodhpur,Rajasthan,2024-10-19,Regular
2024,Priya Sharma,Female,56,priya2024@gmail.com,9998657208,Hyderabad,Telangana,2022-06-08,Silver
2025,Neha Gupta,Female,38,neha2025@gmail.com,9479315930,Lucknow,Uttar Pradesh,2023-03-23,Regular
2026,Prakash Yadav,Male,19,prakash2026@gmail.com,9837115354,Coimbatore,Tamil Nadu,2024-08-19,Platinum
2027,Rahul Kumar,Male,54,rahul2027@gmail.com,9470638661,Chennai,Tamil Nadu,2024-03-07,Regular
2028,Neha Das,Female,23,neha2028@gmail.com,9569614246,Gaya,Bihar,2024-05-18,Regular
2029,Priya Thakur,Female,28,priya2029@gmail.com,9280970231,Coimbatore,Tamil Nadu,2024-09-07,Regular
2030,Aarav Yadav,Male,21,aarav2030@gmail.com,9916806401,Jaipur,Rajasthan,2024-01-17,Regular
2031,Sneha Kumar,Female,23,sneha2031@gmail.com,9663987043,Bengaluru,Karnataka,2023-05-28,Platinum
2032,Ayushi Sharma,Female,35,ayushi2032@gmail.com,9299737529,Hyderabad,Telangana,2024-06-11,Regular
2033,Amit Singh,Male,23,amit2033@gmail.com,9766734240,Delhi,Delhi,2023-04-20,Regular
2034,Amit Das,Male,28,amit2034@gmail.com,9353666379,Mysuru,Karnataka,2024-05-16,Regular
2035,Vivaan Singh,Male,29,vivaan2035@gmail.com,9673328017,Chennai,Tamil Nadu,2023-07-06,Regular
2036,Ananya Sharma,Female,52,ananya2036@gmail.com,9300582179,Warangal,Telangana,2022-11-09,Regular
2037,Aditya Thakur,Male,19,aditya2037@gmail.com,9637851330,Gaya,Bihar,2024-11-17,Silver
2038,Aditya Sharma,Male,48,aditya2038@gmail.com,9267406452,Gaya,Bihar,2022-04-10,Gold
2039,Sneha Thakur,Female,33,sneha2039@gmail.com,9588492574,Coimbatore,Tamil Nadu,2024-08-05,Regular
2040,Aditya Kumar,Male,42,aditya2040@gmail.com,9245926081,Mumbai,Maharashtra,2022-05-18,Regular
2041,Rohan Yadav,Male,52,rohan2041@gmail.com,9879788828,Warangal,Telangana,2025-02-01,Regular
2042,Rohan Verma,Male,43,rohan2042@gmail.com,9907057925,Jodhpur,Rajasthan,2025-03-28,Regular
2043,Amit Das,Male,20,amit2043@gmail.com,9322149687,Lucknow,Uttar Pradesh,2022-09-16,Regular
2044,Vivaan Yadav,Male,42,vivaan2044@gmail.com,9421604966,Siliguri,West Bengal,2024-02-23,Regular
2045,Prakash Kumar,Male,45,prakash2045@gmail.com,9932227284,Siliguri,West Bengal,2023-03-18,Silver
2046,Sneha Sharma,Female,43,sneha2046@gmail.com,9362521055,Mysuru,Karnataka,2023-09-11,Regular
2047,Ayushi Das,Female,47,ayushi2047@gmail.com,9865460104,Coimbatore,Tamil Nadu,2024-03-28,Regular
2048,Aditya Yadav,Male,33,aditya2048@gmail.com,9256269664,Coimbatore,Tamil Nadu,2022-04-16,Gold
2049,Priya Kumar,Female,47,priya2049@gmail.com,9515062252,Pune,Maharashtra,2023-12-19,Gold
2050,Sneha Thakur,Female,50,sneha2050@gmail.com,9692283210,Lucknow,Uttar Pradesh,2023-12-28,Regular
2051,Priya Verma,Female,37,priya2051@gmail.com,9644083832,Hyderabad,Telangana,2023-02-01,Regular
2052,Ananya Thakur,Female,19,ananya2052@gmail.com,9647078662,Mumbai,Maharashtra,2022-05-03,Regular
2053,Aarav Das,Male,39,aarav2053@gmail.com,9957394843,Jodhpur,Rajasthan,2024-04-06,Silver
2054,Ayushi Verma,Female,51,ayushi2054@gmail.com,9728805942,Siliguri,West Bengal,2022-04-15,Regular
2055,Neha Kumar,Female,54,neha2055@gmail.com,9643257249,Warangal,Telangana,2025-01-27,Regular
2056,Priya Das,Female,27,priya2056@gmail.com,9252698152,Mysuru,Karnataka,2023-07-02,Gold
2057,Sneha Yadav,Female,43,sneha2057@gmail.com,9336478266,Chennai,Tamil Nadu,2023-07-19,Regular
2058,Aditya Gupta,Male,54,aditya2058@gmail.com,9307945415,Delhi,Delhi,2024-05-06,Regular
2059,Amit Thakur,Male,18,amit2059@gmail.com,9171112057,Mysuru,Karnataka,2023-03-08,Regular
2060,Ananya Das,Female,32,ananya2060@gmail.com,9602840393,Gaya,Bihar,2022-05-16,Gold
2061,Vivaan Singh,Male,39,vivaan2061@gmail.com,9762282187,Mysuru,Karnataka,2024-07-30,Silver
2062,Ayushi Verma,Female,51,ayushi2062@gmail.com,9267072428,Siliguri,West Bengal,2023-10-31,Silver
2063,Sneha Gupta,Female,19,sneha2063@gmail.com,9565867976,Jodhpur,Rajasthan,2023-04-09,Regular
2064,Rahul Yadav,Male,55,rahul2064@gmail.com,9422490293,Siliguri,West Bengal,2022-04-16,Gold
2065,Aditya Gupta,Male,33,aditya2065@gmail.com,9598589414,Delhi,Delhi,2023-03-25,Gold
2066,Neha Yadav,Female,54,neha2066@gmail.com,9455637397,Pune,Maharashtra,2024-05-08,Regular
2067,Sneha Das,Female,38,sneha2067@gmail.com,9161099173,Chennai,Tamil Nadu,2022-05-16,Regular
2068,Neha Das,Female,39,neha2068@gmail.com,9497692607,Lucknow,Uttar Pradesh,2022-03-04,Regular
2069,Rahul Yadav,Male,43,rahul2069@gmail.com,9561822403,Coimbatore,Tamil Nadu,2023-03-15,Gold
2070,Sneha Sharma,Female,28,sneha2070@gmail.com,9742078459,Delhi,Delhi,2023-11-20,Regular
2071,Vivaan Singh,Male,18,vivaan2071@gmail.com,9261110932,Lucknow,Uttar Pradesh,2022-06-18,Silver
2072,Ananya Sharma,Female,18,ananya2072@gmail.com,9605955895,Hyderabad,Telangana,2022-04-16,Regular
2073,Priya Verma,Female,23,priya2073@gmail.com,9143411204,Mysuru,Karnataka,2025-03-17,Regular
2074,Vivaan Kumar,Male,23,vivaan2074@gmail.com,9142427534,Delhi,Delhi,2025-04-08,Silver
2075,Neha Das,Female,35,neha2075@gmail.com,9737126357,Chennai,Tamil Nadu,2022-08-09,Regular
2076,Sneha Thakur,Female,22,sneha2076@gmail.com,9596430106,Jaipur,Rajasthan,2022-10-11,Silver
2077,Rohan Singh,Male,56,rohan2077@gmail.com,9340294732,Delhi,Delhi,2024-10-13,Silver
2078,Priya Sharma,Female,46,priya2078@gmail.com,9485206943,Gaya,Bihar,2024-08-26,Platinum
2079,Rohan Yadav,Male,33,rohan2079@gmail.com,9952827503,Delhi,Delhi,2024-05-06,Platinum
2080,Prakash Gupta,Male,27,prakash2080@gmail.com,9855092420,Delhi,Delhi,2024-08-02,Regular
2081,Sneha Singh,Female,24,sneha2081@gmail.com,9582024385,Mumbai,Maharashtra,2022-10-30,Regular
2082,Priya Verma,Female,33,priya2082@gmail.com,9871634337,Pune,Maharashtra,2025-04-01,Regular
2083,Rohan Thakur,Male,48,rohan2083@gmail.com,9804569703,Lucknow,Uttar Pradesh,2023-03-06,Regular
2084,Prakash Verma,Male,21,prakash2084@gmail.com,9133693489,Mysuru,Karnataka,2022-05-16,Gold
2085,Aditya Das,Male,60,aditya2085@gmail.com,9526801240,Delhi,Delhi,2024-08-07,Gold
2086,Aditya Verma,Male,60,aditya2086@gmail.com,9438001440,Siliguri,West Bengal,2024-05-14,Platinum
2087,Aditya Thakur,Male,23,aditya2087@gmail.com,9622798666,Bengaluru,Karnataka,2024-05-01,Gold
2088,Aarav Sharma,Male,50,aarav2088@gmail.com,9748456134,Kolkata,West Bengal,2023-05-07,Regular
2089,Ananya Sharma,Female,20,ananya2089@gmail.com,9927704564,Delhi,Delhi,2024-05-05,Regular
2090,Sneha Verma,Female,18,sneha2090@gmail.com,9212310447,Siliguri,West Bengal,2023-11-22,Regular
2091,Prakash Sharma,Male,60,prakash2091@gmail.com,9890859669,Jaipur,Rajasthan,2023-11-12,Silver
2092,Amit Gupta,Male,20,amit2092@gmail.com,9588501521,Delhi,Delhi,2024-06-09,Platinum
2093,Amit Das,Male,36,amit2093@gmail.com,9457132340,Jodhpur,Rajasthan,2022-04-02,Regular
2094,Neha Das,Female,32,neha2094@gmail.com,9438421460,Pune,Maharashtra,2025-03-17,Gold
2095,Ayushi Thakur,Female,32,ayushi2095@gmail.com,9817723635,Coimbatore,Tamil Nadu,2022-03-21,Gold
2096,Ayushi Kumar,Female,32,ayushi2096@gmail.com,9143533949,Delhi,Delhi,2024-12-22,Regular
2097,Neha Kumar,Female,21,neha2097@gmail.com,9181717883,Hyderabad,Telangana,2024-05-30,Gold
2098,Aarav Thakur,Male,49,aarav2098@gmail.com,9722959503,Delhi,Delhi,2022-04-15,Regular
2099,Vivaan Gupta,Male,53,vivaan2099@gmail.com,9879237238,Jodhpur,Rajasthan,2024-03-07,Regular
2100,Aarav Yadav,Male,39,aarav2100@gmail.com,9794542361,Jaipur,Rajasthan,2022-06-13,Regular
2101,Vivaan Sharma,Male,28,vivaan2101@gmail.com,9805939260,Hyderabad,Telangana,2023-06-13,Regular
2102,Aditya Yadav,Male,28,aditya2102@gmail.com,9488082110,Delhi,Delhi,2023-02-22,Regular
2103,Amit Singh,Male,27,amit2103@gmail.com,9230396153,Delhi,Delhi,2022-06-06,Gold
2104,Vivaan Thakur,Male,25,vivaan2104@gmail.com,9921305438,Patna,Bihar,2023-01-02,Regular
2105,Amit Singh,Male,60,amit2105@gmail.com,9759670475,Pune,Maharashtra,2024-09-12,Regular
2106,Vivaan Verma,Male,42,vivaan2106@gmail.com,9966082198,Pune,Maharashtra,2022-12-28,Regular
2107,Sneha Singh,Female,28,sneha2107@gmail.com,9256565452,Delhi,Delhi,2022-05-10,Regular
2108,Rahul Verma,Male,39,rahul2108@gmail.com,9517984292,Jaipur,Rajasthan,2022-03-03,Gold
2109,Amit Yadav,Male,28,amit2109@gmail.com,9304165230,Lucknow,Uttar Pradesh,2023-03-11,Silver
2110,Ananya Gupta,Female,53,ananya2110@gmail.com,9927682093,Hyderabad,Telangana,2024-10-09,Regular
2111,Prakash Kumar,Male,46,prakash2111@gmail.com,9301949932,Siliguri,West Bengal,2022-03-16,Regular
2112,Rohan Verma,Male,44,rohan2112@gmail.com,9905019323,Kolkata,West Bengal,2023-11-25,Gold
2113,Vivaan Sharma,Male,56,vivaan2113@gmail.com,9658897846,Siliguri,West Bengal,2022-07-16,Silver
2114,Rahul Das,Male,53,rahul2114@gmail.com,9879433140,Mumbai,Maharashtra,2025-02-07,Gold
2115,Rohan Verma,Male,37,rohan2115@gmail.com,9676686905,Mumbai,Maharashtra,2023-05-19,Gold
2116,Vivaan Kumar,Male,60,vivaan2116@gmail.com,9247016174,Delhi,Delhi,2023-09-07,Silver
2117,Ayushi Verma,Female,22,ayushi2117@gmail.com,9670116459,Lucknow,Uttar Pradesh,2024-04-23,Regular
2118,Ananya Thakur,Female,19,ananya2118@gmail.com,9128075963,Warangal,Telangana,2024-04-13,Platinum
2119,Ananya Singh,Female,51,ananya2119@gmail.com,9747365830,Kolkata,West Bengal,2022-10-09,Silver
2120,Vivaan Singh,Male,39,vivaan2120@gmail.com,9441784608,Pune,Maharashtra,2023-06-26,Gold
2121,Sneha Singh,Female,21,sneha2121@gmail.com,9396905612,Bengaluru,Karnataka,2023-04-20,Regular
2122,Ananya Thakur,Female,60,ananya2122@gmail.com,9419487653,Jaipur,Rajasthan,2025-02-05,Regular
2123,Ayushi Yadav,Female,60,ayushi2123@gmail.com,9457842234,Lucknow,Uttar Pradesh,2022-07-10,Regular
2124,Vivaan Singh,Male,24,vivaan2124@gmail.com,9612150253,Patna,Bihar,2022-01-09,Regular
2125,Amit Singh,Male,28,amit2125@gmail.com,9734424489,Siliguri,West Bengal,2023-06-26,Platinum
2126,Priya Sharma,Female,59,priya2126@gmail.com,9710975447,Chennai,Tamil Nadu,2023-01-15,Silver
2127,Rahul Gupta,Male,28,rahul2127@gmail.com,9892272930,Mumbai,Maharashtra,2022-09-17,Platinum
2128,Neha Kumar,Female,35,neha2128@gmail.com,9719216978,Jaipur,Rajasthan,2024-12-07,Gold
2129,Amit Gupta,Male,45,amit2129@gmail.com,9326567597,Coimbatore,Tamil Nadu,2022-05-02,Silver
2130,Amit Thakur,Male,26,amit2130@gmail.com,9534350679,Lucknow,Uttar Pradesh,2023-12-07,Platinum
2131,Ayushi Gupta,Female,44,ayushi2131@gmail.com,9373803392,Kanpur,Uttar Pradesh,2022-09-13,Silver
2132,Vivaan Yadav,Male,34,vivaan2132@gmail.com,9842277684,Hyderabad,Telangana,2023-01-27,Regular
2133,Rohan Gupta,Male,20,rohan2133@gmail.com,9347879360,Bengaluru,Karnataka,2022-09-29,Platinum
2134,Rohan Yadav,Male,31,rohan2134@gmail.com,9396942296,Patna,Bihar,2022-09-30,Platinum
2135,Ananya Singh,Female,44,ananya2135@gmail.com,9214840611,Patna,Bihar,2022-01-29,Regular
2136,Aditya Singh,Male,38,aditya2136@gmail.com,9541444081,Hyderabad,Telangana,2024-01-26,Regular
2137,Rahul Gupta,Male,31,rahul2137@gmail.com,9517912164,Jodhpur,Rajasthan,2022-10-26,Regular
2138,Rahul Thakur,Male,21,rahul2138@gmail.com,9370702411,Coimbatore,Tamil Nadu,2024-06-14,Regular
2139,Aarav Kumar,Male,51,aarav2139@gmail.com,9410389670,Hyderabad,Telangana,2024-07-28,Regular
2140,Aditya Thakur,Male,29,aditya2140@gmail.com,9557577530,Pune,Maharashtra,2023-07-27,Gold
2141,Sneha Das,Female,37,sneha2141@gmail.com,9791758190,Hyderabad,Telangana,2023-12-14,Regular
2142,Rahul Yadav,Male,28,rahul2142@gmail.com,9615772199,Coimbatore,Tamil Nadu,2023-07-07,Regular
2143,Prakash Das,Male,32,prakash2143@gmail.com,9692433358,Bengaluru,Karnataka,2024-02-27,Silver
2144,Ayushi Verma,Female,34,ayushi2144@gmail.com,9840782918,Bengaluru,Karnataka,2024-12-05,Regular
2145,Ananya Yadav,Female,22,ananya2145@gmail.com,9708978969,Jodhpur,Rajasthan,2022-02-11,Platinum
2146,Ayushi Thakur,Female,60,ayushi2146@gmail.com,9696955609,Mumbai,Maharashtra,2023-05-16,Gold
2147,Rohan Das,Male,18,rohan2147@gmail.com,9260090934,Jaipur,Rajasthan,2024-12-18,Platinum
2148,Sneha Verma,Female,48,sneha2148@gmail.com,9307682220,Siliguri,West Bengal,2022-01-03,Regular
2149,Ayushi Thakur,Female,30,ayushi2149@gmail.com,9775219370,Delhi,Delhi,2025-04-15,Regular
2150,Neha Das,Female,33,neha2150@gmail.com,9448660139,Kolkata,West Bengal,2023-02-06,Regular
2151,Rahul Gupta,Male,39,rahul2151@gmail.com,9629516369,Siliguri,West Bengal,2024-12-26,Regular
2152,Ananya Singh,Female,54,ananya2152@gmail.com,9247098055,Jaipur,Rajasthan,2022-07-31,Regular
2153,Rahul Yadav,Male,22,rahul2153@gmail.com,9210182184,Patna,Bihar,2024-12-31,Silver
2154,Ananya Sharma,Female,31,ananya2154@gmail.com,9334580870,Jodhpur,Rajasthan,2023-03-29,Regular
2155,Aarav Yadav,Male,35,aarav2155@gmail.com,9790436639,Gaya,Bihar,2022-09-04,Silver
2156,Vivaan Verma,Male,57,vivaan2156@gmail.com,9227538091,Hyderabad,Telangana,2023-04-30,Regular
2157,Aarav Das,Male,52,aarav2157@gmail.com,9279355399,Delhi,Delhi,2023-07-22,Silver
2158,Prakash Yadav,Male,24,prakash2158@gmail.com,9195251839,Gaya,Bihar,2023-11-09,Silver
2159,Aarav Yadav,Male,40,aarav2159@gmail.com,9908879120,Coimbatore,Tamil Nadu,2023-12-16,Regular
2160,Ananya Singh,Female,19,ananya2160@gmail.com,9816506411,Bengaluru,Karnataka,2025-03-16,Regular
2161,Prakash Kumar,Male,30,prakash2161@gmail.com,9988282415,Bengaluru,Karnataka,2023-01-03,Regular
2162,Rahul Kumar,Male,32,rahul2162@gmail.com,9764266315,Mysuru,Karnataka,2024-07-09,Regular
2163,Priya Thakur,Female,27,priya2163@gmail.com,9838645398,Mumbai,Maharashtra,2024-06-03,Regular
2164,Neha Kumar,Female,41,neha2164@gmail.com,9137720016,Mysuru,Karnataka,2022-12-17,Silver
2165,Vivaan Sharma,Male,22,vivaan2165@gmail.com,9265076747,Lucknow,Uttar Pradesh,2023-03-10,Regular
2166,Ananya Sharma,Female,51,ananya2166@gmail.com,9866353495,Lucknow,Uttar Pradesh,2023-06-30,Silver
2167,Rahul Sharma,Male,60,rahul2167@gmail.com,9709126891,Jodhpur,Rajasthan,2024-12-27,Regular
2168,Aditya Das,Male,38,aditya2168@gmail.com,9379418400,Warangal,Telangana,2023-07-26,Silver
2169,Neha Thakur,Female,52,neha2169@gmail.com,9599148625,Patna,Bihar,2024-02-09,Gold
2170,Aarav Gupta,Male,25,aarav2170@gmail.com,9701365049,Mumbai,Maharashtra,2024-12-28,Regular
2171,Amit Sharma,Male,32,amit2171@gmail.com,9957858403,Bengaluru,Karnataka,2025-01-08,Regular
2172,Prakash Singh,Male,51,prakash2172@gmail.com,9677207606,Patna,Bihar,2023-11-26,Regular
2173,Amit Sharma,Male,20,amit2173@gmail.com,9559261608,Delhi,Delhi,2023-01-01,Regular
2174,Prakash Singh,Male,27,prakash2174@gmail.com,9770916891,Chennai,Tamil Nadu,2024-11-26,Regular
2175,Ananya Verma,Female,28,ananya2175@gmail.com,9831582118,Lucknow,Uttar Pradesh,2024-08-01,Regular
2176,Aarav Kumar,Male,60,aarav2176@gmail.com,9841830552,Kolkata,West Bengal,2022-02-25,Regular
2177,Priya Sharma,Female,23,priya2177@gmail.com,9188726082,Patna,Bihar,2025-04-14,Silver
2178,Rahul Verma,Male,58,rahul2178@gmail.com,9903665412,Hyderabad,Telangana,2022-04-28,Platinum
2179,Priya Verma,Female,25,priya2179@gmail.com,9953291422,Patna,Bihar,2024-02-16,Gold
2180,Ayushi Sharma,Female,52,ayushi2180@gmail.com,9972700716,Delhi,Delhi,2022-06-24,Regular
2181,Ayushi Das,Female,22,ayushi2181@gmail.com,9261681093,Jodhpur,Rajasthan,2024-12-05,Regular
2182,Priya Yadav,Female,20,priya2182@gmail.com,9644541387,Delhi,Delhi,2024-08-18,Regular
2183,Sneha Kumar,Female,60,sneha2183@gmail.com,9380552950,Patna,Bihar,2022-01-06,Gold
2184,Rohan Verma,Male,41,rohan2184@gmail.com,9877280879,Kanpur,Uttar Pradesh,2022-07-01,Silver
2185,Neha Yadav,Female,25,neha2185@gmail.com,9353190231,Jaipur,Rajasthan,2025-02-27,Regular
2186,Priya Verma,Female,41,priya2186@gmail.com,9432995650,Delhi,Delhi,2022-04-11,Gold
2187,Amit Kumar,Male,21,amit2187@gmail.com,9536725061,Lucknow,Uttar Pradesh,2024-08-20,Regular
2188,Sneha Verma,Female,57,sneha2188@gmail.com,9936030207,Kanpur,Uttar Pradesh,2022-02-04,Silver
2189,Aditya Singh,Male,35,aditya2189@gmail.com,9961134201,Jaipur,Rajasthan,2022-05-05,Regular
2190,Ayushi Singh,Female,51,ayushi2190@gmail.com,9892965011,Pune,Maharashtra,2025-02-12,Regular
2191,Amit Das,Male,33,amit2191@gmail.com,9653689310,Delhi,Delhi,2024-10-17,Regular
2192,Neha Thakur,Female,27,neha2192@gmail.com,9822628024,Chennai,Tamil Nadu,2023-05-12,Regular
2193,Ananya Sharma,Female,54,ananya2193@gmail.com,9792763273,Kanpur,Uttar Pradesh,2024-12-04,Silver
2194,Ayushi Sharma,Female,33,ayushi2194@gmail.com,9550756507,Delhi,Delhi,2022-02-12,Gold
2195,Ananya Yadav,Female,24,ananya2195@gmail.com,9432414395,Mysuru,Karnataka,2023-03-15,Platinum
2196,Rahul Kumar,Male,36,rahul2196@gmail.com,9778210041,Delhi,Delhi,2024-03-10,Regular
2197,Ayushi Kumar,Female,43,ayushi2197@gmail.com,9946816175,Siliguri,West Bengal,2023-01-18,Regular
2198,Amit Sharma,Male,30,amit2198@gmail.com,9883022242,Siliguri,West Bengal,2023-08-25,Regular
2199,Neha Thakur,Female,35,neha2199@gmail.com,9412030195,Pune,Maharashtra,2024-04-22,Silver
2200,Prakash Singh,Male,33,prakash2200@gmail.com,9697097434,Jaipur,Rajasthan,2024-01-25,Silver
2201,Ayushi Verma,Female,47,ayushi2201@gmail.com,9755084768,Jaipur,Rajasthan,2022-10-02,Gold
2202,Aarav Thakur,Male,36,aarav2202@gmail.com,9356427918,Gaya,Bihar,2022-04-28,Regular
2203,Priya Gupta,Female,34,priya2203@gmail.com,9730416968,Chennai,Tamil Nadu,2024-12-13,Regular
2204,Ananya Gupta,Female,24,ananya2204@gmail.com,9196698641,Pune,Maharashtra,2022-10-17,Regular
2205,Ananya Singh,Female,21,ananya2205@gmail.com,9751177700,Warangal,Telangana,2025-01-19,Platinum
2206,Rohan Gupta,Male,31,rohan2206@gmail.com,9244640503,Chennai,Tamil Nadu,2024-10-05,Regular
2207,Aarav Yadav,Male,22,aarav2207@gmail.com,9190049667,Kolkata,West Bengal,2022-03-13,Gold
2208,Priya Yadav,Female,47,priya2208@gmail.com,9637604820,Jodhpur,Rajasthan,2022-07-15,Gold
2209,Aarav Sharma,Male,19,aarav2209@gmail.com,9970468743,Jaipur,Rajasthan,2023-03-04,Regular
2210,Neha Singh,Female,26,neha2210@gmail.com,9999362664,Pune,Maharashtra,2025-01-30,Silver
2211,Ananya Yadav,Female,48,ananya2211@gmail.com,9783794688,Patna,Bihar,2023-11-15,Silver
2212,Sneha Singh,Female,18,sneha2212@gmail.com,9766856058,Delhi,Delhi,2024-04-30,Silver
2213,Sneha Verma,Female,21,sneha2213@gmail.com,9181874897,Kanpur,Uttar Pradesh,2022-10-02,Regular
2214,Amit Thakur,Male,52,amit2214@gmail.com,9413794060,Mumbai,Maharashtra,2022-08-11,Regular
2215,Priya Kumar,Female,44,priya2215@gmail.com,9309063902,Kanpur,Uttar Pradesh,2022-10-13,Regular
2216,Sneha Sharma,Female,33,sneha2216@gmail.com,9584571024,Bengaluru,Karnataka,2022-05-31,Regular
2217,Vivaan Singh,Male,20,vivaan2217@gmail.com,9846698400,Siliguri,West Bengal,2023-06-07,Silver
2218,Amit Yadav,Male,41,amit2218@gmail.com,9776970557,Delhi,Delhi,2022-03-29,Regular
2219,Rahul Yadav,Male,45,rahul2219@gmail.com,9949041920,Kolkata,West Bengal,2024-05-27,Silver
2220,Vivaan Sharma,Male,19,vivaan2220@gmail.com,9145267360,Jaipur,Rajasthan,2024-05-23,Platinum
2221,Priya Yadav,Female,56,priya2221@gmail.com,9194897028,Patna,Bihar,2024-03-25,Gold
2222,Aditya Das,Male,38,aditya2222@gmail.com,9900110851,Gaya,Bihar,2022-05-29,Regular
2223,Ayushi Verma,Female,21,ayushi2223@gmail.com,9977674073,Bengaluru,Karnataka,2023-12-30,Regular
2224,Neha Singh,Female,58,neha2224@gmail.com,9621054856,Jaipur,Rajasthan,2024-09-21,Regular
2225,Sneha Gupta,Female,34,sneha2225@gmail.com,9411815504,Jaipur,Rajasthan,2024-12-10,Silver
2226,Prakash Thakur,Male,18,prakash2226@gmail.com,9952348464,Patna,Bihar,2025-02-09,Silver
2227,Priya Thakur,Female,48,priya2227@gmail.com,9816300459,Hyderabad,Telangana,2023-05-02,Gold
2228,Neha Kumar,Female,32,neha2228@gmail.com,9792709053,Jaipur,Rajasthan,2023-03-11,Regular
2229,Vivaan Verma,Male,19,vivaan2229@gmail.com,9750346154,Mumbai,Maharashtra,2024-07-13,Gold
2230,Sneha Singh,Female,36,sneha2230@gmail.com,9716421753,Jodhpur,Rajasthan,2023-08-16,Regular
2231,Ayushi Sharma,Female,56,ayushi2231@gmail.com,9858235280,Gaya,Bihar,2024-04-05,Silver
2232,Rohan Thakur,Male,59,rohan2232@gmail.com,9749248785,Kanpur,Uttar Pradesh,2025-02-05,Gold
2233,Amit Thakur,Male,52,amit2233@gmail.com,9941309750,Hyderabad,Telangana,2022-10-25,Regular
2234,Aditya Verma,Male,24,aditya2234@gmail.com,9416117648,Lucknow,Uttar Pradesh,2025-03-03,Regular
2235,Sneha Gupta,Female,30,sneha2235@gmail.com,9216345156,Jodhpur,Rajasthan,2022-12-25,Regular
2236,Aditya Yadav,Male,54,aditya2236@gmail.com,9701133026,Coimbatore,Tamil Nadu,2024-04-07,Platinum
2237,Sneha Kumar,Female,48,sneha2237@gmail.com,9266430856,Gaya,Bihar,2025-02-16,Regular
2238,Neha Kumar,Female,29,neha2238@gmail.com,9904529581,Pune,Maharashtra,2024-06-24,Regular
2239,Amit Gupta,Male,60,amit2239@gmail.com,9811400475,Jaipur,Rajasthan,2023-10-30,Silver
2240,Amit Sharma,Male,19,amit2240@gmail.com,9997617294,Kolkata,West Bengal,2025-02-23,Gold
2241,Priya Yadav,Female,27,priya2241@gmail.com,9846404164,Delhi,Delhi,2022-08-30,Silver
2242,Aarav Sharma,Male,55,aarav2242@gmail.com,9919378040,Kanpur,Uttar Pradesh,2024-04-11,Regular
2243,Rohan Thakur,Male,53,rohan2243@gmail.com,9510635261,Mysuru,Karnataka,2022-07-11,Silver
2244,Rohan Singh,Male,18,rohan2244@gmail.com,9703221779,Siliguri,West Bengal,2023-03-20,Regular
2245,Rohan Sharma,Male,51,rohan2245@gmail.com,9436827097,Lucknow,Uttar Pradesh,2023-01-25,Silver
2246,Prakash Thakur,Male,52,prakash2246@gmail.com,9259936038,Pune,Maharashtra,2024-03-27,Regular
2247,Rohan Kumar,Male,28,rohan2247@gmail.com,9613696693,Delhi,Delhi,2022-03-02,Gold
2248,Rohan Yadav,Male,42,rohan2248@gmail.com,9167221562,Patna,Bihar,2024-03-11,Platinum
2249,Amit Gupta,Male,23,amit2249@gmail.com,9817597823,Pune,Maharashtra,2022-06-03,Regular
2250,Aarav Singh,Male,51,aarav2250@gmail.com,9160114780,Kolkata,West Bengal,2024-02-08,Silver
2251,Ayushi Singh,Female,21,ayushi2251@gmail.com,9586552040,Delhi,Delhi,2023-10-21,Regular
2252,Sneha Das,Female,58,sneha2252@gmail.com,9254240996,Bengaluru,Karnataka,2024-04-22,Regular
2253,Rohan Thakur,Male,19,rohan2253@gmail.com,9631790821,Kolkata,West Bengal,2023-07-08,Regular
2254,Aditya Kumar,Male,26,aditya2254@gmail.com,9879559338,Delhi,Delhi,2024-07-08,Regular
2255,Sneha Sharma,Female,19,sneha2255@gmail.com,9696425455,Lucknow,Uttar Pradesh,2023-12-07,Gold
2256,Neha Kumar,Female,54,neha2256@gmail.com,9850846526,Warangal,Telangana,2022-11-26,Platinum
2257,Aarav Yadav,Male,52,aarav2257@gmail.com,9382178361,Pune,Maharashtra,2024-12-09,Regular
2258,Prakash Das,Male,23,prakash2258@gmail.com,9242448674,Chennai,Tamil Nadu,2023-04-21,Platinum
2259,Ananya Sharma,Female,40,ananya2259@gmail.com,9530905805,Siliguri,West Bengal,2023-02-19,Regular
2260,Rahul Kumar,Male,28,rahul2260@gmail.com,9828032070,Jaipur,Rajasthan,2023-02-24,Regular
2261,Neha Singh,Female,45,neha2261@gmail.com,9355521543,Bengaluru,Karnataka,2023-03-25,Gold
2262,Rahul Das,Male,54,rahul2262@gmail.com,9470403591,Kolkata,West Bengal,2025-01-23,Regular
2263,Rahul Singh,Male,36,rahul2263@gmail.com,9429744237,Chennai,Tamil Nadu,2025-01-21,Regular
2264,Sneha Verma,Female,27,sneha2264@gmail.com,9524759964,Patna,Bihar,2022-04-08,Regular
2265,Neha Thakur,Female,21,neha2265@gmail.com,9353948002,Patna,Bihar,2023-08-07,Regular
2266,Neha Das,Female,24,neha2266@gmail.com,9252227862,Delhi,Delhi,2024-12-30,Gold
2267,Aditya Singh,Male,28,aditya2267@gmail.com,9786188102,Hyderabad,Telangana,2022-01-29,Regular
2268,Vivaan Gupta,Male,51,vivaan2268@gmail.com,9550829541,Hyderabad,Telangana,2023-06-19,Regular
2269,Ananya Das,Female,32,ananya2269@gmail.com,9913765794,Jodhpur,Rajasthan,2024-06-15,Regular
2270,Vivaan Sharma,Male,38,vivaan2270@gmail.com,9538543191,Chennai,Tamil Nadu,2025-01-18,Regular
2271,Ananya Kumar,Female,55,ananya2271@gmail.com,9684758032,Coimbatore,Tamil Nadu,2024-10-06,Silver
2272,Rohan Singh,Male,48,rohan2272@gmail.com,9851739050,Kanpur,Uttar Pradesh,2024-07-17,Regular
2273,Neha Sharma,Female,41,neha2273@gmail.com,9920914314,Hyderabad,Telangana,2022-02-01,Regular
2274,Vivaan Sharma,Male,32,vivaan2274@gmail.com,9775571436,Jaipur,Rajasthan,2023-01-05,Regular
2275,Neha Verma,Female,39,neha2275@gmail.com,9678826863,Bengaluru,Karnataka,2022-01-31,Platinum
2276,Neha Sharma,Female,51,neha2276@gmail.com,9799329863,Pune,Maharashtra,2022-05-30,Gold
2277,Sneha Sharma,Female,54,sneha2277@gmail.com,9527274555,Bengaluru,Karnataka,2023-11-02,Platinum
2278,Prakash Yadav,Male,36,prakash2278@gmail.com,9941114937,Gaya,Bihar,2025-01-14,Silver
2279,Aditya Kumar,Male,20,aditya2279@gmail.com,9749792615,Patna,Bihar,2023-11-09,Silver
2280,Ananya Thakur,Female,36,ananya2280@gmail.com,9796182694,Coimbatore,Tamil Nadu,2024-11-05,Regular
2281,Rohan Singh,Male,40,rohan2281@gmail.com,9585184907,Kolkata,West Bengal,2023-08-04,Silver
2282,Aarav Das,Male,40,aarav2282@gmail.com,9292245204,Jodhpur,Rajasthan,2022-07-07,Regular
2283,Rahul Yadav,Male,30,rahul2283@gmail.com,9679036862,Jodhpur,Rajasthan,2024-09-05,Gold
2284,Sneha Das,Female,42,sneha2284@gmail.com,9937784833,Bengaluru,Karnataka,2023-07-17,Regular
2285,Rahul Das,Male,52,rahul2285@gmail.com,9260972239,Pune,Maharashtra,2024-02-27,Gold
2286,Ananya Sharma,Female,38,ananya2286@gmail.com,9654176259,Kanpur,Uttar Pradesh,2022-09-23,Silver
2287,Rohan Verma,Male,18,rohan2287@gmail.com,9527986678,Hyderabad,Telangana,2024-12-09,Silver
2288,Aarav Thakur,Male,60,aarav2288@gmail.com,9486930664,Coimbatore,Tamil Nadu,2022-03-03,Gold
2289,Ananya Verma,Female,54,ananya2289@gmail.com,9141141272,Kanpur,Uttar Pradesh,2024-07-24,Regular
2290,Ayushi Sharma,Female,41,ayushi2290@gmail.com,9388109029,Mumbai,Maharashtra,2023-12-03,Regular
2291,Rahul Yadav,Male,26,rahul2291@gmail.com,9479052259,Jodhpur,Rajasthan,2023-02-06,Gold
2292,Rohan Gupta,Male,52,rohan2292@gmail.com,9893882317,Delhi,Delhi,2022-09-30,Silver
2293,Prakash Gupta,Male,54,prakash2293@gmail.com,9210705588,Delhi,Delhi,2025-01-23,Regular
2294,Vivaan Verma,Male,52,vivaan2294@gmail.com,9917652479,Mysuru,Karnataka,2023-01-18,Regular
2295,Priya Yadav,Female,54,priya2295@gmail.com,9284530250,Hyderabad,Telangana,2022-12-10,Regular
2296,Priya Verma,Female,32,priya2296@gmail.com,9641682614,Chennai,Tamil Nadu,2022-07-29,Regular
2297,Priya Kumar,Female,51,priya2297@gmail.com,9382232336,Kanpur,Uttar Pradesh,2024-09-29,Platinum
2298,Aarav Verma,Male,36,aarav2298@gmail.com,9985688820,Jodhpur,Rajasthan,2024-09-25,Regular
2299,Ayushi Singh,Female,54,ayushi2299@gmail.com,9180004114,Patna,Bihar,2024-11-15,Gold
2300,Sneha Das,Female,21,sneha2300@gmail.com,9313833343,Pune,Maharashtra,2022-12-04,Silver
2301,Ayushi Kumar,Female,41,ayushi2301@gmail.com,9325685354,Kolkata,West Bengal,2022-06-26,Regular
2302,Ayushi Das,Female,38,ayushi2302@gmail.com,9988628030,Pune,Maharashtra,2022-08-09,Regular
2303,Ananya Sharma,Female,57,ananya2303@gmail.com,9330282830,Mumbai,Maharashtra,2024-01-20,Gold
2304,Prakash Yadav,Male,38,prakash2304@gmail.com,9149168968,Hyderabad,Telangana,2024-07-05,Regular
2305,Ananya Singh,Female,23,ananya2305@gmail.com,9137787327,Delhi,Delhi,2023-08-04,Gold
2306,Neha Singh,Female,48,neha2306@gmail.com,9702890574,Mysuru,Karnataka,2024-12-08,Regular
2307,Aarav Thakur,Male,26,aarav2307@gmail.com,9352339994,Mysuru,Karnataka,2024-01-10,Gold
2308,Neha Sharma,Female,39,neha2308@gmail.com,9698510766,Jodhpur,Rajasthan,2022-10-08,Gold
2309,Aarav Verma,Male,50,aarav2309@gmail.com,9546153330,Kanpur,Uttar Pradesh,2025-04-10,Gold
2310,Ayushi Thakur,Female,26,ayushi2310@gmail.com,9629045335,Warangal,Telangana,2022-12-10,Silver
2311,Ananya Thakur,Female,58,ananya2311@gmail.com,9464574222,Jodhpur,Rajasthan,2025-01-13,Silver
2312,Priya Thakur,Female,50,priya2312@gmail.com,9238401931,Kanpur,Uttar Pradesh,2022-12-31,Regular
2313,Ananya Yadav,Female,19,ananya2313@gmail.com,9246163398,Mumbai,Maharashtra,2023-11-12,Platinum
2314,Aarav Sharma,Male,41,aarav2314@gmail.com,9786298234,Patna,Bihar,2023-09-21,Regular
2315,Prakash Sharma,Male,38,prakash2315@gmail.com,9440780867,Chennai,Tamil Nadu,2022-08-26,Regular
2316,Priya Das,Female,51,priya2316@gmail.com,9319141328,Gaya,Bihar,2022-03-11,Silver
2317,Rohan Singh,Male,37,rohan2317@gmail.com,9405332410,Lucknow,Uttar Pradesh,2023-08-05,Gold
2318,Neha Das,Female,49,neha2318@gmail.com,9841269110,Jodhpur,Rajasthan,2022-10-23,Platinum
2319,Rahul Das,Male,59,rahul2319@gmail.com,9543755436,Coimbatore,Tamil Nadu,2023-08-23,Regular
2320,Priya Sharma,Female,36,priya2320@gmail.com,9324573973,Patna,Bihar,2024-01-26,Platinum
2321,Aditya Singh,Male,30,aditya2321@gmail.com,9998011802,Mumbai,Maharashtra,2022-10-01,Regular
2322,Rohan Kumar,Male,57,rohan2322@gmail.com,9199432884,Chennai,Tamil Nadu,2023-09-17,Regular
2323,Amit Gupta,Male,34,amit2323@gmail.com,9625637267,Patna,Bihar,2024-04-30,Regular
2324,Priya Kumar,Female,28,priya2324@gmail.com,9923490206,Jodhpur,Rajasthan,2024-12-26,Regular
2325,Rohan Das,Male,29,rohan2325@gmail.com,9475903808,Jaipur,Rajasthan,2022-12-29,Regular
2326,Ananya Verma,Female,58,ananya2326@gmail.com,9385218379,Siliguri,West Bengal,2025-02-25,Regular
2327,Sneha Kumar,Female,27,sneha2327@gmail.com,9764229062,Lucknow,Uttar Pradesh,2023-10-29,Regular
2328,Rohan Gupta,Male,43,rohan2328@gmail.com,9157011895,Warangal,Telangana,2022-07-29,Silver
2329,Vivaan Das,Male,22,vivaan2329@gmail.com,9590879043,Mysuru,Karnataka,2022-12-26,Silver
2330,Ananya Gupta,Female,59,ananya2330@gmail.com,9725513051,Coimbatore,Tamil Nadu,2025-03-02,Platinum
2331,Aditya Sharma,Male,54,aditya2331@gmail.com,9708676979,Gaya,Bihar,2022-11-14,Gold
2332,Aditya Singh,Male,38,aditya2332@gmail.com,9805713699,Coimbatore,Tamil Nadu,2024-05-24,Gold
2333,Prakash Sharma,Male,28,prakash2333@gmail.com,9449076166,Pune,Maharashtra,2023-04-30,Silver
2334,Priya Thakur,Female,44,priya2334@gmail.com,9231164596,Chennai,Tamil Nadu,2023-07-01,Regular
2335,Prakash Sharma,Male,36,prakash2335@gmail.com,9365359505,Warangal,Telangana,2024-03-16,Platinum
2336,Ayushi Das,Female,29,ayushi2336@gmail.com,9579776538,Siliguri,West Bengal,2022-08-27,Silver
2337,Aditya Sharma,Male,22,aditya2337@gmail.com,9274042355,Hyderabad,Telangana,2024-06-20,Regular
2338,Amit Das,Male,31,amit2338@gmail.com,9626485141,Coimbatore,Tamil Nadu,2022-08-19,Silver
2339,Sneha Gupta,Female,27,sneha2339@gmail.com,9130148921,Kolkata,West Bengal,2022-09-25,Gold
2340,Priya Yadav,Female,53,priya2340@gmail.com,9302336404,Mumbai,Maharashtra,2022-04-22,Regular
2341,Amit Das,Male,51,amit2341@gmail.com,9640586817,Gaya,Bihar,2024-08-11,Silver
2342,Rohan Gupta,Male,60,rohan2342@gmail.com,9652262525,Warangal,Telangana,2024-02-02,Regular
2343,Aarav Kumar,Male,19,aarav2343@gmail.com,9398640009,Coimbatore,Tamil Nadu,2023-02-18,Platinum
2344,Rohan Singh,Male,54,rohan2344@gmail.com,9444385657,Coimbatore,Tamil Nadu,2025-03-18,Regular
2345,Aditya Gupta,Male,23,aditya2345@gmail.com,9124524881,Pune,Maharashtra,2025-03-14,Gold
2346,Rohan Kumar,Male,37,rohan2346@gmail.com,9313502280,Mysuru,Karnataka,2022-07-09,Regular
2347,Aarav Gupta,Male,54,aarav2347@gmail.com,9546230358,Jaipur,Rajasthan,2022-01-11,Platinum
2348,Rohan Das,Male,56,rohan2348@gmail.com,9223662999,Mumbai,Maharashtra,2022-07-10,Regular
2349,Ananya Sharma,Female,31,ananya2349@gmail.com,9269011848,Patna,Bihar,2022-08-25,Regular
2350,Rahul Sharma,Male,25,rahul2350@gmail.com,9750512858,Warangal,Telangana,2022-04-20,Gold
2351,Vivaan Yadav,Male,24,vivaan2351@gmail.com,9239052227,Mumbai,Maharashtra,2024-04-04,Gold
2352,Sneha Kumar,Female,26,sneha2352@gmail.com,9876314648,Patna,Bihar,2024-07-03,Regular
2353,Prakash Gupta,Male,20,prakash2353@gmail.com,9415263725,Jodhpur,Rajasthan,2023-03-15,Silver
2354,Priya Gupta,Female,18,priya2354@gmail.com,9809031694,Kanpur,Uttar Pradesh,2025-01-03,Regular
2355,Aditya Thakur,Male,24,aditya2355@gmail.com,9196744637,Delhi,Delhi,2022-12-27,Regular
2356,Rohan Sharma,Male,18,rohan2356@gmail.com,9718936517,Jodhpur,Rajasthan,2023-11-22,Silver
2357,Sneha Thakur,Female,26,sneha2357@gmail.com,9118376979,Bengaluru,Karnataka,2024-02-09,Gold
2358,Priya Yadav,Female,59,priya2358@gmail.com,9101327225,Coimbatore,Tamil Nadu,2022-05-16,Gold
2359,Aditya Das,Male,24,aditya2359@gmail.com,9345740029,Coimbatore,Tamil Nadu,2022-02-04,Platinum
2360,Ayushi Gupta,Female,40,ayushi2360@gmail.com,9690230487,Mumbai,Maharashtra,2024-05-18,Regular
2361,Ayushi Sharma,Female,19,ayushi2361@gmail.com,9378482739,Siliguri,West Bengal,2023-03-11,Platinum
2362,Aditya Das,Male,45,aditya2362@gmail.com,9232191422,Bengaluru,Karnataka,2022-04-21,Regular
2363,Prakash Das,Male,21,prakash2363@gmail.com,9278618927,Mysuru,Karnataka,2023-07-24,Silver
2364,Ananya Singh,Female,45,ananya2364@gmail.com,9734380277,Gaya,Bihar,2024-06-02,Regular
2365,Aditya Thakur,Male,59,aditya2365@gmail.com,9214932980,Chennai,Tamil Nadu,2024-12-23,Regular
2366,Rohan Kumar,Male,36,rohan2366@gmail.com,9134770964,Delhi,Delhi,2023-03-31,Regular
2367,Sneha Verma,Female,49,sneha2367@gmail.com,9706050251,Mumbai,Maharashtra,2024-04-10,Gold
2368,Neha Thakur,Female,41,neha2368@gmail.com,9575466049,Warangal,Telangana,2022-05-13,Silver
2369,Ayushi Yadav,Female,33,ayushi2369@gmail.com,9369811155,Siliguri,West Bengal,2022-12-20,Regular
2370,Ayushi Das,Female,18,ayushi2370@gmail.com,9218713151,Mumbai,Maharashtra,2024-06-08,Regular
2371,Amit Singh,Male,31,amit2371@gmail.com,9128610295,Patna,Bihar,2022-03-21,Gold
2372,Vivaan Das,Male,35,vivaan2372@gmail.com,9919742008,Lucknow,Uttar Pradesh,2024-03-27,Platinum
2373,Neha Kumar,Female,18,neha2373@gmail.com,9654965529,Hyderabad,Telangana,2025-01-19,Regular
2374,Vivaan Sharma,Male,24,vivaan2374@gmail.com,9467991714,Siliguri,West Bengal,2022-03-04,Silver
2375,Prakash Kumar,Male,46,prakash2375@gmail.com,9209163516,Hyderabad,Telangana,2024-04-16,Regular
2376,Priya Singh,Female,36,priya2376@gmail.com,9487750861,Hyderabad,Telangana,2022-04-08,Platinum
2377,Ayushi Gupta,Female,29,ayushi2377@gmail.com,9222627606,Delhi,Delhi,2024-03-31,Silver
2378,Sneha Yadav,Female,40,sneha2378@gmail.com,9670899603,Patna,Bihar,2023-01-08,Gold
2379,Neha Yadav,Female,49,neha2379@gmail.com,9131873007,Siliguri,West Bengal,2023-06-04,Regular
2380,Priya Gupta,Female,56,priya2380@gmail.com,9532266824,Jaipur,Rajasthan,2023-02-15,Regular
2381,Neha Yadav,Female,27,neha2381@gmail.com,9184754106,Warangal,Telangana,2024-06-13,Regular
2382,Aditya Das,Male,20,aditya2382@gmail.com,9161827003,Mumbai,Maharashtra,2022-02-08,Platinum
2383,Neha Singh,Female,39,neha2383@gmail.com,9773061795,Kanpur,Uttar Pradesh,2023-09-29,Silver
2384,Aarav Das,Male,60,aarav2384@gmail.com,9601822501,Mumbai,Maharashtra,2024-09-21,Regular
2385,Aarav Thakur,Male,33,aarav2385@gmail.com,9683984539,Delhi,Delhi,2025-04-14,Gold
2386,Ananya Thakur,Female,18,ananya2386@gmail.com,9438279112,Jaipur,Rajasthan,2025-03-21,Regular
2387,Aditya Kumar,Male,57,aditya2387@gmail.com,9753746864,Pune,Maharashtra,2023-06-08,Silver
2388,Neha Das,Female,59,neha2388@gmail.com,9169920620,Delhi,Delhi,2023-04-04,Regular
2389,Neha Yadav,Female,36,neha2389@gmail.com,9209581171,Hyderabad,Telangana,2025-02-13,Regular
2390,Aditya Gupta,Male,36,aditya2390@gmail.com,9152725202,Lucknow,Uttar Pradesh,2024-09-20,Regular
2391,Prakash Sharma,Male,45,prakash2391@gmail.com,9296511221,Delhi,Delhi,2023-10-23,Regular
2392,Sneha Singh,Female,18,sneha2392@gmail.com,9171935975,Jodhpur,Rajasthan,2024-07-02,Silver
2393,Neha Sharma,Female,31,neha2393@gmail.com,9601725711,Delhi,Delhi,2022-02-23,Regular
2394,Vivaan Singh,Male,21,vivaan2394@gmail.com,9270036116,Hyderabad,Telangana,2024-04-21,Silver
2395,Vivaan Singh,Male,41,vivaan2395@gmail.com,9834811088,Gaya,Bihar,2023-04-27,Silver
2396,Aditya Singh,Male,46,aditya2396@gmail.com,9124065944,Jodhpur,Rajasthan,2022-06-21,Silver
2397,Rohan Kumar,Male,52,rohan2397@gmail.com,9528424763,Jodhpur,Rajasthan,2022-05-25,Gold
2398,Aditya Singh,Male,40,aditya2398@gmail.com,9660435567,Delhi,Delhi,2024-07-13,Silver
2399,Amit Verma,Male,18,amit2399@gmail.com,9678853959,Coimbatore,Tamil Nadu,2024-06-15,Regular
2400,Amit Kumar,Male,48,amit2400@gmail.com,9443810137,Gaya,Bihar,2024-05-07,Regular
2401,Prakash Yadav,Male,23,prakash2401@gmail.com,9421645450,Mumbai,Maharashtra,2025-02-27,Silver
2402,Aditya Das,Male,28,aditya2402@gmail.com,9744139558,Mumbai,Maharashtra,2023-07-08,Silver
2403,Rahul Yadav,Male,60,rahul2403@gmail.com,9612320575,Jaipur,Rajasthan,2025-03-30,Silver
2404,Aarav Verma,Male,25,aarav2404@gmail.com,9377724867,Gaya,Bihar,2023-04-15,Gold
2405,Vivaan Verma,Male,20,vivaan2405@gmail.com,9630810146,Pune,Maharashtra,2024-05-24,Gold
2406,Rahul Thakur,Male,53,rahul2406@gmail.com,9340658499,Chennai,Tamil Nadu,2025-02-06,Regular
2407,Vivaan Das,Male,60,vivaan2407@gmail.com,9819437596,Kanpur,Uttar Pradesh,2025-04-04,Silver
2408,Rohan Kumar,Male,58,rohan2408@gmail.com,9403911870,Mysuru,Karnataka,2024-05-13,Gold
2409,Amit Gupta,Male,57,amit2409@gmail.com,9560966221,Kanpur,Uttar Pradesh,2023-06-27,Regular
2410,Aditya Singh,Male,18,aditya2410@gmail.com,9264228009,Warangal,Telangana,2024-06-28,Silver
2411,Aditya Sharma,Male,55,aditya2411@gmail.com,9916096639,Pune,Maharashtra,2023-12-30,Regular
2412,Amit Sharma,Male,50,amit2412@gmail.com,9716188585,Kanpur,Uttar Pradesh,2022-01-01,Platinum
2413,Amit Yadav,Male,50,amit2413@gmail.com,9344761663,Coimbatore,Tamil Nadu,2024-12-26,Silver
2414,Ayushi Yadav,Female,27,ayushi2414@gmail.com,9908415147,Lucknow,Uttar Pradesh,2024-09-09,Silver
2415,Aarav Singh,Male,37,aarav2415@gmail.com,9179299111,Pune,Maharashtra,2022-07-02,Regular
2416,Priya Sharma,Female,44,priya2416@gmail.com,9215921670,Mumbai,Maharashtra,2023-02-23,Regular
2417,Aarav Verma,Male,33,aarav2417@gmail.com,9147020072,Warangal,Telangana,2023-01-18,Gold
2418,Neha Verma,Female,28,neha2418@gmail.com,9486886558,Kolkata,West Bengal,2022-02-14,Gold
2419,Rahul Sharma,Male,25,rahul2419@gmail.com,9761725207,Delhi,Delhi,2023-06-21,Regular
2420,Prakash Thakur,Male,19,prakash2420@gmail.com,9945784252,Kolkata,West Bengal,2023-07-15,Silver
2421,Rahul Das,Male,51,rahul2421@gmail.com,9236126068,Lucknow,Uttar Pradesh,2022-05-14,Silver
2422,Amit Kumar,Male,47,amit2422@gmail.com,9994779063,Jaipur,Rajasthan,2024-03-31,Silver
2423,Vivaan Das,Male,44,vivaan2423@gmail.com,9655094022,Pune,Maharashtra,2023-07-09,Gold
2424,Priya Sharma,Female,58,priya2424@gmail.com,9504297899,Mumbai,Maharashtra,2024-03-18,Platinum
2425,Sneha Gupta,Female,43,sneha2425@gmail.com,9847838944,Jodhpur,Rajasthan,2025-04-06,Silver
2426,Amit Yadav,Male,37,amit2426@gmail.com,9839474334,Warangal,Telangana,2025-03-07,Gold
2427,Priya Thakur,Female,60,priya2427@gmail.com,9152936042,Pune,Maharashtra,2023-10-05,Regular
2428,Aarav Das,Male,33,aarav2428@gmail.com,9848388271,Bengaluru,Karnataka,2024-01-10,Gold
2429,Vivaan Singh,Male,23,vivaan2429@gmail.com,9553636760,Gaya,Bihar,2024-08-29,Silver
2430,Sneha Yadav,Female,44,sneha2430@gmail.com,9437571555,Patna,Bihar,2023-03-01,Regular
2431,Amit Thakur,Male,41,amit2431@gmail.com,9743701616,Bengaluru,Karnataka,2023-11-03,Regular
2432,Aarav Kumar,Male,37,aarav2432@gmail.com,9966502737,Hyderabad,Telangana,2025-03-18,Regular
2433,Aditya Kumar,Male,42,aditya2433@gmail.com,9502701150,Jodhpur,Rajasthan,2023-08-24,Silver
2434,Neha Das,Female,21,neha2434@gmail.com,9450978803,Delhi,Delhi,2024-04-20,Gold
2435,Aarav Thakur,Male,45,aarav2435@gmail.com,9491043371,Delhi,Delhi,2023-10-07,Regular
2436,Amit Kumar,Male,46,amit2436@gmail.com,9940221054,Warangal,Telangana,2025-03-15,Platinum
2437,Prakash Kumar,Male,26,prakash2437@gmail.com,9360400251,Kolkata,West Bengal,2024-05-20,Gold
2438,Neha Yadav,Female,58,neha2438@gmail.com,9297917845,Siliguri,West Bengal,2022-09-25,Gold
2439,Aarav Singh,Male,58,aarav2439@gmail.com,9458632005,Siliguri,West Bengal,2024-03-23,Silver
2440,Aarav Kumar,Male,28,aarav2440@gmail.com,9300508459,Kolkata,West Bengal,2024-05-21,Regular
2441,Aditya Das,Male,48,aditya2441@gmail.com,9845122740,Mysuru,Karnataka,2024-05-26,Silver
2442,Aditya Verma,Male,42,aditya2442@gmail.com,9129795156,Delhi,Delhi,2022-05-18,Regular
2443,Ananya Singh,Female,41,ananya2443@gmail.com,9640479208,Mysuru,Karnataka,2022-07-09,Gold
2444,Aarav Kumar,Male,18,aarav2444@gmail.com,9216337617,Delhi,Delhi,2025-01-04,Regular
2445,Rahul Das,Male,26,rahul2445@gmail.com,9310328639,Jodhpur,Rajasthan,2025-02-18,Gold
2446,Rahul Kumar,Male,46,rahul2446@gmail.com,9244858524,Mysuru,Karnataka,2023-07-14,Platinum
2447,Aditya Yadav,Male,27,aditya2447@gmail.com,9884311348,Kanpur,Uttar Pradesh,2022-06-05,Regular
2448,Prakash Thakur,Male,48,prakash2448@gmail.com,9467381114,Bengaluru,Karnataka,2023-04-14,Regular
2449,Amit Kumar,Male,53,amit2449@gmail.com,9476190182,Siliguri,West Bengal,2024-08-02,Platinum
2450,Ayushi Sharma,Female,26,ayushi2450@gmail.com,9232506072,Mysuru,Karnataka,2023-09-27,Silver
2451,Ayushi Verma,Female,21,ayushi2451@gmail.com,9133753643,Coimbatore,Tamil Nadu,2023-07-04,Silver
2452,Ayushi Verma,Female,59,ayushi2452@gmail.com,9601678009,Kanpur,Uttar Pradesh,2023-08-08,Regular
2453,Vivaan Singh,Male,30,vivaan2453@gmail.com,9265532151,Bengaluru,Karnataka,2022-10-14,Platinum
2454,Amit Das,Male,46,amit2454@gmail.com,9570715914,Warangal,Telangana,2022-06-23,Gold
2455,Prakash Thakur,Male,49,prakash2455@gmail.com,9282236581,Lucknow,Uttar Pradesh,2022-12-07,Regular
2456,Rohan Sharma,Male,48,rohan2456@gmail.com,9479707524,Jodhpur,Rajasthan,2022-05-30,Silver
2457,Vivaan Yadav,Male,20,vivaan2457@gmail.com,9373728913,Jaipur,Rajasthan,2023-05-21,Regular
2458,Neha Gupta,Female,52,neha2458@gmail.com,9640136501,Chennai,Tamil Nadu,2023-10-28,Gold
2459,Priya Gupta,Female,18,priya2459@gmail.com,9138401215,Delhi,Delhi,2023-09-18,Gold
2460,Ananya Yadav,Female,48,ananya2460@gmail.com,9642407643,Mumbai,Maharashtra,2024-06-21,Regular
2461,Priya Sharma,Female,34,priya2461@gmail.com,9373152725,Pune,Maharashtra,2023-07-26,Gold
2462,Ayushi Yadav,Female,52,ayushi2462@gmail.com,9325771414,Siliguri,West Bengal,2022-04-20,Gold
2463,Rahul Gupta,Male,53,rahul2463@gmail.com,9215054804,Kolkata,West Bengal,2024-07-11,Regular
2464,Rohan Singh,Male,52,rohan2464@gmail.com,9590155972,Kolkata,West Bengal,2022-10-29,Platinum
2465,Amit Yadav,Male,55,amit2465@gmail.com,9556968362,Jodhpur,Rajasthan,2025-03-09,Platinum
2466,Ananya Kumar,Female,38,ananya2466@gmail.com,9616728439,Jaipur,Rajasthan,2023-09-19,Silver
2467,Vivaan Thakur,Male,26,vivaan2467@gmail.com,9372508287,Mysuru,Karnataka,2024-07-09,Regular
2468,Ananya Yadav,Female,29,ananya2468@gmail.com,9387547650,Patna,Bihar,2023-06-02,Regular
2469,Sneha Das,Female,51,sneha2469@gmail.com,9352829507,Chennai,Tamil Nadu,2022-11-30,Regular
2470,Vivaan Das,Male,43,vivaan2470@gmail.com,9977151931,Mumbai,Maharashtra,2022-03-03,Regular
2471,Amit Kumar,Male,53,amit2471@gmail.com,9327731112,Chennai,Tamil Nadu,2025-03-29,Regular
2472,Vivaan Kumar,Male,32,vivaan2472@gmail.com,9288687733,Mumbai,Maharashtra,2023-01-15,Gold
2473,Ananya Yadav,Female,45,ananya2473@gmail.com,9507380254,Patna,Bihar,2024-08-02,Regular
2474,Ananya Yadav,Female,18,ananya2474@gmail.com,9688132450,Gaya,Bihar,2022-09-07,Regular
2475,Priya Yadav,Female,36,priya2475@gmail.com,9166262563,Delhi,Delhi,2022-07-10,Gold
2476,Priya Gupta,Female,55,priya2476@gmail.com,9647967765,Coimbatore,Tamil Nadu,2022-06-24,Gold
2477,Neha Sharma,Female,38,neha2477@gmail.com,9432140581,Warangal,Telangana,2023-02-04,Regular
2478,Aarav Kumar,Male,19,aarav2478@gmail.com,9590747323,Kolkata,West Bengal,2023-02-11,Gold
2479,Aarav Verma,Male,39,aarav2479@gmail.com,9896925268,Lucknow,Uttar Pradesh,2023-07-26,Silver
2480,Priya Kumar,Female,45,priya2480@gmail.com,9564770044,Hyderabad,Telangana,2022-04-05,Platinum
2481,Ayushi Singh,Female,18,ayushi2481@gmail.com,9795038276,Kanpur,Uttar Pradesh,2022-06-01,Regular
2482,Vivaan Singh,Male,36,vivaan2482@gmail.com,9101702569,Siliguri,West Bengal,2023-04-06,Gold
2483,Vivaan Yadav,Male,57,vivaan2483@gmail.com,9604050683,Jodhpur,Rajasthan,2023-07-05,Regular
2484,Amit Gupta,Male,44,amit2484@gmail.com,9688662592,Gaya,Bihar,2024-05-30,Regular
2485,Neha Yadav,Female,42,neha2485@gmail.com,9751689611,Jaipur,Rajasthan,2022-11-23,Regular
2486,Amit Yadav,Male,53,amit2486@gmail.com,9658387635,Patna,Bihar,2025-02-16,Gold
2487,Amit Das,Male,41,amit2487@gmail.com,9132893947,Pune,Maharashtra,2022-05-29,Regular
2488,Priya Das,Female,54,priya2488@gmail.com,9587984181,Lucknow,Uttar Pradesh,2022-06-08,Gold
2489,Aditya Kumar,Male,26,aditya2489@gmail.com,9563440879,Patna,Bihar,2022-06-28,Gold
2490,Rohan Sharma,Male,18,rohan2490@gmail.com,9425049214,Siliguri,West Bengal,2024-02-18,Platinum
2491,Sneha Verma,Female,22,sneha2491@gmail.com,9941776099,Jaipur,Rajasthan,2022-10-13,Regular
2492,Vivaan Das,Male,47,vivaan2492@gmail.com,9412230513,Siliguri,West Bengal,2024-09-23,Silver
2493,Ayushi Yadav,Female,22,ayushi2493@gmail.com,9203693388,Mysuru,Karnataka,2023-01-14,Silver
2494,Ayushi Singh,Female,26,ayushi2494@gmail.com,9567874903,Jaipur,Rajasthan,2024-04-04,Regular
2495,Sneha Das,Female,50,sneha2495@gmail.com,9730968145,Bengaluru,Karnataka,2023-11-16,Regular
2496,Ananya Verma,Female,26,ananya2496@gmail.com,9212996069,Gaya,Bihar,2023-06-30,Gold
2497,Priya Das,Female,38,priya2497@gmail.com,9567204030,Siliguri,West Bengal,2022-04-03,Gold
2498,Sneha Sharma,Female,41,sneha2498@gmail.com,9633590589,Bengaluru,Karnataka,2022-09-16,Gold
2499,Vivaan Yadav,Male,39,vivaan2499@gmail.com,9540243542,Patna,Bihar,2023-03-26,Regular
2500,Aditya Gupta,Male,35,aditya2500@gmail.com,9604661559,Gaya,Bihar,2022-10-06,Platinum
2501,Amit Verma,Male,18,amit2501@gmail.com,9162718085,Jaipur,Rajasthan,2023-07-28,Regular
2502,Aditya Thakur,Male,33,aditya2502@gmail.com,9196732829,Jaipur,Rajasthan,2024-07-15,Regular
2503,Neha Verma,Female,48,neha2503@gmail.com,9170771493,Lucknow,Uttar Pradesh,2022-01-13,Regular
2504,Vivaan Singh,Male,41,vivaan2504@gmail.com,9101101330,Kolkata,West Bengal,2025-03-22,Silver
2505,Rohan Singh,Male,29,rohan2505@gmail.com,9558921202,Hyderabad,Telangana,2023-10-08,Regular
2506,Prakash Das,Male,54,prakash2506@gmail.com,9246205280,Gaya,Bihar,2022-04-20,Regular
2507,Vivaan Yadav,Male,18,vivaan2507@gmail.com,9104942961,Gaya,Bihar,2023-10-05,Platinum
2508,Amit Thakur,Male,38,amit2508@gmail.com,9850681734,Delhi,Delhi,2025-02-24,Regular
2509,Neha Gupta,Female,40,neha2509@gmail.com,9241202487,Mysuru,Karnataka,2024-04-24,Silver
2510,Vivaan Yadav,Male,57,vivaan2510@gmail.com,9951511125,Delhi,Delhi,2022-06-30,Silver
2511,Prakash Thakur,Male,23,prakash2511@gmail.com,9328940430,Mysuru,Karnataka,2025-01-07,Gold
2512,Ayushi Verma,Female,27,ayushi2512@gmail.com,9477737014,Mumbai,Maharashtra,2022-04-03,Gold
2513,Rohan Sharma,Male,47,rohan2513@gmail.com,9418654274,Lucknow,Uttar Pradesh,2022-05-21,Regular
2514,Ayushi Gupta,Female,27,ayushi2514@gmail.com,9551698338,Siliguri,West Bengal,2023-11-22,Silver
2515,Amit Yadav,Male,45,amit2515@gmail.com,9580826586,Kanpur,Uttar Pradesh,2022-03-21,Regular
2516,Ananya Thakur,Female,52,ananya2516@gmail.com,9640499969,Jaipur,Rajasthan,2023-09-06,Regular
2517,Priya Gupta,Female,58,priya2517@gmail.com,9419884101,Delhi,Delhi,2024-02-23,Regular
2518,Priya Verma,Female,46,priya2518@gmail.com,9976500176,Bengaluru,Karnataka,2022-04-19,Regular
2519,Neha Verma,Female,57,neha2519@gmail.com,9460308608,Delhi,Delhi,2024-07-08,Regular
2520,Aditya Gupta,Male,29,aditya2520@gmail.com,9882958075,Siliguri,West Bengal,2025-03-02,Gold
2521,Priya Singh,Female,49,priya2521@gmail.com,9775323537,Gaya,Bihar,2022-03-29,Silver
2522,Prakash Singh,Male,24,prakash2522@gmail.com,9596820037,Patna,Bihar,2022-06-20,Gold
2523,Sneha Kumar,Female,39,sneha2523@gmail.com,9964836016,Lucknow,Uttar Pradesh,2022-10-19,Regular
2524,Aarav Sharma,Male,58,aarav2524@gmail.com,9125547544,Warangal,Telangana,2022-12-11,Regular
2525,Priya Thakur,Female,29,priya2525@gmail.com,9100697964,Kolkata,West Bengal,2022-06-20,Gold
2526,Rahul Verma,Male,40,rahul2526@gmail.com,9163910227,Bengaluru,Karnataka,2025-03-04,Regular
2527,Vivaan Verma,Male,39,vivaan2527@gmail.com,9330423680,Lucknow,Uttar Pradesh,2022-08-16,Gold
2528,Rohan Thakur,Male,58,rohan2528@gmail.com,9763180754,Mysuru,Karnataka,2024-06-20,Regular
2529,Aarav Das,Male,46,aarav2529@gmail.com,9856112323,Warangal,Telangana,2022-07-24,Regular
2530,Sneha Kumar,Female,55,sneha2530@gmail.com,9823778656,Mysuru,Karnataka,2023-12-26,Regular
2531,Rohan Singh,Male,18,rohan2531@gmail.com,9521626653,Patna,Bihar,2022-04-09,Regular
2532,Ananya Kumar,Female,55,ananya2532@gmail.com,9227257185,Coimbatore,Tamil Nadu,2023-02-21,Regular
2533,Aarav Gupta,Male,20,aarav2533@gmail.com,9643831212,Kolkata,West Bengal,2024-05-27,Silver
2534,Vivaan Thakur,Male,32,vivaan2534@gmail.com,9802164038,Delhi,Delhi,2022-07-12,Regular
2535,Priya Gupta,Female,54,priya2535@gmail.com,9465574317,Mysuru,Karnataka,2024-02-05,Regular
2536,Vivaan Kumar,Male,44,vivaan2536@gmail.com,9622797135,Siliguri,West Bengal,2022-05-02,Silver
2537,Neha Yadav,Female,21,neha2537@gmail.com,9179121611,Patna,Bihar,2025-01-26,Silver
2538,Ayushi Kumar,Female,48,ayushi2538@gmail.com,9637895095,Warangal,Telangana,2023-05-10,Regular
2539,Rohan Gupta,Male,36,rohan2539@gmail.com,9429377560,Bengaluru,Karnataka,2025-03-13,Silver
2540,Aarav Kumar,Male,49,aarav2540@gmail.com,9592285145,Kolkata,West Bengal,2024-03-15,Regular
2541,Priya Kumar,Female,28,priya2541@gmail.com,9779553060,Mysuru,Karnataka,2023-03-23,Regular
2542,Rahul Gupta,Male,38,rahul2542@gmail.com,9373915696,Patna,Bihar,2024-02-17,Regular
2543,Ayushi Singh,Female,52,ayushi2543@gmail.com,9373558458,Lucknow,Uttar Pradesh,2024-07-29,Regular
2544,Rohan Sharma,Male,32,rohan2544@gmail.com,9430406757,Patna,Bihar,2023-03-25,Regular
2545,Aarav Kumar,Male,20,aarav2545@gmail.com,9790578165,Mumbai,Maharashtra,2025-03-16,Gold
2546,Priya Gupta,Female,58,priya2546@gmail.com,9920666700,Lucknow,Uttar Pradesh,2022-01-12,Platinum
2547,Amit Thakur,Male,18,amit2547@gmail.com,9262636241,Jodhpur,Rajasthan,2023-05-13,Gold
2548,Neha Yadav,Female,32,neha2548@gmail.com,9953171966,Mumbai,Maharashtra,2024-06-28,Regular
2549,Rohan Verma,Male,39,rohan2549@gmail.com,9909855907,Gaya,Bihar,2024-07-23,Gold
2550,Priya Sharma,Female,28,priya2550@gmail.com,9737178891,Jodhpur,Rajasthan,2022-06-29,Silver
2551,Aditya Yadav,Male,32,aditya2551@gmail.com,9357987293,Kanpur,Uttar Pradesh,2022-04-06,Regular
2552,Ananya Sharma,Female,41,ananya2552@gmail.com,9479807308,Bengaluru,Karnataka,2024-07-26,Silver
2553,Rahul Das,Male,56,rahul2553@gmail.com,9235379885,Pune,Maharashtra,2022-02-20,Regular
2554,Vivaan Verma,Male,32,vivaan2554@gmail.com,9866323369,Hyderabad,Telangana,2022-11-28,Gold
2555,Prakash Yadav,Male,24,prakash2555@gmail.com,9794748460,Patna,Bihar,2022-12-11,Gold
2556,Priya Singh,Female,54,priya2556@gmail.com,9624880437,Bengaluru,Karnataka,2024-12-05,Silver
2557,Neha Singh,Female,50,neha2557@gmail.com,9568721024,Kolkata,West Bengal,2022-08-18,Regular
2558,Amit Singh,Male,54,amit2558@gmail.com,9904903350,Siliguri,West Bengal,2023-10-03,Regular
2559,Ananya Singh,Female,53,ananya2559@gmail.com,9654871154,Hyderabad,Telangana,2024-02-21,Regular
2560,Prakash Das,Male,56,prakash2560@gmail.com,9331871569,Gaya,Bihar,2024-12-31,Regular
2561,Amit Das,Male,50,amit2561@gmail.com,9396471903,Lucknow,Uttar Pradesh,2022-12-20,Regular
2562,Rohan Singh,Male,26,rohan2562@gmail.com,9280518932,Delhi,Delhi,2024-11-18,Silver
2563,Aarav Kumar,Male,53,aarav2563@gmail.com,9329513860,Hyderabad,Telangana,2022-12-30,Silver
2564,Rohan Gupta,Male,60,rohan2564@gmail.com,9266952965,Jaipur,Rajasthan,2022-10-05,Regular
2565,Ayushi Das,Female,59,ayushi2565@gmail.com,9327013193,Pune,Maharashtra,2023-07-25,Silver
2566,Vivaan Yadav,Male,54,vivaan2566@gmail.com,9746868749,Jaipur,Rajasthan,2024-01-08,Silver
2567,Ananya Kumar,Female,20,ananya2567@gmail.com,9780799423,Patna,Bihar,2022-09-19,Regular
2568,Ananya Sharma,Female,26,ananya2568@gmail.com,9240214044,Gaya,Bihar,2023-03-25,Silver
2569,Aditya Singh,Male,41,aditya2569@gmail.com,9870788073,Warangal,Telangana,2023-05-15,Regular
2570,Neha Verma,Female,44,neha2570@gmail.com,9372156675,Bengaluru,Karnataka,2022-04-07,Regular
2571,Priya Gupta,Female,47,priya2571@gmail.com,9593490527,Patna,Bihar,2024-06-20,Regular
2572,Aditya Singh,Male,59,aditya2572@gmail.com,9273837856,Mumbai,Maharashtra,2022-02-16,Platinum
2573,Rohan Singh,Male,37,rohan2573@gmail.com,9506003375,Pune,Maharashtra,2024-08-19,Gold
2574,Sneha Gupta,Female,19,sneha2574@gmail.com,9383114202,Patna,Bihar,2022-09-02,Regular
2575,Vivaan Yadav,Male,28,vivaan2575@gmail.com,9261958664,Jodhpur,Rajasthan,2024-03-13,Silver
2576,Neha Das,Female,50,neha2576@gmail.com,9159997565,Chennai,Tamil Nadu,2022-01-29,Regular
2577,Neha Yadav,Female,20,neha2577@gmail.com,9511419981,Jodhpur,Rajasthan,2024-08-01,Regular
2578,Vivaan Yadav,Male,41,vivaan2578@gmail.com,9164901853,Lucknow,Uttar Pradesh,2024-01-12,Regular
2579,Ayushi Kumar,Female,45,ayushi2579@gmail.com,9520387366,Delhi,Delhi,2024-06-22,Platinum
2580,Ananya Gupta,Female,44,ananya2580@gmail.com,9469141602,Delhi,Delhi,2025-03-08,Regular
2581,Rahul Gupta,Male,28,rahul2581@gmail.com,9513756040,Lucknow,Uttar Pradesh,2022-09-23,Regular
2582,Ayushi Sharma,Female,31,ayushi2582@gmail.com,9943779038,Mumbai,Maharashtra,2023-06-08,Regular
2583,Rohan Verma,Male,27,rohan2583@gmail.com,9208890152,Mysuru,Karnataka,2023-06-30,Silver
2584,Amit Das,Male,57,amit2584@gmail.com,9537618411,Jaipur,Rajasthan,2022-07-20,Regular
2585,Ananya Singh,Female,42,ananya2585@gmail.com,9383113206,Coimbatore,Tamil Nadu,2025-03-15,Regular
2586,Prakash Sharma,Male,47,prakash2586@gmail.com,9300423564,Jodhpur,Rajasthan,2023-07-31,Gold
2587,Amit Gupta,Male,33,amit2587@gmail.com,9379969634,Gaya,Bihar,2023-04-06,Platinum
2588,Vivaan Singh,Male,60,vivaan2588@gmail.com,9668011575,Patna,Bihar,2024-01-20,Regular
2589,Ananya Thakur,Female,47,ananya2589@gmail.com,9935759851,Gaya,Bihar,2024-01-28,Silver
2590,Priya Das,Female,55,priya2590@gmail.com,9864618363,Delhi,Delhi,2024-04-02,Gold
2591,Prakash Verma,Male,45,prakash2591@gmail.com,9498056305,Delhi,Delhi,2023-05-07,Silver
2592,Neha Yadav,Female,45,neha2592@gmail.com,9324005882,Delhi,Delhi,2022-05-11,Gold
2593,Aditya Verma,Male,41,aditya2593@gmail.com,9123757620,Bengaluru,Karnataka,2023-08-08,Silver
2594,Sneha Thakur,Female,23,sneha2594@gmail.com,9974848279,Gaya,Bihar,2024-11-06,Regular
2595,Priya Verma,Female,42,priya2595@gmail.com,9526355917,Lucknow,Uttar Pradesh,2025-03-25,Regular
2596,Vivaan Gupta,Male,47,vivaan2596@gmail.com,9396550191,Hyderabad,Telangana,2022-01-28,Regular
2597,Ayushi Sharma,Female,25,ayushi2597@gmail.com,9973636862,Kolkata,West Bengal,2024-02-28,Regular
2598,Prakash Sharma,Male,25,prakash2598@gmail.com,9423193523,Delhi,Delhi,2024-04-30,Gold
2599,Ananya Kumar,Female,54,ananya2599@gmail.com,9543078754,Delhi,Delhi,2024-07-16,Regular
2600,Vivaan Kumar,Male,52,vivaan2600@gmail.com,9793225528,Hyderabad,Telangana,2022-03-03,Silver
2601,Amit Verma,Male,27,amit2601@gmail.com,9229114508,Pune,Maharashtra,2022-12-09,Regular
2602,Vivaan Thakur,Male,28,vivaan2602@gmail.com,9324535804,Jodhpur,Rajasthan,2023-10-14,Regular
2603,Neha Das,Female,35,neha2603@gmail.com,9830441124,Delhi,Delhi,2023-06-16,Silver
2604,Vivaan Das,Male,59,vivaan2604@gmail.com,9275664851,Hyderabad,Telangana,2023-02-02,Gold
2605,Priya Sharma,Female,46,priya2605@gmail.com,9596926738,Gaya,Bihar,2023-04-01,Regular
2606,Rohan Verma,Male,30,rohan2606@gmail.com,9309357320,Kanpur,Uttar Pradesh,2024-04-12,Regular
2607,Aarav Kumar,Male,27,aarav2607@gmail.com,9973673014,Pune,Maharashtra,2024-01-02,Regular
2608,Aarav Verma,Male,59,aarav2608@gmail.com,9657426622,Jaipur,Rajasthan,2023-10-29,Silver
2609,Aarav Sharma,Male,29,aarav2609@gmail.com,9883282022,Patna,Bihar,2024-09-17,Regular
2610,Priya Das,Female,25,priya2610@gmail.com,9556794068,Delhi,Delhi,2023-02-04,Regular
2611,Sneha Singh,Female,43,sneha2611@gmail.com,9668102406,Delhi,Delhi,2023-03-22,Gold
2612,Aditya Kumar,Male,25,aditya2612@gmail.com,9312725013,Pune,Maharashtra,2023-02-11,Regular
2613,Ananya Sharma,Female,43,ananya2613@gmail.com,9288989570,Siliguri,West Bengal,2024-11-27,Gold
2614,Sneha Das,Female,40,sneha2614@gmail.com,9237246233,Patna,Bihar,2023-05-20,Silver
2615,Prakash Sharma,Male,27,prakash2615@gmail.com,9787126722,Kolkata,West Bengal,2022-12-13,Silver
2616,Ananya Gupta,Female,56,ananya2616@gmail.com,9752753126,Hyderabad,Telangana,2024-12-05,Regular
2617,Rahul Gupta,Male,32,rahul2617@gmail.com,9238730296,Delhi,Delhi,2023-12-27,Regular
2618,Amit Verma,Male,48,amit2618@gmail.com,9526378600,Lucknow,Uttar Pradesh,2022-03-13,Regular
2619,Aarav Sharma,Male,56,aarav2619@gmail.com,9634545407,Gaya,Bihar,2024-03-07,Gold
2620,Prakash Yadav,Male,24,prakash2620@gmail.com,9115203610,Mumbai,Maharashtra,2022-03-21,Regular
2621,Vivaan Verma,Male,32,vivaan2621@gmail.com,9699444096,Mysuru,Karnataka,2025-02-07,Silver
2622,Rahul Yadav,Male,52,rahul2622@gmail.com,9377316000,Bengaluru,Karnataka,2023-06-21,Gold
2623,Priya Das,Female,26,priya2623@gmail.com,9255852135,Hyderabad,Telangana,2023-06-22,Regular
2624,Aditya Sharma,Male,19,aditya2624@gmail.com,9781547356,Chennai,Tamil Nadu,2024-11-07,Regular
2625,Aditya Verma,Male,60,aditya2625@gmail.com,9895177469,Delhi,Delhi,2025-02-21,Silver
2626,Ananya Verma,Female,21,ananya2626@gmail.com,9504829596,Bengaluru,Karnataka,2024-04-09,Regular
2627,Priya Kumar,Female,33,priya2627@gmail.com,9994551628,Kolkata,West Bengal,2024-03-08,Gold
2628,Vivaan Singh,Male,21,vivaan2628@gmail.com,9391581061,Hyderabad,Telangana,2024-12-24,Regular
2629,Vivaan Gupta,Male,49,vivaan2629@gmail.com,9818335840,Warangal,Telangana,2022-01-13,Regular
2630,Vivaan Verma,Male,18,vivaan2630@gmail.com,9808660307,Jodhpur,Rajasthan,2022-11-01,Regular
2631,Neha Kumar,Female,36,neha2631@gmail.com,9812932571,Lucknow,Uttar Pradesh,2024-11-07,Regular
2632,Neha Singh,Female,35,neha2632@gmail.com,9949065814,Warangal,Telangana,2023-10-05,Regular
2633,Ayushi Singh,Female,58,ayushi2633@gmail.com,9808334849,Siliguri,West Bengal,2022-12-23,Regular
2634,Ananya Thakur,Female,22,ananya2634@gmail.com,9707981001,Pune,Maharashtra,2022-05-28,Gold
2635,Neha Thakur,Female,54,neha2635@gmail.com,9819971028,Siliguri,West Bengal,2022-02-04,Regular
2636,Sneha Verma,Female,53,sneha2636@gmail.com,9633275119,Lucknow,Uttar Pradesh,2024-07-12,Regular
2637,Rahul Kumar,Male,19,rahul2637@gmail.com,9372323413,Bengaluru,Karnataka,2022-10-08,Regular
2638,Vivaan Das,Male,26,vivaan2638@gmail.com,9882719285,Bengaluru,Karnataka,2022-07-16,Silver
2639,Vivaan Gupta,Male,33,vivaan2639@gmail.com,9907344076,Mysuru,Karnataka,2025-03-16,Silver
2640,Amit Das,Male,20,amit2640@gmail.com,9708161666,Kanpur,Uttar Pradesh,2024-04-11,Platinum
2641,Vivaan Sharma,Male,49,vivaan2641@gmail.com,9619554385,Hyderabad,Telangana,2024-05-23,Regular
2642,Rahul Yadav,Male,47,rahul2642@gmail.com,9464126140,Bengaluru,Karnataka,2022-02-27,Silver
2643,Rohan Yadav,Male,33,rohan2643@gmail.com,9784405675,Jodhpur,Rajasthan,2023-12-23,Platinum
2644,Vivaan Singh,Male,39,vivaan2644@gmail.com,9431535716,Delhi,Delhi,2024-02-22,Regular
2645,Aditya Gupta,Male,27,aditya2645@gmail.com,9149049270,Jodhpur,Rajasthan,2022-09-13,Regular
2646,Aarav Verma,Male,42,aarav2646@gmail.com,9392366415,Pune,Maharashtra,2024-09-22,Platinum
2647,Rahul Kumar,Male,18,rahul2647@gmail.com,9250624992,Warangal,Telangana,2022-04-13,Regular
2648,Neha Thakur,Female,52,neha2648@gmail.com,9814447710,Jodhpur,Rajasthan,2023-09-26,Gold
2649,Ayushi Das,Female,37,ayushi2649@gmail.com,9195591888,Warangal,Telangana,2024-07-10,Regular
2650,Priya Yadav,Female,34,priya2650@gmail.com,9455006827,Coimbatore,Tamil Nadu,2022-03-11,Regular
2651,Priya Verma,Female,48,priya2651@gmail.com,9313867729,Lucknow,Uttar Pradesh,2023-03-28,Regular
2652,Sneha Yadav,Female,47,sneha2652@gmail.com,9573927553,Kanpur,Uttar Pradesh,2023-01-17,Regular
2653,Sneha Yadav,Female,38,sneha2653@gmail.com,9321071257,Kolkata,West Bengal,2023-04-02,Regular
2654,Ananya Kumar,Female,41,ananya2654@gmail.com,9475556852,Siliguri,West Bengal,2023-01-03,Regular
2655,Rahul Yadav,Male,45,rahul2655@gmail.com,9421810801,Jaipur,Rajasthan,2023-02-27,Regular
2656,Sneha Thakur,Female,57,sneha2656@gmail.com,9700856380,Pune,Maharashtra,2024-12-10,Gold
2657,Priya Thakur,Female,60,priya2657@gmail.com,9566674536,Siliguri,West Bengal,2024-04-27,Regular
2658,Ayushi Gupta,Female,34,ayushi2658@gmail.com,9943493564,Siliguri,West Bengal,2023-09-22,Regular
2659,Neha Gupta,Female,34,neha2659@gmail.com,9396125051,Delhi,Delhi,2023-05-12,Silver
2660,Sneha Thakur,Female,34,sneha2660@gmail.com,9118442805,Delhi,Delhi,2024-04-19,Silver
2661,Aditya Gupta,Male,55,aditya2661@gmail.com,9452389191,Jaipur,Rajasthan,2022-04-08,Silver
2662,Ananya Gupta,Female,60,ananya2662@gmail.com,9977861702,Mysuru,Karnataka,2025-03-24,Silver
2663,Vivaan Gupta,Male,24,vivaan2663@gmail.com,9108564266,Jodhpur,Rajasthan,2022-11-19,Platinum
2664,Aarav Sharma,Male,48,aarav2664@gmail.com,9917851666,Hyderabad,Telangana,2022-08-24,Regular
2665,Amit Verma,Male,36,amit2665@gmail.com,9776776527,Siliguri,West Bengal,2023-01-30,Silver
2666,Priya Das,Female,26,priya2666@gmail.com,9935098427,Kanpur,Uttar Pradesh,2025-04-14,Regular
2667,Aarav Thakur,Male,54,aarav2667@gmail.com,9564755514,Chennai,Tamil Nadu,2023-07-24,Gold
2668,Aditya Gupta,Male,21,aditya2668@gmail.com,9983647122,Lucknow,Uttar Pradesh,2025-03-06,Regular
2669,Aditya Singh,Male,47,aditya2669@gmail.com,9457897966,Kolkata,West Bengal,2023-02-22,Gold
2670,Prakash Verma,Male,39,prakash2670@gmail.com,9774314637,Siliguri,West Bengal,2025-04-07,Silver
2671,Amit Yadav,Male,54,amit2671@gmail.com,9754428401,Hyderabad,Telangana,2022-06-11,Regular
2672,Ananya Verma,Female,37,ananya2672@gmail.com,9303101025,Pune,Maharashtra,2025-02-05,Regular
2673,Neha Gupta,Female,22,neha2673@gmail.com,9339253601,Siliguri,West Bengal,2022-06-23,Platinum
2674,Aarav Gupta,Male,29,aarav2674@gmail.com,9304541049,Jodhpur,Rajasthan,2023-08-31,Gold
2675,Aarav Gupta,Male,37,aarav2675@gmail.com,9591257600,Bengaluru,Karnataka,2023-02-04,Regular
2676,Prakash Singh,Male,37,prakash2676@gmail.com,9349098112,Delhi,Delhi,2022-02-08,Silver
2677,Amit Kumar,Male,53,amit2677@gmail.com,9949834147,Kanpur,Uttar Pradesh,2022-03-08,Gold
2678,Sneha Thakur,Female,55,sneha2678@gmail.com,9153819205,Kolkata,West Bengal,2024-02-21,Regular
2679,Rahul Thakur,Male,47,rahul2679@gmail.com,9382926639,Pune,Maharashtra,2022-05-12,Regular
2680,Prakash Verma,Male,27,prakash2680@gmail.com,9345222112,Gaya,Bihar,2022-04-30,Silver
2681,Aditya Sharma,Male,57,aditya2681@gmail.com,9401003032,Kolkata,West Bengal,2025-02-19,Regular
2682,Rahul Verma,Male,30,rahul2682@gmail.com,9315867040,Kolkata,West Bengal,2022-11-23,Regular
2683,Aarav Sharma,Male,26,aarav2683@gmail.com,9454537802,Bengaluru,Karnataka,2022-02-03,Regular
2684,Prakash Kumar,Male,19,prakash2684@gmail.com,9335642938,Mumbai,Maharashtra,2023-04-16,Regular
2685,Rahul Singh,Male,60,rahul2685@gmail.com,9559321282,Kanpur,Uttar Pradesh,2022-09-09,Gold
2686,Rahul Yadav,Male,48,rahul2686@gmail.com,9754630876,Kolkata,West Bengal,2022-10-18,Silver
2687,Ananya Kumar,Female,35,ananya2687@gmail.com,9789079125,Kolkata,West Bengal,2022-12-22,Regular
2688,Aditya Gupta,Male,53,aditya2688@gmail.com,9926332891,Patna,Bihar,2025-04-06,Regular
2689,Prakash Kumar,Male,35,prakash2689@gmail.com,9869592496,Hyderabad,Telangana,2023-03-20,Gold
2690,Aditya Thakur,Male,22,aditya2690@gmail.com,9958515558,Bengaluru,Karnataka,2024-07-27,Silver
2691,Rahul Sharma,Male,60,rahul2691@gmail.com,9955845991,Patna,Bihar,2022-12-01,Regular
2692,Aarav Das,Male,34,aarav2692@gmail.com,9809264290,Gaya,Bihar,2024-04-27,Gold
2693,Rahul Das,Male,34,rahul2693@gmail.com,9544443186,Hyderabad,Telangana,2023-10-20,Regular
2694,Aarav Yadav,Male,58,aarav2694@gmail.com,9681564334,Mysuru,Karnataka,2024-01-07,Regular
2695,Rohan Das,Male,39,rohan2695@gmail.com,9643087065,Hyderabad,Telangana,2022-10-31,Gold
2696,Aditya Verma,Male,55,aditya2696@gmail.com,9939602878,Mumbai,Maharashtra,2022-03-24,Silver
2697,Amit Thakur,Male,50,amit2697@gmail.com,9878148313,Kanpur,Uttar Pradesh,2023-06-06,Silver
2698,Prakash Gupta,Male,54,prakash2698@gmail.com,9926159475,Coimbatore,Tamil Nadu,2024-07-13,Platinum
2699,Aditya Singh,Male,21,aditya2699@gmail.com,9228017741,Bengaluru,Karnataka,2022-06-26,Silver
2700,Prakash Verma,Male,44,prakash2700@gmail.com,9966877318,Jaipur,Rajasthan,2025-02-06,Gold
2701,Rahul Kumar,Male,36,rahul2701@gmail.com,9844732251,Patna,Bihar,2024-09-19,Regular
2702,Priya Singh,Female,40,priya2702@gmail.com,9291343796,Chennai,Tamil Nadu,2023-05-31,Silver
2703,Vivaan Sharma,Male,27,vivaan2703@gmail.com,9628527920,Pune,Maharashtra,2022-12-26,Platinum
2704,Prakash Das,Male,28,prakash2704@gmail.com,9123046811,Delhi,Delhi,2023-01-08,Regular
2705,Aditya Singh,Male,29,aditya2705@gmail.com,9504676296,Delhi,Delhi,2024-02-09,Silver
2706,Prakash Gupta,Male,52,prakash2706@gmail.com,9976660776,Delhi,Delhi,2022-01-04,Regular
2707,Ayushi Das,Female,37,ayushi2707@gmail.com,9639236743,Delhi,Delhi,2022-02-07,Gold
2708,Aarav Thakur,Male,19,aarav2708@gmail.com,9963760321,Warangal,Telangana,2024-08-09,Regular
2709,Amit Verma,Male,57,amit2709@gmail.com,9922581493,Siliguri,West Bengal,2022-05-27,Gold
2710,Rahul Thakur,Male,43,rahul2710@gmail.com,9558636664,Coimbatore,Tamil Nadu,2023-01-08,Silver
2711,Sneha Verma,Female,32,sneha2711@gmail.com,9387770819,Chennai,Tamil Nadu,2024-04-28,Regular
2712,Priya Sharma,Female,40,priya2712@gmail.com,9709067946,Warangal,Telangana,2022-11-24,Regular
2713,Neha Verma,Female,23,neha2713@gmail.com,9252213519,Lucknow,Uttar Pradesh,2025-01-16,Gold
2714,Rohan Verma,Male,28,rohan2714@gmail.com,9262037706,Bengaluru,Karnataka,2025-03-18,Silver
2715,Priya Yadav,Female,20,priya2715@gmail.com,9262816584,Mumbai,Maharashtra,2023-03-24,Silver
2716,Prakash Yadav,Male,47,prakash2716@gmail.com,9817662257,Siliguri,West Bengal,2023-05-16,Silver
2717,Aditya Thakur,Male,20,aditya2717@gmail.com,9563281431,Mysuru,Karnataka,2023-01-04,Regular
2718,Sneha Kumar,Female,39,sneha2718@gmail.com,9204256082,Siliguri,West Bengal,2025-02-02,Regular
2719,Rohan Kumar,Male,35,rohan2719@gmail.com,9716216813,Mumbai,Maharashtra,2022-03-31,Silver
2720,Vivaan Singh,Male,27,vivaan2720@gmail.com,9201319576,Chennai,Tamil Nadu,2022-12-29,Platinum
2721,Priya Thakur,Female,60,priya2721@gmail.com,9220959939,Bengaluru,Karnataka,2024-11-13,Silver
2722,Neha Yadav,Female,49,neha2722@gmail.com,9531068038,Jaipur,Rajasthan,2025-01-02,Regular
2723,Sneha Singh,Female,38,sneha2723@gmail.com,9381474844,Patna,Bihar,2024-12-23,Silver
2724,Ayushi Thakur,Female,18,ayushi2724@gmail.com,9145720181,Gaya,Bihar,2022-10-01,Gold
2725,Rahul Das,Male,38,rahul2725@gmail.com,9659184314,Mysuru,Karnataka,2023-05-16,Regular
2726,Ayushi Yadav,Female,25,ayushi2726@gmail.com,9739728228,Kanpur,Uttar Pradesh,2023-09-29,Regular
2727,Ayushi Sharma,Female,57,ayushi2727@gmail.com,9251300266,Bengaluru,Karnataka,2022-08-17,Silver
2728,Aditya Singh,Male,29,aditya2728@gmail.com,9118369308,Lucknow,Uttar Pradesh,2023-01-31,Regular
2729,Ayushi Sharma,Female,52,ayushi2729@gmail.com,9332957049,Mumbai,Maharashtra,2023-06-03,Gold
2730,Ananya Das,Female,54,ananya2730@gmail.com,9929450102,Pune,Maharashtra,2024-11-12,Gold
2731,Rahul Das,Male,44,rahul2731@gmail.com,9731497110,Mumbai,Maharashtra,2022-11-11,Silver
2732,Rohan Sharma,Male,30,rohan2732@gmail.com,9219071165,Delhi,Delhi,2024-11-18,Silver
2733,Prakash Yadav,Male,44,prakash2733@gmail.com,9122480683,Patna,Bihar,2024-05-14,Silver
2734,Aarav Kumar,Male,30,aarav2734@gmail.com,9903154313,Bengaluru,Karnataka,2023-12-14,Regular
2735,Amit Yadav,Male,24,amit2735@gmail.com,9104132664,Kolkata,West Bengal,2023-01-22,Regular
2736,Aditya Thakur,Male,51,aditya2736@gmail.com,9352268460,Gaya,Bihar,2023-05-16,Silver
2737,Amit Sharma,Male,57,amit2737@gmail.com,9283519753,Gaya,Bihar,2024-05-05,Silver
2738,Rahul Yadav,Male,45,rahul2738@gmail.com,9276108792,Patna,Bihar,2024-12-29,Gold
2739,Prakash Sharma,Male,31,prakash2739@gmail.com,9638590681,Lucknow,Uttar Pradesh,2025-02-12,Silver
2740,Prakash Das,Male,23,prakash2740@gmail.com,9642946343,Lucknow,Uttar Pradesh,2024-04-14,Regular
2741,Aditya Yadav,Male,24,aditya2741@gmail.com,9366107754,Pune,Maharashtra,2024-07-20,Regular
2742,Aarav Singh,Male,27,aarav2742@gmail.com,9812775601,Delhi,Delhi,2023-01-24,Silver
2743,Prakash Sharma,Male,52,prakash2743@gmail.com,9645570167,Bengaluru,Karnataka,2022-07-23,Silver
2744,Aditya Das,Male,51,aditya2744@gmail.com,9612036034,Coimbatore,Tamil Nadu,2022-05-10,Regular
2745,Rahul Das,Male,24,rahul2745@gmail.com,9798622196,Gaya,Bihar,2024-02-29,Regular
2746,Aarav Singh,Male,33,aarav2746@gmail.com,9927129671,Kolkata,West Bengal,2023-06-30,Regular
2747,Sneha Das,Female,25,sneha2747@gmail.com,9594613062,Mysuru,Karnataka,2024-04-19,Gold
2748,Sneha Yadav,Female,52,sneha2748@gmail.com,9790686045,Pune,Maharashtra,2025-04-01,Regular
2749,Rohan Das,Male,19,rohan2749@gmail.com,9869003668,Delhi,Delhi,2022-12-31,Gold
2750,Neha Verma,Female,52,neha2750@gmail.com,9512823891,Mysuru,Karnataka,2024-03-28,Gold
2751,Aditya Verma,Male,31,aditya2751@gmail.com,9430763906,Kolkata,West Bengal,2024-07-06,Silver
2752,Priya Gupta,Female,60,priya2752@gmail.com,9567244461,Mysuru,Karnataka,2023-07-13,Silver
2753,Ananya Thakur,Female,55,ananya2753@gmail.com,9752652251,Gaya,Bihar,2022-10-07,Regular
2754,Aditya Yadav,Male,55,aditya2754@gmail.com,9426968135,Delhi,Delhi,2024-05-16,Regular
2755,Rahul Kumar,Male,18,rahul2755@gmail.com,9694043150,Warangal,Telangana,2025-02-25,Gold
2756,Rohan Das,Male,53,rohan2756@gmail.com,9477896277,Warangal,Telangana,2023-06-07,Silver
2757,Ayushi Singh,Female,30,ayushi2757@gmail.com,9961922308,Delhi,Delhi,2024-11-08,Silver
2758,Vivaan Yadav,Male,33,vivaan2758@gmail.com,9410284823,Jodhpur,Rajasthan,2024-08-04,Gold
2759,Prakash Yadav,Male,52,prakash2759@gmail.com,9968042162,Jodhpur,Rajasthan,2025-04-05,Silver
2760,Sneha Kumar,Female,36,sneha2760@gmail.com,9439342254,Kanpur,Uttar Pradesh,2023-06-28,Regular
2761,Aarav Verma,Male,25,aarav2761@gmail.com,9997319881,Mysuru,Karnataka,2022-12-17,Gold
2762,Neha Sharma,Female,20,neha2762@gmail.com,9525961566,Patna,Bihar,2024-07-28,Regular
2763,Aarav Sharma,Male,52,aarav2763@gmail.com,9995032341,Jaipur,Rajasthan,2023-07-09,Regular
2764,Prakash Kumar,Male,52,prakash2764@gmail.com,9715398372,Jaipur,Rajasthan,2025-02-13,Silver
2765,Rahul Thakur,Male,53,rahul2765@gmail.com,9354435136,Gaya,Bihar,2025-01-12,Silver
2766,Ananya Singh,Female,40,ananya2766@gmail.com,9546670196,Warangal,Telangana,2025-02-07,Platinum
2767,Aditya Das,Male,18,aditya2767@gmail.com,9150727105,Chennai,Tamil Nadu,2024-01-29,Regular
2768,Ananya Yadav,Female,24,ananya2768@gmail.com,9735841848,Gaya,Bihar,2024-04-05,Gold
2769,Aarav Verma,Male,36,aarav2769@gmail.com,9204251102,Kolkata,West Bengal,2024-03-04,Silver
2770,Amit Thakur,Male,46,amit2770@gmail.com,9711476881,Coimbatore,Tamil Nadu,2024-06-03,Regular
2771,Rohan Singh,Male,48,rohan2771@gmail.com,9273941324,Hyderabad,Telangana,2024-12-23,Regular
2772,Vivaan Gupta,Male,41,vivaan2772@gmail.com,9838661513,Patna,Bihar,2024-05-25,Regular
2773,Ayushi Thakur,Female,26,ayushi2773@gmail.com,9745805220,Coimbatore,Tamil Nadu,2023-06-01,Silver
2774,Rahul Thakur,Male,45,rahul2774@gmail.com,9699820199,Gaya,Bihar,2023-12-04,Gold
2775,Aditya Thakur,Male,42,aditya2775@gmail.com,9252217266,Kanpur,Uttar Pradesh,2022-03-21,Gold
2776,Priya Verma,Female,48,priya2776@gmail.com,9247024266,Bengaluru,Karnataka,2024-06-12,Regular
2777,Aditya Sharma,Male,56,aditya2777@gmail.com,9108498023,Lucknow,Uttar Pradesh,2022-09-13,Regular
2778,Rahul Kumar,Male,49,rahul2778@gmail.com,9429964279,Coimbatore,Tamil Nadu,2023-06-14,Regular
2779,Amit Thakur,Male,41,amit2779@gmail.com,9741332810,Kanpur,Uttar Pradesh,2023-10-29,Regular
2780,Aditya Singh,Male,52,aditya2780@gmail.com,9341832608,Kanpur,Uttar Pradesh,2023-04-20,Regular
2781,Aditya Thakur,Male,40,aditya2781@gmail.com,9334248982,Hyderabad,Telangana,2023-11-14,Regular
2782,Ananya Gupta,Female,26,ananya2782@gmail.com,9806964540,Patna,Bihar,2024-03-18,Regular
2783,Ananya Das,Female,58,ananya2783@gmail.com,9253745209,Mumbai,Maharashtra,2023-05-01,Silver
2784,Aditya Yadav,Male,52,aditya2784@gmail.com,9789919981,Warangal,Telangana,2023-07-09,Silver
2785,Amit Verma,Male,53,amit2785@gmail.com,9448669756,Coimbatore,Tamil Nadu,2023-10-20,Regular
2786,Rohan Verma,Male,38,rohan2786@gmail.com,9208880800,Delhi,Delhi,2022-10-14,Regular
2787,Rahul Verma,Male,46,rahul2787@gmail.com,9171468379,Jodhpur,Rajasthan,2022-06-22,Regular
2788,Priya Thakur,Female,34,priya2788@gmail.com,9581290660,Patna,Bihar,2022-07-09,Regular
2789,Prakash Verma,Male,40,prakash2789@gmail.com,9929333768,Delhi,Delhi,2023-03-16,Regular
2790,Vivaan Das,Male,40,vivaan2790@gmail.com,9723394061,Warangal,Telangana,2022-09-01,Regular
2791,Ayushi Thakur,Female,20,ayushi2791@gmail.com,9457953357,Hyderabad,Telangana,2023-02-21,Regular
2792,Prakash Gupta,Male,51,prakash2792@gmail.com,9333832239,Jaipur,Rajasthan,2022-09-13,Regular
2793,Prakash Sharma,Male,20,prakash2793@gmail.com,9650807925,Mumbai,Maharashtra,2024-05-24,Regular
2794,Amit Singh,Male,29,amit2794@gmail.com,9615309123,Jaipur,Rajasthan,2023-12-24,Silver
2795,Ayushi Yadav,Female,38,ayushi2795@gmail.com,9834730622,Chennai,Tamil Nadu,2023-01-12,Regular
2796,Rahul Thakur,Male,38,rahul2796@gmail.com,9993065687,Bengaluru,Karnataka,2024-04-16,Silver
2797,Rahul Kumar,Male,50,rahul2797@gmail.com,9706154167,Kolkata,West Bengal,2022-07-27,Gold
2798,Rohan Das,Male,36,rohan2798@gmail.com,9399806241,Siliguri,West Bengal,2023-01-21,Gold
2799,Ananya Das,Female,42,ananya2799@gmail.com,9274574609,Hyderabad,Telangana,2024-06-25,Silver
2800,Ayushi Gupta,Female,43,ayushi2800@gmail.com,9246621292,Lucknow,Uttar Pradesh,2023-03-06,Silver
2801,Rohan Yadav,Male,39,rohan2801@gmail.com,9156541402,Delhi,Delhi,2023-06-21,Silver
2802,Vivaan Kumar,Male,56,vivaan2802@gmail.com,9694964192,Patna,Bihar,2024-12-26,Regular
2803,Amit Gupta,Male,28,amit2803@gmail.com,9202219858,Chennai,Tamil Nadu,2023-11-29,Silver
2804,Rohan Thakur,Male,28,rohan2804@gmail.com,9798523925,Jodhpur,Rajasthan,2023-08-12,Regular
2805,Sneha Das,Female,41,sneha2805@gmail.com,9570342322,Delhi,Delhi,2025-04-08,Regular
2806,Priya Verma,Female,26,priya2806@gmail.com,9656534054,Siliguri,West Bengal,2024-11-30,Silver
2807,Aditya Singh,Male,55,aditya2807@gmail.com,9596885595,Patna,Bihar,2024-06-22,Silver
2808,Ayushi Gupta,Female,23,ayushi2808@gmail.com,9596199824,Mumbai,Maharashtra,2024-07-14,Regular
2809,Ayushi Verma,Female,35,ayushi2809@gmail.com,9953415402,Siliguri,West Bengal,2022-07-22,Gold
2810,Aditya Yadav,Male,24,aditya2810@gmail.com,9189120763,Kanpur,Uttar Pradesh,2024-12-07,Regular
2811,Prakash Verma,Male,52,prakash2811@gmail.com,9222489176,Chennai,Tamil Nadu,2024-06-08,Gold
2812,Amit Singh,Male,39,amit2812@gmail.com,9718945314,Coimbatore,Tamil Nadu,2023-07-18,Regular
2813,Vivaan Das,Male,54,vivaan2813@gmail.com,9150459504,Patna,Bihar,2024-08-16,Regular
2814,Neha Gupta,Female,41,neha2814@gmail.com,9196025017,Mysuru,Karnataka,2023-03-29,Silver
2815,Ananya Das,Female,60,ananya2815@gmail.com,9441897555,Kolkata,West Bengal,2022-01-25,Regular
2816,Ananya Singh,Female,54,ananya2816@gmail.com,9358912565,Lucknow,Uttar Pradesh,2022-09-07,Gold
2817,Prakash Sharma,Male,48,prakash2817@gmail.com,9430040079,Mumbai,Maharashtra,2025-03-20,Regular
2818,Vivaan Gupta,Male,20,vivaan2818@gmail.com,9716293206,Siliguri,West Bengal,2024-05-23,Regular
2819,Amit Singh,Male,25,amit2819@gmail.com,9145866491,Jodhpur,Rajasthan,2024-10-25,Regular
2820,Ayushi Gupta,Female,31,ayushi2820@gmail.com,9529991641,Patna,Bihar,2024-08-02,Regular
2821,Prakash Yadav,Male,26,prakash2821@gmail.com,9572307673,Siliguri,West Bengal,2024-04-03,Regular
2822,Sneha Gupta,Female,40,sneha2822@gmail.com,9359839605,Siliguri,West Bengal,2023-03-05,Gold
2823,Rohan Verma,Male,38,rohan2823@gmail.com,9906676189,Patna,Bihar,2025-01-20,Gold
2824,Priya Thakur,Female,60,priya2824@gmail.com,9364473629,Lucknow,Uttar Pradesh,2024-07-11,Regular
2825,Neha Gupta,Female,49,neha2825@gmail.com,9709992542,Siliguri,West Bengal,2025-04-12,Regular
2826,Vivaan Yadav,Male,33,vivaan2826@gmail.com,9521859610,Kolkata,West Bengal,2023-08-18,Platinum
2827,Amit Gupta,Male,49,amit2827@gmail.com,9295110449,Patna,Bihar,2024-08-23,Regular
2828,Rohan Yadav,Male,18,rohan2828@gmail.com,9468417378,Mysuru,Karnataka,2024-04-19,Gold
2829,Amit Singh,Male,34,amit2829@gmail.com,9375333978,Delhi,Delhi,2024-02-13,Regular
2830,Aarav Singh,Male,38,aarav2830@gmail.com,9781402995,Lucknow,Uttar Pradesh,2024-08-03,Gold
2831,Neha Thakur,Female,41,neha2831@gmail.com,9233616139,Siliguri,West Bengal,2022-03-29,Regular
2832,Aditya Das,Male,18,aditya2832@gmail.com,9383530940,Jaipur,Rajasthan,2023-03-15,Regular
2833,Neha Sharma,Female,24,neha2833@gmail.com,9382713132,Lucknow,Uttar Pradesh,2024-11-08,Silver
2834,Vivaan Gupta,Male,31,vivaan2834@gmail.com,9123201132,Delhi,Delhi,2023-10-12,Silver
2835,Rahul Yadav,Male,60,rahul2835@gmail.com,9751559604,Gaya,Bihar,2023-06-17,Silver
2836,Aditya Thakur,Male,47,aditya2836@gmail.com,9921692491,Patna,Bihar,2024-11-08,Regular
2837,Vivaan Gupta,Male,52,vivaan2837@gmail.com,9903820957,Siliguri,West Bengal,2023-11-05,Gold
2838,Vivaan Das,Male,30,vivaan2838@gmail.com,9122841695,Mysuru,Karnataka,2023-06-29,Silver
2839,Vivaan Yadav,Male,20,vivaan2839@gmail.com,9318071673,Lucknow,Uttar Pradesh,2023-07-09,Regular
2840,Amit Das,Male,53,amit2840@gmail.com,9604544064,Chennai,Tamil Nadu,2023-02-25,Regular
2841,Ananya Gupta,Female,43,ananya2841@gmail.com,9404904755,Kolkata,West Bengal,2023-03-16,Gold
2842,Ayushi Singh,Female,18,ayushi2842@gmail.com,9749659822,Hyderabad,Telangana,2023-04-22,Regular
2843,Prakash Yadav,Male,29,prakash2843@gmail.com,9685136792,Pune,Maharashtra,2022-02-17,Regular
2844,Ayushi Sharma,Female,34,ayushi2844@gmail.com,9172821248,Mysuru,Karnataka,2022-03-22,Silver
2845,Vivaan Kumar,Male,46,vivaan2845@gmail.com,9595881130,Bengaluru,Karnataka,2023-12-31,Regular
2846,Vivaan Kumar,Male,49,vivaan2846@gmail.com,9840309605,Delhi,Delhi,2022-04-26,Silver
2847,Sneha Gupta,Female,35,sneha2847@gmail.com,9498606691,Delhi,Delhi,2022-11-23,Platinum
2848,Aarav Das,Male,24,aarav2848@gmail.com,9781065609,Chennai,Tamil Nadu,2023-09-26,Gold
2849,Amit Das,Male,55,amit2849@gmail.com,9884035306,Mysuru,Karnataka,2022-02-27,Silver
2850,Ananya Yadav,Female,54,ananya2850@gmail.com,9536877463,Hyderabad,Telangana,2023-06-08,Regular
2851,Vivaan Das,Male,27,vivaan2851@gmail.com,9299202913,Mysuru,Karnataka,2023-09-04,Regular
2852,Aditya Yadav,Male,24,aditya2852@gmail.com,9672915779,Delhi,Delhi,2022-07-24,Gold
2853,Prakash Thakur,Male,51,prakash2853@gmail.com,9563449694,Patna,Bihar,2024-02-23,Regular
2854,Aarav Das,Male,27,aarav2854@gmail.com,9686429833,Lucknow,Uttar Pradesh,2022-01-25,Regular
2855,Aditya Kumar,Male,56,aditya2855@gmail.com,9459940991,Bengaluru,Karnataka,2022-03-07,Gold
2856,Neha Sharma,Female,54,neha2856@gmail.com,9486966858,Coimbatore,Tamil Nadu,2022-05-24,Regular
2857,Aarav Verma,Male,48,aarav2857@gmail.com,9749522748,Jaipur,Rajasthan,2024-08-10,Regular
2858,Rahul Gupta,Male,39,rahul2858@gmail.com,9956782979,Patna,Bihar,2022-10-07,Silver
2859,Rahul Gupta,Male,23,rahul2859@gmail.com,9303481116,Patna,Bihar,2024-08-03,Gold
2860,Aditya Sharma,Male,24,aditya2860@gmail.com,9319251480,Gaya,Bihar,2022-07-11,Silver
2861,Ananya Das,Female,59,ananya2861@gmail.com,9518595628,Lucknow,Uttar Pradesh,2022-06-04,Regular
2862,Aarav Thakur,Male,35,aarav2862@gmail.com,9898307196,Bengaluru,Karnataka,2023-10-10,Regular
2863,Vivaan Sharma,Male,22,vivaan2863@gmail.com,9608911742,Pune,Maharashtra,2025-01-25,Gold
2864,Ayushi Gupta,Female,21,ayushi2864@gmail.com,9255370170,Warangal,Telangana,2024-04-13,Gold
2865,Aditya Sharma,Male,27,aditya2865@gmail.com,9199689379,Delhi,Delhi,2024-01-09,Silver
2866,Priya Sharma,Female,55,priya2866@gmail.com,9389779406,Patna,Bihar,2023-03-16,Gold
2867,Sneha Thakur,Female,46,sneha2867@gmail.com,9956670202,Bengaluru,Karnataka,2023-09-17,Gold
2868,Sneha Kumar,Female,29,sneha2868@gmail.com,9551686952,Mysuru,Karnataka,2023-03-03,Silver
2869,Vivaan Gupta,Male,48,vivaan2869@gmail.com,9539133876,Siliguri,West Bengal,2022-09-25,Regular
2870,Ananya Kumar,Female,35,ananya2870@gmail.com,9470383380,Warangal,Telangana,2022-10-02,Gold
2871,Vivaan Yadav,Male,26,vivaan2871@gmail.com,9213568279,Siliguri,West Bengal,2022-03-17,Regular
2872,Amit Singh,Male,45,amit2872@gmail.com,9680349506,Pune,Maharashtra,2022-12-16,Gold
2873,Ayushi Das,Female,45,ayushi2873@gmail.com,9949505560,Delhi,Delhi,2025-02-12,Gold
2874,Aditya Gupta,Male,42,aditya2874@gmail.com,9163122517,Jodhpur,Rajasthan,2024-08-07,Gold
2875,Ayushi Das,Female,19,ayushi2875@gmail.com,9648866587,Jodhpur,Rajasthan,2023-06-15,Silver
2876,Sneha Singh,Female,20,sneha2876@gmail.com,9626880492,Hyderabad,Telangana,2025-03-17,Regular
2877,Neha Thakur,Female,21,neha2877@gmail.com,9533430835,Bengaluru,Karnataka,2022-03-31,Silver
2878,Neha Sharma,Female,38,neha2878@gmail.com,9347455860,Jaipur,Rajasthan,2023-02-09,Regular
2879,Ayushi Das,Female,50,ayushi2879@gmail.com,9269350920,Delhi,Delhi,2022-03-22,Regular
2880,Priya Thakur,Female,29,priya2880@gmail.com,9258950514,Jodhpur,Rajasthan,2024-06-03,Silver
2881,Vivaan Sharma,Male,49,vivaan2881@gmail.com,9836929662,Patna,Bihar,2023-02-13,Platinum
2882,Priya Verma,Female,31,priya2882@gmail.com,9917506752,Bengaluru,Karnataka,2022-01-04,Regular
2883,Aarav Yadav,Male,36,aarav2883@gmail.com,9898624180,Patna,Bihar,2023-05-25,Silver
2884,Prakash Singh,Male,18,prakash2884@gmail.com,9654220401,Kanpur,Uttar Pradesh,2022-01-10,Silver
2885,Ayushi Singh,Female,18,ayushi2885@gmail.com,9124849236,Mumbai,Maharashtra,2024-04-11,Silver
2886,Sneha Sharma,Female,26,sneha2886@gmail.com,9836061813,Pune,Maharashtra,2023-04-27,Regular
2887,Ananya Kumar,Female,18,ananya2887@gmail.com,9681728641,Warangal,Telangana,2024-03-06,Gold
2888,Amit Singh,Male,45,amit2888@gmail.com,9615427110,Siliguri,West Bengal,2025-01-26,Platinum
2889,Aarav Kumar,Male,56,aarav2889@gmail.com,9976104224,Lucknow,Uttar Pradesh,2022-02-17,Gold
2890,Rohan Gupta,Male,45,rohan2890@gmail.com,9227496852,Jodhpur,Rajasthan,2023-05-26,Gold
2891,Vivaan Singh,Male,23,vivaan2891@gmail.com,9441815794,Coimbatore,Tamil Nadu,2024-12-07,Regular
2892,Ananya Thakur,Female,50,ananya2892@gmail.com,9251957685,Jodhpur,Rajasthan,2023-11-07,Gold
2893,Aarav Gupta,Male,60,aarav2893@gmail.com,9112926019,Delhi,Delhi,2023-06-17,Regular
2894,Prakash Thakur,Male,44,prakash2894@gmail.com,9132181468,Coimbatore,Tamil Nadu,2024-04-25,Regular
2895,Ayushi Thakur,Female,45,ayushi2895@gmail.com,9574182381,Kanpur,Uttar Pradesh,2024-04-08,Regular
2896,Aarav Sharma,Male,59,aarav2896@gmail.com,9874186902,Patna,Bihar,2023-07-01,Regular
2897,Ananya Sharma,Female,59,ananya2897@gmail.com,9338899188,Bengaluru,Karnataka,2022-10-10,Silver
2898,Aditya Yadav,Male,20,aditya2898@gmail.com,9670026395,Delhi,Delhi,2022-10-16,Regular
2899,Ayushi Verma,Female,47,ayushi2899@gmail.com,9344170515,Pune,Maharashtra,2022-10-06,Gold
2900,Neha Thakur,Female,32,neha2900@gmail.com,9469840503,Kolkata,West Bengal,2022-11-24,Platinum
2901,Ayushi Singh,Female,57,ayushi2901@gmail.com,9201684681,Patna,Bihar,2022-11-23,Platinum
2902,Amit Verma,Male,53,amit2902@gmail.com,9224763823,Jaipur,Rajasthan,2022-08-08,Silver
2903,Rohan Verma,Male,54,rohan2903@gmail.com,9119218823,Mumbai,Maharashtra,2023-12-10,Regular
2904,Aarav Kumar,Male,56,aarav2904@gmail.com,9285642492,Lucknow,Uttar Pradesh,2024-08-09,Regular
2905,Neha Kumar,Female,23,neha2905@gmail.com,9237210063,Delhi,Delhi,2022-04-21,Silver
2906,Rahul Singh,Male,23,rahul2906@gmail.com,9876751580,Jaipur,Rajasthan,2022-03-02,Gold
2907,Aditya Yadav,Male,40,aditya2907@gmail.com,9196176452,Bengaluru,Karnataka,2022-05-21,Regular
2908,Aarav Das,Male,45,aarav2908@gmail.com,9906841920,Delhi,Delhi,2024-05-29,Regular
2909,Neha Kumar,Female,59,neha2909@gmail.com,9290808599,Delhi,Delhi,2023-09-18,Gold
2910,Prakash Thakur,Male,19,prakash2910@gmail.com,9214966531,Warangal,Telangana,2024-02-24,Silver
2911,Aarav Verma,Male,58,aarav2911@gmail.com,9320071781,Kolkata,West Bengal,2024-10-19,Platinum
2912,Aditya Thakur,Male,40,aditya2912@gmail.com,9699506853,Delhi,Delhi,2023-04-27,Platinum
2913,Neha Sharma,Female,38,neha2913@gmail.com,9912674707,Pune,Maharashtra,2022-12-01,Regular
2914,Rohan Sharma,Male,46,rohan2914@gmail.com,9104073079,Mysuru,Karnataka,2024-03-18,Silver
2915,Priya Yadav,Female,26,priya2915@gmail.com,9396419255,Kanpur,Uttar Pradesh,2022-11-09,Platinum
2916,Amit Das,Male,35,amit2916@gmail.com,9948370834,Warangal,Telangana,2024-11-11,Silver
2917,Vivaan Sharma,Male,21,vivaan2917@gmail.com,9786241228,Warangal,Telangana,2025-03-30,Regular
2918,Neha Singh,Female,37,neha2918@gmail.com,9637513593,Patna,Bihar,2024-11-11,Silver
2919,Aditya Gupta,Male,35,aditya2919@gmail.com,9971550901,Delhi,Delhi,2023-10-04,Regular
2920,Ananya Yadav,Female,53,ananya2920@gmail.com,9263595705,Gaya,Bihar,2024-02-14,Platinum
2921,Priya Yadav,Female,56,priya2921@gmail.com,9892695042,Bengaluru,Karnataka,2023-06-02,Gold
2922,Ayushi Sharma,Female,43,ayushi2922@gmail.com,9808588868,Mysuru,Karnataka,2022-02-05,Silver
2923,Vivaan Singh,Male,30,vivaan2923@gmail.com,9687016782,Delhi,Delhi,2024-10-06,Silver
2924,Rahul Gupta,Male,60,rahul2924@gmail.com,9560672283,Jaipur,Rajasthan,2022-01-06,Regular
2925,Rohan Thakur,Male,50,rohan2925@gmail.com,9965748967,Coimbatore,Tamil Nadu,2024-10-21,Regular
2926,Sneha Yadav,Female,19,sneha2926@gmail.com,9535028428,Pune,Maharashtra,2025-01-04,Regular
2927,Vivaan Singh,Male,29,vivaan2927@gmail.com,9197826498,Gaya,Bihar,2022-03-31,Regular
2928,Prakash Thakur,Male,29,prakash2928@gmail.com,9365358704,Siliguri,West Bengal,2022-06-18,Gold
2929,Aarav Thakur,Male,45,aarav2929@gmail.com,9104500357,Pune,Maharashtra,2024-12-17,Gold
2930,Aditya Singh,Male,42,aditya2930@gmail.com,9156770212,Coimbatore,Tamil Nadu,2024-10-31,Platinum
2931,Aarav Gupta,Male,56,aarav2931@gmail.com,9579663895,Chennai,Tamil Nadu,2022-08-04,Silver
2932,Vivaan Thakur,Male,18,vivaan2932@gmail.com,9325331808,Patna,Bihar,2022-03-08,Regular
2933,Prakash Singh,Male,24,prakash2933@gmail.com,9733179112,Hyderabad,Telangana,2024-10-13,Gold
2934,Aarav Singh,Male,27,aarav2934@gmail.com,9916644671,Jodhpur,Rajasthan,2024-03-05,Platinum
2935,Ananya Thakur,Female,55,ananya2935@gmail.com,9795799923,Kolkata,West Bengal,2022-07-21,Regular
2936,Priya Kumar,Female,22,priya2936@gmail.com,9321226278,Warangal,Telangana,2022-09-04,Platinum
2937,Priya Sharma,Female,19,priya2937@gmail.com,9607394811,Kolkata,West Bengal,2022-09-02,Gold
2938,Amit Kumar,Male,26,amit2938@gmail.com,9936863235,Jodhpur,Rajasthan,2024-08-23,Regular
2939,Rahul Singh,Male,24,rahul2939@gmail.com,9558221441,Patna,Bihar,2024-04-30,Regular
2940,Sneha Das,Female,26,sneha2940@gmail.com,9317757643,Jaipur,Rajasthan,2022-11-13,Silver
2941,Rahul Das,Male,52,rahul2941@gmail.com,9312563819,Kanpur,Uttar Pradesh,2022-09-05,Regular
2942,Rahul Yadav,Male,24,rahul2942@gmail.com,9107488394,Chennai,Tamil Nadu,2025-02-20,Regular
2943,Rohan Verma,Male,47,rohan2943@gmail.com,9637409177,Delhi,Delhi,2023-12-22,Regular
2944,Rohan Thakur,Male,26,rohan2944@gmail.com,9329015470,Mysuru,Karnataka,2023-02-02,Gold
2945,Vivaan Yadav,Male,20,vivaan2945@gmail.com,9947549530,Bengaluru,Karnataka,2025-04-13,Platinum
2946,Rahul Thakur,Male,60,rahul2946@gmail.com,9606977733,Kanpur,Uttar Pradesh,2024-03-26,Regular
2947,Vivaan Yadav,Male,33,vivaan2947@gmail.com,9720691695,Warangal,Telangana,2022-08-31,Gold
2948,Vivaan Verma,Male,25,vivaan2948@gmail.com,9536553669,Kolkata,West Bengal,2022-04-23,Gold
2949,Vivaan Kumar,Male,18,vivaan2949@gmail.com,9333630781,Mysuru,Karnataka,2024-09-10,Regular
2950,Aditya Thakur,Male,25,aditya2950@gmail.com,9765722917,Gaya,Bihar,2023-03-10,Silver
2951,Ayushi Thakur,Female,22,ayushi2951@gmail.com,9336642661,Chennai,Tamil Nadu,2024-10-27,Regular
2952,Ananya Yadav,Female,18,ananya2952@gmail.com,9439724201,Delhi,Delhi,2022-06-02,Gold
2953,Vivaan Verma,Male,42,vivaan2953@gmail.com,9611392277,Patna,Bihar,2022-05-26,Silver
2954,Ananya Thakur,Female,33,ananya2954@gmail.com,9348129275,Jodhpur,Rajasthan,2024-04-07,Silver
2955,Ayushi Singh,Female,18,ayushi2955@gmail.com,9449880532,Kolkata,West Bengal,2022-07-11,Regular
2956,Rahul Yadav,Male,27,rahul2956@gmail.com,9626760528,Pune,Maharashtra,2023-06-16,Silver
2957,Priya Das,Female,53,priya2957@gmail.com,9461808085,Lucknow,Uttar Pradesh,2023-05-21,Regular
2958,Amit Singh,Male,49,amit2958@gmail.com,9453814892,Mumbai,Maharashtra,2024-07-08,Gold
2959,Sneha Verma,Female,49,sneha2959@gmail.com,9644053873,Bengaluru,Karnataka,2025-02-26,Regular
2960,Aditya Yadav,Male,60,aditya2960@gmail.com,9971983778,Siliguri,West Bengal,2022-04-04,Silver
2961,Ananya Yadav,Female,27,ananya2961@gmail.com,9417436521,Bengaluru,Karnataka,2022-02-08,Gold
2962,Ayushi Yadav,Female,47,ayushi2962@gmail.com,9251769571,Kanpur,Uttar Pradesh,2024-08-05,Regular
2963,Vivaan Kumar,Male,31,vivaan2963@gmail.com,9165655153,Pune,Maharashtra,2024-08-01,Gold
2964,Priya Yadav,Female,59,priya2964@gmail.com,9616130880,Hyderabad,Telangana,2023-06-24,Silver
2965,Rohan Kumar,Male,24,rohan2965@gmail.com,9622564352,Coimbatore,Tamil Nadu,2023-03-20,Regular
2966,Aditya Das,Male,22,aditya2966@gmail.com,9423963056,Chennai,Tamil Nadu,2023-08-31,Silver
2967,Rohan Sharma,Male,21,rohan2967@gmail.com,9273943651,Siliguri,West Bengal,2024-02-25,Silver
2968,Neha Yadav,Female,46,neha2968@gmail.com,9299647787,Siliguri,West Bengal,2022-10-30,Silver
2969,Rahul Yadav,Male,34,rahul2969@gmail.com,9246143511,Delhi,Delhi,2024-05-27,Regular
2970,Aditya Das,Male,31,aditya2970@gmail.com,9463201016,Lucknow,Uttar Pradesh,2022-05-19,Regular
2971,Rahul Yadav,Male,40,rahul2971@gmail.com,9748263098,Jodhpur,Rajasthan,2022-10-11,Regular
2972,Ananya Das,Female,44,ananya2972@gmail.com,9821363297,Jodhpur,Rajasthan,2022-04-17,Silver
2973,Sneha Gupta,Female,21,sneha2973@gmail.com,9845092763,Delhi,Delhi,2022-12-28,Regular
2974,Ayushi Kumar,Female,19,ayushi2974@gmail.com,9837987225,Kolkata,West Bengal,2023-12-12,Silver
2975,Prakash Yadav,Male,38,prakash2975@gmail.com,9740144677,Mysuru,Karnataka,2022-06-21,Gold
2976,Aarav Verma,Male,59,aarav2976@gmail.com,9892278277,Kanpur,Uttar Pradesh,2023-01-28,Regular
2977,Ananya Das,Female,56,ananya2977@gmail.com,9597543398,Hyderabad,Telangana,2024-10-21,Regular
2978,Ayushi Sharma,Female,22,ayushi2978@gmail.com,9729960600,Siliguri,West Bengal,2024-06-12,Silver
2979,Amit Thakur,Male,29,amit2979@gmail.com,9612021174,Patna,Bihar,2022-10-29,Regular
2980,Rahul Gupta,Male,21,rahul2980@gmail.com,9858240572,Lucknow,Uttar Pradesh,2023-01-05,Regular
2981,Vivaan Singh,Male,47,vivaan2981@gmail.com,9991347764,Mysuru,Karnataka,2022-06-03,Regular
2982,Sneha Singh,Female,24,sneha2982@gmail.com,9554122340,Warangal,Telangana,2024-10-04,Regular
2983,Sneha Verma,Female,36,sneha2983@gmail.com,9387982781,Delhi,Delhi,2022-08-22,Gold
2984,Aarav Verma,Male,24,aarav2984@gmail.com,9997160365,Lucknow,Uttar Pradesh,2022-12-26,Regular
2985,Sneha Sharma,Female,19,sneha2985@gmail.com,9293469851,Patna,Bihar,2023-01-19,Silver
2986,Vivaan Thakur,Male,43,vivaan2986@gmail.com,9388447450,Jaipur,Rajasthan,2023-01-13,Regular
2987,Neha Kumar,Female,46,neha2987@gmail.com,9598810110,Mumbai,Maharashtra,2022-05-27,Gold
2988,Vivaan Yadav,Male,46,vivaan2988@gmail.com,9935942776,Patna,Bihar,2023-02-02,Regular
2989,Aarav Thakur,Male,30,aarav2989@gmail.com,9324066914,Kolkata,West Bengal,2025-04-09,Regular
2990,Ayushi Thakur,Female,54,ayushi2990@gmail.com,9340385838,Hyderabad,Telangana,2024-02-11,Gold
2991,Sneha Thakur,Female,45,sneha2991@gmail.com,9359486864,Hyderabad,Telangana,2024-06-27,Gold
2992,Sneha Kumar,Female,38,sneha2992@gmail.com,9379290514,Patna,Bihar,2024-03-25,Regular
2993,Vivaan Gupta,Male,26,vivaan2993@gmail.com,9596087332,Siliguri,West Bengal,2023-04-06,Silver
2994,Amit Singh,Male,54,amit2994@gmail.com,9226565106,Hyderabad,Telangana,2022-11-24,Gold
2995,Rohan Kumar,Male,54,rohan2995@gmail.com,9977358932,Coimbatore,Tamil Nadu,2023-09-04,Regular
2996,Ananya Yadav,Female,43,ananya2996@gmail.com,9793510145,Mysuru,Karnataka,2024-07-15,Regular
2997,Aditya Thakur,Male,31,aditya2997@gmail.com,9731480562,Mysuru,Karnataka,2023-12-30,Regular
2998,Rahul Kumar,Male,52,rahul2998@gmail.com,9566915622,Kolkata,West Bengal,2024-11-01,Regular
2999,Ananya Das,Female,44,ananya2999@gmail.com,9123300625,Gaya,Bihar,2024-01-15,Regular
3000,Rohan Singh,Male,28,rohan3000@gmail.com,9738899863,Jaipur,Rajasthan,2025-03-03,Regular
3001,Priya Thakur,Female,57,priya3001@gmail.com,9134976530,Bengaluru,Karnataka,2023-05-03,Regular
3002,Sneha Gupta,Female,28,sneha3002@gmail.com,9474194628,Jaipur,Rajasthan,2022-12-22,Platinum
3003,Aditya Kumar,Male,33,aditya3003@gmail.com,9483885133,Chennai,Tamil Nadu,2022-12-10,Regular
3004,Rohan Verma,Male,21,rohan3004@gmail.com,9221893424,Mysuru,Karnataka,2023-12-06,Silver
3005,Ayushi Verma,Female,32,ayushi3005@gmail.com,9534672300,Coimbatore,Tamil Nadu,2022-03-10,Silver
3006,Ananya Gupta,Female,33,ananya3006@gmail.com,9306961702,Jodhpur,Rajasthan,2023-02-01,Gold
3007,Neha Sharma,Female,26,neha3007@gmail.com,9107776528,Delhi,Delhi,2024-05-23,Gold
3008,Sneha Gupta,Female,26,sneha3008@gmail.com,9992980918,Gaya,Bihar,2022-09-08,Platinum
3009,Vivaan Sharma,Male,21,vivaan3009@gmail.com,9577096795,Delhi,Delhi,2025-04-02,Gold
3010,Sneha Sharma,Female,25,sneha3010@gmail.com,9253161692,Kanpur,Uttar Pradesh,2022-04-26,Regular
3011,Prakash Singh,Male,47,prakash3011@gmail.com,9431775492,Warangal,Telangana,2024-09-12,Silver
3012,Vivaan Kumar,Male,29,vivaan3012@gmail.com,9739195886,Delhi,Delhi,2024-02-26,Gold
3013,Sneha Gupta,Female,39,sneha3013@gmail.com,9768011422,Delhi,Delhi,2024-07-06,Platinum
3014,Aditya Yadav,Male,22,aditya3014@gmail.com,9854830445,Mumbai,Maharashtra,2024-07-03,Regular
3015,Prakash Yadav,Male,45,prakash3015@gmail.com,9394279862,Warangal,Telangana,2022-09-20,Regular
3016,Ayushi Yadav,Female,27,ayushi3016@gmail.com,9852928728,Mysuru,Karnataka,2022-07-30,Regular
3017,Rahul Gupta,Male,18,rahul3017@gmail.com,9713194513,Lucknow,Uttar Pradesh,2022-02-24,Silver
3018,Priya Sharma,Female,21,priya3018@gmail.com,9305140378,Jodhpur,Rajasthan,2023-07-08,Regular
3019,Priya Gupta,Female,40,priya3019@gmail.com,9110665577,Mumbai,Maharashtra,2023-11-11,Regular
3020,Ananya Sharma,Female,55,ananya3020@gmail.com,9787030766,Delhi,Delhi,2022-07-25,Regular
3021,Amit Das,Male,55,amit3021@gmail.com,9594990130,Chennai,Tamil Nadu,2024-09-20,Silver
3022,Sneha Sharma,Female,34,sneha3022@gmail.com,9240974031,Delhi,Delhi,2024-02-06,Regular
3023,Ananya Thakur,Female,52,ananya3023@gmail.com,9949562706,Mumbai,Maharashtra,2023-10-21,Regular
3024,Ayushi Das,Female,20,ayushi3024@gmail.com,9563235911,Bengaluru,Karnataka,2024-10-05,Regular
3025,Prakash Gupta,Male,55,prakash3025@gmail.com,9733043578,Lucknow,Uttar Pradesh,2022-12-15,Platinum
3026,Vivaan Verma,Male,28,vivaan3026@gmail.com,9465387156,Kanpur,Uttar Pradesh,2022-04-28,Regular
3027,Neha Thakur,Female,51,neha3027@gmail.com,9458139645,Jodhpur,Rajasthan,2022-04-28,Silver
3028,Ananya Sharma,Female,45,ananya3028@gmail.com,9863002504,Kolkata,West Bengal,2023-10-19,Gold
3029,Aditya Kumar,Male,35,aditya3029@gmail.com,9527240351,Mysuru,Karnataka,2024-11-06,Regular
3030,Ayushi Gupta,Female,41,ayushi3030@gmail.com,9186063733,Mysuru,Karnataka,2023-10-16,Gold
3031,Amit Sharma,Male,29,amit3031@gmail.com,9476199474,Lucknow,Uttar Pradesh,2022-12-20,Regular
3032,Priya Yadav,Female,37,priya3032@gmail.com,9580201106,Mumbai,Maharashtra,2022-12-11,Regular
3033,Sneha Thakur,Female,59,sneha3033@gmail.com,9113649814,Lucknow,Uttar Pradesh,2023-01-05,Regular
3034,Prakash Thakur,Male,36,prakash3034@gmail.com,9711744649,Bengaluru,Karnataka,2022-06-28,Silver
3035,Sneha Yadav,Female,28,sneha3035@gmail.com,9992789780,Patna,Bihar,2024-03-18,Silver
3036,Neha Yadav,Female,34,neha3036@gmail.com,9992326860,Patna,Bihar,2022-01-01,Gold
3037,Neha Gupta,Female,22,neha3037@gmail.com,9612404672,Gaya,Bihar,2023-01-15,Gold
3038,Ananya Gupta,Female,21,ananya3038@gmail.com,9891695433,Patna,Bihar,2022-06-03,Gold
3039,Priya Gupta,Female,57,priya3039@gmail.com,9290735809,Chennai,Tamil Nadu,2025-01-08,Regular
3040,Vivaan Singh,Male,42,vivaan3040@gmail.com,9106215913,Delhi,Delhi,2023-04-01,Silver
3041,Amit Sharma,Male,49,amit3041@gmail.com,9807677294,Lucknow,Uttar Pradesh,2024-08-02,Regular
3042,Neha Singh,Female,21,neha3042@gmail.com,9608955365,Kanpur,Uttar Pradesh,2024-05-06,Platinum
3043,Ayushi Gupta,Female,40,ayushi3043@gmail.com,9111084635,Mysuru,Karnataka,2024-12-12,Regular
3044,Rahul Sharma,Male,35,rahul3044@gmail.com,9554900661,Kolkata,West Bengal,2023-02-14,Regular
3045,Prakash Singh,Male,30,prakash3045@gmail.com,9944498704,Lucknow,Uttar Pradesh,2023-02-26,Regular
3046,Ayushi Singh,Female,37,ayushi3046@gmail.com,9247335514,Gaya,Bihar,2024-06-10,Platinum
3047,Priya Thakur,Female,25,priya3047@gmail.com,9904088531,Pune,Maharashtra,2023-08-13,Regular
3048,Rahul Yadav,Male,41,rahul3048@gmail.com,9611754789,Mysuru,Karnataka,2024-12-07,Platinum
3049,Ananya Gupta,Female,56,ananya3049@gmail.com,9413873515,Gaya,Bihar,2023-05-30,Regular
3050,Neha Singh,Female,38,neha3050@gmail.com,9465266436,Gaya,Bihar,2024-08-27,Regular
3051,Aarav Singh,Male,57,aarav3051@gmail.com,9760883564,Jodhpur,Rajasthan,2024-10-09,Silver
3052,Ananya Sharma,Female,28,ananya3052@gmail.com,9408197328,Mysuru,Karnataka,2022-03-26,Silver
3053,Ayushi Thakur,Female,49,ayushi3053@gmail.com,9280622991,Warangal,Telangana,2022-06-09,Regular
3054,Priya Gupta,Female,42,priya3054@gmail.com,9714824024,Siliguri,West Bengal,2024-10-23,Regular
3055,Priya Thakur,Female,41,priya3055@gmail.com,9900321282,Patna,Bihar,2025-01-02,Regular
3056,Amit Kumar,Male,47,amit3056@gmail.com,9285710743,Mysuru,Karnataka,2023-07-30,Regular
3057,Vivaan Kumar,Male,56,vivaan3057@gmail.com,9463894918,Kanpur,Uttar Pradesh,2022-01-07,Regular
3058,Rahul Thakur,Male,23,rahul3058@gmail.com,9519634230,Siliguri,West Bengal,2022-12-24,Silver
3059,Sneha Kumar,Female,55,sneha3059@gmail.com,9938605818,Coimbatore,Tamil Nadu,2022-03-08,Regular
3060,Ayushi Yadav,Female,37,ayushi3060@gmail.com,9624768498,Jaipur,Rajasthan,2022-04-13,Gold
3061,Ayushi Gupta,Female,50,ayushi3061@gmail.com,9661084098,Lucknow,Uttar Pradesh,2024-07-22,Regular
3062,Aarav Yadav,Male,23,aarav3062@gmail.com,9682217399,Coimbatore,Tamil Nadu,2024-02-08,Gold
3063,Ayushi Yadav,Female,26,ayushi3063@gmail.com,9829539485,Siliguri,West Bengal,2024-08-15,Gold
3064,Amit Singh,Male,60,amit3064@gmail.com,9418831133,Coimbatore,Tamil Nadu,2024-01-24,Gold
3065,Amit Kumar,Male,27,amit3065@gmail.com,9586202611,Pune,Maharashtra,2022-05-03,Regular
3066,Aarav Thakur,Male,20,aarav3066@gmail.com,9848939547,Bengaluru,Karnataka,2023-11-17,Regular
3067,Aarav Thakur,Male,41,aarav3067@gmail.com,9542271517,Jodhpur,Rajasthan,2023-04-29,Gold
3068,Priya Kumar,Female,33,priya3068@gmail.com,9576963669,Lucknow,Uttar Pradesh,2023-04-12,Regular
3069,Prakash Kumar,Male,48,prakash3069@gmail.com,9792146986,Lucknow,Uttar Pradesh,2024-03-22,Regular
3070,Neha Das,Female,53,neha3070@gmail.com,9245641613,Chennai,Tamil Nadu,2022-09-04,Regular
3071,Neha Das,Female,59,neha3071@gmail.com,9401946171,Mysuru,Karnataka,2025-03-22,Gold
3072,Amit Yadav,Male,31,amit3072@gmail.com,9639427879,Gaya,Bihar,2023-11-05,Gold
3073,Rahul Gupta,Male,44,rahul3073@gmail.com,9319419497,Gaya,Bihar,2025-03-18,Regular
3074,Neha Kumar,Female,58,neha3074@gmail.com,9446445855,Mysuru,Karnataka,2023-10-07,Gold
3075,Aditya Singh,Male,21,aditya3075@gmail.com,9381708778,Delhi,Delhi,2024-07-21,Silver
3076,Ananya Singh,Female,43,ananya3076@gmail.com,9833144457,Jodhpur,Rajasthan,2025-01-21,Silver
3077,Neha Gupta,Female,21,neha3077@gmail.com,9918767445,Gaya,Bihar,2023-01-18,Regular
3078,Rahul Gupta,Male,55,rahul3078@gmail.com,9290386614,Bengaluru,Karnataka,2025-04-03,Gold
3079,Rohan Sharma,Male,25,rohan3079@gmail.com,9703284296,Jaipur,Rajasthan,2024-10-01,Regular
3080,Prakash Das,Male,47,prakash3080@gmail.com,9891925106,Kolkata,West Bengal,2022-07-05,Gold
3081,Ayushi Thakur,Female,43,ayushi3081@gmail.com,9730621745,Gaya,Bihar,2022-12-18,Regular
3082,Ananya Gupta,Female,33,ananya3082@gmail.com,9450936348,Patna,Bihar,2022-06-28,Regular
3083,Ayushi Verma,Female,57,ayushi3083@gmail.com,9549411194,Patna,Bihar,2025-03-04,Regular
3084,Vivaan Verma,Male,46,vivaan3084@gmail.com,9303850875,Lucknow,Uttar Pradesh,2025-01-08,Regular
3085,Ayushi Gupta,Female,50,ayushi3085@gmail.com,9897252384,Delhi,Delhi,2025-02-23,Gold
3086,Ananya Sharma,Female,47,ananya3086@gmail.com,9878118351,Chennai,Tamil Nadu,2022-06-04,Silver
3087,Amit Kumar,Male,58,amit3087@gmail.com,9504698833,Kanpur,Uttar Pradesh,2024-03-02,Platinum
3088,Rohan Singh,Male,59,rohan3088@gmail.com,9666617788,Delhi,Delhi,2023-12-05,Silver
3089,Neha Thakur,Female,60,neha3089@gmail.com,9252382077,Patna,Bihar,2025-04-04,Gold
3090,Priya Kumar,Female,46,priya3090@gmail.com,9931839255,Jaipur,Rajasthan,2023-02-14,Regular
3091,Sneha Sharma,Female,58,sneha3091@gmail.com,9420344230,Hyderabad,Telangana,2024-04-24,Regular
3092,Aarav Kumar,Male,58,aarav3092@gmail.com,9170426712,Patna,Bihar,2024-11-26,Regular
3093,Amit Sharma,Male,53,amit3093@gmail.com,9286673498,Lucknow,Uttar Pradesh,2024-04-29,Silver
3094,Amit Verma,Male,60,amit3094@gmail.com,9120659391,Delhi,Delhi,2022-03-03,Regular
3095,Sneha Sharma,Female,58,sneha3095@gmail.com,9395934073,Jodhpur,Rajasthan,2024-08-14,Regular
3096,Neha Singh,Female,25,neha3096@gmail.com,9284136527,Lucknow,Uttar Pradesh,2024-02-28,Gold
3097,Aditya Kumar,Male,20,aditya3097@gmail.com,9669495244,Kanpur,Uttar Pradesh,2025-02-15,Regular
3098,Sneha Singh,Female,21,sneha3098@gmail.com,9782473125,Patna,Bihar,2024-07-23,Gold
3099,Prakash Thakur,Male,35,prakash3099@gmail.com,9334442969,Mysuru,Karnataka,2023-07-29,Regular
3100,Rohan Thakur,Male,51,rohan3100@gmail.com,9830645666,Lucknow,Uttar Pradesh,2023-11-16,Gold
3101,Vivaan Sharma,Male,36,vivaan3101@gmail.com,9970274679,Hyderabad,Telangana,2022-01-23,Silver
3102,Aditya Verma,Male,44,aditya3102@gmail.com,9740670351,Mysuru,Karnataka,2023-03-17,Regular
3103,Prakash Das,Male,33,prakash3103@gmail.com,9109615290,Mumbai,Maharashtra,2024-01-16,Regular
3104,Neha Kumar,Female,57,neha3104@gmail.com,9504502731,Delhi,Delhi,2023-05-27,Silver
3105,Aditya Thakur,Male,42,aditya3105@gmail.com,9441713055,Hyderabad,Telangana,2023-05-12,Regular
3106,Priya Verma,Female,45,priya3106@gmail.com,9374708456,Delhi,Delhi,2023-04-01,Silver
3107,Priya Thakur,Female,33,priya3107@gmail.com,9529612494,Pune,Maharashtra,2022-02-03,Gold
3108,Vivaan Verma,Male,46,vivaan3108@gmail.com,9635166850,Delhi,Delhi,2025-03-13,Regular
3109,Ananya Yadav,Female,27,ananya3109@gmail.com,9312155828,Siliguri,West Bengal,2024-04-21,Platinum
3110,Aarav Yadav,Male,47,aarav3110@gmail.com,9748882598,Coimbatore,Tamil Nadu,2024-04-05,Gold
3111,Ayushi Singh,Female,41,ayushi3111@gmail.com,9724355989,Jodhpur,Rajasthan,2022-09-22,Regular
3112,Aditya Kumar,Male,29,aditya3112@gmail.com,9749433630,Hyderabad,Telangana,2023-06-10,Silver
3113,Neha Sharma,Female,42,neha3113@gmail.com,9547699749,Bengaluru,Karnataka,2022-01-23,Regular
3114,Aditya Gupta,Male,42,aditya3114@gmail.com,9755275455,Warangal,Telangana,2023-12-08,Platinum
3115,Prakash Verma,Male,48,prakash3115@gmail.com,9529300498,Bengaluru,Karnataka,2025-02-06,Silver
3116,Rahul Sharma,Male,45,rahul3116@gmail.com,9113268555,Warangal,Telangana,2024-02-02,Regular
3117,Amit Sharma,Male,51,amit3117@gmail.com,9967024421,Coimbatore,Tamil Nadu,2022-04-11,Regular
3118,Priya Gupta,Female,30,priya3118@gmail.com,9920806711,Chennai,Tamil Nadu,2024-12-17,Silver
3119,Neha Kumar,Female,18,neha3119@gmail.com,9171402243,Bengaluru,Karnataka,2022-03-02,Regular
3120,Neha Sharma,Female,37,neha3120@gmail.com,9895848028,Gaya,Bihar,2022-05-18,Silver
3121,Ayushi Singh,Female,37,ayushi3121@gmail.com,9226925707,Chennai,Tamil Nadu,2023-03-22,Regular
3122,Priya Sharma,Female,48,priya3122@gmail.com,9242158329,Jodhpur,Rajasthan,2025-01-18,Regular
3123,Rohan Verma,Male,37,rohan3123@gmail.com,9271550550,Jodhpur,Rajasthan,2024-02-25,Silver
3124,Aarav Verma,Male,21,aarav3124@gmail.com,9656831984,Mysuru,Karnataka,2022-11-06,Regular
3125,Aarav Das,Male,45,aarav3125@gmail.com,9753512782,Kolkata,West Bengal,2024-05-23,Platinum
3126,Amit Yadav,Male,54,amit3126@gmail.com,9988288906,Pune,Maharashtra,2022-09-14,Gold
3127,Neha Sharma,Female,23,neha3127@gmail.com,9608801224,Gaya,Bihar,2022-01-09,Silver
3128,Rahul Yadav,Male,24,rahul3128@gmail.com,9664994654,Chennai,Tamil Nadu,2024-04-17,Regular
3129,Aditya Thakur,Male,37,aditya3129@gmail.com,9366190060,Siliguri,West Bengal,2022-01-14,Gold
3130,Ayushi Singh,Female,38,ayushi3130@gmail.com,9342169920,Delhi,Delhi,2022-12-01,Platinum
3131,Rohan Verma,Male,24,rohan3131@gmail.com,9113671671,Coimbatore,Tamil Nadu,2024-04-08,Regular
3132,Prakash Sharma,Male,49,prakash3132@gmail.com,9475392878,Warangal,Telangana,2022-05-31,Regular
3133,Sneha Sharma,Female,27,sneha3133@gmail.com,9846261080,Lucknow,Uttar Pradesh,2022-04-03,Regular
3134,Amit Das,Male,31,amit3134@gmail.com,9593515207,Mumbai,Maharashtra,2023-02-01,Regular
3135,Ayushi Thakur,Female,46,ayushi3135@gmail.com,9407746385,Delhi,Delhi,2023-07-18,Silver
3136,Rahul Yadav,Male,46,rahul3136@gmail.com,9905083471,Gaya,Bihar,2022-02-22,Platinum
3137,Prakash Verma,Male,18,prakash3137@gmail.com,9842844895,Lucknow,Uttar Pradesh,2022-05-15,Gold
3138,Vivaan Singh,Male,58,vivaan3138@gmail.com,9136631805,Kanpur,Uttar Pradesh,2024-08-23,Platinum
3139,Vivaan Das,Male,60,vivaan3139@gmail.com,9278733667,Jodhpur,Rajasthan,2023-05-05,Gold
3140,Ayushi Verma,Female,30,ayushi3140@gmail.com,9374655886,Kolkata,West Bengal,2024-02-25,Regular
3141,Amit Kumar,Male,40,amit3141@gmail.com,9684769502,Pune,Maharashtra,2023-12-07,Silver
3142,Rahul Thakur,Male,57,rahul3142@gmail.com,9521336947,Pune,Maharashtra,2023-07-10,Silver
3143,Neha Kumar,Female,48,neha3143@gmail.com,9102891417,Chennai,Tamil Nadu,2024-10-04,Regular
3144,Aarav Thakur,Male,37,aarav3144@gmail.com,9225874394,Patna,Bihar,2023-10-16,Silver
3145,Sneha Sharma,Female,23,sneha3145@gmail.com,9963580379,Patna,Bihar,2022-12-31,Silver
3146,Neha Sharma,Female,33,neha3146@gmail.com,9651625758,Coimbatore,Tamil Nadu,2022-03-23,Regular
3147,Rohan Thakur,Male,60,rohan3147@gmail.com,9577617584,Jodhpur,Rajasthan,2022-02-13,Silver
3148,Neha Verma,Female,56,neha3148@gmail.com,9849272633,Patna,Bihar,2022-11-19,Regular
3149,Ananya Yadav,Female,31,ananya3149@gmail.com,9875644153,Kanpur,Uttar Pradesh,2023-02-28,Regular
3150,Prakash Kumar,Male,56,prakash3150@gmail.com,9602965098,Lucknow,Uttar Pradesh,2023-01-24,Regular
3151,Neha Das,Female,50,neha3151@gmail.com,9872916142,Patna,Bihar,2022-03-29,Platinum
3152,Aarav Sharma,Male,25,aarav3152@gmail.com,9743692332,Jodhpur,Rajasthan,2022-03-26,Silver
3153,Prakash Singh,Male,30,prakash3153@gmail.com,9830949166,Pune,Maharashtra,2022-07-08,Gold
3154,Neha Singh,Female,39,neha3154@gmail.com,9676721617,Mysuru,Karnataka,2022-07-17,Regular
3155,Priya Sharma,Female,33,priya3155@gmail.com,9300221414,Kolkata,West Bengal,2024-03-28,Silver
3156,Aarav Thakur,Male,28,aarav3156@gmail.com,9257560938,Pune,Maharashtra,2024-07-20,Regular
3157,Rohan Kumar,Male,48,rohan3157@gmail.com,9392741557,Coimbatore,Tamil Nadu,2024-09-01,Regular
3158,Rahul Kumar,Male,26,rahul3158@gmail.com,9787809411,Delhi,Delhi,2024-12-25,Gold
3159,Vivaan Thakur,Male,22,vivaan3159@gmail.com,9983554515,Pune,Maharashtra,2024-03-10,Silver
3160,Sneha Thakur,Female,49,sneha3160@gmail.com,9963188027,Kolkata,West Bengal,2024-05-12,Regular
3161,Neha Sharma,Female,38,neha3161@gmail.com,9854972582,Lucknow,Uttar Pradesh,2023-05-24,Gold
3162,Priya Gupta,Female,26,priya3162@gmail.com,9904275903,Lucknow,Uttar Pradesh,2022-01-28,Regular
3163,Aarav Sharma,Male,49,aarav3163@gmail.com,9972903266,Jodhpur,Rajasthan,2024-02-05,Silver
3164,Prakash Yadav,Male,43,prakash3164@gmail.com,9151989168,Hyderabad,Telangana,2024-11-24,Regular
3165,Prakash Kumar,Male,43,prakash3165@gmail.com,9356308622,Gaya,Bihar,2024-03-22,Regular
3166,Aarav Sharma,Male,59,aarav3166@gmail.com,9194199394,Gaya,Bihar,2024-12-23,Silver
3167,Aarav Singh,Male,31,aarav3167@gmail.com,9729901694,Kanpur,Uttar Pradesh,2022-01-23,Regular
3168,Aarav Gupta,Male,27,aarav3168@gmail.com,9491740160,Mumbai,Maharashtra,2022-03-01,Regular
3169,Aditya Gupta,Male,41,aditya3169@gmail.com,9710340302,Delhi,Delhi,2024-07-31,Regular
3170,Vivaan Sharma,Male,20,vivaan3170@gmail.com,9153192086,Kolkata,West Bengal,2024-03-14,Silver
3171,Aarav Sharma,Male,40,aarav3171@gmail.com,9974807053,Jodhpur,Rajasthan,2024-08-07,Platinum
3172,Ayushi Thakur,Female,20,ayushi3172@gmail.com,9442548088,Delhi,Delhi,2022-10-08,Regular
3173,Ananya Thakur,Female,32,ananya3173@gmail.com,9651682876,Jodhpur,Rajasthan,2023-11-06,Regular
3174,Rohan Singh,Male,56,rohan3174@gmail.com,9517996581,Jaipur,Rajasthan,2025-01-27,Regular
3175,Ayushi Thakur,Female,43,ayushi3175@gmail.com,9536094271,Kolkata,West Bengal,2023-11-08,Regular
3176,Aditya Singh,Male,57,aditya3176@gmail.com,9631546833,Mysuru,Karnataka,2024-10-07,Regular
3177,Aarav Gupta,Male,24,aarav3177@gmail.com,9970654370,Kanpur,Uttar Pradesh,2024-04-16,Regular
3178,Amit Yadav,Male,46,amit3178@gmail.com,9111258189,Mysuru,Karnataka,2022-03-04,Regular
3179,Neha Kumar,Female,30,neha3179@gmail.com,9479373882,Mysuru,Karnataka,2022-09-26,Gold
3180,Amit Verma,Male,22,amit3180@gmail.com,9502072103,Pune,Maharashtra,2022-02-25,Platinum
3181,Rahul Gupta,Male,45,rahul3181@gmail.com,9633703824,Patna,Bihar,2022-07-04,Gold
3182,Aarav Verma,Male,46,aarav3182@gmail.com,9714267952,Siliguri,West Bengal,2024-12-14,Regular
3183,Ayushi Thakur,Female,31,ayushi3183@gmail.com,9363383452,Bengaluru,Karnataka,2022-06-03,Silver
3184,Sneha Thakur,Female,42,sneha3184@gmail.com,9383698081,Delhi,Delhi,2022-04-26,Silver
3185,Vivaan Verma,Male,55,vivaan3185@gmail.com,9158426840,Kolkata,West Bengal,2024-08-15,Regular
3186,Sneha Singh,Female,58,sneha3186@gmail.com,9718023013,Hyderabad,Telangana,2024-12-10,Silver
3187,Ananya Yadav,Female,31,ananya3187@gmail.com,9561370960,Kanpur,Uttar Pradesh,2025-04-04,Regular
3188,Prakash Verma,Male,34,prakash3188@gmail.com,9773452238,Mumbai,Maharashtra,2024-10-10,Silver
3189,Amit Kumar,Male,47,amit3189@gmail.com,9152802358,Warangal,Telangana,2024-02-06,Gold
3190,Rahul Singh,Male,34,rahul3190@gmail.com,9362380248,Coimbatore,Tamil Nadu,2025-01-15,Gold
3191,Aditya Kumar,Male,45,aditya3191@gmail.com,9624918996,Mumbai,Maharashtra,2024-01-08,Regular
3192,Ananya Das,Female,26,ananya3192@gmail.com,9325843670,Chennai,Tamil Nadu,2023-03-12,Silver
3193,Ayushi Kumar,Female,53,ayushi3193@gmail.com,9243206452,Kanpur,Uttar Pradesh,2023-01-17,Regular
3194,Rahul Yadav,Male,34,rahul3194@gmail.com,9277530219,Mysuru,Karnataka,2023-01-18,Regular
3195,Prakash Verma,Male,20,prakash3195@gmail.com,9246738294,Chennai,Tamil Nadu,2022-10-16,Regular
3196,Sneha Singh,Female,18,sneha3196@gmail.com,9170070955,Bengaluru,Karnataka,2023-05-30,Regular
3197,Aditya Thakur,Male,26,aditya3197@gmail.com,9328081895,Chennai,Tamil Nadu,2023-08-24,Platinum
3198,Sneha Sharma,Female,48,sneha3198@gmail.com,9455837418,Hyderabad,Telangana,2022-01-19,Gold
3199,Ayushi Verma,Female,42,ayushi3199@gmail.com,9161824924,Pune,Maharashtra,2022-09-17,Gold
3200,Neha Singh,Female,53,neha3200@gmail.com,9337444291,Warangal,Telangana,2023-02-18,Regular
3201,Ayushi Gupta,Female,27,ayushi3201@gmail.com,9297896047,Gaya,Bihar,2023-03-14,Gold
3202,Aditya Das,Male,47,aditya3202@gmail.com,9601289396,Lucknow,Uttar Pradesh,2024-07-09,Regular
3203,Ananya Kumar,Female,43,ananya3203@gmail.com,9420767223,Pune,Maharashtra,2024-03-26,Silver
3204,Aarav Gupta,Male,41,aarav3204@gmail.com,9156221065,Gaya,Bihar,2025-02-17,Regular
3205,Sneha Verma,Female,57,sneha3205@gmail.com,9640546713,Gaya,Bihar,2022-12-14,Gold
3206,Vivaan Kumar,Male,37,vivaan3206@gmail.com,9881603066,Mysuru,Karnataka,2024-08-26,Regular
3207,Aarav Yadav,Male,41,aarav3207@gmail.com,9643677956,Warangal,Telangana,2024-08-27,Regular
3208,Aditya Verma,Male,18,aditya3208@gmail.com,9561386776,Warangal,Telangana,2025-03-11,Gold
3209,Prakash Yadav,Male,50,prakash3209@gmail.com,9811203345,Patna,Bihar,2023-01-26,Platinum
3210,Neha Singh,Female,54,neha3210@gmail.com,9580839473,Kanpur,Uttar Pradesh,2023-08-03,Regular
3211,Vivaan Gupta,Male,49,vivaan3211@gmail.com,9903761910,Hyderabad,Telangana,2025-03-14,Silver
3212,Sneha Singh,Female,56,sneha3212@gmail.com,9858132279,Jodhpur,Rajasthan,2023-06-12,Silver
3213,Priya Kumar,Female,56,priya3213@gmail.com,9853981782,Gaya,Bihar,2023-08-01,Gold
3214,Neha Yadav,Female,31,neha3214@gmail.com,9236965418,Chennai,Tamil Nadu,2023-08-31,Regular
3215,Neha Singh,Female,24,neha3215@gmail.com,9268522141,Coimbatore,Tamil Nadu,2022-09-25,Silver
3216,Rohan Singh,Male,57,rohan3216@gmail.com,9409577633,Jaipur,Rajasthan,2023-11-06,Silver
3217,Ayushi Kumar,Female,22,ayushi3217@gmail.com,9295906878,Kolkata,West Bengal,2022-01-09,Silver
3218,Aditya Gupta,Male,37,aditya3218@gmail.com,9634409591,Lucknow,Uttar Pradesh,2024-12-23,Regular
3219,Neha Das,Female,49,neha3219@gmail.com,9168949233,Mysuru,Karnataka,2024-10-29,Gold
3220,Aditya Gupta,Male,51,aditya3220@gmail.com,9790373070,Jaipur,Rajasthan,2024-07-11,Silver
3221,Priya Thakur,Female,42,priya3221@gmail.com,9660661324,Hyderabad,Telangana,2022-05-19,Regular
3222,Ananya Thakur,Female,59,ananya3222@gmail.com,9497368100,Mumbai,Maharashtra,2025-03-24,Regular
3223,Neha Kumar,Female,50,neha3223@gmail.com,9559970961,Warangal,Telangana,2023-10-27,Silver
3224,Prakash Gupta,Male,57,prakash3224@gmail.com,9577572472,Delhi,Delhi,2022-01-08,Regular
3225,Aarav Kumar,Male,27,aarav3225@gmail.com,9547944517,Lucknow,Uttar Pradesh,2025-03-21,Regular
3226,Aarav Singh,Male,38,aarav3226@gmail.com,9482604954,Lucknow,Uttar Pradesh,2024-05-07,Gold
3227,Ayushi Verma,Female,60,ayushi3227@gmail.com,9661286206,Warangal,Telangana,2024-10-19,Platinum
3228,Priya Das,Female,24,priya3228@gmail.com,9284842392,Siliguri,West Bengal,2023-12-23,Regular
3229,Aarav Kumar,Male,42,aarav3229@gmail.com,9662399011,Kanpur,Uttar Pradesh,2022-04-18,Regular
3230,Amit Sharma,Male,21,amit3230@gmail.com,9483769627,Jodhpur,Rajasthan,2023-08-20,Regular
3231,Ayushi Verma,Female,27,ayushi3231@gmail.com,9288039131,Kanpur,Uttar Pradesh,2022-08-07,Gold
3232,Vivaan Das,Male,18,vivaan3232@gmail.com,9254318493,Delhi,Delhi,2023-08-30,Gold
3233,Amit Yadav,Male,45,amit3233@gmail.com,9118241330,Chennai,Tamil Nadu,2024-12-30,Silver
3234,Rahul Kumar,Male,46,rahul3234@gmail.com,9121345831,Coimbatore,Tamil Nadu,2022-05-11,Platinum
3235,Aarav Thakur,Male,27,aarav3235@gmail.com,9327805883,Lucknow,Uttar Pradesh,2023-07-03,Silver
3236,Aditya Kumar,Male,21,aditya3236@gmail.com,9680419029,Lucknow,Uttar Pradesh,2023-11-13,Silver
3237,Aarav Thakur,Male,31,aarav3237@gmail.com,9388959835,Jaipur,Rajasthan,2022-05-22,Silver
3238,Rohan Singh,Male,56,rohan3238@gmail.com,9620540297,Gaya,Bihar,2024-09-01,Gold
3239,Ayushi Verma,Female,53,ayushi3239@gmail.com,9388542525,Hyderabad,Telangana,2022-11-10,Regular
3240,Sneha Thakur,Female,18,sneha3240@gmail.com,9420859944,Siliguri,West Bengal,2024-12-14,Regular
3241,Prakash Verma,Male,49,prakash3241@gmail.com,9421215367,Gaya,Bihar,2024-02-13,Platinum
3242,Rahul Gupta,Male,34,rahul3242@gmail.com,9826741310,Gaya,Bihar,2025-03-19,Regular
3243,Aditya Yadav,Male,28,aditya3243@gmail.com,9870116692,Kolkata,West Bengal,2022-01-03,Silver
3244,Rohan Kumar,Male,23,rohan3244@gmail.com,9479862191,Delhi,Delhi,2023-04-23,Gold
3245,Amit Thakur,Male,47,amit3245@gmail.com,9305309957,Mysuru,Karnataka,2022-02-05,Gold
3246,Prakash Singh,Male,46,prakash3246@gmail.com,9814025317,Bengaluru,Karnataka,2025-02-28,Regular
3247,Rahul Verma,Male,25,rahul3247@gmail.com,9804703228,Delhi,Delhi,2024-01-19,Regular
3248,Ananya Thakur,Female,28,ananya3248@gmail.com,9316323109,Jodhpur,Rajasthan,2024-12-06,Regular
3249,Sneha Verma,Female,43,sneha3249@gmail.com,9847680119,Jaipur,Rajasthan,2024-11-30,Silver
3250,Sneha Yadav,Female,33,sneha3250@gmail.com,9794391882,Delhi,Delhi,2022-11-22,Gold
3251,Aarav Verma,Male,42,aarav3251@gmail.com,9869262479,Mysuru,Karnataka,2025-01-28,Silver
3252,Rahul Yadav,Male,36,rahul3252@gmail.com,9654430604,Delhi,Delhi,2024-09-11,Regular
3253,Ananya Kumar,Female,43,ananya3253@gmail.com,9295199069,Hyderabad,Telangana,2024-02-26,Gold
3254,Priya Singh,Female,23,priya3254@gmail.com,9603304708,Chennai,Tamil Nadu,2024-12-20,Silver
3255,Aditya Yadav,Male,39,aditya3255@gmail.com,9704652399,Mysuru,Karnataka,2024-01-11,Regular
3256,Neha Sharma,Female,26,neha3256@gmail.com,9594101846,Jaipur,Rajasthan,2023-04-28,Silver
3257,Vivaan Das,Male,55,vivaan3257@gmail.com,9128964044,Coimbatore,Tamil Nadu,2024-10-26,Platinum
3258,Rahul Kumar,Male,45,rahul3258@gmail.com,9439687249,Bengaluru,Karnataka,2022-03-15,Gold
3259,Aarav Thakur,Male,46,aarav3259@gmail.com,9723763433,Jodhpur,Rajasthan,2024-08-12,Regular
3260,Rohan Das,Male,49,rohan3260@gmail.com,9437112192,Delhi,Delhi,2024-05-11,Regular
3261,Amit Kumar,Male,31,amit3261@gmail.com,9596894333,Jaipur,Rajasthan,2024-07-15,Silver
3262,Priya Das,Female,53,priya3262@gmail.com,9723877167,Kolkata,West Bengal,2022-04-29,Regular
3263,Aditya Yadav,Male,31,aditya3263@gmail.com,9642806507,Jodhpur,Rajasthan,2025-01-31,Regular
3264,Neha Gupta,Female,19,neha3264@gmail.com,9267025475,Jodhpur,Rajasthan,2024-12-11,Platinum
3265,Vivaan Sharma,Male,55,vivaan3265@gmail.com,9528582025,Warangal,Telangana,2023-05-03,Silver
3266,Rohan Kumar,Male,23,rohan3266@gmail.com,9687532232,Bengaluru,Karnataka,2023-11-15,Gold
3267,Aditya Yadav,Male,50,aditya3267@gmail.com,9923577253,Jaipur,Rajasthan,2022-07-21,Regular
3268,Aarav Yadav,Male,56,aarav3268@gmail.com,9139350408,Gaya,Bihar,2024-03-05,Gold
3269,Sneha Sharma,Female,48,sneha3269@gmail.com,9936805412,Gaya,Bihar,2023-03-26,Regular
3270,Neha Gupta,Female,35,neha3270@gmail.com,9858534280,Jaipur,Rajasthan,2023-04-04,Silver
3271,Sneha Das,Female,33,sneha3271@gmail.com,9866488581,Kanpur,Uttar Pradesh,2022-04-05,Regular
3272,Priya Das,Female,57,priya3272@gmail.com,9544277539,Kanpur,Uttar Pradesh,2024-11-12,Gold
3273,Priya Verma,Female,18,priya3273@gmail.com,9959386451,Chennai,Tamil Nadu,2024-07-02,Regular
3274,Aditya Gupta,Male,38,aditya3274@gmail.com,9453550537,Chennai,Tamil Nadu,2022-07-25,Regular
3275,Rahul Kumar,Male,26,rahul3275@gmail.com,9791175622,Gaya,Bihar,2024-01-03,Regular
3276,Amit Thakur,Male,34,amit3276@gmail.com,9148009656,Hyderabad,Telangana,2023-07-28,Regular
3277,Vivaan Singh,Male,22,vivaan3277@gmail.com,9431323196,Jaipur,Rajasthan,2023-09-30,Gold
3278,Aditya Gupta,Male,21,aditya3278@gmail.com,9313086324,Patna,Bihar,2023-10-23,Regular
3279,Priya Yadav,Female,56,priya3279@gmail.com,9180152447,Hyderabad,Telangana,2024-12-29,Silver
3280,Sneha Das,Female,21,sneha3280@gmail.com,9252604094,Warangal,Telangana,2025-01-06,Regular
3281,Priya Yadav,Female,36,priya3281@gmail.com,9382828526,Delhi,Delhi,2024-11-15,Regular
3282,Aarav Gupta,Male,45,aarav3282@gmail.com,9420150230,Warangal,Telangana,2024-05-16,Gold
3283,Prakash Sharma,Male,48,prakash3283@gmail.com,9334751948,Pune,Maharashtra,2023-10-16,Gold
3284,Vivaan Verma,Male,49,vivaan3284@gmail.com,9493044791,Jaipur,Rajasthan,2025-04-07,Regular
3285,Rohan Das,Male,24,rohan3285@gmail.com,9646581788,Bengaluru,Karnataka,2023-04-24,Regular
3286,Ananya Kumar,Female,54,ananya3286@gmail.com,9991062231,Jaipur,Rajasthan,2022-10-07,Regular
3287,Ananya Thakur,Female,32,ananya3287@gmail.com,9343351931,Jodhpur,Rajasthan,2022-12-02,Regular
3288,Ananya Verma,Female,53,ananya3288@gmail.com,9472544900,Pune,Maharashtra,2022-05-22,Silver
3289,Sneha Yadav,Female,19,sneha3289@gmail.com,9600969027,Delhi,Delhi,2024-03-07,Gold
3290,Neha Das,Female,42,neha3290@gmail.com,9289715127,Delhi,Delhi,2023-06-06,Silver
3291,Amit Thakur,Male,58,amit3291@gmail.com,9622972582,Siliguri,West Bengal,2022-06-18,Regular
3292,Vivaan Das,Male,39,vivaan3292@gmail.com,9114096002,Pune,Maharashtra,2022-01-07,Platinum
3293,Amit Singh,Male,54,amit3293@gmail.com,9692502979,Bengaluru,Karnataka,2024-04-08,Regular
3294,Prakash Thakur,Male,60,prakash3294@gmail.com,9614872861,Delhi,Delhi,2023-07-15,Regular
3295,Amit Gupta,Male,46,amit3295@gmail.com,9409024558,Gaya,Bihar,2024-09-24,Regular
3296,Amit Yadav,Male,60,amit3296@gmail.com,9783889701,Bengaluru,Karnataka,2023-08-15,Platinum
3297,Aditya Yadav,Male,19,aditya3297@gmail.com,9717549691,Chennai,Tamil Nadu,2023-12-14,Silver
3298,Vivaan Gupta,Male,42,vivaan3298@gmail.com,9585782154,Lucknow,Uttar Pradesh,2024-05-01,Regular
3299,Neha Yadav,Female,18,neha3299@gmail.com,9249840510,Kanpur,Uttar Pradesh,2022-06-09,Platinum
3300,Ayushi Sharma,Female,26,ayushi3300@gmail.com,9951943075,Lucknow,Uttar Pradesh,2022-03-07,Gold
3301,Rohan Gupta,Male,57,rohan3301@gmail.com,9731771542,Bengaluru,Karnataka,2023-07-05,Silver
3302,Ananya Das,Female,53,ananya3302@gmail.com,9336982555,Mumbai,Maharashtra,2024-05-17,Gold
3303,Sneha Kumar,Female,48,sneha3303@gmail.com,9585695832,Warangal,Telangana,2022-07-12,Silver
3304,Rohan Thakur,Male,43,rohan3304@gmail.com,9229168599,Kolkata,West Bengal,2023-07-20,Regular
3305,Prakash Gupta,Male,22,prakash3305@gmail.com,9591689158,Patna,Bihar,2023-12-19,Regular
3306,Neha Thakur,Female,42,neha3306@gmail.com,9973549236,Kanpur,Uttar Pradesh,2022-10-14,Regular
3307,Prakash Das,Male,42,prakash3307@gmail.com,9334274669,Jodhpur,Rajasthan,2022-09-20,Regular
3308,Sneha Verma,Female,55,sneha3308@gmail.com,9913825022,Siliguri,West Bengal,2023-12-31,Regular
3309,Rohan Das,Male,34,rohan3309@gmail.com,9971763264,Mysuru,Karnataka,2024-02-09,Regular
3310,Prakash Verma,Male,29,prakash3310@gmail.com,9897737670,Patna,Bihar,2022-01-06,Gold
3311,Ananya Gupta,Female,36,ananya3311@gmail.com,9833737187,Kolkata,West Bengal,2023-07-10,Regular
3312,Rahul Sharma,Male,52,rahul3312@gmail.com,9675465143,Jodhpur,Rajasthan,2023-01-05,Regular
3313,Rahul Gupta,Male,22,rahul3313@gmail.com,9371324826,Gaya,Bihar,2023-04-24,Gold
3314,Ananya Singh,Female,48,ananya3314@gmail.com,9413973608,Delhi,Delhi,2024-02-05,Silver
3315,Priya Singh,Female,34,priya3315@gmail.com,9848056906,Chennai,Tamil Nadu,2022-08-23,Gold
3316,Sneha Verma,Female,22,sneha3316@gmail.com,9243895449,Warangal,Telangana,2023-03-14,Gold
3317,Aarav Verma,Male,33,aarav3317@gmail.com,9573318556,Gaya,Bihar,2023-08-08,Regular
3318,Vivaan Gupta,Male,51,vivaan3318@gmail.com,9963708439,Kanpur,Uttar Pradesh,2022-04-17,Regular
3319,Vivaan Das,Male,23,vivaan3319@gmail.com,9435028764,Patna,Bihar,2023-05-14,Regular
3320,Vivaan Singh,Male,32,vivaan3320@gmail.com,9565074258,Pune,Maharashtra,2023-05-28,Regular
3321,Rohan Singh,Male,49,rohan3321@gmail.com,9957309625,Lucknow,Uttar Pradesh,2022-01-31,Silver
3322,Vivaan Kumar,Male,58,vivaan3322@gmail.com,9663183497,Jodhpur,Rajasthan,2024-04-10,Regular
3323,Priya Das,Female,44,priya3323@gmail.com,9789680282,Delhi,Delhi,2022-04-19,Silver
3324,Neha Gupta,Female,22,neha3324@gmail.com,9499740903,Patna,Bihar,2023-05-16,Platinum
3325,Aarav Yadav,Male,21,aarav3325@gmail.com,9298305283,Bengaluru,Karnataka,2022-03-10,Regular
3326,Priya Verma,Female,38,priya3326@gmail.com,9992217608,Mysuru,Karnataka,2022-02-08,Regular
3327,Vivaan Thakur,Male,19,vivaan3327@gmail.com,9533486564,Delhi,Delhi,2022-11-11,Regular
3328,Priya Singh,Female,38,priya3328@gmail.com,9892996284,Patna,Bihar,2023-06-09,Silver
3329,Vivaan Yadav,Male,33,vivaan3329@gmail.com,9320983217,Bengaluru,Karnataka,2024-05-19,Gold
3330,Aditya Sharma,Male,35,aditya3330@gmail.com,9140113126,Jaipur,Rajasthan,2022-10-07,Regular
3331,Sneha Sharma,Female,60,sneha3331@gmail.com,9289086767,Kolkata,West Bengal,2023-01-13,Regular
3332,Rohan Kumar,Male,60,rohan3332@gmail.com,9893667217,Lucknow,Uttar Pradesh,2022-07-15,Silver
3333,Vivaan Gupta,Male,52,vivaan3333@gmail.com,9429367399,Patna,Bihar,2023-06-09,Regular
3334,Prakash Sharma,Male,29,prakash3334@gmail.com,9655149383,Mumbai,Maharashtra,2024-01-15,Regular
3335,Aditya Gupta,Male,39,aditya3335@gmail.com,9993786805,Mumbai,Maharashtra,2023-06-05,Gold
3336,Aditya Gupta,Male,29,aditya3336@gmail.com,9637512257,Delhi,Delhi,2023-09-16,Regular
3337,Neha Kumar,Female,34,neha3337@gmail.com,9726689236,Delhi,Delhi,2022-12-21,Silver
3338,Ayushi Sharma,Female,55,ayushi3338@gmail.com,9482906258,Lucknow,Uttar Pradesh,2022-04-22,Regular
3339,Rohan Gupta,Male,60,rohan3339@gmail.com,9715091298,Warangal,Telangana,2023-07-21,Silver
3340,Sneha Das,Female,40,sneha3340@gmail.com,9534614025,Kolkata,West Bengal,2023-04-21,Gold
3341,Ananya Sharma,Female,43,ananya3341@gmail.com,9498279095,Pune,Maharashtra,2024-02-25,Gold
3342,Rahul Yadav,Male,41,rahul3342@gmail.com,9945608416,Pune,Maharashtra,2022-11-19,Regular
3343,Sneha Yadav,Female,37,sneha3343@gmail.com,9212985973,Jaipur,Rajasthan,2024-05-02,Regular
3344,Prakash Yadav,Male,41,prakash3344@gmail.com,9270997635,Kolkata,West Bengal,2025-04-06,Regular
3345,Neha Yadav,Female,60,neha3345@gmail.com,9350531071,Warangal,Telangana,2023-10-13,Regular
3346,Aditya Verma,Male,27,aditya3346@gmail.com,9410994411,Jodhpur,Rajasthan,2023-05-27,Regular
3347,Sneha Sharma,Female,24,sneha3347@gmail.com,9463735153,Kanpur,Uttar Pradesh,2023-09-02,Regular
3348,Rohan Yadav,Male,58,rohan3348@gmail.com,9687392912,Mysuru,Karnataka,2023-02-07,Platinum
3349,Prakash Thakur,Male,53,prakash3349@gmail.com,9452749546,Siliguri,West Bengal,2024-04-21,Silver
3350,Rohan Kumar,Male,24,rohan3350@gmail.com,9522298769,Lucknow,Uttar Pradesh,2024-04-25,Silver
3351,Sneha Das,Female,57,sneha3351@gmail.com,9753284406,Mysuru,Karnataka,2023-04-30,Gold
3352,Neha Singh,Female,32,neha3352@gmail.com,9823498853,Jaipur,Rajasthan,2023-12-27,Platinum
3353,Neha Gupta,Female,23,neha3353@gmail.com,9131382183,Mumbai,Maharashtra,2024-08-03,Regular
3354,Rahul Sharma,Male,21,rahul3354@gmail.com,9606301857,Hyderabad,Telangana,2024-02-17,Silver
3355,Ayushi Yadav,Female,53,ayushi3355@gmail.com,9864051605,Patna,Bihar,2024-09-14,Regular
3356,Ananya Thakur,Female,31,ananya3356@gmail.com,9226513239,Mysuru,Karnataka,2025-03-21,Regular
3357,Neha Gupta,Female,46,neha3357@gmail.com,9526125807,Pune,Maharashtra,2023-09-02,Regular
3358,Ananya Sharma,Female,36,ananya3358@gmail.com,9469874714,Delhi,Delhi,2024-03-06,Gold
3359,Sneha Singh,Female,26,sneha3359@gmail.com,9903213869,Chennai,Tamil Nadu,2024-07-31,Platinum
3360,Prakash Yadav,Male,34,prakash3360@gmail.com,9642912968,Delhi,Delhi,2025-03-18,Gold
3361,Aditya Yadav,Male,36,aditya3361@gmail.com,9708980151,Mumbai,Maharashtra,2024-02-24,Regular
3362,Rohan Kumar,Male,53,rohan3362@gmail.com,9340729042,Kanpur,Uttar Pradesh,2024-04-23,Regular
3363,Aarav Singh,Male,24,aarav3363@gmail.com,9282330232,Chennai,Tamil Nadu,2024-03-08,Regular
3364,Neha Gupta,Female,56,neha3364@gmail.com,9392174443,Patna,Bihar,2025-03-08,Silver
3365,Prakash Gupta,Male,35,prakash3365@gmail.com,9391947019,Patna,Bihar,2023-04-20,Regular
3366,Rohan Gupta,Male,52,rohan3366@gmail.com,9953158654,Kanpur,Uttar Pradesh,2023-07-15,Regular
3367,Vivaan Kumar,Male,45,vivaan3367@gmail.com,9630024523,Gaya,Bihar,2022-05-26,Silver
3368,Ayushi Singh,Female,43,ayushi3368@gmail.com,9111190448,Patna,Bihar,2022-08-01,Platinum
3369,Aarav Thakur,Male,20,aarav3369@gmail.com,9261621906,Mumbai,Maharashtra,2022-11-27,Silver
3370,Vivaan Yadav,Male,20,vivaan3370@gmail.com,9903147848,Kanpur,Uttar Pradesh,2025-01-19,Platinum
3371,Ayushi Sharma,Female,30,ayushi3371@gmail.com,9376828850,Patna,Bihar,2022-09-07,Silver
3372,Amit Thakur,Male,21,amit3372@gmail.com,9324980984,Siliguri,West Bengal,2022-11-16,Regular
3373,Aarav Das,Male,60,aarav3373@gmail.com,9203259995,Pune,Maharashtra,2025-03-04,Regular
3374,Amit Yadav,Male,23,amit3374@gmail.com,9447812347,Mumbai,Maharashtra,2022-05-01,Gold
3375,Rahul Singh,Male,26,rahul3375@gmail.com,9940407941,Mumbai,Maharashtra,2023-02-21,Silver
3376,Aditya Thakur,Male,60,aditya3376@gmail.com,9104625795,Delhi,Delhi,2024-08-08,Regular
3377,Ayushi Singh,Female,26,ayushi3377@gmail.com,9672967641,Jaipur,Rajasthan,2022-09-02,Regular
3378,Aditya Das,Male,56,aditya3378@gmail.com,9328843118,Delhi,Delhi,2022-06-03,Platinum
3379,Rahul Yadav,Male,45,rahul3379@gmail.com,9301350528,Warangal,Telangana,2023-08-27,Silver
3380,Aarav Das,Male,57,aarav3380@gmail.com,9219398750,Chennai,Tamil Nadu,2023-09-10,Silver
3381,Sneha Thakur,Female,33,sneha3381@gmail.com,9788714643,Lucknow,Uttar Pradesh,2022-12-13,Regular
3382,Aarav Singh,Male,23,aarav3382@gmail.com,9460256956,Siliguri,West Bengal,2023-05-02,Regular
3383,Sneha Yadav,Female,42,sneha3383@gmail.com,9171327924,Gaya,Bihar,2023-01-15,Regular
3384,Priya Sharma,Female,29,priya3384@gmail.com,9913531145,Delhi,Delhi,2023-10-24,Silver
3385,Aarav Sharma,Male,36,aarav3385@gmail.com,9622438534,Delhi,Delhi,2024-01-15,Silver
3386,Sneha Thakur,Female,51,sneha3386@gmail.com,9485353099,Pune,Maharashtra,2024-12-02,Regular
3387,Aarav Kumar,Male,24,aarav3387@gmail.com,9734417214,Delhi,Delhi,2024-01-27,Platinum
3388,Rahul Verma,Male,31,rahul3388@gmail.com,9492581831,Siliguri,West Bengal,2024-04-03,Regular
3389,Aditya Sharma,Male,58,aditya3389@gmail.com,9877830352,Jodhpur,Rajasthan,2024-07-07,Regular
3390,Neha Sharma,Female,43,neha3390@gmail.com,9494018505,Mysuru,Karnataka,2024-01-11,Regular
3391,Rahul Kumar,Male,23,rahul3391@gmail.com,9415744816,Lucknow,Uttar Pradesh,2022-03-29,Gold
3392,Prakash Kumar,Male,50,prakash3392@gmail.com,9796087473,Delhi,Delhi,2024-02-14,Platinum
3393,Ayushi Kumar,Female,46,ayushi3393@gmail.com,9935402644,Lucknow,Uttar Pradesh,2024-11-14,Gold
3394,Rohan Yadav,Male,52,rohan3394@gmail.com,9743713656,Patna,Bihar,2024-04-17,Regular
3395,Rahul Sharma,Male,27,rahul3395@gmail.com,9108276051,Delhi,Delhi,2025-01-03,Regular
3396,Amit Singh,Male,40,amit3396@gmail.com,9951201964,Bengaluru,Karnataka,2022-09-07,Silver
3397,Aditya Sharma,Male,29,aditya3397@gmail.com,9697071746,Bengaluru,Karnataka,2023-01-06,Regular
3398,Rahul Verma,Male,51,rahul3398@gmail.com,9306807793,Gaya,Bihar,2022-11-15,Regular
3399,Aarav Thakur,Male,20,aarav3399@gmail.com,9879847825,Delhi,Delhi,2022-07-08,Gold
3400,Sneha Singh,Female,41,sneha3400@gmail.com,9939403372,Delhi,Delhi,2023-04-13,Regular
3401,Priya Kumar,Female,30,priya3401@gmail.com,9442184789,Mumbai,Maharashtra,2023-10-06,Platinum
3402,Aditya Sharma,Male,45,aditya3402@gmail.com,9410599478,Hyderabad,Telangana,2022-01-16,Regular
3403,Amit Kumar,Male,51,amit3403@gmail.com,9357981600,Siliguri,West Bengal,2024-08-09,Regular
3404,Vivaan Kumar,Male,24,vivaan3404@gmail.com,9767931492,Jaipur,Rajasthan,2023-09-07,Regular
3405,Ayushi Singh,Female,26,ayushi3405@gmail.com,9944651846,Kolkata,West Bengal,2023-11-13,Gold
3406,Ayushi Das,Female,44,ayushi3406@gmail.com,9958851130,Pune,Maharashtra,2025-02-12,Regular
3407,Aditya Singh,Male,53,aditya3407@gmail.com,9755243601,Bengaluru,Karnataka,2024-11-10,Regular
3408,Priya Das,Female,59,priya3408@gmail.com,9862752355,Lucknow,Uttar Pradesh,2025-02-19,Platinum
3409,Amit Singh,Male,24,amit3409@gmail.com,9338283309,Coimbatore,Tamil Nadu,2022-10-26,Gold
3410,Prakash Yadav,Male,18,prakash3410@gmail.com,9442455450,Warangal,Telangana,2025-03-25,Gold
3411,Priya Das,Female,55,priya3411@gmail.com,9714357562,Jodhpur,Rajasthan,2024-02-02,Regular
3412,Aditya Kumar,Male,56,aditya3412@gmail.com,9561628909,Gaya,Bihar,2024-05-08,Silver
3413,Priya Sharma,Female,56,priya3413@gmail.com,9960070031,Gaya,Bihar,2024-11-30,Silver
3414,Vivaan Kumar,Male,39,vivaan3414@gmail.com,9551378108,Gaya,Bihar,2024-03-06,Regular
3415,Ayushi Verma,Female,20,ayushi3415@gmail.com,9189114506,Coimbatore,Tamil Nadu,2024-06-28,Regular
3416,Neha Singh,Female,44,neha3416@gmail.com,9812838024,Mysuru,Karnataka,2023-04-02,Silver
3417,Aditya Verma,Male,58,aditya3417@gmail.com,9122007079,Delhi,Delhi,2023-03-27,Silver
3418,Ananya Yadav,Female,58,ananya3418@gmail.com,9758063738,Coimbatore,Tamil Nadu,2022-11-26,Gold
3419,Ayushi Das,Female,29,ayushi3419@gmail.com,9446935263,Delhi,Delhi,2024-10-18,Gold
3420,Rohan Sharma,Male,27,rohan3420@gmail.com,9369006948,Gaya,Bihar,2023-05-08,Regular
3421,Aarav Thakur,Male,47,aarav3421@gmail.com,9861753301,Delhi,Delhi,2022-06-13,Regular
3422,Priya Gupta,Female,56,priya3422@gmail.com,9215977395,Pune,Maharashtra,2024-03-26,Regular
3423,Rahul Thakur,Male,19,rahul3423@gmail.com,9512502316,Siliguri,West Bengal,2025-04-12,Regular
3424,Aarav Sharma,Male,28,aarav3424@gmail.com,9496127640,Warangal,Telangana,2023-07-23,Regular
3425,Prakash Sharma,Male,56,prakash3425@gmail.com,9412584128,Chennai,Tamil Nadu,2023-11-24,Regular
3426,Priya Sharma,Female,42,priya3426@gmail.com,9343052008,Chennai,Tamil Nadu,2024-12-11,Regular
3427,Sneha Yadav,Female,29,sneha3427@gmail.com,9841052105,Patna,Bihar,2024-03-14,Silver
3428,Aditya Singh,Male,36,aditya3428@gmail.com,9268549881,Pune,Maharashtra,2024-09-21,Silver
3429,Ayushi Singh,Female,47,ayushi3429@gmail.com,9681510765,Bengaluru,Karnataka,2024-04-14,Gold
3430,Priya Gupta,Female,43,priya3430@gmail.com,9510652273,Bengaluru,Karnataka,2022-12-27,Silver
3431,Neha Gupta,Female,40,neha3431@gmail.com,9906943035,Hyderabad,Telangana,2022-09-16,Regular
3432,Prakash Sharma,Male,20,prakash3432@gmail.com,9424345573,Chennai,Tamil Nadu,2024-10-21,Silver
3433,Aditya Sharma,Male,44,aditya3433@gmail.com,9202241338,Kolkata,West Bengal,2022-04-03,Silver
3434,Sneha Gupta,Female,31,sneha3434@gmail.com,9501227042,Patna,Bihar,2023-05-14,Silver
3435,Vivaan Kumar,Male,21,vivaan3435@gmail.com,9793774286,Warangal,Telangana,2022-01-05,Regular
3436,Vivaan Yadav,Male,29,vivaan3436@gmail.com,9465622014,Siliguri,West Bengal,2022-10-27,Regular
3437,Vivaan Verma,Male,56,vivaan3437@gmail.com,9431898275,Delhi,Delhi,2023-12-26,Regular
3438,Prakash Kumar,Male,40,prakash3438@gmail.com,9880563393,Hyderabad,Telangana,2023-08-09,Gold
3439,Ananya Gupta,Female,42,ananya3439@gmail.com,9798887348,Chennai,Tamil Nadu,2022-06-19,Silver
3440,Ayushi Verma,Female,36,ayushi3440@gmail.com,9573619085,Hyderabad,Telangana,2024-02-11,Silver
3441,Aarav Singh,Male,40,aarav3441@gmail.com,9310251221,Coimbatore,Tamil Nadu,2023-08-29,Silver
3442,Rohan Das,Male,45,rohan3442@gmail.com,9551744840,Mumbai,Maharashtra,2024-10-18,Silver
3443,Priya Sharma,Female,59,priya3443@gmail.com,9915684902,Kolkata,West Bengal,2024-08-22,Regular
3444,Sneha Sharma,Female,23,sneha3444@gmail.com,9981935980,Bengaluru,Karnataka,2025-02-08,Silver
3445,Amit Kumar,Male,60,amit3445@gmail.com,9179649206,Siliguri,West Bengal,2024-04-13,Gold
3446,Aditya Gupta,Male,25,aditya3446@gmail.com,9519609273,Patna,Bihar,2022-05-22,Regular
3447,Aarav Yadav,Male,58,aarav3447@gmail.com,9559108389,Jodhpur,Rajasthan,2024-09-05,Regular
3448,Aditya Gupta,Male,25,aditya3448@gmail.com,9678909057,Chennai,Tamil Nadu,2024-09-22,Regular
3449,Aditya Yadav,Male,36,aditya3449@gmail.com,9794841455,Bengaluru,Karnataka,2024-11-24,Silver
3450,Rahul Singh,Male,36,rahul3450@gmail.com,9263447025,Lucknow,Uttar Pradesh,2022-06-20,Silver
3451,Aarav Kumar,Male,47,aarav3451@gmail.com,9991396939,Chennai,Tamil Nadu,2023-05-17,Regular
3452,Prakash Singh,Male,27,prakash3452@gmail.com,9378800387,Chennai,Tamil Nadu,2023-03-01,Regular
3453,Neha Gupta,Female,48,neha3453@gmail.com,9910638281,Jodhpur,Rajasthan,2022-09-17,Platinum
3454,Rahul Gupta,Male,44,rahul3454@gmail.com,9467754980,Delhi,Delhi,2024-10-14,Silver
3455,Amit Sharma,Male,24,amit3455@gmail.com,9205615216,Kolkata,West Bengal,2022-03-26,Gold
3456,Priya Sharma,Female,43,priya3456@gmail.com,9414431459,Gaya,Bihar,2024-05-26,Regular
3457,Priya Singh,Female,49,priya3457@gmail.com,9296579255,Hyderabad,Telangana,2022-10-23,Platinum
3458,Prakash Gupta,Male,41,prakash3458@gmail.com,9822243014,Siliguri,West Bengal,2024-09-28,Regular
3459,Neha Thakur,Female,46,neha3459@gmail.com,9649014160,Kanpur,Uttar Pradesh,2024-12-19,Regular
3460,Aditya Thakur,Male,36,aditya3460@gmail.com,9860378644,Lucknow,Uttar Pradesh,2025-03-29,Regular
3461,Ayushi Yadav,Female,38,ayushi3461@gmail.com,9106242265,Mumbai,Maharashtra,2022-10-10,Platinum
3462,Priya Yadav,Female,39,priya3462@gmail.com,9217958183,Mysuru,Karnataka,2024-12-29,Regular
3463,Aditya Das,Male,49,aditya3463@gmail.com,9292546728,Gaya,Bihar,2024-05-05,Silver
3464,Ananya Kumar,Female,55,ananya3464@gmail.com,9934969743,Coimbatore,Tamil Nadu,2024-06-21,Regular
3465,Vivaan Sharma,Male,25,vivaan3465@gmail.com,9423369996,Delhi,Delhi,2025-03-24,Regular
3466,Aditya Sharma,Male,36,aditya3466@gmail.com,9629813958,Kolkata,West Bengal,2023-02-06,Regular
3467,Priya Das,Female,47,priya3467@gmail.com,9247038561,Gaya,Bihar,2025-03-07,Regular
3468,Ananya Kumar,Female,19,ananya3468@gmail.com,9318626496,Jodhpur,Rajasthan,2024-07-28,Regular
3469,Vivaan Thakur,Male,53,vivaan3469@gmail.com,9830825510,Jaipur,Rajasthan,2024-07-16,Gold
3470,Prakash Das,Male,21,prakash3470@gmail.com,9709226106,Bengaluru,Karnataka,2022-11-16,Silver
3471,Vivaan Yadav,Male,43,vivaan3471@gmail.com,9922418910,Delhi,Delhi,2024-09-26,Silver
3472,Prakash Yadav,Male,60,prakash3472@gmail.com,9250994689,Gaya,Bihar,2023-03-26,Gold
3473,Prakash Kumar,Male,22,prakash3473@gmail.com,9248518128,Jodhpur,Rajasthan,2022-08-20,Gold
3474,Aarav Thakur,Male,35,aarav3474@gmail.com,9235828540,Bengaluru,Karnataka,2024-10-27,Regular
3475,Prakash Gupta,Male,46,prakash3475@gmail.com,9825522076,Delhi,Delhi,2024-05-16,Silver
3476,Ananya Yadav,Female,58,ananya3476@gmail.com,9192120575,Patna,Bihar,2024-10-18,Silver
3477,Priya Thakur,Female,45,priya3477@gmail.com,9743594369,Lucknow,Uttar Pradesh,2023-08-09,Regular
3478,Neha Thakur,Female,21,neha3478@gmail.com,9222110890,Jodhpur,Rajasthan,2025-03-09,Gold
3479,Sneha Verma,Female,54,sneha3479@gmail.com,9331014448,Mysuru,Karnataka,2022-07-11,Regular
3480,Vivaan Verma,Male,43,vivaan3480@gmail.com,9217815720,Patna,Bihar,2023-08-21,Regular
3481,Amit Kumar,Male,51,amit3481@gmail.com,9887856332,Jaipur,Rajasthan,2023-03-20,Silver
3482,Ayushi Singh,Female,36,ayushi3482@gmail.com,9165966225,Gaya,Bihar,2022-05-06,Regular
3483,Neha Yadav,Female,39,neha3483@gmail.com,9181440946,Pune,Maharashtra,2024-11-08,Silver
3484,Amit Singh,Male,50,amit3484@gmail.com,9793343260,Kolkata,West Bengal,2023-07-17,Regular
3485,Priya Verma,Female,21,priya3485@gmail.com,9311618404,Delhi,Delhi,2024-11-01,Regular
3486,Neha Verma,Female,36,neha3486@gmail.com,9580369204,Patna,Bihar,2024-02-21,Regular
3487,Aarav Singh,Male,27,aarav3487@gmail.com,9596701882,Warangal,Telangana,2022-03-18,Gold
3488,Sneha Gupta,Female,24,sneha3488@gmail.com,9568077832,Pune,Maharashtra,2024-09-17,Regular
3489,Neha Yadav,Female,23,neha3489@gmail.com,9710690903,Siliguri,West Bengal,2022-08-20,Silver
3490,Priya Gupta,Female,28,priya3490@gmail.com,9544339294,Kanpur,Uttar Pradesh,2023-02-12,Regular
3491,Aarav Verma,Male,31,aarav3491@gmail.com,9502571541,Gaya,Bihar,2025-01-03,Regular
3492,Sneha Verma,Female,38,sneha3492@gmail.com,9572158255,Kolkata,West Bengal,2024-05-14,Silver
3493,Prakash Verma,Male,33,prakash3493@gmail.com,9721162257,Jodhpur,Rajasthan,2023-05-06,Silver
3494,Ayushi Sharma,Female,43,ayushi3494@gmail.com,9808087800,Jaipur,Rajasthan,2024-03-05,Regular
3495,Priya Kumar,Female,39,priya3495@gmail.com,9679204098,Warangal,Telangana,2022-05-17,Gold
3496,Amit Das,Male,18,amit3496@gmail.com,9974871150,Kanpur,Uttar Pradesh,2023-03-03,Gold
3497,Aditya Verma,Male,28,aditya3497@gmail.com,9986622781,Chennai,Tamil Nadu,2023-02-23,Regular
3498,Neha Gupta,Female,38,neha3498@gmail.com,9174767184,Warangal,Telangana,2023-06-07,Silver
3499,Priya Sharma,Female,41,priya3499@gmail.com,9421933803,Patna,Bihar,2024-11-26,Regular
3500,Amit Das,Male,18,amit3500@gmail.com,9674635345,Chennai,Tamil Nadu,2023-01-26,Gold
3501,Ananya Kumar,Female,32,ananya3501@gmail.com,9696538618,Hyderabad,Telangana,2024-07-24,Gold
3502,Rahul Das,Male,25,rahul3502@gmail.com,9229783792,Mysuru,Karnataka,2024-07-22,Gold
3503,Aditya Verma,Male,48,aditya3503@gmail.com,9800587789,Jodhpur,Rajasthan,2022-09-20,Silver
3504,Aarav Kumar,Male,46,aarav3504@gmail.com,9189060646,Lucknow,Uttar Pradesh,2022-01-18,Regular
3505,Ananya Thakur,Female,30,ananya3505@gmail.com,9416972106,Patna,Bihar,2022-10-16,Silver
3506,Rohan Kumar,Male,60,rohan3506@gmail.com,9619077362,Hyderabad,Telangana,2023-12-16,Gold
3507,Vivaan Yadav,Male,55,vivaan3507@gmail.com,9725523560,Warangal,Telangana,2022-09-04,Silver
3508,Priya Yadav,Female,43,priya3508@gmail.com,9532326979,Pune,Maharashtra,2023-12-18,Gold
3509,Aarav Yadav,Male,33,aarav3509@gmail.com,9309134166,Kanpur,Uttar Pradesh,2024-12-09,Regular
3510,Aarav Verma,Male,28,aarav3510@gmail.com,9984892178,Delhi,Delhi,2022-11-08,Gold
3511,Rohan Verma,Male,47,rohan3511@gmail.com,9770168441,Mysuru,Karnataka,2023-02-06,Regular
3512,Vivaan Singh,Male,33,vivaan3512@gmail.com,9769764671,Bengaluru,Karnataka,2023-06-14,Silver
3513,Priya Thakur,Female,60,priya3513@gmail.com,9361184112,Hyderabad,Telangana,2024-09-06,Regular
3514,Rahul Singh,Male,39,rahul3514@gmail.com,9139880775,Pune,Maharashtra,2022-06-19,Silver
3515,Vivaan Yadav,Male,44,vivaan3515@gmail.com,9109570651,Mumbai,Maharashtra,2022-11-07,Regular
3516,Neha Verma,Female,54,neha3516@gmail.com,9870697312,Patna,Bihar,2025-02-21,Regular
3517,Priya Das,Female,31,priya3517@gmail.com,9336928708,Delhi,Delhi,2025-02-13,Regular
3518,Priya Das,Female,56,priya3518@gmail.com,9300672736,Jaipur,Rajasthan,2022-07-02,Regular
3519,Sneha Singh,Female,42,sneha3519@gmail.com,9360345859,Kanpur,Uttar Pradesh,2023-06-01,Platinum
3520,Rohan Yadav,Male,33,rohan3520@gmail.com,9972214492,Jodhpur,Rajasthan,2023-08-04,Regular
3521,Rahul Sharma,Male,45,rahul3521@gmail.com,9491773126,Chennai,Tamil Nadu,2024-04-14,Regular
3522,Ayushi Yadav,Female,39,ayushi3522@gmail.com,9383327863,Jaipur,Rajasthan,2025-01-08,Gold
3523,Rohan Sharma,Male,18,rohan3523@gmail.com,9142302950,Mysuru,Karnataka,2023-08-18,Gold
3524,Amit Yadav,Male,23,amit3524@gmail.com,9426626045,Bengaluru,Karnataka,2022-04-12,Silver
3525,Priya Singh,Female,53,priya3525@gmail.com,9922153544,Lucknow,Uttar Pradesh,2022-02-19,Regular
3526,Rahul Singh,Male,59,rahul3526@gmail.com,9317881772,Chennai,Tamil Nadu,2024-03-31,Silver
3527,Priya Yadav,Female,42,priya3527@gmail.com,9742390409,Chennai,Tamil Nadu,2023-03-21,Silver
3528,Vivaan Kumar,Male,20,vivaan3528@gmail.com,9732791389,Chennai,Tamil Nadu,2022-04-27,Regular
3529,Amit Das,Male,25,amit3529@gmail.com,9880737473,Chennai,Tamil Nadu,2024-12-03,Regular
3530,Aditya Gupta,Male,35,aditya3530@gmail.com,9169223021,Delhi,Delhi,2023-11-19,Regular
3531,Sneha Gupta,Female,34,sneha3531@gmail.com,9858359280,Bengaluru,Karnataka,2022-04-12,Regular
3532,Neha Singh,Female,44,neha3532@gmail.com,9522955609,Warangal,Telangana,2023-05-12,Regular
3533,Aditya Sharma,Male,51,aditya3533@gmail.com,9171704290,Patna,Bihar,2024-05-28,Regular
3534,Ananya Thakur,Female,18,ananya3534@gmail.com,9473106596,Delhi,Delhi,2024-07-26,Gold
3535,Vivaan Kumar,Male,53,vivaan3535@gmail.com,9327730919,Chennai,Tamil Nadu,2023-12-16,Silver
3536,Sneha Yadav,Female,30,sneha3536@gmail.com,9749249037,Chennai,Tamil Nadu,2024-10-15,Regular
3537,Aditya Singh,Male,55,aditya3537@gmail.com,9233994371,Jodhpur,Rajasthan,2025-02-16,Silver
3538,Sneha Gupta,Female,44,sneha3538@gmail.com,9887532217,Mysuru,Karnataka,2024-08-29,Gold
3539,Neha Das,Female,48,neha3539@gmail.com,9840966807,Patna,Bihar,2024-05-24,Gold
3540,Rahul Yadav,Male,60,rahul3540@gmail.com,9669910350,Jodhpur,Rajasthan,2022-09-14,Silver
3541,Prakash Yadav,Male,51,prakash3541@gmail.com,9813824999,Coimbatore,Tamil Nadu,2025-01-20,Silver
3542,Ananya Yadav,Female,47,ananya3542@gmail.com,9531126807,Patna,Bihar,2022-11-27,Regular
3543,Neha Yadav,Female,46,neha3543@gmail.com,9652679869,Bengaluru,Karnataka,2024-06-09,Gold
3544,Sneha Gupta,Female,59,sneha3544@gmail.com,9526363607,Jaipur,Rajasthan,2024-07-05,Regular
3545,Aditya Sharma,Male,59,aditya3545@gmail.com,9746635665,Kanpur,Uttar Pradesh,2025-02-01,Silver
3546,Rahul Thakur,Male,55,rahul3546@gmail.com,9359671030,Jaipur,Rajasthan,2025-04-04,Gold
3547,Aditya Verma,Male,57,aditya3547@gmail.com,9611768104,Jaipur,Rajasthan,2023-12-01,Regular
3548,Priya Das,Female,36,priya3548@gmail.com,9126776473,Mysuru,Karnataka,2024-02-18,Silver
3549,Ananya Kumar,Female,19,ananya3549@gmail.com,9177781684,Coimbatore,Tamil Nadu,2023-10-12,Gold
3550,Rahul Singh,Male,39,rahul3550@gmail.com,9618451887,Delhi,Delhi,2024-03-04,Silver
3551,Aditya Verma,Male,40,aditya3551@gmail.com,9960531478,Chennai,Tamil Nadu,2024-03-22,Regular
3552,Vivaan Singh,Male,51,vivaan3552@gmail.com,9560131145,Jodhpur,Rajasthan,2023-09-24,Regular
3553,Aarav Sharma,Male,35,aarav3553@gmail.com,9738195468,Kolkata,West Bengal,2023-06-21,Silver
3554,Amit Das,Male,58,amit3554@gmail.com,9597202093,Mysuru,Karnataka,2023-12-17,Platinum
3555,Aditya Gupta,Male,25,aditya3555@gmail.com,9209173086,Chennai,Tamil Nadu,2022-02-06,Silver
3556,Rohan Kumar,Male,59,rohan3556@gmail.com,9644575853,Mysuru,Karnataka,2022-05-11,Regular
3557,Ayushi Sharma,Female,19,ayushi3557@gmail.com,9531107521,Gaya,Bihar,2025-03-16,Silver
3558,Aditya Sharma,Male,30,aditya3558@gmail.com,9538166450,Kolkata,West Bengal,2023-04-11,Silver
3559,Neha Sharma,Female,18,neha3559@gmail.com,9940158988,Mumbai,Maharashtra,2022-03-27,Platinum
3560,Aditya Thakur,Male,42,aditya3560@gmail.com,9799229551,Chennai,Tamil Nadu,2022-12-20,Silver
3561,Ananya Das,Female,33,ananya3561@gmail.com,9604200736,Mysuru,Karnataka,2024-01-15,Platinum
3562,Ananya Verma,Female,23,ananya3562@gmail.com,9966251541,Delhi,Delhi,2024-10-10,Silver
3563,Neha Verma,Female,49,neha3563@gmail.com,9374568855,Delhi,Delhi,2024-04-15,Regular
3564,Prakash Verma,Male,34,prakash3564@gmail.com,9500159634,Kanpur,Uttar Pradesh,2023-09-15,Regular
3565,Ayushi Yadav,Female,53,ayushi3565@gmail.com,9676018658,Kolkata,West Bengal,2024-05-28,Silver
3566,Amit Gupta,Male,50,amit3566@gmail.com,9312922086,Kanpur,Uttar Pradesh,2023-07-03,Gold
3567,Rohan Verma,Male,45,rohan3567@gmail.com,9776437011,Jaipur,Rajasthan,2025-01-25,Regular
3568,Prakash Yadav,Male,37,prakash3568@gmail.com,9655752874,Kanpur,Uttar Pradesh,2024-03-13,Regular
3569,Rohan Das,Male,41,rohan3569@gmail.com,9663204337,Bengaluru,Karnataka,2024-08-26,Regular
3570,Prakash Sharma,Male,57,prakash3570@gmail.com,9702210972,Jodhpur,Rajasthan,2024-04-16,Regular
3571,Prakash Yadav,Male,52,prakash3571@gmail.com,9134009445,Delhi,Delhi,2023-11-22,Regular
3572,Aarav Verma,Male,56,aarav3572@gmail.com,9287763577,Delhi,Delhi,2022-03-07,Silver
3573,Aditya Kumar,Male,47,aditya3573@gmail.com,9311606308,Kanpur,Uttar Pradesh,2022-04-15,Regular
3574,Ananya Das,Female,32,ananya3574@gmail.com,9892747925,Chennai,Tamil Nadu,2024-07-04,Regular
3575,Ayushi Verma,Female,33,ayushi3575@gmail.com,9703687862,Mysuru,Karnataka,2022-01-10,Gold
3576,Aditya Verma,Male,40,aditya3576@gmail.com,9218045760,Pune,Maharashtra,2025-02-19,Regular
3577,Ayushi Verma,Female,60,ayushi3577@gmail.com,9298633018,Bengaluru,Karnataka,2022-02-17,Platinum
3578,Prakash Verma,Male,22,prakash3578@gmail.com,9249539129,Pune,Maharashtra,2023-04-10,Gold
3579,Prakash Das,Male,30,prakash3579@gmail.com,9184470578,Delhi,Delhi,2023-11-09,Gold
3580,Aditya Gupta,Male,54,aditya3580@gmail.com,9131345200,Mumbai,Maharashtra,2023-12-24,Regular
3581,Priya Sharma,Female,34,priya3581@gmail.com,9259973712,Mysuru,Karnataka,2024-08-01,Silver
3582,Rohan Verma,Male,21,rohan3582@gmail.com,9662181776,Lucknow,Uttar Pradesh,2022-08-16,Regular
3583,Amit Verma,Male,36,amit3583@gmail.com,9467457545,Chennai,Tamil Nadu,2023-12-15,Platinum
3584,Aarav Singh,Male,32,aarav3584@gmail.com,9448084487,Delhi,Delhi,2025-04-12,Regular
3585,Priya Verma,Female,32,priya3585@gmail.com,9839419171,Warangal,Telangana,2023-10-03,Regular
3586,Aditya Das,Male,52,aditya3586@gmail.com,9215592123,Gaya,Bihar,2023-01-17,Regular
3587,Rahul Thakur,Male,24,rahul3587@gmail.com,9250750366,Chennai,Tamil Nadu,2024-02-29,Gold
3588,Priya Yadav,Female,45,priya3588@gmail.com,9376303961,Siliguri,West Bengal,2022-12-08,Gold
3589,Aarav Thakur,Male,25,aarav3589@gmail.com,9648858166,Mysuru,Karnataka,2024-12-12,Platinum
3590,Aditya Kumar,Male,45,aditya3590@gmail.com,9713127985,Warangal,Telangana,2022-05-02,Regular
3591,Aarav Gupta,Male,22,aarav3591@gmail.com,9567965247,Lucknow,Uttar Pradesh,2023-11-20,Silver
3592,Priya Kumar,Female,57,priya3592@gmail.com,9982085406,Gaya,Bihar,2023-11-07,Silver
3593,Rohan Yadav,Male,32,rohan3593@gmail.com,9826599774,Bengaluru,Karnataka,2024-06-21,Gold
3594,Ayushi Gupta,Female,53,ayushi3594@gmail.com,9669719512,Bengaluru,Karnataka,2024-12-23,Platinum
3595,Vivaan Thakur,Male,21,vivaan3595@gmail.com,9255960650,Delhi,Delhi,2022-11-08,Regular
3596,Ayushi Verma,Female,27,ayushi3596@gmail.com,9693754579,Coimbatore,Tamil Nadu,2022-04-05,Regular
3597,Prakash Thakur,Male,48,prakash3597@gmail.com,9488492555,Chennai,Tamil Nadu,2022-09-29,Gold
3598,Rahul Sharma,Male,25,rahul3598@gmail.com,9871306918,Warangal,Telangana,2022-05-11,Regular
3599,Rohan Thakur,Male,23,rohan3599@gmail.com,9659781642,Gaya,Bihar,2023-02-02,Gold
3600,Prakash Yadav,Male,32,prakash3600@gmail.com,9954210395,Coimbatore,Tamil Nadu,2024-02-02,Regular
3601,Rohan Das,Male,25,rohan3601@gmail.com,9828215641,Patna,Bihar,2024-09-17,Silver
3602,Neha Sharma,Female,25,neha3602@gmail.com,9822785656,Kolkata,West Bengal,2025-04-12,Platinum
3603,Priya Singh,Female,31,priya3603@gmail.com,9273649503,Mysuru,Karnataka,2024-07-14,Silver
3604,Rohan Singh,Male,50,rohan3604@gmail.com,9625244213,Lucknow,Uttar Pradesh,2022-04-20,Regular
3605,Vivaan Gupta,Male,54,vivaan3605@gmail.com,9181084700,Bengaluru,Karnataka,2024-03-24,Gold
3606,Rohan Das,Male,48,rohan3606@gmail.com,9222308152,Hyderabad,Telangana,2024-06-10,Gold
3607,Sneha Das,Female,18,sneha3607@gmail.com,9574670032,Kolkata,West Bengal,2024-09-25,Silver
3608,Priya Gupta,Female,34,priya3608@gmail.com,9394381403,Kolkata,West Bengal,2022-04-26,Regular
3609,Aarav Sharma,Male,51,aarav3609@gmail.com,9362031460,Patna,Bihar,2024-02-12,Silver
3610,Prakash Thakur,Male,21,prakash3610@gmail.com,9282644562,Jaipur,Rajasthan,2023-12-11,Silver
3611,Rahul Yadav,Male,33,rahul3611@gmail.com,9796401042,Jodhpur,Rajasthan,2022-04-07,Gold
3612,Sneha Gupta,Female,44,sneha3612@gmail.com,9835345748,Delhi,Delhi,2023-07-14,Silver
3613,Rohan Singh,Male,27,rohan3613@gmail.com,9357798550,Siliguri,West Bengal,2025-01-03,Gold
3614,Aarav Singh,Male,53,aarav3614@gmail.com,9814071368,Jaipur,Rajasthan,2023-05-14,Regular
3615,Aarav Verma,Male,33,aarav3615@gmail.com,9362602020,Bengaluru,Karnataka,2022-07-25,Regular
3616,Amit Thakur,Male,27,amit3616@gmail.com,9103137483,Patna,Bihar,2022-11-24,Regular
3617,Priya Gupta,Female,20,priya3617@gmail.com,9927799366,Jaipur,Rajasthan,2022-12-22,Silver
3618,Rohan Yadav,Male,25,rohan3618@gmail.com,9877029187,Chennai,Tamil Nadu,2024-12-07,Gold
3619,Neha Kumar,Female,52,neha3619@gmail.com,9707029508,Lucknow,Uttar Pradesh,2023-05-02,Silver
3620,Prakash Yadav,Male,47,prakash3620@gmail.com,9904325154,Pune,Maharashtra,2022-01-26,Silver
3621,Neha Das,Female,20,neha3621@gmail.com,9145893607,Delhi,Delhi,2023-01-13,Regular
3622,Ayushi Singh,Female,48,ayushi3622@gmail.com,9109486493,Bengaluru,Karnataka,2022-04-14,Regular
3623,Ayushi Verma,Female,59,ayushi3623@gmail.com,9820794143,Lucknow,Uttar Pradesh,2022-02-26,Silver
3624,Aditya Gupta,Male,18,aditya3624@gmail.com,9668102114,Kolkata,West Bengal,2024-07-28,Regular
3625,Sneha Thakur,Female,41,sneha3625@gmail.com,9378680786,Mumbai,Maharashtra,2023-09-15,Platinum
3626,Aditya Yadav,Male,39,aditya3626@gmail.com,9518206657,Kanpur,Uttar Pradesh,2023-12-06,Gold
3627,Neha Das,Female,33,neha3627@gmail.com,9571577534,Mysuru,Karnataka,2022-06-10,Regular
3628,Aditya Yadav,Male,55,aditya3628@gmail.com,9480507688,Pune,Maharashtra,2023-05-08,Regular
3629,Neha Das,Female,32,neha3629@gmail.com,9127122080,Mysuru,Karnataka,2025-01-18,Regular
3630,Rahul Singh,Male,52,rahul3630@gmail.com,9663449144,Hyderabad,Telangana,2023-02-05,Regular
3631,Aditya Sharma,Male,59,aditya3631@gmail.com,9870289580,Delhi,Delhi,2023-03-22,Gold
3632,Vivaan Thakur,Male,43,vivaan3632@gmail.com,9509378291,Delhi,Delhi,2023-09-01,Regular
3633,Ananya Gupta,Female,36,ananya3633@gmail.com,9830119469,Lucknow,Uttar Pradesh,2022-01-02,Regular
3634,Vivaan Thakur,Male,58,vivaan3634@gmail.com,9820418839,Warangal,Telangana,2022-12-23,Regular
3635,Amit Gupta,Male,56,amit3635@gmail.com,9526041566,Mysuru,Karnataka,2022-08-19,Platinum
3636,Neha Thakur,Female,19,neha3636@gmail.com,9368705960,Lucknow,Uttar Pradesh,2024-09-08,Regular
3637,Sneha Das,Female,31,sneha3637@gmail.com,9505234948,Kanpur,Uttar Pradesh,2022-02-14,Silver
3638,Aarav Thakur,Male,32,aarav3638@gmail.com,9622290944,Chennai,Tamil Nadu,2025-01-13,Silver
3639,Ananya Gupta,Female,40,ananya3639@gmail.com,9719176585,Coimbatore,Tamil Nadu,2022-06-11,Platinum
3640,Rohan Sharma,Male,21,rohan3640@gmail.com,9511567151,Bengaluru,Karnataka,2024-09-15,Regular
3641,Vivaan Kumar,Male,21,vivaan3641@gmail.com,9504929915,Coimbatore,Tamil Nadu,2023-06-26,Silver
3642,Vivaan Das,Male,26,vivaan3642@gmail.com,9651434054,Bengaluru,Karnataka,2022-12-15,Regular
3643,Amit Gupta,Male,23,amit3643@gmail.com,9676034101,Hyderabad,Telangana,2022-02-11,Regular
3644,Rahul Verma,Male,51,rahul3644@gmail.com,9758012585,Lucknow,Uttar Pradesh,2024-07-06,Silver
3645,Sneha Das,Female,55,sneha3645@gmail.com,9759600052,Jodhpur,Rajasthan,2023-08-07,Regular
3646,Aditya Sharma,Male,49,aditya3646@gmail.com,9233400417,Gaya,Bihar,2022-08-07,Regular
3647,Priya Yadav,Female,51,priya3647@gmail.com,9892173825,Jodhpur,Rajasthan,2023-12-30,Regular
3648,Aarav Yadav,Male,49,aarav3648@gmail.com,9326837961,Jaipur,Rajasthan,2022-06-07,Silver
3649,Prakash Singh,Male,30,prakash3649@gmail.com,9990229175,Siliguri,West Bengal,2024-04-15,Regular
3650,Priya Das,Female,44,priya3650@gmail.com,9210977389,Warangal,Telangana,2022-12-31,Regular
3651,Prakash Das,Male,50,prakash3651@gmail.com,9176268517,Delhi,Delhi,2025-02-22,Regular
3652,Neha Sharma,Female,25,neha3652@gmail.com,9919919786,Chennai,Tamil Nadu,2022-04-07,Regular
3653,Vivaan Yadav,Male,40,vivaan3653@gmail.com,9302427314,Gaya,Bihar,2024-10-08,Gold
3654,Neha Gupta,Female,44,neha3654@gmail.com,9229422754,Bengaluru,Karnataka,2023-02-03,Gold
3655,Rahul Verma,Male,55,rahul3655@gmail.com,9139332199,Chennai,Tamil Nadu,2023-07-03,Gold
3656,Ananya Kumar,Female,48,ananya3656@gmail.com,9822150841,Gaya,Bihar,2023-05-12,Regular
3657,Priya Verma,Female,32,priya3657@gmail.com,9466947371,Siliguri,West Bengal,2024-10-28,Silver
3658,Aditya Das,Male,31,aditya3658@gmail.com,9748278756,Chennai,Tamil Nadu,2023-07-25,Silver
3659,Priya Singh,Female,35,priya3659@gmail.com,9174882591,Mysuru,Karnataka,2024-06-15,Gold
3660,Amit Singh,Male,49,amit3660@gmail.com,9552015070,Mysuru,Karnataka,2023-06-05,Gold
3661,Ananya Gupta,Female,20,ananya3661@gmail.com,9230474972,Mumbai,Maharashtra,2024-04-11,Silver
3662,Sneha Thakur,Female,34,sneha3662@gmail.com,9204870088,Lucknow,Uttar Pradesh,2024-01-04,Gold
3663,Priya Gupta,Female,38,priya3663@gmail.com,9518342483,Jodhpur,Rajasthan,2022-07-12,Regular
3664,Aarav Das,Male,51,aarav3664@gmail.com,9810256084,Patna,Bihar,2024-03-30,Silver
3665,Ananya Thakur,Female,55,ananya3665@gmail.com,9678080406,Gaya,Bihar,2024-01-13,Regular
3666,Amit Sharma,Male,47,amit3666@gmail.com,9619106028,Delhi,Delhi,2022-08-09,Silver
3667,Rohan Singh,Male,43,rohan3667@gmail.com,9645699513,Coimbatore,Tamil Nadu,2024-05-07,Regular
3668,Sneha Das,Female,45,sneha3668@gmail.com,9586213132,Chennai,Tamil Nadu,2023-01-29,Regular
3669,Rahul Gupta,Male,18,rahul3669@gmail.com,9858434529,Bengaluru,Karnataka,2023-08-25,Gold
3670,Rohan Sharma,Male,35,rohan3670@gmail.com,9200993598,Delhi,Delhi,2022-12-16,Silver
3671,Aarav Yadav,Male,29,aarav3671@gmail.com,9887610727,Jaipur,Rajasthan,2023-05-19,Regular
3672,Aarav Singh,Male,24,aarav3672@gmail.com,9796658202,Siliguri,West Bengal,2025-01-19,Gold
3673,Aditya Thakur,Male,35,aditya3673@gmail.com,9266753550,Delhi,Delhi,2025-02-06,Silver
3674,Ananya Thakur,Female,41,ananya3674@gmail.com,9107862868,Patna,Bihar,2023-05-17,Silver
3675,Neha Verma,Female,25,neha3675@gmail.com,9817589884,Delhi,Delhi,2022-07-06,Silver
3676,Priya Yadav,Female,18,priya3676@gmail.com,9757869371,Lucknow,Uttar Pradesh,2023-07-16,Gold
3677,Ayushi Das,Female,30,ayushi3677@gmail.com,9766790630,Delhi,Delhi,2023-12-21,Silver
3678,Rahul Kumar,Male,37,rahul3678@gmail.com,9992084063,Mumbai,Maharashtra,2023-10-18,Silver
3679,Vivaan Kumar,Male,29,vivaan3679@gmail.com,9513974177,Delhi,Delhi,2024-11-07,Gold
3680,Rohan Gupta,Male,42,rohan3680@gmail.com,9443087332,Mumbai,Maharashtra,2023-10-14,Silver
3681,Aarav Sharma,Male,48,aarav3681@gmail.com,9510417471,Bengaluru,Karnataka,2023-05-11,Silver
3682,Sneha Sharma,Female,54,sneha3682@gmail.com,9472560611,Kanpur,Uttar Pradesh,2022-12-10,Regular
3683,Vivaan Thakur,Male,22,vivaan3683@gmail.com,9771209441,Jodhpur,Rajasthan,2022-07-10,Gold
3684,Sneha Gupta,Female,26,sneha3684@gmail.com,9401123040,Chennai,Tamil Nadu,2023-09-18,Silver
3685,Aarav Yadav,Male,29,aarav3685@gmail.com,9650171664,Mysuru,Karnataka,2024-05-19,Silver
3686,Prakash Gupta,Male,51,prakash3686@gmail.com,9678529899,Delhi,Delhi,2023-09-07,Silver
3687,Prakash Das,Male,24,prakash3687@gmail.com,9891967953,Coimbatore,Tamil Nadu,2024-01-30,Silver
3688,Ananya Kumar,Female,45,ananya3688@gmail.com,9933273151,Kanpur,Uttar Pradesh,2024-11-05,Gold
3689,Ayushi Gupta,Female,29,ayushi3689@gmail.com,9512015168,Delhi,Delhi,2025-02-25,Platinum
3690,Priya Kumar,Female,35,priya3690@gmail.com,9319260684,Mysuru,Karnataka,2024-07-10,Regular
3691,Aditya Verma,Male,48,aditya3691@gmail.com,9778127307,Gaya,Bihar,2023-07-12,Gold
3692,Sneha Yadav,Female,38,sneha3692@gmail.com,9324980353,Coimbatore,Tamil Nadu,2023-08-04,Regular
3693,Neha Verma,Female,34,neha3693@gmail.com,9591673711,Pune,Maharashtra,2022-04-02,Regular
3694,Aarav Kumar,Male,35,aarav3694@gmail.com,9246430725,Jaipur,Rajasthan,2023-11-28,Silver
3695,Ayushi Thakur,Female,60,ayushi3695@gmail.com,9505113465,Hyderabad,Telangana,2024-04-03,Silver
3696,Rahul Thakur,Male,19,rahul3696@gmail.com,9538712660,Kanpur,Uttar Pradesh,2024-07-24,Silver
3697,Neha Kumar,Female,34,neha3697@gmail.com,9767035780,Hyderabad,Telangana,2022-06-24,Regular
3698,Aarav Gupta,Male,34,aarav3698@gmail.com,9954824896,Mumbai,Maharashtra,2024-12-08,Platinum
3699,Priya Yadav,Female,40,priya3699@gmail.com,9549716716,Hyderabad,Telangana,2024-09-10,Regular
3700,Rohan Verma,Male,52,rohan3700@gmail.com,9881653263,Kolkata,West Bengal,2022-06-06,Silver
3701,Neha Das,Female,34,neha3701@gmail.com,9704489928,Patna,Bihar,2023-08-23,Gold
3702,Ayushi Gupta,Female,57,ayushi3702@gmail.com,9786831031,Bengaluru,Karnataka,2024-01-24,Platinum
3703,Aarav Thakur,Male,19,aarav3703@gmail.com,9793329066,Jodhpur,Rajasthan,2023-10-26,Regular
3704,Ananya Gupta,Female,39,ananya3704@gmail.com,9433790545,Kanpur,Uttar Pradesh,2024-09-19,Regular
3705,Amit Yadav,Male,48,amit3705@gmail.com,9992750586,Delhi,Delhi,2022-05-28,Silver
3706,Rahul Singh,Male,20,rahul3706@gmail.com,9239643419,Mysuru,Karnataka,2023-09-08,Regular
3707,Ananya Das,Female,29,ananya3707@gmail.com,9911286994,Coimbatore,Tamil Nadu,2024-05-26,Regular
3708,Rohan Yadav,Male,51,rohan3708@gmail.com,9794523088,Delhi,Delhi,2023-05-26,Regular
3709,Amit Kumar,Male,30,amit3709@gmail.com,9446900506,Coimbatore,Tamil Nadu,2024-02-29,Silver
3710,Ananya Singh,Female,23,ananya3710@gmail.com,9920475331,Chennai,Tamil Nadu,2022-02-14,Regular
3711,Sneha Verma,Female,57,sneha3711@gmail.com,9796345359,Jodhpur,Rajasthan,2022-06-22,Regular
3712,Aditya Das,Male,40,aditya3712@gmail.com,9662834914,Delhi,Delhi,2024-07-30,Regular
3713,Prakash Yadav,Male,44,prakash3713@gmail.com,9257497519,Hyderabad,Telangana,2023-11-02,Regular
3714,Prakash Thakur,Male,36,prakash3714@gmail.com,9326865375,Coimbatore,Tamil Nadu,2023-09-15,Silver
3715,Amit Yadav,Male,32,amit3715@gmail.com,9212690923,Delhi,Delhi,2023-05-16,Silver
3716,Prakash Verma,Male,44,prakash3716@gmail.com,9195323866,Bengaluru,Karnataka,2024-06-19,Regular
3717,Prakash Singh,Male,37,prakash3717@gmail.com,9400583744,Gaya,Bihar,2024-07-03,Gold
3718,Neha Sharma,Female,26,neha3718@gmail.com,9516745164,Warangal,Telangana,2024-04-26,Regular
3719,Amit Verma,Male,50,amit3719@gmail.com,9759549359,Kanpur,Uttar Pradesh,2022-03-26,Gold
3720,Rahul Thakur,Male,41,rahul3720@gmail.com,9758499804,Jodhpur,Rajasthan,2024-10-12,Regular
3721,Ayushi Verma,Female,55,ayushi3721@gmail.com,9480256642,Delhi,Delhi,2022-10-11,Gold
3722,Ayushi Kumar,Female,48,ayushi3722@gmail.com,9518000601,Warangal,Telangana,2023-05-07,Regular
3723,Ayushi Kumar,Female,27,ayushi3723@gmail.com,9124188595,Jodhpur,Rajasthan,2023-06-28,Platinum
3724,Rahul Verma,Male,37,rahul3724@gmail.com,9740779931,Warangal,Telangana,2022-06-14,Regular
3725,Vivaan Singh,Male,48,vivaan3725@gmail.com,9923056105,Coimbatore,Tamil Nadu,2023-10-12,Regular
3726,Sneha Kumar,Female,59,sneha3726@gmail.com,9870546313,Chennai,Tamil Nadu,2022-03-08,Regular
3727,Neha Verma,Female,40,neha3727@gmail.com,9879507062,Delhi,Delhi,2024-03-26,Silver
3728,Ananya Thakur,Female,33,ananya3728@gmail.com,9664072810,Coimbatore,Tamil Nadu,2023-12-05,Platinum
3729,Priya Gupta,Female,29,priya3729@gmail.com,9315054170,Siliguri,West Bengal,2023-12-02,Gold
3730,Neha Kumar,Female,20,neha3730@gmail.com,9379418113,Mysuru,Karnataka,2022-01-28,Regular
3731,Aarav Gupta,Male,55,aarav3731@gmail.com,9909026155,Mumbai,Maharashtra,2023-09-23,Silver
3732,Vivaan Yadav,Male,23,vivaan3732@gmail.com,9193161747,Lucknow,Uttar Pradesh,2023-10-06,Silver
3733,Ananya Das,Female,43,ananya3733@gmail.com,9557827654,Kolkata,West Bengal,2023-07-21,Regular
3734,Rahul Yadav,Male,50,rahul3734@gmail.com,9790240116,Delhi,Delhi,2022-07-10,Gold
3735,Rohan Kumar,Male,47,rohan3735@gmail.com,9887136143,Kanpur,Uttar Pradesh,2023-07-29,Silver
3736,Amit Sharma,Male,41,amit3736@gmail.com,9864520071,Kanpur,Uttar Pradesh,2022-02-02,Regular
3737,Sneha Verma,Female,51,sneha3737@gmail.com,9789239031,Kanpur,Uttar Pradesh,2022-02-04,Silver
3738,Ananya Gupta,Female,18,ananya3738@gmail.com,9883826166,Delhi,Delhi,2023-04-20,Regular
3739,Neha Thakur,Female,38,neha3739@gmail.com,9398757367,Mysuru,Karnataka,2022-02-05,Gold
3740,Aditya Sharma,Male,34,aditya3740@gmail.com,9158835840,Coimbatore,Tamil Nadu,2022-05-18,Regular
3741,Amit Yadav,Male,20,amit3741@gmail.com,9431063584,Chennai,Tamil Nadu,2024-02-10,Regular
3742,Prakash Singh,Male,47,prakash3742@gmail.com,9887302226,Hyderabad,Telangana,2023-06-03,Silver
3743,Ayushi Das,Female,37,ayushi3743@gmail.com,9988643566,Kolkata,West Bengal,2023-09-05,Regular
3744,Sneha Thakur,Female,24,sneha3744@gmail.com,9117917540,Coimbatore,Tamil Nadu,2023-08-01,Platinum
3745,Amit Das,Male,40,amit3745@gmail.com,9188139946,Bengaluru,Karnataka,2023-04-08,Silver
3746,Ayushi Das,Female,37,ayushi3746@gmail.com,9202555271,Kanpur,Uttar Pradesh,2024-09-08,Regular
3747,Vivaan Gupta,Male,27,vivaan3747@gmail.com,9481545031,Coimbatore,Tamil Nadu,2022-01-18,Silver
3748,Neha Verma,Female,23,neha3748@gmail.com,9475016990,Coimbatore,Tamil Nadu,2024-12-30,Regular
3749,Rohan Sharma,Male,49,rohan3749@gmail.com,9690963169,Jodhpur,Rajasthan,2022-09-01,Silver
3750,Sneha Thakur,Female,28,sneha3750@gmail.com,9694853574,Kolkata,West Bengal,2022-06-05,Platinum
3751,Amit Singh,Male,47,amit3751@gmail.com,9470614696,Siliguri,West Bengal,2024-02-11,Gold
3752,Amit Gupta,Male,55,amit3752@gmail.com,9336587467,Bengaluru,Karnataka,2022-07-18,Regular
3753,Ananya Kumar,Female,52,ananya3753@gmail.com,9169826132,Mumbai,Maharashtra,2023-02-06,Gold
3754,Ayushi Sharma,Female,37,ayushi3754@gmail.com,9268562642,Lucknow,Uttar Pradesh,2022-12-21,Regular
3755,Ananya Gupta,Female,55,ananya3755@gmail.com,9889743047,Siliguri,West Bengal,2022-04-17,Gold
3756,Amit Verma,Male,48,amit3756@gmail.com,9307438285,Bengaluru,Karnataka,2022-11-13,Regular
3757,Ananya Yadav,Female,30,ananya3757@gmail.com,9367854115,Pune,Maharashtra,2022-06-30,Regular
3758,Prakash Kumar,Male,38,prakash3758@gmail.com,9339935149,Siliguri,West Bengal,2022-05-09,Regular
3759,Ayushi Kumar,Female,46,ayushi3759@gmail.com,9672115331,Gaya,Bihar,2024-07-10,Regular
3760,Sneha Yadav,Female,57,sneha3760@gmail.com,9689516020,Mumbai,Maharashtra,2024-01-09,Regular
3761,Rahul Yadav,Male,33,rahul3761@gmail.com,9904568031,Siliguri,West Bengal,2024-06-04,Gold
3762,Vivaan Sharma,Male,27,vivaan3762@gmail.com,9536593786,Siliguri,West Bengal,2022-07-21,Platinum
3763,Aditya Kumar,Male,37,aditya3763@gmail.com,9834907476,Delhi,Delhi,2024-05-03,Regular
3764,Neha Singh,Female,59,neha3764@gmail.com,9508596754,Mumbai,Maharashtra,2024-02-23,Silver
3765,Aarav Sharma,Male,60,aarav3765@gmail.com,9368498504,Mumbai,Maharashtra,2022-11-24,Regular
3766,Amit Sharma,Male,50,amit3766@gmail.com,9235233309,Pune,Maharashtra,2024-05-04,Regular
3767,Priya Yadav,Female,59,priya3767@gmail.com,9939842132,Pune,Maharashtra,2022-12-16,Regular
3768,Aarav Gupta,Male,49,aarav3768@gmail.com,9715184498,Lucknow,Uttar Pradesh,2023-07-09,Gold
3769,Aarav Verma,Male,32,aarav3769@gmail.com,9249413652,Mumbai,Maharashtra,2025-03-10,Silver
3770,Aditya Sharma,Male,58,aditya3770@gmail.com,9589481391,Siliguri,West Bengal,2025-02-02,Regular
3771,Aditya Kumar,Male,59,aditya3771@gmail.com,9809752113,Chennai,Tamil Nadu,2022-04-06,Regular
3772,Sneha Das,Female,34,sneha3772@gmail.com,9964428168,Delhi,Delhi,2022-09-21,Regular
3773,Aditya Verma,Male,36,aditya3773@gmail.com,9459356821,Hyderabad,Telangana,2022-06-30,Regular
3774,Rohan Kumar,Male,58,rohan3774@gmail.com,9654059843,Gaya,Bihar,2022-10-29,Regular
3775,Ayushi Kumar,Female,29,ayushi3775@gmail.com,9381478637,Lucknow,Uttar Pradesh,2022-12-22,Regular
3776,Rahul Thakur,Male,43,rahul3776@gmail.com,9843662896,Siliguri,West Bengal,2024-07-12,Platinum
3777,Ananya Kumar,Female,23,ananya3777@gmail.com,9781358254,Kolkata,West Bengal,2023-06-11,Silver
3778,Neha Yadav,Female,31,neha3778@gmail.com,9137878567,Jodhpur,Rajasthan,2023-06-16,Regular
3779,Rohan Verma,Male,26,rohan3779@gmail.com,9336821900,Kanpur,Uttar Pradesh,2024-06-02,Silver
3780,Ananya Yadav,Female,45,ananya3780@gmail.com,9848673952,Warangal,Telangana,2023-12-13,Platinum
3781,Prakash Yadav,Male,44,prakash3781@gmail.com,9794876670,Chennai,Tamil Nadu,2022-04-18,Regular
3782,Vivaan Singh,Male,53,vivaan3782@gmail.com,9510373996,Bengaluru,Karnataka,2023-02-01,Regular
3783,Sneha Thakur,Female,23,sneha3783@gmail.com,9909241996,Delhi,Delhi,2024-07-04,Silver
3784,Amit Kumar,Male,39,amit3784@gmail.com,9230194626,Patna,Bihar,2023-03-01,Gold
3785,Ananya Gupta,Female,28,ananya3785@gmail.com,9871223779,Delhi,Delhi,2025-02-21,Silver
3786,Sneha Singh,Female,47,sneha3786@gmail.com,9968527300,Delhi,Delhi,2023-06-16,Silver
3787,Prakash Thakur,Male,26,prakash3787@gmail.com,9702148243,Gaya,Bihar,2024-06-21,Regular
3788,Ananya Yadav,Female,31,ananya3788@gmail.com,9786770338,Kolkata,West Bengal,2024-08-29,Regular
3789,Aditya Yadav,Male,18,aditya3789@gmail.com,9967399130,Kolkata,West Bengal,2024-10-07,Silver
3790,Rohan Yadav,Male,42,rohan3790@gmail.com,9839557456,Jodhpur,Rajasthan,2023-11-11,Silver
3791,Rohan Sharma,Male,51,rohan3791@gmail.com,9276898564,Mysuru,Karnataka,2022-11-22,Silver
3792,Amit Gupta,Male,33,amit3792@gmail.com,9501060410,Patna,Bihar,2022-11-12,Regular
3793,Neha Thakur,Female,49,neha3793@gmail.com,9539701802,Kanpur,Uttar Pradesh,2024-05-15,Silver
3794,Sneha Yadav,Female,38,sneha3794@gmail.com,9960829732,Jaipur,Rajasthan,2023-07-25,Silver
3795,Ananya Thakur,Female,38,ananya3795@gmail.com,9992226732,Warangal,Telangana,2025-03-22,Silver
3796,Vivaan Gupta,Male,58,vivaan3796@gmail.com,9315463593,Kolkata,West Bengal,2024-01-02,Regular
3797,Priya Verma,Female,50,priya3797@gmail.com,9851640984,Warangal,Telangana,2022-11-21,Silver
3798,Ayushi Singh,Female,58,ayushi3798@gmail.com,9412601246,Delhi,Delhi,2022-05-12,Platinum
3799,Neha Das,Female,25,neha3799@gmail.com,9903364932,Lucknow,Uttar Pradesh,2023-10-24,Silver
3800,Ayushi Verma,Female,35,ayushi3800@gmail.com,9758341765,Warangal,Telangana,2023-04-04,Regular
3801,Priya Yadav,Female,25,priya3801@gmail.com,9756461422,Kolkata,West Bengal,2023-09-29,Regular
3802,Prakash Kumar,Male,54,prakash3802@gmail.com,9321775901,Jodhpur,Rajasthan,2022-04-13,Regular
3803,Aarav Singh,Male,30,aarav3803@gmail.com,9998854636,Jaipur,Rajasthan,2024-03-22,Regular
3804,Rohan Sharma,Male,35,rohan3804@gmail.com,9255245364,Siliguri,West Bengal,2022-12-20,Regular
3805,Ayushi Sharma,Female,42,ayushi3805@gmail.com,9540459436,Delhi,Delhi,2024-09-09,Silver
3806,Neha Kumar,Female,58,neha3806@gmail.com,9643475260,Jodhpur,Rajasthan,2022-06-19,Platinum
3807,Prakash Gupta,Male,53,prakash3807@gmail.com,9105377366,Delhi,Delhi,2023-09-07,Regular
3808,Rahul Gupta,Male,51,rahul3808@gmail.com,9528564635,Kolkata,West Bengal,2024-02-07,Regular
3809,Priya Verma,Female,35,priya3809@gmail.com,9547566590,Hyderabad,Telangana,2023-06-19,Gold
3810,Sneha Sharma,Female,20,sneha3810@gmail.com,9760409478,Kolkata,West Bengal,2024-03-15,Gold
3811,Ananya Yadav,Female,49,ananya3811@gmail.com,9246064345,Warangal,Telangana,2022-10-10,Regular
3812,Neha Thakur,Female,22,neha3812@gmail.com,9214982215,Kolkata,West Bengal,2025-03-20,Silver
3813,Neha Das,Female,50,neha3813@gmail.com,9491304548,Mysuru,Karnataka,2022-11-11,Silver
3814,Priya Verma,Female,53,priya3814@gmail.com,9364033270,Bengaluru,Karnataka,2023-03-22,Gold
3815,Priya Verma,Female,26,priya3815@gmail.com,9195928966,Warangal,Telangana,2025-01-29,Gold
3816,Neha Thakur,Female,56,neha3816@gmail.com,9498122543,Lucknow,Uttar Pradesh,2023-03-22,Regular
3817,Ayushi Yadav,Female,46,ayushi3817@gmail.com,9702561002,Jodhpur,Rajasthan,2022-01-06,Silver
3818,Priya Singh,Female,54,priya3818@gmail.com,9207433142,Gaya,Bihar,2025-02-26,Silver
3819,Rahul Verma,Male,22,rahul3819@gmail.com,9264472266,Pune,Maharashtra,2024-01-29,Silver
3820,Vivaan Thakur,Male,39,vivaan3820@gmail.com,9321200116,Delhi,Delhi,2022-12-05,Silver
3821,Sneha Sharma,Female,33,sneha3821@gmail.com,9655499523,Kanpur,Uttar Pradesh,2024-11-30,Gold
3822,Ayushi Das,Female,45,ayushi3822@gmail.com,9476351832,Siliguri,West Bengal,2024-06-30,Regular
3823,Rahul Kumar,Male,38,rahul3823@gmail.com,9425335588,Kolkata,West Bengal,2024-01-11,Silver
3824,Rohan Thakur,Male,45,rohan3824@gmail.com,9676646026,Delhi,Delhi,2023-04-01,Regular
3825,Priya Yadav,Female,29,priya3825@gmail.com,9251251595,Hyderabad,Telangana,2025-02-28,Silver
3826,Rahul Yadav,Male,37,rahul3826@gmail.com,9220853189,Delhi,Delhi,2023-05-09,Regular
3827,Rahul Singh,Male,60,rahul3827@gmail.com,9151259017,Siliguri,West Bengal,2022-04-15,Regular
3828,Rahul Das,Male,36,rahul3828@gmail.com,9759880446,Siliguri,West Bengal,2023-04-14,Platinum
3829,Rohan Thakur,Male,48,rohan3829@gmail.com,9243335812,Chennai,Tamil Nadu,2025-01-03,Regular
3830,Amit Verma,Male,34,amit3830@gmail.com,9211521396,Siliguri,West Bengal,2024-04-01,Regular
3831,Ayushi Singh,Female,52,ayushi3831@gmail.com,9453045244,Delhi,Delhi,2024-03-16,Gold
3832,Prakash Verma,Male,33,prakash3832@gmail.com,9255228002,Siliguri,West Bengal,2022-11-07,Silver
3833,Amit Kumar,Male,40,amit3833@gmail.com,9621821791,Siliguri,West Bengal,2025-04-07,Silver
3834,Priya Singh,Female,43,priya3834@gmail.com,9147578908,Delhi,Delhi,2024-04-17,Regular
3835,Rohan Singh,Male,44,rohan3835@gmail.com,9280006670,Jodhpur,Rajasthan,2023-02-01,Regular
3836,Aarav Thakur,Male,47,aarav3836@gmail.com,9209266104,Delhi,Delhi,2022-02-07,Regular
3837,Ayushi Das,Female,33,ayushi3837@gmail.com,9412293724,Hyderabad,Telangana,2024-09-28,Regular
3838,Sneha Verma,Female,51,sneha3838@gmail.com,9865436080,Siliguri,West Bengal,2022-03-27,Regular
3839,Ananya Yadav,Female,25,ananya3839@gmail.com,9595509827,Delhi,Delhi,2022-03-17,Regular
3840,Aarav Singh,Male,40,aarav3840@gmail.com,9761183026,Lucknow,Uttar Pradesh,2024-07-31,Silver
3841,Rahul Kumar,Male,47,rahul3841@gmail.com,9715016337,Patna,Bihar,2024-02-24,Gold
3842,Rahul Yadav,Male,51,rahul3842@gmail.com,9435652862,Delhi,Delhi,2022-12-31,Regular
3843,Ananya Sharma,Female,41,ananya3843@gmail.com,9720945818,Pune,Maharashtra,2022-08-13,Gold
3844,Rahul Yadav,Male,40,rahul3844@gmail.com,9312538392,Coimbatore,Tamil Nadu,2023-05-27,Gold
3845,Priya Verma,Female,56,priya3845@gmail.com,9537570443,Hyderabad,Telangana,2024-12-15,Regular
3846,Aditya Sharma,Male,52,aditya3846@gmail.com,9330208899,Gaya,Bihar,2024-12-29,Regular
3847,Prakash Verma,Male,30,prakash3847@gmail.com,9757228527,Mumbai,Maharashtra,2022-08-07,Regular
3848,Aarav Das,Male,28,aarav3848@gmail.com,9628816666,Delhi,Delhi,2023-09-27,Silver
3849,Neha Gupta,Female,48,neha3849@gmail.com,9864791379,Coimbatore,Tamil Nadu,2023-10-05,Gold
3850,Vivaan Thakur,Male,19,vivaan3850@gmail.com,9310471875,Kanpur,Uttar Pradesh,2024-12-01,Silver
3851,Rahul Gupta,Male,58,rahul3851@gmail.com,9569174612,Patna,Bihar,2024-01-16,Gold
3852,Neha Kumar,Female,29,neha3852@gmail.com,9467976839,Jaipur,Rajasthan,2024-11-17,Regular
3853,Ananya Das,Female,22,ananya3853@gmail.com,9251924223,Lucknow,Uttar Pradesh,2023-06-26,Gold
3854,Neha Singh,Female,26,neha3854@gmail.com,9821789811,Jodhpur,Rajasthan,2022-07-01,Regular
3855,Vivaan Thakur,Male,38,vivaan3855@gmail.com,9270796560,Chennai,Tamil Nadu,2022-12-07,Gold
3856,Sneha Das,Female,54,sneha3856@gmail.com,9965466781,Mumbai,Maharashtra,2025-01-24,Platinum
3857,Neha Verma,Female,34,neha3857@gmail.com,9775573615,Siliguri,West Bengal,2024-07-13,Silver
3858,Ananya Gupta,Female,41,ananya3858@gmail.com,9837060198,Kanpur,Uttar Pradesh,2023-01-06,Gold
3859,Vivaan Singh,Male,24,vivaan3859@gmail.com,9956086411,Delhi,Delhi,2024-12-02,Gold
3860,Vivaan Gupta,Male,46,vivaan3860@gmail.com,9301412748,Jodhpur,Rajasthan,2024-02-22,Silver
3861,Aditya Kumar,Male,53,aditya3861@gmail.com,9986405524,Gaya,Bihar,2023-02-27,Silver
3862,Ananya Gupta,Female,45,ananya3862@gmail.com,9650819937,Jaipur,Rajasthan,2024-06-29,Regular
3863,Rahul Singh,Male,42,rahul3863@gmail.com,9820223816,Pune,Maharashtra,2023-06-17,Regular
3864,Ayushi Gupta,Female,33,ayushi3864@gmail.com,9447509227,Patna,Bihar,2023-02-11,Regular
3865,Vivaan Sharma,Male,28,vivaan3865@gmail.com,9681648804,Patna,Bihar,2024-06-26,Regular
3866,Prakash Kumar,Male,48,prakash3866@gmail.com,9935060540,Lucknow,Uttar Pradesh,2024-11-06,Regular
3867,Rahul Kumar,Male,18,rahul3867@gmail.com,9552891279,Delhi,Delhi,2025-03-19,Silver
3868,Vivaan Gupta,Male,42,vivaan3868@gmail.com,9255028146,Warangal,Telangana,2024-08-10,Silver
3869,Rahul Yadav,Male,22,rahul3869@gmail.com,9783445927,Kolkata,West Bengal,2024-09-15,Regular
3870,Aditya Kumar,Male,52,aditya3870@gmail.com,9662160324,Pune,Maharashtra,2023-08-01,Gold
3871,Rohan Thakur,Male,50,rohan3871@gmail.com,9518685219,Lucknow,Uttar Pradesh,2022-07-30,Gold
3872,Prakash Sharma,Male,37,prakash3872@gmail.com,9802593652,Chennai,Tamil Nadu,2024-03-03,Regular
3873,Sneha Yadav,Female,37,sneha3873@gmail.com,9217239993,Kanpur,Uttar Pradesh,2024-08-14,Silver
3874,Aarav Verma,Male,56,aarav3874@gmail.com,9832002840,Pune,Maharashtra,2023-04-18,Regular
3875,Sneha Das,Female,32,sneha3875@gmail.com,9420369985,Delhi,Delhi,2022-02-01,Regular
3876,Rohan Kumar,Male,53,rohan3876@gmail.com,9174250666,Pune,Maharashtra,2022-09-10,Silver
3877,Prakash Yadav,Male,27,prakash3877@gmail.com,9722316254,Kolkata,West Bengal,2025-01-20,Regular
3878,Ayushi Sharma,Female,39,ayushi3878@gmail.com,9364787805,Gaya,Bihar,2022-08-30,Regular
3879,Ananya Sharma,Female,28,ananya3879@gmail.com,9531138599,Coimbatore,Tamil Nadu,2023-11-30,Gold
3880,Vivaan Yadav,Male,19,vivaan3880@gmail.com,9690990656,Bengaluru,Karnataka,2025-03-16,Silver
3881,Ayushi Kumar,Female,56,ayushi3881@gmail.com,9349006114,Warangal,Telangana,2022-10-17,Regular
3882,Amit Thakur,Male,57,amit3882@gmail.com,9785883028,Kolkata,West Bengal,2023-01-29,Regular
3883,Rahul Gupta,Male,23,rahul3883@gmail.com,9615415383,Kanpur,Uttar Pradesh,2023-10-31,Regular
3884,Sneha Gupta,Female,25,sneha3884@gmail.com,9127915457,Delhi,Delhi,2023-12-08,Gold
3885,Aarav Singh,Male,52,aarav3885@gmail.com,9362576565,Pune,Maharashtra,2022-11-05,Regular
3886,Amit Das,Male,55,amit3886@gmail.com,9112814508,Siliguri,West Bengal,2025-03-05,Platinum
3887,Vivaan Das,Male,23,vivaan3887@gmail.com,9621765989,Siliguri,West Bengal,2024-10-06,Silver
3888,Priya Yadav,Female,46,priya3888@gmail.com,9161186030,Chennai,Tamil Nadu,2024-10-21,Gold
3889,Aditya Thakur,Male,18,aditya3889@gmail.com,9454291430,Delhi,Delhi,2024-02-22,Regular
3890,Amit Gupta,Male,55,amit3890@gmail.com,9444413613,Kanpur,Uttar Pradesh,2025-02-11,Regular
3891,Amit Thakur,Male,53,amit3891@gmail.com,9586990799,Warangal,Telangana,2022-08-25,Gold
3892,Rahul Yadav,Male,18,rahul3892@gmail.com,9516368871,Kanpur,Uttar Pradesh,2022-05-05,Regular
3893,Rohan Das,Male,23,rohan3893@gmail.com,9786177667,Delhi,Delhi,2023-04-23,Gold
3894,Prakash Gupta,Male,34,prakash3894@gmail.com,9722925004,Chennai,Tamil Nadu,2022-12-29,Gold
3895,Rahul Thakur,Male,25,rahul3895@gmail.com,9936962012,Warangal,Telangana,2023-11-28,Regular
3896,Amit Kumar,Male,46,amit3896@gmail.com,9878851291,Jodhpur,Rajasthan,2023-09-14,Gold
3897,Priya Yadav,Female,39,priya3897@gmail.com,9410859082,Mumbai,Maharashtra,2022-02-10,Regular
3898,Sneha Verma,Female,37,sneha3898@gmail.com,9961942251,Gaya,Bihar,2025-04-02,Regular
3899,Vivaan Kumar,Male,54,vivaan3899@gmail.com,9607511022,Mumbai,Maharashtra,2024-09-18,Regular
3900,Ayushi Verma,Female,39,ayushi3900@gmail.com,9595354376,Warangal,Telangana,2024-05-06,Regular
3901,Aditya Yadav,Male,31,aditya3901@gmail.com,9417874061,Hyderabad,Telangana,2025-03-26,Silver
3902,Prakash Kumar,Male,34,prakash3902@gmail.com,9835815026,Delhi,Delhi,2024-11-05,Regular
3903,Aarav Yadav,Male,55,aarav3903@gmail.com,9882665318,Siliguri,West Bengal,2024-02-16,Silver
3904,Prakash Sharma,Male,53,prakash3904@gmail.com,9611485321,Lucknow,Uttar Pradesh,2024-04-19,Regular
3905,Rahul Das,Male,47,rahul3905@gmail.com,9143894791,Warangal,Telangana,2024-02-07,Gold
3906,Aditya Yadav,Male,49,aditya3906@gmail.com,9602979173,Coimbatore,Tamil Nadu,2023-04-02,Silver
3907,Rohan Singh,Male,46,rohan3907@gmail.com,9915280769,Hyderabad,Telangana,2022-04-23,Regular
3908,Aditya Yadav,Male,29,aditya3908@gmail.com,9809409274,Kolkata,West Bengal,2022-12-20,Gold
3909,Ayushi Gupta,Female,32,ayushi3909@gmail.com,9306794474,Lucknow,Uttar Pradesh,2022-12-02,Silver
3910,Aditya Gupta,Male,34,aditya3910@gmail.com,9400565023,Chennai,Tamil Nadu,2023-04-16,Regular
3911,Neha Thakur,Female,18,neha3911@gmail.com,9528236850,Lucknow,Uttar Pradesh,2023-04-10,Silver
3912,Priya Das,Female,43,priya3912@gmail.com,9446946056,Bengaluru,Karnataka,2025-01-06,Gold
3913,Aditya Verma,Male,48,aditya3913@gmail.com,9868157534,Delhi,Delhi,2023-05-12,Gold
3914,Ayushi Thakur,Female,53,ayushi3914@gmail.com,9461133470,Gaya,Bihar,2024-12-23,Regular
3915,Prakash Singh,Male,55,prakash3915@gmail.com,9778337659,Warangal,Telangana,2022-08-27,Gold
3916,Ayushi Sharma,Female,40,ayushi3916@gmail.com,9433953248,Jaipur,Rajasthan,2024-01-12,Gold
3917,Priya Gupta,Female,44,priya3917@gmail.com,9916186193,Jaipur,Rajasthan,2024-06-28,Platinum
3918,Priya Kumar,Female,53,priya3918@gmail.com,9555563637,Mysuru,Karnataka,2024-09-09,Silver
3919,Aarav Sharma,Male,32,aarav3919@gmail.com,9875356177,Warangal,Telangana,2022-03-28,Silver
3920,Vivaan Gupta,Male,48,vivaan3920@gmail.com,9136703349,Bengaluru,Karnataka,2022-06-03,Gold
3921,Amit Yadav,Male,31,amit3921@gmail.com,9735511831,Pune,Maharashtra,2024-04-29,Gold
3922,Sneha Das,Female,51,sneha3922@gmail.com,9633717363,Mysuru,Karnataka,2022-11-23,Regular
3923,Aditya Thakur,Male,41,aditya3923@gmail.com,9955990796,Pune,Maharashtra,2025-03-08,Regular
3924,Rohan Yadav,Male,37,rohan3924@gmail.com,9223324899,Pune,Maharashtra,2023-09-27,Regular
3925,Aditya Kumar,Male,18,aditya3925@gmail.com,9120815706,Chennai,Tamil Nadu,2024-08-22,Regular
3926,Amit Das,Male,39,amit3926@gmail.com,9835271285,Patna,Bihar,2023-10-02,Regular
3927,Rohan Sharma,Male,23,rohan3927@gmail.com,9876485521,Patna,Bihar,2022-01-08,Gold
3928,Priya Thakur,Female,43,priya3928@gmail.com,9395737248,Siliguri,West Bengal,2022-05-17,Silver
3929,Aarav Thakur,Male,44,aarav3929@gmail.com,9241313055,Bengaluru,Karnataka,2024-04-11,Gold
3930,Vivaan Verma,Male,43,vivaan3930@gmail.com,9831160141,Kolkata,West Bengal,2022-12-17,Silver
3931,Ayushi Sharma,Female,32,ayushi3931@gmail.com,9874501344,Warangal,Telangana,2022-04-15,Regular
3932,Ayushi Gupta,Female,18,ayushi3932@gmail.com,9715108993,Warangal,Telangana,2023-02-18,Platinum
3933,Aditya Gupta,Male,31,aditya3933@gmail.com,9527238047,Jodhpur,Rajasthan,2025-02-11,Silver
3934,Aarav Singh,Male,39,aarav3934@gmail.com,9578281347,Gaya,Bihar,2023-06-16,Platinum
3935,Aditya Yadav,Male,22,aditya3935@gmail.com,9387645874,Bengaluru,Karnataka,2024-09-21,Silver
3936,Amit Singh,Male,18,amit3936@gmail.com,9202707466,Jodhpur,Rajasthan,2024-07-31,Regular
3937,Rahul Das,Male,19,rahul3937@gmail.com,9762955229,Pune,Maharashtra,2022-09-28,Regular
3938,Aarav Singh,Male,27,aarav3938@gmail.com,9690245215,Mumbai,Maharashtra,2025-02-25,Silver
3939,Prakash Gupta,Male,54,prakash3939@gmail.com,9583144387,Kolkata,West Bengal,2022-11-02,Gold
3940,Rahul Verma,Male,28,rahul3940@gmail.com,9737147442,Delhi,Delhi,2024-11-01,Gold
3941,Priya Singh,Female,45,priya3941@gmail.com,9326573048,Siliguri,West Bengal,2022-06-08,Gold
3942,Ayushi Sharma,Female,47,ayushi3942@gmail.com,9458894827,Hyderabad,Telangana,2022-02-09,Gold
3943,Ananya Singh,Female,29,ananya3943@gmail.com,9421077501,Warangal,Telangana,2023-09-27,Silver
3944,Sneha Yadav,Female,42,sneha3944@gmail.com,9239893582,Hyderabad,Telangana,2022-11-21,Regular
3945,Ananya Singh,Female,37,ananya3945@gmail.com,9801298681,Mumbai,Maharashtra,2022-12-31,Silver
3946,Prakash Yadav,Male,48,prakash3946@gmail.com,9284523693,Warangal,Telangana,2024-08-02,Gold
3947,Prakash Thakur,Male,58,prakash3947@gmail.com,9467872376,Delhi,Delhi,2023-02-09,Gold
3948,Aditya Yadav,Male,48,aditya3948@gmail.com,9218452671,Warangal,Telangana,2024-01-12,Regular
3949,Prakash Kumar,Male,57,prakash3949@gmail.com,9713487079,Kanpur,Uttar Pradesh,2022-11-17,Regular
3950,Amit Kumar,Male,26,amit3950@gmail.com,9414618688,Coimbatore,Tamil Nadu,2023-08-31,Regular
3951,Rohan Kumar,Male,54,rohan3951@gmail.com,9408250309,Lucknow,Uttar Pradesh,2022-04-13,Regular
3952,Ananya Verma,Female,32,ananya3952@gmail.com,9613122164,Pune,Maharashtra,2024-09-16,Regular
3953,Neha Yadav,Female,26,neha3953@gmail.com,9492954460,Delhi,Delhi,2022-10-11,Regular
3954,Prakash Yadav,Male,21,prakash3954@gmail.com,9739341065,Bengaluru,Karnataka,2023-04-18,Gold
3955,Vivaan Verma,Male,47,vivaan3955@gmail.com,9359552189,Delhi,Delhi,2022-10-31,Regular
3956,Aditya Sharma,Male,37,aditya3956@gmail.com,9170688266,Pune,Maharashtra,2024-03-22,Regular
3957,Sneha Kumar,Female,58,sneha3957@gmail.com,9170625726,Siliguri,West Bengal,2022-01-24,Silver
3958,Prakash Verma,Male,35,prakash3958@gmail.com,9581439114,Bengaluru,Karnataka,2024-12-16,Gold
3959,Sneha Gupta,Female,57,sneha3959@gmail.com,9548025536,Bengaluru,Karnataka,2023-10-24,Silver
3960,Vivaan Verma,Male,56,vivaan3960@gmail.com,9121345007,Warangal,Telangana,2023-05-26,Gold
3961,Aditya Thakur,Male,33,aditya3961@gmail.com,9532378701,Mysuru,Karnataka,2024-08-10,Regular
3962,Aditya Kumar,Male,20,aditya3962@gmail.com,9855024113,Patna,Bihar,2025-03-22,Platinum
3963,Ayushi Das,Female,22,ayushi3963@gmail.com,9792478875,Gaya,Bihar,2024-04-12,Regular
3964,Amit Das,Male,38,amit3964@gmail.com,9441556087,Mysuru,Karnataka,2023-05-26,Regular
3965,Aditya Gupta,Male,43,aditya3965@gmail.com,9764907326,Gaya,Bihar,2022-09-13,Regular
3966,Ananya Yadav,Female,41,ananya3966@gmail.com,9971260733,Bengaluru,Karnataka,2024-06-26,Gold
3967,Ayushi Gupta,Female,43,ayushi3967@gmail.com,9730804084,Chennai,Tamil Nadu,2025-03-22,Regular
3968,Ananya Sharma,Female,29,ananya3968@gmail.com,9651242041,Kolkata,West Bengal,2023-12-12,Regular
3969,Rahul Gupta,Male,50,rahul3969@gmail.com,9205879524,Coimbatore,Tamil Nadu,2023-05-24,Gold
3970,Rahul Gupta,Male,39,rahul3970@gmail.com,9366880796,Chennai,Tamil Nadu,2023-07-22,Silver
3971,Aditya Gupta,Male,37,aditya3971@gmail.com,9208953506,Chennai,Tamil Nadu,2024-05-16,Gold
3972,Rahul Thakur,Male,58,rahul3972@gmail.com,9712093929,Mysuru,Karnataka,2022-02-14,Silver
3973,Aditya Kumar,Male,32,aditya3973@gmail.com,9472417418,Coimbatore,Tamil Nadu,2023-05-11,Regular
3974,Aarav Sharma,Male,26,aarav3974@gmail.com,9450741595,Pune,Maharashtra,2023-05-25,Regular
3975,Ananya Singh,Female,40,ananya3975@gmail.com,9448178166,Gaya,Bihar,2024-01-19,Silver
3976,Sneha Thakur,Female,35,sneha3976@gmail.com,9263085781,Hyderabad,Telangana,2022-04-18,Regular
3977,Neha Thakur,Female,23,neha3977@gmail.com,9737514090,Delhi,Delhi,2022-05-26,Silver
3978,Vivaan Sharma,Male,32,vivaan3978@gmail.com,9648351099,Siliguri,West Bengal,2023-10-19,Gold
3979,Amit Singh,Male,23,amit3979@gmail.com,9367862292,Gaya,Bihar,2025-04-15,Gold
3980,Priya Gupta,Female,57,priya3980@gmail.com,9372653510,Kolkata,West Bengal,2023-09-28,Platinum
3981,Vivaan Verma,Male,38,vivaan3981@gmail.com,9484337635,Pune,Maharashtra,2024-10-15,Regular
3982,Neha Gupta,Female,50,neha3982@gmail.com,9778393963,Pune,Maharashtra,2022-12-22,Silver
3983,Prakash Kumar,Male,25,prakash3983@gmail.com,9899916756,Delhi,Delhi,2024-05-31,Regular
3984,Ananya Yadav,Female,38,ananya3984@gmail.com,9241114697,Pune,Maharashtra,2023-05-02,Regular
3985,Neha Singh,Female,20,neha3985@gmail.com,9410485095,Gaya,Bihar,2023-10-03,Regular
3986,Amit Verma,Male,56,amit3986@gmail.com,9578236644,Siliguri,West Bengal,2024-05-10,Regular
3987,Prakash Gupta,Male,19,prakash3987@gmail.com,9642439744,Pune,Maharashtra,2024-05-15,Regular
3988,Aarav Singh,Male,44,aarav3988@gmail.com,9886767326,Patna,Bihar,2023-08-06,Regular
3989,Sneha Sharma,Female,50,sneha3989@gmail.com,9663118528,Patna,Bihar,2024-09-21,Silver
3990,Aarav Thakur,Male,60,aarav3990@gmail.com,9223029529,Mumbai,Maharashtra,2024-03-11,Regular
3991,Neha Das,Female,40,neha3991@gmail.com,9195128140,Chennai,Tamil Nadu,2025-01-02,Silver
3992,Sneha Kumar,Female,58,sneha3992@gmail.com,9137779141,Siliguri,West Bengal,2023-12-19,Silver
3993,Neha Sharma,Female,48,neha3993@gmail.com,9289082936,Kanpur,Uttar Pradesh,2024-02-18,Silver
3994,Aditya Das,Male,18,aditya3994@gmail.com,9877391710,Gaya,Bihar,2022-11-17,Silver
3995,Rohan Thakur,Male,27,rohan3995@gmail.com,9778898633,Jaipur,Rajasthan,2024-07-05,Regular
3996,Neha Thakur,Female,47,neha3996@gmail.com,9653798487,Coimbatore,Tamil Nadu,2022-02-06,Regular
3997,Aarav Yadav,Male,51,aarav3997@gmail.com,9916296170,Patna,Bihar,2024-06-27,Silver
3998,Rohan Thakur,Male,36,rohan3998@gmail.com,9752367808,Kolkata,West Bengal,2023-12-11,Silver
3999,Vivaan Thakur,Male,48,vivaan3999@gmail.com,9382861684,Kanpur,Uttar Pradesh,2024-03-04,Silver
4000,Amit Yadav,Male,41,amit4000@gmail.com,9173420434,Kanpur,Uttar Pradesh,2024-07-09,Gold
4001,Vivaan Singh,Male,37,vivaan4001@gmail.com,9480451878,Siliguri,West Bengal,2024-05-20,Regular
4002,Neha Gupta,Female,33,neha4002@gmail.com,9905836870,Siliguri,West Bengal,2023-09-14,Regular
4003,Prakash Sharma,Male,20,prakash4003@gmail.com,9244635938,Gaya,Bihar,2022-02-03,Regular
4004,Priya Gupta,Female,48,priya4004@gmail.com,9855383659,Siliguri,West Bengal,2023-05-07,Regular
4005,Rohan Gupta,Male,42,rohan4005@gmail.com,9631640780,Chennai,Tamil Nadu,2022-07-23,Silver
4006,Sneha Sharma,Female,24,sneha4006@gmail.com,9498547902,Hyderabad,Telangana,2024-05-01,Regular
4007,Aarav Singh,Male,34,aarav4007@gmail.com,9813808912,Hyderabad,Telangana,2022-10-22,Regular
4008,Priya Verma,Female,60,priya4008@gmail.com,9162066023,Siliguri,West Bengal,2022-02-18,Platinum
4009,Amit Kumar,Male,55,amit4009@gmail.com,9691160888,Delhi,Delhi,2025-02-28,Gold
4010,Rohan Das,Male,51,rohan4010@gmail.com,9647610368,Warangal,Telangana,2023-05-01,Regular
4011,Vivaan Yadav,Male,18,vivaan4011@gmail.com,9317108323,Delhi,Delhi,2023-03-16,Gold
4012,Amit Gupta,Male,19,amit4012@gmail.com,9132114179,Delhi,Delhi,2022-05-02,Silver
4013,Priya Sharma,Female,57,priya4013@gmail.com,9342692929,Delhi,Delhi,2023-09-22,Platinum
4014,Vivaan Das,Male,54,vivaan4014@gmail.com,9791294306,Warangal,Telangana,2025-03-09,Regular
4015,Neha Sharma,Female,57,neha4015@gmail.com,9633145847,Delhi,Delhi,2024-11-14,Silver
4016,Amit Yadav,Male,27,amit4016@gmail.com,9461661757,Kolkata,West Bengal,2022-11-18,Regular
4017,Aarav Kumar,Male,26,aarav4017@gmail.com,9368233273,Siliguri,West Bengal,2022-12-06,Regular
4018,Aarav Verma,Male,47,aarav4018@gmail.com,9584910302,Coimbatore,Tamil Nadu,2024-02-22,Gold
4019,Priya Singh,Female,51,priya4019@gmail.com,9705442225,Mumbai,Maharashtra,2024-01-26,Silver
4020,Amit Sharma,Male,18,amit4020@gmail.com,9461651541,Delhi,Delhi,2024-11-04,Regular
4021,Aarav Singh,Male,31,aarav4021@gmail.com,9721819704,Kanpur,Uttar Pradesh,2023-01-04,Regular
4022,Ayushi Das,Female,55,ayushi4022@gmail.com,9697938709,Jodhpur,Rajasthan,2022-03-10,Regular
4023,Vivaan Verma,Male,48,vivaan4023@gmail.com,9519734333,Coimbatore,Tamil Nadu,2022-10-15,Silver
4024,Ayushi Thakur,Female,18,ayushi4024@gmail.com,9255421582,Jodhpur,Rajasthan,2022-11-15,Regular
4025,Ayushi Yadav,Female,22,ayushi4025@gmail.com,9362332697,Delhi,Delhi,2023-01-27,Gold
4026,Vivaan Thakur,Male,20,vivaan4026@gmail.com,9343056235,Coimbatore,Tamil Nadu,2024-01-22,Platinum
4027,Ananya Sharma,Female,42,ananya4027@gmail.com,9777851546,Mumbai,Maharashtra,2024-02-18,Silver
4028,Vivaan Gupta,Male,44,vivaan4028@gmail.com,9106873145,Pune,Maharashtra,2025-03-21,Regular
4029,Rahul Singh,Male,54,rahul4029@gmail.com,9994762458,Gaya,Bihar,2024-10-23,Silver
4030,Ananya Verma,Female,60,ananya4030@gmail.com,9826430880,Mumbai,Maharashtra,2024-02-14,Silver
4031,Neha Gupta,Female,22,neha4031@gmail.com,9148604517,Delhi,Delhi,2023-08-16,Regular
4032,Vivaan Gupta,Male,51,vivaan4032@gmail.com,9211287547,Pune,Maharashtra,2022-05-23,Regular
4033,Ayushi Kumar,Female,23,ayushi4033@gmail.com,9848835684,Jaipur,Rajasthan,2023-12-02,Silver
4034,Rohan Singh,Male,55,rohan4034@gmail.com,9817814092,Mysuru,Karnataka,2024-06-30,Regular
4035,Aarav Verma,Male,18,aarav4035@gmail.com,9714743641,Delhi,Delhi,2024-04-28,Silver
4036,Rahul Singh,Male,60,rahul4036@gmail.com,9977814232,Gaya,Bihar,2023-08-30,Silver
4037,Vivaan Kumar,Male,24,vivaan4037@gmail.com,9382046333,Jaipur,Rajasthan,2023-02-10,Gold
4038,Ayushi Verma,Female,26,ayushi4038@gmail.com,9920951326,Siliguri,West Bengal,2024-08-28,Regular
4039,Sneha Thakur,Female,47,sneha4039@gmail.com,9879154214,Siliguri,West Bengal,2022-04-22,Regular
4040,Rahul Thakur,Male,57,rahul4040@gmail.com,9773652324,Chennai,Tamil Nadu,2023-06-13,Silver
4041,Aarav Gupta,Male,56,aarav4041@gmail.com,9214399266,Jodhpur,Rajasthan,2023-05-21,Silver
4042,Vivaan Sharma,Male,37,vivaan4042@gmail.com,9176029916,Kanpur,Uttar Pradesh,2024-04-08,Regular
4043,Prakash Sharma,Male,46,prakash4043@gmail.com,9476446260,Lucknow,Uttar Pradesh,2024-05-23,Regular
4044,Priya Das,Female,33,priya4044@gmail.com,9194048095,Mumbai,Maharashtra,2024-03-23,Silver
4045,Aarav Yadav,Male,36,aarav4045@gmail.com,9537016895,Patna,Bihar,2023-11-12,Gold
4046,Prakash Yadav,Male,42,prakash4046@gmail.com,9409903820,Mysuru,Karnataka,2022-03-18,Regular
4047,Ayushi Yadav,Female,56,ayushi4047@gmail.com,9422459295,Delhi,Delhi,2024-08-08,Gold
4048,Amit Thakur,Male,22,amit4048@gmail.com,9601756431,Kanpur,Uttar Pradesh,2024-11-24,Regular
4049,Vivaan Kumar,Male,47,vivaan4049@gmail.com,9956773378,Coimbatore,Tamil Nadu,2022-04-20,Regular
4050,Rahul Gupta,Male,38,rahul4050@gmail.com,9716458815,Pune,Maharashtra,2024-09-11,Gold
4051,Aarav Das,Male,24,aarav4051@gmail.com,9218807456,Chennai,Tamil Nadu,2024-12-16,Platinum
4052,Vivaan Yadav,Male,20,vivaan4052@gmail.com,9398534576,Pune,Maharashtra,2022-04-17,Silver
4053,Ayushi Thakur,Female,23,ayushi4053@gmail.com,9969895920,Bengaluru,Karnataka,2023-08-25,Regular
4054,Ayushi Gupta,Female,32,ayushi4054@gmail.com,9814664661,Kanpur,Uttar Pradesh,2023-04-21,Silver
4055,Ananya Verma,Female,28,ananya4055@gmail.com,9345684788,Delhi,Delhi,2024-02-06,Silver
4056,Rohan Kumar,Male,32,rohan4056@gmail.com,9486754393,Pune,Maharashtra,2023-03-09,Regular
4057,Ayushi Sharma,Female,58,ayushi4057@gmail.com,9534026264,Patna,Bihar,2024-02-27,Platinum
4058,Ananya Singh,Female,59,ananya4058@gmail.com,9992785960,Coimbatore,Tamil Nadu,2024-09-05,Regular
4059,Prakash Thakur,Male,27,prakash4059@gmail.com,9393181224,Pune,Maharashtra,2024-05-25,Silver
4060,Ananya Verma,Female,42,ananya4060@gmail.com,9453872542,Bengaluru,Karnataka,2024-12-13,Platinum
4061,Rahul Yadav,Male,47,rahul4061@gmail.com,9812729887,Chennai,Tamil Nadu,2025-02-07,Regular
4062,Ayushi Gupta,Female,48,ayushi4062@gmail.com,9753863724,Mumbai,Maharashtra,2022-09-12,Regular
4063,Aarav Verma,Male,53,aarav4063@gmail.com,9788358600,Gaya,Bihar,2024-01-16,Regular
4064,Rahul Sharma,Male,25,rahul4064@gmail.com,9517235860,Coimbatore,Tamil Nadu,2022-08-31,Regular
4065,Ananya Gupta,Female,34,ananya4065@gmail.com,9522136137,Gaya,Bihar,2024-01-30,Regular
4066,Aarav Singh,Male,60,aarav4066@gmail.com,9774730887,Coimbatore,Tamil Nadu,2023-08-30,Silver
4067,Aarav Gupta,Male,34,aarav4067@gmail.com,9810185724,Siliguri,West Bengal,2023-05-02,Regular
4068,Neha Sharma,Female,38,neha4068@gmail.com,9235445214,Pune,Maharashtra,2024-01-12,Silver
4069,Aarav Sharma,Male,21,aarav4069@gmail.com,9107610664,Gaya,Bihar,2024-03-08,Regular
4070,Rohan Kumar,Male,38,rohan4070@gmail.com,9555408688,Mumbai,Maharashtra,2022-06-20,Regular
4071,Prakash Thakur,Male,57,prakash4071@gmail.com,9773020773,Pune,Maharashtra,2023-06-01,Silver
4072,Prakash Kumar,Male,53,prakash4072@gmail.com,9649749145,Bengaluru,Karnataka,2022-04-07,Regular
4073,Rohan Yadav,Male,57,rohan4073@gmail.com,9155012064,Coimbatore,Tamil Nadu,2025-03-19,Gold
4074,Rahul Sharma,Male,31,rahul4074@gmail.com,9179002029,Jodhpur,Rajasthan,2023-02-07,Regular
4075,Rahul Das,Male,58,rahul4075@gmail.com,9543124592,Delhi,Delhi,2023-05-17,Gold
4076,Ananya Yadav,Female,56,ananya4076@gmail.com,9248716328,Siliguri,West Bengal,2022-05-24,Regular
4077,Aditya Kumar,Male,31,aditya4077@gmail.com,9906007418,Mumbai,Maharashtra,2024-04-21,Regular
4078,Vivaan Das,Male,22,vivaan4078@gmail.com,9785127808,Kanpur,Uttar Pradesh,2024-02-27,Silver
4079,Aditya Gupta,Male,34,aditya4079@gmail.com,9920958362,Chennai,Tamil Nadu,2024-04-26,Regular
4080,Neha Gupta,Female,58,neha4080@gmail.com,9754434050,Lucknow,Uttar Pradesh,2023-10-11,Silver
4081,Neha Thakur,Female,33,neha4081@gmail.com,9258207194,Kanpur,Uttar Pradesh,2022-01-31,Regular
4082,Rohan Sharma,Male,26,rohan4082@gmail.com,9946531572,Mumbai,Maharashtra,2023-12-05,Gold
4083,Rahul Singh,Male,42,rahul4083@gmail.com,9746932629,Mysuru,Karnataka,2022-12-25,Regular
4084,Aditya Sharma,Male,29,aditya4084@gmail.com,9760244640,Delhi,Delhi,2023-10-04,Regular
4085,Ayushi Thakur,Female,58,ayushi4085@gmail.com,9560854926,Delhi,Delhi,2023-05-24,Gold
4086,Amit Singh,Male,22,amit4086@gmail.com,9431904599,Jodhpur,Rajasthan,2022-08-26,Gold
4087,Aarav Yadav,Male,19,aarav4087@gmail.com,9749613590,Chennai,Tamil Nadu,2023-06-12,Silver
4088,Amit Das,Male,23,amit4088@gmail.com,9458569296,Gaya,Bihar,2024-09-07,Regular
4089,Rohan Yadav,Male,48,rohan4089@gmail.com,9669777501,Kolkata,West Bengal,2022-12-08,Regular
4090,Priya Singh,Female,19,priya4090@gmail.com,9865834857,Patna,Bihar,2022-11-08,Silver
4091,Rahul Sharma,Male,44,rahul4091@gmail.com,9291746190,Lucknow,Uttar Pradesh,2022-08-27,Gold
4092,Ananya Kumar,Female,27,ananya4092@gmail.com,9304292057,Kanpur,Uttar Pradesh,2023-03-20,Regular
4093,Amit Kumar,Male,57,amit4093@gmail.com,9443033595,Delhi,Delhi,2022-12-25,Regular
4094,Prakash Das,Male,30,prakash4094@gmail.com,9746010657,Warangal,Telangana,2025-03-15,Gold
4095,Priya Singh,Female,59,priya4095@gmail.com,9976306188,Warangal,Telangana,2025-03-01,Regular
4096,Rohan Singh,Male,22,rohan4096@gmail.com,9614842322,Warangal,Telangana,2022-05-31,Silver
4097,Aarav Gupta,Male,45,aarav4097@gmail.com,9259362239,Kanpur,Uttar Pradesh,2024-12-16,Platinum
4098,Neha Singh,Female,28,neha4098@gmail.com,9491666512,Kanpur,Uttar Pradesh,2022-07-31,Platinum
4099,Prakash Gupta,Male,18,prakash4099@gmail.com,9683085262,Delhi,Delhi,2022-03-04,Regular
4100,Aarav Sharma,Male,28,aarav4100@gmail.com,9774609027,Lucknow,Uttar Pradesh,2025-03-29,Regular
4101,Amit Das,Male,28,amit4101@gmail.com,9958318096,Jaipur,Rajasthan,2023-04-03,Regular
4102,Vivaan Sharma,Male,32,vivaan4102@gmail.com,9869088091,Hyderabad,Telangana,2024-06-22,Regular
4103,Amit Verma,Male,29,amit4103@gmail.com,9102866218,Siliguri,West Bengal,2022-11-02,Regular
4104,Sneha Das,Female,53,sneha4104@gmail.com,9416675103,Patna,Bihar,2022-02-16,Regular
4105,Rohan Singh,Male,28,rohan4105@gmail.com,9626194403,Warangal,Telangana,2024-06-13,Silver
4106,Rohan Yadav,Male,22,rohan4106@gmail.com,9268588373,Lucknow,Uttar Pradesh,2023-10-31,Silver
4107,Priya Singh,Female,19,priya4107@gmail.com,9490232322,Siliguri,West Bengal,2022-02-09,Gold
4108,Sneha Thakur,Female,34,sneha4108@gmail.com,9862362383,Patna,Bihar,2025-01-06,Regular
4109,Prakash Kumar,Male,31,prakash4109@gmail.com,9549190859,Lucknow,Uttar Pradesh,2022-01-27,Regular
4110,Aditya Gupta,Male,20,aditya4110@gmail.com,9264863105,Hyderabad,Telangana,2023-10-22,Silver
4111,Aarav Gupta,Male,27,aarav4111@gmail.com,9979689710,Jaipur,Rajasthan,2023-07-11,Silver
4112,Priya Gupta,Female,25,priya4112@gmail.com,9566797460,Coimbatore,Tamil Nadu,2025-03-22,Gold
4113,Sneha Singh,Female,43,sneha4113@gmail.com,9337418852,Bengaluru,Karnataka,2024-05-01,Regular
4114,Amit Das,Male,18,amit4114@gmail.com,9367070985,Kanpur,Uttar Pradesh,2023-09-18,Regular
4115,Priya Thakur,Female,22,priya4115@gmail.com,9120250649,Gaya,Bihar,2023-06-02,Regular
4116,Ayushi Das,Female,19,ayushi4116@gmail.com,9836344492,Kanpur,Uttar Pradesh,2022-01-09,Silver
4117,Amit Kumar,Male,39,amit4117@gmail.com,9882616250,Delhi,Delhi,2022-07-24,Silver
4118,Ayushi Sharma,Female,44,ayushi4118@gmail.com,9991351252,Warangal,Telangana,2025-04-03,Silver
4119,Sneha Sharma,Female,24,sneha4119@gmail.com,9227791693,Jaipur,Rajasthan,2023-08-29,Regular
4120,Rohan Yadav,Male,44,rohan4120@gmail.com,9205994946,Kolkata,West Bengal,2025-03-19,Silver
4121,Priya Sharma,Female,41,priya4121@gmail.com,9271580966,Chennai,Tamil Nadu,2023-11-10,Silver
4122,Rohan Kumar,Male,50,rohan4122@gmail.com,9999208616,Bengaluru,Karnataka,2023-10-27,Silver
4123,Rohan Thakur,Male,40,rohan4123@gmail.com,9390998275,Warangal,Telangana,2023-04-27,Silver
4124,Neha Sharma,Female,30,neha4124@gmail.com,9739750825,Delhi,Delhi,2023-11-28,Regular
4125,Vivaan Verma,Male,38,vivaan4125@gmail.com,9442890106,Mumbai,Maharashtra,2022-11-22,Silver
4126,Rahul Das,Male,53,rahul4126@gmail.com,9677998339,Lucknow,Uttar Pradesh,2025-01-17,Regular
4127,Vivaan Das,Male,52,vivaan4127@gmail.com,9730888890,Patna,Bihar,2023-07-20,Regular
4128,Ayushi Verma,Female,50,ayushi4128@gmail.com,9107508747,Chennai,Tamil Nadu,2024-12-28,Silver
4129,Amit Yadav,Male,37,amit4129@gmail.com,9987788318,Hyderabad,Telangana,2022-05-19,Gold
4130,Priya Verma,Female,60,priya4130@gmail.com,9884730684,Bengaluru,Karnataka,2023-08-28,Regular
4131,Priya Verma,Female,44,priya4131@gmail.com,9575618953,Bengaluru,Karnataka,2025-02-28,Regular
4132,Vivaan Gupta,Male,55,vivaan4132@gmail.com,9956288679,Hyderabad,Telangana,2024-07-08,Silver
4133,Priya Das,Female,27,priya4133@gmail.com,9574757003,Gaya,Bihar,2024-04-23,Gold
4134,Vivaan Yadav,Male,53,vivaan4134@gmail.com,9712018971,Kolkata,West Bengal,2022-01-02,Platinum
4135,Aarav Singh,Male,60,aarav4135@gmail.com,9280267011,Siliguri,West Bengal,2023-12-15,Regular
4136,Neha Yadav,Female,18,neha4136@gmail.com,9651922501,Chennai,Tamil Nadu,2022-05-05,Regular
4137,Rohan Singh,Male,60,rohan4137@gmail.com,9645017716,Warangal,Telangana,2022-09-24,Silver
4138,Aarav Das,Male,42,aarav4138@gmail.com,9213631271,Jaipur,Rajasthan,2023-07-30,Silver
4139,Sneha Sharma,Female,24,sneha4139@gmail.com,9780109353,Coimbatore,Tamil Nadu,2024-08-13,Gold
4140,Aarav Gupta,Male,51,aarav4140@gmail.com,9826664403,Siliguri,West Bengal,2023-03-09,Regular
4141,Aditya Verma,Male,57,aditya4141@gmail.com,9649865125,Jodhpur,Rajasthan,2025-02-22,Regular
4142,Prakash Das,Male,33,prakash4142@gmail.com,9154921415,Pune,Maharashtra,2024-03-21,Silver
4143,Rahul Gupta,Male,55,rahul4143@gmail.com,9405551653,Patna,Bihar,2024-10-13,Silver
4144,Priya Das,Female,37,priya4144@gmail.com,9397537922,Delhi,Delhi,2023-06-02,Regular
4145,Neha Sharma,Female,26,neha4145@gmail.com,9514036320,Gaya,Bihar,2024-05-22,Silver
4146,Rohan Gupta,Male,46,rohan4146@gmail.com,9991575720,Siliguri,West Bengal,2023-09-02,Regular
4147,Aarav Thakur,Male,39,aarav4147@gmail.com,9722490092,Pune,Maharashtra,2023-05-26,Silver
4148,Sneha Verma,Female,21,sneha4148@gmail.com,9596134474,Jaipur,Rajasthan,2025-03-08,Gold
4149,Amit Verma,Male,50,amit4149@gmail.com,9912100892,Kanpur,Uttar Pradesh,2024-07-11,Regular
4150,Neha Singh,Female,48,neha4150@gmail.com,9665054095,Warangal,Telangana,2024-02-14,Regular
4151,Rohan Kumar,Male,31,rohan4151@gmail.com,9160976919,Coimbatore,Tamil Nadu,2024-09-28,Platinum
4152,Rahul Yadav,Male,58,rahul4152@gmail.com,9307559856,Pune,Maharashtra,2022-07-12,Regular
4153,Rahul Gupta,Male,55,rahul4153@gmail.com,9268279181,Patna,Bihar,2024-03-05,Regular
4154,Ayushi Kumar,Female,30,ayushi4154@gmail.com,9538945901,Coimbatore,Tamil Nadu,2023-04-29,Silver
4155,Amit Verma,Male,29,amit4155@gmail.com,9340741855,Kolkata,West Bengal,2022-03-30,Regular
4156,Priya Gupta,Female,47,priya4156@gmail.com,9355435539,Mysuru,Karnataka,2022-11-21,Regular
4157,Ayushi Das,Female,34,ayushi4157@gmail.com,9738055543,Kolkata,West Bengal,2022-11-16,Silver
4158,Aditya Gupta,Male,48,aditya4158@gmail.com,9623233169,Chennai,Tamil Nadu,2023-07-03,Regular
4159,Aarav Gupta,Male,38,aarav4159@gmail.com,9495292090,Kanpur,Uttar Pradesh,2024-01-02,Regular
4160,Aditya Kumar,Male,44,aditya4160@gmail.com,9221919236,Hyderabad,Telangana,2022-03-25,Regular
4161,Neha Thakur,Female,41,neha4161@gmail.com,9705161754,Mumbai,Maharashtra,2023-06-28,Regular
4162,Vivaan Sharma,Male,53,vivaan4162@gmail.com,9705288080,Warangal,Telangana,2022-08-09,Regular
4163,Rahul Kumar,Male,38,rahul4163@gmail.com,9131851182,Mumbai,Maharashtra,2024-05-07,Regular
4164,Aditya Sharma,Male,52,aditya4164@gmail.com,9796973779,Lucknow,Uttar Pradesh,2022-11-03,Regular
4165,Neha Thakur,Female,44,neha4165@gmail.com,9698565155,Gaya,Bihar,2023-08-04,Silver
4166,Ayushi Verma,Female,38,ayushi4166@gmail.com,9971103666,Chennai,Tamil Nadu,2024-01-28,Platinum
4167,Aditya Yadav,Male,39,aditya4167@gmail.com,9560317312,Kolkata,West Bengal,2023-03-11,Regular
4168,Amit Thakur,Male,32,amit4168@gmail.com,9793815464,Warangal,Telangana,2023-03-20,Regular
4169,Sneha Kumar,Female,44,sneha4169@gmail.com,9137973579,Lucknow,Uttar Pradesh,2023-06-23,Regular
4170,Neha Yadav,Female,45,neha4170@gmail.com,9704308190,Bengaluru,Karnataka,2022-10-19,Regular
4171,Aarav Das,Male,39,aarav4171@gmail.com,9826423485,Bengaluru,Karnataka,2024-02-07,Regular
4172,Sneha Kumar,Female,59,sneha4172@gmail.com,9596312727,Pune,Maharashtra,2024-06-03,Regular
4173,Rohan Singh,Male,20,rohan4173@gmail.com,9159932982,Pune,Maharashtra,2022-12-20,Regular
4174,Ayushi Kumar,Female,45,ayushi4174@gmail.com,9743313754,Coimbatore,Tamil Nadu,2024-07-25,Regular
4175,Neha Sharma,Female,53,neha4175@gmail.com,9796915811,Bengaluru,Karnataka,2022-06-01,Regular
4176,Sneha Singh,Female,54,sneha4176@gmail.com,9505793302,Chennai,Tamil Nadu,2022-11-19,Gold
4177,Aarav Verma,Male,19,aarav4177@gmail.com,9615808328,Bengaluru,Karnataka,2023-04-05,Regular
4178,Aarav Kumar,Male,26,aarav4178@gmail.com,9256033604,Mysuru,Karnataka,2025-02-19,Silver
4179,Ananya Thakur,Female,47,ananya4179@gmail.com,9936878471,Warangal,Telangana,2023-01-08,Regular
4180,Rahul Das,Male,53,rahul4180@gmail.com,9256007541,Delhi,Delhi,2022-12-08,Regular
4181,Aditya Kumar,Male,28,aditya4181@gmail.com,9552462395,Chennai,Tamil Nadu,2022-06-12,Platinum
4182,Ayushi Thakur,Female,44,ayushi4182@gmail.com,9492640366,Jaipur,Rajasthan,2024-05-01,Silver
4183,Ananya Thakur,Female,44,ananya4183@gmail.com,9114109978,Kolkata,West Bengal,2024-10-02,Gold
4184,Rohan Yadav,Male,46,rohan4184@gmail.com,9267108043,Lucknow,Uttar Pradesh,2023-06-28,Silver
4185,Aditya Verma,Male,31,aditya4185@gmail.com,9586457193,Delhi,Delhi,2024-08-02,Silver
4186,Rahul Thakur,Male,46,rahul4186@gmail.com,9103869250,Delhi,Delhi,2022-01-29,Gold
4187,Priya Das,Female,47,priya4187@gmail.com,9932618246,Delhi,Delhi,2024-08-16,Gold
4188,Aditya Das,Male,52,aditya4188@gmail.com,9428903133,Lucknow,Uttar Pradesh,2022-11-10,Regular
4189,Sneha Sharma,Female,27,sneha4189@gmail.com,9530628139,Jaipur,Rajasthan,2024-11-15,Silver
4190,Ayushi Singh,Female,19,ayushi4190@gmail.com,9101406394,Pune,Maharashtra,2024-06-15,Regular
4191,Rohan Yadav,Male,39,rohan4191@gmail.com,9515744842,Hyderabad,Telangana,2022-03-10,Silver
4192,Prakash Singh,Male,42,prakash4192@gmail.com,9428150937,Lucknow,Uttar Pradesh,2024-04-02,Platinum
4193,Aditya Das,Male,51,aditya4193@gmail.com,9304986072,Kolkata,West Bengal,2025-04-08,Gold
4194,Aditya Verma,Male,41,aditya4194@gmail.com,9821824369,Mysuru,Karnataka,2023-05-03,Silver
4195,Aarav Singh,Male,56,aarav4195@gmail.com,9191912198,Pune,Maharashtra,2025-03-27,Platinum
4196,Amit Kumar,Male,46,amit4196@gmail.com,9102966829,Jodhpur,Rajasthan,2024-12-05,Platinum
4197,Aarav Yadav,Male,24,aarav4197@gmail.com,9494083725,Pune,Maharashtra,2024-09-22,Regular
4198,Rohan Singh,Male,48,rohan4198@gmail.com,9987995467,Warangal,Telangana,2022-04-23,Regular
4199,Prakash Yadav,Male,55,prakash4199@gmail.com,9500495059,Delhi,Delhi,2025-01-27,Silver
4200,Ananya Sharma,Female,44,ananya4200@gmail.com,9189375576,Kanpur,Uttar Pradesh,2023-08-25,Silver
4201,Vivaan Kumar,Male,18,vivaan4201@gmail.com,9155020303,Kolkata,West Bengal,2025-03-14,Silver
4202,Rahul Verma,Male,29,rahul4202@gmail.com,9112692325,Patna,Bihar,2022-02-27,Regular
4203,Rohan Thakur,Male,48,rohan4203@gmail.com,9275527063,Mysuru,Karnataka,2025-03-03,Silver
4204,Aarav Singh,Male,29,aarav4204@gmail.com,9765831649,Chennai,Tamil Nadu,2022-01-25,Gold
4205,Sneha Das,Female,59,sneha4205@gmail.com,9594686163,Warangal,Telangana,2023-07-05,Silver
4206,Sneha Yadav,Female,56,sneha4206@gmail.com,9903664722,Kolkata,West Bengal,2023-10-21,Platinum
4207,Aditya Verma,Male,42,aditya4207@gmail.com,9812005303,Delhi,Delhi,2022-11-06,Silver
4208,Aarav Thakur,Male,43,aarav4208@gmail.com,9405171866,Delhi,Delhi,2022-06-20,Regular
4209,Ayushi Kumar,Female,23,ayushi4209@gmail.com,9301492166,Coimbatore,Tamil Nadu,2024-01-21,Regular
4210,Neha Yadav,Female,56,neha4210@gmail.com,9580272553,Coimbatore,Tamil Nadu,2025-03-20,Regular
4211,Aarav Verma,Male,49,aarav4211@gmail.com,9923368610,Pune,Maharashtra,2023-12-05,Regular
4212,Sneha Kumar,Female,51,sneha4212@gmail.com,9420269982,Warangal,Telangana,2024-01-14,Silver
4213,Ayushi Thakur,Female,50,ayushi4213@gmail.com,9162612110,Lucknow,Uttar Pradesh,2022-03-13,Regular
4214,Aditya Thakur,Male,40,aditya4214@gmail.com,9576965484,Siliguri,West Bengal,2022-04-03,Regular
4215,Sneha Yadav,Female,29,sneha4215@gmail.com,9377494675,Kolkata,West Bengal,2023-03-05,Regular
4216,Aditya Das,Male,24,aditya4216@gmail.com,9225155349,Coimbatore,Tamil Nadu,2022-08-12,Regular
4217,Ananya Singh,Female,34,ananya4217@gmail.com,9540619052,Gaya,Bihar,2024-12-30,Silver
4218,Sneha Gupta,Female,22,sneha4218@gmail.com,9360664643,Jodhpur,Rajasthan,2022-12-06,Regular
4219,Amit Gupta,Male,60,amit4219@gmail.com,9587435604,Lucknow,Uttar Pradesh,2022-04-18,Silver
4220,Ananya Kumar,Female,27,ananya4220@gmail.com,9258695504,Coimbatore,Tamil Nadu,2022-03-23,Silver
4221,Aditya Verma,Male,60,aditya4221@gmail.com,9244155967,Kanpur,Uttar Pradesh,2024-10-11,Regular
4222,Amit Sharma,Male,51,amit4222@gmail.com,9619980604,Siliguri,West Bengal,2025-03-22,Gold
4223,Ananya Sharma,Female,36,ananya4223@gmail.com,9605174444,Jaipur,Rajasthan,2022-05-12,Platinum
4224,Rahul Thakur,Male,18,rahul4224@gmail.com,9416418203,Delhi,Delhi,2024-03-02,Regular
4225,Vivaan Das,Male,34,vivaan4225@gmail.com,9832499074,Coimbatore,Tamil Nadu,2025-01-26,Regular
4226,Ayushi Yadav,Female,47,ayushi4226@gmail.com,9296668192,Bengaluru,Karnataka,2022-06-10,Regular
4227,Ayushi Verma,Female,57,ayushi4227@gmail.com,9993546204,Jaipur,Rajasthan,2022-10-23,Gold
4228,Neha Das,Female,51,neha4228@gmail.com,9595020938,Kanpur,Uttar Pradesh,2025-01-14,Platinum
4229,Ayushi Verma,Female,34,ayushi4229@gmail.com,9585244416,Siliguri,West Bengal,2024-11-16,Gold
4230,Ayushi Kumar,Female,57,ayushi4230@gmail.com,9246235673,Mumbai,Maharashtra,2022-08-25,Silver
4231,Aarav Verma,Male,29,aarav4231@gmail.com,9846658038,Coimbatore,Tamil Nadu,2024-06-09,Regular
4232,Ayushi Yadav,Female,51,ayushi4232@gmail.com,9747262970,Mumbai,Maharashtra,2023-05-26,Regular
4233,Amit Thakur,Male,48,amit4233@gmail.com,9748586040,Mysuru,Karnataka,2023-08-27,Regular
4234,Vivaan Singh,Male,44,vivaan4234@gmail.com,9695265727,Siliguri,West Bengal,2024-01-08,Gold
4235,Ananya Gupta,Female,47,ananya4235@gmail.com,9130304075,Bengaluru,Karnataka,2022-05-08,Silver
4236,Amit Kumar,Male,32,amit4236@gmail.com,9209669955,Siliguri,West Bengal,2023-10-10,Regular
4237,Rahul Thakur,Male,33,rahul4237@gmail.com,9156755345,Bengaluru,Karnataka,2023-05-10,Regular
4238,Rohan Das,Male,52,rohan4238@gmail.com,9544374888,Hyderabad,Telangana,2022-05-19,Silver
4239,Ayushi Das,Female,44,ayushi4239@gmail.com,9301920386,Mysuru,Karnataka,2023-12-23,Gold
4240,Rohan Singh,Male,52,rohan4240@gmail.com,9850039273,Mumbai,Maharashtra,2023-03-06,Regular
4241,Amit Das,Male,21,amit4241@gmail.com,9524227692,Jaipur,Rajasthan,2025-01-10,Regular
4242,Priya Verma,Female,43,priya4242@gmail.com,9504488188,Siliguri,West Bengal,2024-11-17,Regular
4243,Ananya Thakur,Female,51,ananya4243@gmail.com,9130840366,Kanpur,Uttar Pradesh,2022-06-13,Regular
4244,Priya Sharma,Female,28,priya4244@gmail.com,9811646400,Jaipur,Rajasthan,2022-06-05,Silver
4245,Neha Kumar,Female,57,neha4245@gmail.com,9392604192,Jodhpur,Rajasthan,2023-10-10,Regular
4246,Aditya Sharma,Male,36,aditya4246@gmail.com,9582118154,Jodhpur,Rajasthan,2024-12-26,Gold
4247,Aarav Gupta,Male,60,aarav4247@gmail.com,9336458663,Kolkata,West Bengal,2022-06-12,Gold
4248,Vivaan Sharma,Male,28,vivaan4248@gmail.com,9118007273,Mysuru,Karnataka,2023-03-06,Regular
4249,Amit Yadav,Male,26,amit4249@gmail.com,9945730638,Kanpur,Uttar Pradesh,2023-08-24,Regular
4250,Aditya Yadav,Male,60,aditya4250@gmail.com,9935152071,Warangal,Telangana,2025-01-14,Regular
4251,Amit Das,Male,19,amit4251@gmail.com,9875644496,Hyderabad,Telangana,2024-02-15,Regular
4252,Rahul Gupta,Male,46,rahul4252@gmail.com,9185892425,Gaya,Bihar,2023-07-05,Platinum
4253,Aditya Gupta,Male,35,aditya4253@gmail.com,9784753910,Gaya,Bihar,2023-03-31,Silver
4254,Prakash Verma,Male,29,prakash4254@gmail.com,9307100976,Siliguri,West Bengal,2024-05-20,Platinum
4255,Rahul Kumar,Male,34,rahul4255@gmail.com,9454970090,Mysuru,Karnataka,2022-04-25,Regular
4256,Ananya Das,Female,21,ananya4256@gmail.com,9235105839,Jodhpur,Rajasthan,2023-03-24,Gold
4257,Aditya Verma,Male,19,aditya4257@gmail.com,9435192627,Chennai,Tamil Nadu,2024-07-06,Silver
4258,Ananya Sharma,Female,39,ananya4258@gmail.com,9462657536,Delhi,Delhi,2023-11-10,Regular
4259,Sneha Das,Female,59,sneha4259@gmail.com,9141529668,Lucknow,Uttar Pradesh,2024-07-27,Regular
4260,Rahul Singh,Male,55,rahul4260@gmail.com,9552395117,Pune,Maharashtra,2024-01-07,Silver
4261,Rohan Das,Male,51,rohan4261@gmail.com,9519805314,Delhi,Delhi,2023-04-22,Gold
4262,Sneha Kumar,Female,35,sneha4262@gmail.com,9652868878,Siliguri,West Bengal,2023-09-01,Silver
4263,Rahul Gupta,Male,29,rahul4263@gmail.com,9864155748,Delhi,Delhi,2023-03-01,Regular
4264,Ayushi Verma,Female,52,ayushi4264@gmail.com,9599552956,Mumbai,Maharashtra,2023-12-23,Gold
4265,Aarav Yadav,Male,33,aarav4265@gmail.com,9827342192,Hyderabad,Telangana,2022-11-28,Silver
4266,Aditya Yadav,Male,20,aditya4266@gmail.com,9624189699,Siliguri,West Bengal,2023-07-17,Regular
4267,Prakash Kumar,Male,26,prakash4267@gmail.com,9871387731,Jodhpur,Rajasthan,2022-06-24,Regular
4268,Ananya Singh,Female,50,ananya4268@gmail.com,9635581394,Chennai,Tamil Nadu,2023-05-10,Regular
4269,Amit Gupta,Male,40,amit4269@gmail.com,9555586900,Lucknow,Uttar Pradesh,2023-05-23,Silver
4270,Amit Singh,Male,52,amit4270@gmail.com,9823335360,Gaya,Bihar,2022-03-20,Regular
4271,Prakash Gupta,Male,35,prakash4271@gmail.com,9999479098,Pune,Maharashtra,2024-07-25,Gold
4272,Rahul Kumar,Male,58,rahul4272@gmail.com,9804307017,Siliguri,West Bengal,2022-09-22,Regular
4273,Vivaan Verma,Male,41,vivaan4273@gmail.com,9752999241,Mysuru,Karnataka,2024-02-20,Regular
4274,Ananya Thakur,Female,49,ananya4274@gmail.com,9465745031,Siliguri,West Bengal,2023-12-25,Silver
4275,Aarav Verma,Male,59,aarav4275@gmail.com,9357687828,Siliguri,West Bengal,2023-10-26,Silver
4276,Sneha Singh,Female,25,sneha4276@gmail.com,9422511777,Lucknow,Uttar Pradesh,2024-06-26,Silver
4277,Amit Gupta,Male,28,amit4277@gmail.com,9840536977,Delhi,Delhi,2023-12-08,Regular
4278,Aarav Das,Male,59,aarav4278@gmail.com,9637540571,Kolkata,West Bengal,2024-12-20,Regular
4279,Rohan Verma,Male,22,rohan4279@gmail.com,9755259962,Pune,Maharashtra,2022-07-17,Silver
4280,Ayushi Verma,Female,36,ayushi4280@gmail.com,9862928509,Bengaluru,Karnataka,2024-10-03,Regular
4281,Prakash Kumar,Male,48,prakash4281@gmail.com,9777182184,Bengaluru,Karnataka,2022-10-05,Regular
4282,Prakash Kumar,Male,53,prakash4282@gmail.com,9251930765,Delhi,Delhi,2024-11-16,Regular
4283,Ananya Verma,Female,29,ananya4283@gmail.com,9876847310,Patna,Bihar,2023-05-11,Platinum
4284,Ayushi Kumar,Female,55,ayushi4284@gmail.com,9315043657,Mysuru,Karnataka,2022-12-21,Platinum
4285,Ayushi Kumar,Female,34,ayushi4285@gmail.com,9196909691,Lucknow,Uttar Pradesh,2025-03-25,Regular
4286,Priya Sharma,Female,48,priya4286@gmail.com,9713830417,Mumbai,Maharashtra,2023-12-26,Regular
4287,Ayushi Das,Female,23,ayushi4287@gmail.com,9246346150,Patna,Bihar,2023-06-02,Gold
4288,Priya Thakur,Female,18,priya4288@gmail.com,9192711040,Chennai,Tamil Nadu,2024-04-12,Silver
4289,Prakash Thakur,Male,34,prakash4289@gmail.com,9960115159,Mumbai,Maharashtra,2023-04-23,Silver
4290,Vivaan Gupta,Male,56,vivaan4290@gmail.com,9923707202,Siliguri,West Bengal,2023-03-15,Silver
4291,Rahul Yadav,Male,44,rahul4291@gmail.com,9193613358,Lucknow,Uttar Pradesh,2025-01-24,Regular
4292,Aditya Singh,Male,27,aditya4292@gmail.com,9127831290,Coimbatore,Tamil Nadu,2022-08-27,Gold
4293,Amit Singh,Male,20,amit4293@gmail.com,9199070870,Mumbai,Maharashtra,2023-04-04,Regular
4294,Aditya Kumar,Male,52,aditya4294@gmail.com,9792268054,Delhi,Delhi,2025-02-12,Silver
4295,Rohan Yadav,Male,41,rohan4295@gmail.com,9269418514,Pune,Maharashtra,2023-09-11,Regular
4296,Amit Sharma,Male,60,amit4296@gmail.com,9332957060,Mumbai,Maharashtra,2022-05-24,Regular
4297,Vivaan Das,Male,32,vivaan4297@gmail.com,9916446801,Lucknow,Uttar Pradesh,2022-11-07,Regular
4298,Aarav Thakur,Male,48,aarav4298@gmail.com,9191349810,Kanpur,Uttar Pradesh,2022-05-22,Regular
4299,Sneha Singh,Female,48,sneha4299@gmail.com,9411988793,Chennai,Tamil Nadu,2024-11-02,Regular
4300,Prakash Gupta,Male,19,prakash4300@gmail.com,9919740089,Patna,Bihar,2022-11-22,Gold
4301,Ayushi Verma,Female,19,ayushi4301@gmail.com,9629454290,Coimbatore,Tamil Nadu,2024-05-30,Regular
4302,Neha Verma,Female,49,neha4302@gmail.com,9587244650,Jodhpur,Rajasthan,2022-04-29,Regular
4303,Ananya Das,Female,32,ananya4303@gmail.com,9180790045,Mysuru,Karnataka,2022-11-08,Gold
4304,Neha Kumar,Female,60,neha4304@gmail.com,9634146957,Chennai,Tamil Nadu,2023-02-06,Platinum
4305,Vivaan Kumar,Male,46,vivaan4305@gmail.com,9133261229,Jaipur,Rajasthan,2023-10-09,Platinum
4306,Aarav Yadav,Male,47,aarav4306@gmail.com,9124384586,Lucknow,Uttar Pradesh,2024-03-28,Regular
4307,Sneha Yadav,Female,56,sneha4307@gmail.com,9363672771,Delhi,Delhi,2024-03-24,Gold
4308,Prakash Das,Male,19,prakash4308@gmail.com,9629518218,Bengaluru,Karnataka,2022-05-02,Regular
4309,Aarav Das,Male,35,aarav4309@gmail.com,9804336373,Kolkata,West Bengal,2022-05-15,Regular
4310,Prakash Sharma,Male,37,prakash4310@gmail.com,9331383391,Lucknow,Uttar Pradesh,2023-03-19,Gold
4311,Amit Das,Male,36,amit4311@gmail.com,9847157584,Kanpur,Uttar Pradesh,2023-08-24,Silver
4312,Sneha Sharma,Female,47,sneha4312@gmail.com,9459761245,Jaipur,Rajasthan,2023-05-14,Silver
4313,Aditya Sharma,Male,38,aditya4313@gmail.com,9681688117,Gaya,Bihar,2024-12-10,Gold
4314,Amit Verma,Male,40,amit4314@gmail.com,9439694301,Mysuru,Karnataka,2023-07-16,Platinum
4315,Sneha Singh,Female,44,sneha4315@gmail.com,9939368680,Mumbai,Maharashtra,2025-03-25,Regular
4316,Amit Sharma,Male,45,amit4316@gmail.com,9632156157,Coimbatore,Tamil Nadu,2023-04-27,Silver
4317,Prakash Yadav,Male,58,prakash4317@gmail.com,9306704463,Coimbatore,Tamil Nadu,2025-02-26,Regular
4318,Aarav Thakur,Male,44,aarav4318@gmail.com,9374165113,Chennai,Tamil Nadu,2023-04-28,Regular
4319,Neha Yadav,Female,51,neha4319@gmail.com,9562490227,Jodhpur,Rajasthan,2023-07-15,Silver
4320,Neha Gupta,Female,23,neha4320@gmail.com,9239875725,Delhi,Delhi,2024-10-02,Regular
4321,Rahul Verma,Male,28,rahul4321@gmail.com,9717495401,Chennai,Tamil Nadu,2023-12-08,Regular
4322,Vivaan Thakur,Male,50,vivaan4322@gmail.com,9424173028,Lucknow,Uttar Pradesh,2024-01-04,Regular
4323,Ananya Thakur,Female,23,ananya4323@gmail.com,9497146454,Mumbai,Maharashtra,2023-06-03,Regular
4324,Ananya Thakur,Female,42,ananya4324@gmail.com,9173488996,Jaipur,Rajasthan,2023-03-15,Regular
4325,Vivaan Singh,Male,42,vivaan4325@gmail.com,9133337209,Jodhpur,Rajasthan,2023-09-21,Gold
4326,Vivaan Sharma,Male,19,vivaan4326@gmail.com,9940411395,Lucknow,Uttar Pradesh,2024-03-29,Regular
4327,Neha Verma,Female,29,neha4327@gmail.com,9896199420,Siliguri,West Bengal,2023-06-13,Regular
4328,Amit Thakur,Male,49,amit4328@gmail.com,9585414012,Coimbatore,Tamil Nadu,2023-04-20,Regular
4329,Prakash Thakur,Male,58,prakash4329@gmail.com,9836571444,Delhi,Delhi,2023-07-13,Regular
4330,Rohan Yadav,Male,19,rohan4330@gmail.com,9109520557,Siliguri,West Bengal,2024-05-18,Regular
4331,Vivaan Yadav,Male,27,vivaan4331@gmail.com,9633159020,Patna,Bihar,2022-10-09,Gold
4332,Sneha Das,Female,26,sneha4332@gmail.com,9841381731,Coimbatore,Tamil Nadu,2023-07-01,Regular
4333,Neha Gupta,Female,41,neha4333@gmail.com,9806651177,Hyderabad,Telangana,2024-12-31,Gold
4334,Rohan Das,Male,55,rohan4334@gmail.com,9307960912,Gaya,Bihar,2022-02-13,Regular
4335,Rohan Verma,Male,52,rohan4335@gmail.com,9221871813,Pune,Maharashtra,2022-03-09,Regular
4336,Aarav Gupta,Male,51,aarav4336@gmail.com,9774701415,Kanpur,Uttar Pradesh,2023-07-18,Regular
4337,Ananya Das,Female,20,ananya4337@gmail.com,9116745784,Delhi,Delhi,2024-08-07,Silver
4338,Sneha Verma,Female,39,sneha4338@gmail.com,9862167845,Mysuru,Karnataka,2025-03-26,Regular
4339,Ayushi Thakur,Female,45,ayushi4339@gmail.com,9718558730,Mysuru,Karnataka,2024-03-03,Regular
4340,Ananya Das,Female,45,ananya4340@gmail.com,9240048805,Bengaluru,Karnataka,2023-12-26,Regular
4341,Aarav Singh,Male,22,aarav4341@gmail.com,9796172300,Bengaluru,Karnataka,2024-04-29,Platinum
4342,Ayushi Das,Female,60,ayushi4342@gmail.com,9940907271,Coimbatore,Tamil Nadu,2025-04-02,Regular
4343,Prakash Verma,Male,44,prakash4343@gmail.com,9864073397,Kolkata,West Bengal,2022-08-29,Regular
4344,Neha Thakur,Female,56,neha4344@gmail.com,9622282355,Chennai,Tamil Nadu,2024-11-19,Silver
4345,Vivaan Das,Male,47,vivaan4345@gmail.com,9697199832,Patna,Bihar,2022-01-27,Platinum
4346,Rohan Thakur,Male,46,rohan4346@gmail.com,9534903775,Mumbai,Maharashtra,2023-11-23,Platinum
4347,Ayushi Thakur,Female,36,ayushi4347@gmail.com,9196488790,Chennai,Tamil Nadu,2025-02-19,Silver
4348,Rohan Gupta,Male,40,rohan4348@gmail.com,9930934870,Delhi,Delhi,2023-10-04,Regular
4349,Rohan Gupta,Male,28,rohan4349@gmail.com,9824242014,Jaipur,Rajasthan,2024-09-16,Silver
4350,Neha Das,Female,53,neha4350@gmail.com,9233889551,Warangal,Telangana,2025-03-21,Silver
4351,Neha Verma,Female,35,neha4351@gmail.com,9784202990,Patna,Bihar,2024-02-14,Regular
4352,Vivaan Verma,Male,53,vivaan4352@gmail.com,9239473316,Hyderabad,Telangana,2024-11-26,Gold
4353,Aarav Thakur,Male,18,aarav4353@gmail.com,9623600807,Pune,Maharashtra,2022-05-30,Silver
4354,Neha Singh,Female,37,neha4354@gmail.com,9530923467,Mumbai,Maharashtra,2022-06-05,Regular
4355,Vivaan Gupta,Male,54,vivaan4355@gmail.com,9591211693,Lucknow,Uttar Pradesh,2022-05-04,Regular
4356,Ananya Thakur,Female,31,ananya4356@gmail.com,9885623818,Delhi,Delhi,2024-09-29,Gold
4357,Ananya Sharma,Female,49,ananya4357@gmail.com,9874825001,Jodhpur,Rajasthan,2023-05-09,Silver
4358,Rahul Kumar,Male,48,rahul4358@gmail.com,9701636318,Delhi,Delhi,2022-04-26,Silver
4359,Priya Gupta,Female,39,priya4359@gmail.com,9201798023,Mumbai,Maharashtra,2022-12-20,Regular
4360,Amit Sharma,Male,43,amit4360@gmail.com,9618693373,Jaipur,Rajasthan,2022-12-06,Silver
4361,Rohan Yadav,Male,19,rohan4361@gmail.com,9259346020,Gaya,Bihar,2024-04-23,Silver
4362,Amit Gupta,Male,59,amit4362@gmail.com,9487628428,Kolkata,West Bengal,2025-03-15,Regular
4363,Neha Sharma,Female,18,neha4363@gmail.com,9990248550,Kanpur,Uttar Pradesh,2022-08-11,Regular
4364,Ananya Kumar,Female,20,ananya4364@gmail.com,9970528253,Hyderabad,Telangana,2024-07-04,Regular
4365,Amit Yadav,Male,55,amit4365@gmail.com,9341373119,Jaipur,Rajasthan,2024-06-09,Regular
4366,Sneha Gupta,Female,50,sneha4366@gmail.com,9391327529,Hyderabad,Telangana,2023-07-14,Silver
4367,Ananya Thakur,Female,46,ananya4367@gmail.com,9539553381,Kanpur,Uttar Pradesh,2025-01-12,Platinum
4368,Priya Kumar,Female,36,priya4368@gmail.com,9822840441,Mysuru,Karnataka,2024-08-30,Gold
4369,Priya Das,Female,45,priya4369@gmail.com,9605615444,Siliguri,West Bengal,2022-09-30,Regular
4370,Sneha Sharma,Female,24,sneha4370@gmail.com,9579692622,Delhi,Delhi,2024-10-25,Platinum
4371,Rahul Verma,Male,20,rahul4371@gmail.com,9308124438,Delhi,Delhi,2022-01-08,Regular
4372,Aarav Sharma,Male,29,aarav4372@gmail.com,9526492306,Bengaluru,Karnataka,2024-06-14,Silver
4373,Prakash Sharma,Male,60,prakash4373@gmail.com,9374544122,Chennai,Tamil Nadu,2024-03-07,Regular
4374,Prakash Gupta,Male,57,prakash4374@gmail.com,9868527743,Siliguri,West Bengal,2022-01-21,Gold
4375,Aarav Yadav,Male,39,aarav4375@gmail.com,9192923088,Warangal,Telangana,2023-04-11,Regular
4376,Rohan Sharma,Male,47,rohan4376@gmail.com,9529187564,Kolkata,West Bengal,2023-07-11,Silver
4377,Aditya Verma,Male,30,aditya4377@gmail.com,9617745101,Kolkata,West Bengal,2025-02-16,Gold
4378,Ananya Verma,Female,43,ananya4378@gmail.com,9876669345,Patna,Bihar,2023-03-06,Gold
4379,Prakash Sharma,Male,45,prakash4379@gmail.com,9347549203,Lucknow,Uttar Pradesh,2024-10-05,Regular
4380,Aditya Verma,Male,28,aditya4380@gmail.com,9930357371,Delhi,Delhi,2024-03-30,Platinum
4381,Rahul Sharma,Male,49,rahul4381@gmail.com,9823883889,Jaipur,Rajasthan,2023-03-25,Regular
4382,Vivaan Kumar,Male,32,vivaan4382@gmail.com,9870367611,Kolkata,West Bengal,2023-04-23,Regular
4383,Amit Thakur,Male,59,amit4383@gmail.com,9322926319,Patna,Bihar,2022-10-19,Regular
4384,Ananya Das,Female,35,ananya4384@gmail.com,9312078703,Patna,Bihar,2022-01-23,Regular
4385,Rohan Gupta,Male,35,rohan4385@gmail.com,9494207503,Chennai,Tamil Nadu,2024-12-28,Regular
4386,Priya Das,Female,58,priya4386@gmail.com,9113573507,Mumbai,Maharashtra,2025-01-26,Regular
4387,Vivaan Verma,Male,48,vivaan4387@gmail.com,9552009325,Coimbatore,Tamil Nadu,2022-08-21,Silver
4388,Rohan Yadav,Male,41,rohan4388@gmail.com,9858083761,Lucknow,Uttar Pradesh,2023-08-29,Regular
4389,Vivaan Verma,Male,60,vivaan4389@gmail.com,9848106289,Delhi,Delhi,2024-09-29,Silver
4390,Sneha Sharma,Female,36,sneha4390@gmail.com,9132338342,Coimbatore,Tamil Nadu,2024-06-10,Regular
4391,Prakash Yadav,Male,51,prakash4391@gmail.com,9489402718,Mysuru,Karnataka,2024-12-05,Silver
4392,Amit Gupta,Male,20,amit4392@gmail.com,9337241559,Delhi,Delhi,2025-03-17,Silver
4393,Rohan Gupta,Male,41,rohan4393@gmail.com,9124542795,Hyderabad,Telangana,2022-06-14,Regular
4394,Sneha Yadav,Female,41,sneha4394@gmail.com,9936850122,Pune,Maharashtra,2023-12-09,Regular
4395,Priya Kumar,Female,45,priya4395@gmail.com,9566435097,Patna,Bihar,2024-03-22,Gold
4396,Rohan Kumar,Male,59,rohan4396@gmail.com,9591497426,Jodhpur,Rajasthan,2024-04-05,Regular
4397,Neha Das,Female,37,neha4397@gmail.com,9989958222,Delhi,Delhi,2022-07-11,Silver
4398,Prakash Sharma,Male,55,prakash4398@gmail.com,9484802096,Jodhpur,Rajasthan,2025-02-19,Silver
4399,Prakash Verma,Male,37,prakash4399@gmail.com,9257449604,Mumbai,Maharashtra,2023-01-15,Gold
4400,Aditya Singh,Male,40,aditya4400@gmail.com,9707715881,Lucknow,Uttar Pradesh,2023-10-29,Gold
4401,Ayushi Gupta,Female,44,ayushi4401@gmail.com,9344654366,Coimbatore,Tamil Nadu,2025-03-19,Silver
4402,Sneha Thakur,Female,30,sneha4402@gmail.com,9697356349,Delhi,Delhi,2022-01-15,Silver
4403,Neha Verma,Female,60,neha4403@gmail.com,9801065592,Siliguri,West Bengal,2024-06-10,Regular
4404,Aarav Das,Male,20,aarav4404@gmail.com,9157526117,Pune,Maharashtra,2023-03-21,Regular
4405,Rohan Sharma,Male,31,rohan4405@gmail.com,9508203800,Mumbai,Maharashtra,2024-08-15,Silver
4406,Priya Yadav,Female,31,priya4406@gmail.com,9872896996,Chennai,Tamil Nadu,2024-08-02,Silver
4407,Ananya Gupta,Female,50,ananya4407@gmail.com,9585350165,Bengaluru,Karnataka,2023-08-07,Regular
4408,Neha Yadav,Female,24,neha4408@gmail.com,9723049761,Chennai,Tamil Nadu,2022-01-11,Regular
4409,Amit Yadav,Male,19,amit4409@gmail.com,9902933277,Gaya,Bihar,2024-03-22,Regular
4410,Ayushi Thakur,Female,53,ayushi4410@gmail.com,9713127746,Mysuru,Karnataka,2024-07-05,Silver
4411,Amit Verma,Male,58,amit4411@gmail.com,9399996111,Coimbatore,Tamil Nadu,2024-01-14,Regular
4412,Sneha Kumar,Female,49,sneha4412@gmail.com,9203860349,Lucknow,Uttar Pradesh,2023-02-10,Gold
4413,Rohan Singh,Male,36,rohan4413@gmail.com,9475884257,Delhi,Delhi,2022-01-30,Gold
4414,Neha Yadav,Female,37,neha4414@gmail.com,9373741451,Coimbatore,Tamil Nadu,2025-03-22,Gold
4415,Amit Das,Male,21,amit4415@gmail.com,9899078978,Chennai,Tamil Nadu,2025-01-29,Gold
4416,Amit Kumar,Male,42,amit4416@gmail.com,9568949402,Kolkata,West Bengal,2023-11-11,Regular
4417,Rahul Thakur,Male,46,rahul4417@gmail.com,9197249755,Mumbai,Maharashtra,2024-07-09,Silver
4418,Rahul Thakur,Male,34,rahul4418@gmail.com,9480920851,Jaipur,Rajasthan,2023-05-18,Regular
4419,Sneha Gupta,Female,20,sneha4419@gmail.com,9524204655,Kanpur,Uttar Pradesh,2024-10-27,Regular
4420,Aditya Gupta,Male,50,aditya4420@gmail.com,9712729087,Kolkata,West Bengal,2022-04-03,Silver
4421,Neha Sharma,Female,32,neha4421@gmail.com,9420157880,Kanpur,Uttar Pradesh,2023-06-28,Gold
4422,Ayushi Yadav,Female,29,ayushi4422@gmail.com,9220364288,Coimbatore,Tamil Nadu,2023-11-07,Regular
4423,Neha Kumar,Female,50,neha4423@gmail.com,9585195385,Pune,Maharashtra,2023-04-27,Regular
4424,Prakash Verma,Male,44,prakash4424@gmail.com,9767757649,Jaipur,Rajasthan,2023-09-28,Regular
4425,Ayushi Kumar,Female,48,ayushi4425@gmail.com,9532032049,Lucknow,Uttar Pradesh,2023-03-11,Regular
4426,Neha Singh,Female,45,neha4426@gmail.com,9187041582,Delhi,Delhi,2022-06-17,Regular
4427,Aarav Gupta,Male,43,aarav4427@gmail.com,9850279813,Pune,Maharashtra,2025-03-22,Regular
4428,Ananya Singh,Female,58,ananya4428@gmail.com,9147689668,Siliguri,West Bengal,2025-02-27,Regular
4429,Priya Gupta,Female,31,priya4429@gmail.com,9500298314,Delhi,Delhi,2023-03-17,Regular
4430,Ananya Yadav,Female,24,ananya4430@gmail.com,9975016339,Jodhpur,Rajasthan,2022-01-03,Regular
4431,Ananya Kumar,Female,28,ananya4431@gmail.com,9729342579,Siliguri,West Bengal,2022-02-23,Regular
4432,Amit Kumar,Male,19,amit4432@gmail.com,9173637121,Hyderabad,Telangana,2022-08-05,Regular
4433,Rahul Singh,Male,23,rahul4433@gmail.com,9502419606,Delhi,Delhi,2025-01-14,Silver
4434,Sneha Thakur,Female,55,sneha4434@gmail.com,9224485090,Lucknow,Uttar Pradesh,2025-03-09,Regular
4435,Aarav Verma,Male,25,aarav4435@gmail.com,9718031620,Kanpur,Uttar Pradesh,2023-11-20,Regular
4436,Amit Das,Male,50,amit4436@gmail.com,9565037034,Coimbatore,Tamil Nadu,2022-06-16,Gold
4437,Rahul Kumar,Male,18,rahul4437@gmail.com,9789353414,Hyderabad,Telangana,2025-01-03,Regular
4438,Ananya Sharma,Female,41,ananya4438@gmail.com,9118546302,Bengaluru,Karnataka,2025-02-17,Regular
4439,Vivaan Sharma,Male,31,vivaan4439@gmail.com,9972716329,Pune,Maharashtra,2023-03-27,Regular
4440,Sneha Verma,Female,26,sneha4440@gmail.com,9145195139,Coimbatore,Tamil Nadu,2022-12-01,Silver
4441,Rohan Kumar,Male,48,rohan4441@gmail.com,9826088358,Delhi,Delhi,2023-03-13,Regular
4442,Priya Verma,Female,27,priya4442@gmail.com,9869172831,Warangal,Telangana,2024-02-29,Regular
4443,Neha Yadav,Female,22,neha4443@gmail.com,9841425113,Jaipur,Rajasthan,2022-08-06,Gold
4444,Ananya Sharma,Female,59,ananya4444@gmail.com,9346480298,Mysuru,Karnataka,2022-03-09,Gold
4445,Vivaan Yadav,Male,49,vivaan4445@gmail.com,9823459569,Kanpur,Uttar Pradesh,2023-10-14,Regular
4446,Amit Yadav,Male,59,amit4446@gmail.com,9168152956,Mumbai,Maharashtra,2022-04-09,Silver
4447,Rohan Gupta,Male,30,rohan4447@gmail.com,9163659246,Mumbai,Maharashtra,2023-03-30,Regular
4448,Sneha Sharma,Female,45,sneha4448@gmail.com,9946141259,Siliguri,West Bengal,2022-05-02,Regular
4449,Rohan Verma,Male,53,rohan4449@gmail.com,9806635290,Pune,Maharashtra,2024-05-31,Silver
4450,Sneha Yadav,Female,54,sneha4450@gmail.com,9919061022,Mumbai,Maharashtra,2022-08-09,Regular
4451,Ayushi Verma,Female,40,ayushi4451@gmail.com,9275317676,Jaipur,Rajasthan,2022-03-05,Regular
4452,Prakash Yadav,Male,51,prakash4452@gmail.com,9231478769,Bengaluru,Karnataka,2022-01-13,Regular
4453,Ananya Kumar,Female,34,ananya4453@gmail.com,9902247530,Delhi,Delhi,2023-06-03,Gold
4454,Amit Singh,Male,24,amit4454@gmail.com,9375580530,Lucknow,Uttar Pradesh,2024-10-20,Regular
4455,Ayushi Yadav,Female,38,ayushi4455@gmail.com,9383051320,Jaipur,Rajasthan,2025-02-28,Regular
4456,Neha Kumar,Female,50,neha4456@gmail.com,9137292677,Kolkata,West Bengal,2023-11-12,Regular
4457,Ayushi Verma,Female,45,ayushi4457@gmail.com,9737932581,Mysuru,Karnataka,2024-03-26,Silver
4458,Sneha Kumar,Female,34,sneha4458@gmail.com,9252105822,Jodhpur,Rajasthan,2024-09-24,Silver
4459,Ayushi Sharma,Female,36,ayushi4459@gmail.com,9766039941,Delhi,Delhi,2022-02-02,Regular
4460,Aditya Verma,Male,58,aditya4460@gmail.com,9673006647,Warangal,Telangana,2023-01-26,Regular
4461,Sneha Singh,Female,30,sneha4461@gmail.com,9148206967,Kanpur,Uttar Pradesh,2023-12-09,Regular
4462,Aditya Yadav,Male,48,aditya4462@gmail.com,9415135833,Delhi,Delhi,2022-09-10,Silver
4463,Sneha Kumar,Female,42,sneha4463@gmail.com,9239025095,Kanpur,Uttar Pradesh,2022-10-03,Silver
4464,Vivaan Singh,Male,42,vivaan4464@gmail.com,9247215955,Warangal,Telangana,2024-03-10,Gold
4465,Neha Kumar,Female,37,neha4465@gmail.com,9740770588,Jodhpur,Rajasthan,2023-01-24,Silver
4466,Amit Yadav,Male,59,amit4466@gmail.com,9149362922,Delhi,Delhi,2024-09-16,Regular
4467,Aditya Das,Male,36,aditya4467@gmail.com,9148109234,Siliguri,West Bengal,2024-10-02,Regular
4468,Aditya Gupta,Male,27,aditya4468@gmail.com,9446055600,Siliguri,West Bengal,2022-06-27,Regular
4469,Priya Sharma,Female,42,priya4469@gmail.com,9992432275,Bengaluru,Karnataka,2023-12-01,Regular
4470,Ananya Thakur,Female,22,ananya4470@gmail.com,9585992944,Jodhpur,Rajasthan,2024-03-10,Regular
4471,Priya Sharma,Female,58,priya4471@gmail.com,9486526151,Kolkata,West Bengal,2022-01-17,Gold
4472,Prakash Singh,Male,25,prakash4472@gmail.com,9653015181,Coimbatore,Tamil Nadu,2023-01-21,Regular
4473,Priya Gupta,Female,60,priya4473@gmail.com,9260431688,Lucknow,Uttar Pradesh,2023-08-14,Regular
4474,Aarav Singh,Male,55,aarav4474@gmail.com,9390841706,Bengaluru,Karnataka,2022-10-28,Gold
4475,Ayushi Singh,Female,19,ayushi4475@gmail.com,9966988041,Chennai,Tamil Nadu,2023-07-30,Gold
4476,Ayushi Gupta,Female,48,ayushi4476@gmail.com,9735376927,Hyderabad,Telangana,2024-08-11,Gold
4477,Aarav Sharma,Male,25,aarav4477@gmail.com,9558578054,Mysuru,Karnataka,2022-07-17,Platinum
4478,Vivaan Gupta,Male,57,vivaan4478@gmail.com,9707576317,Bengaluru,Karnataka,2024-10-04,Gold
4479,Amit Singh,Male,20,amit4479@gmail.com,9963308253,Jaipur,Rajasthan,2022-02-01,Silver
4480,Ayushi Sharma,Female,40,ayushi4480@gmail.com,9597318672,Lucknow,Uttar Pradesh,2024-04-16,Silver
4481,Rohan Verma,Male,50,rohan4481@gmail.com,9608386027,Lucknow,Uttar Pradesh,2024-01-11,Regular
4482,Aditya Yadav,Male,37,aditya4482@gmail.com,9639306845,Delhi,Delhi,2023-03-13,Silver
4483,Prakash Das,Male,38,prakash4483@gmail.com,9433736563,Jaipur,Rajasthan,2022-11-02,Regular
4484,Rohan Verma,Male,38,rohan4484@gmail.com,9225364840,Bengaluru,Karnataka,2023-02-19,Regular
4485,Amit Kumar,Male,20,amit4485@gmail.com,9367928645,Hyderabad,Telangana,2023-11-10,Regular
4486,Amit Sharma,Male,48,amit4486@gmail.com,9270550824,Kolkata,West Bengal,2024-11-12,Regular
4487,Neha Das,Female,42,neha4487@gmail.com,9506801683,Delhi,Delhi,2024-06-10,Silver
4488,Amit Das,Male,38,amit4488@gmail.com,9858887696,Jaipur,Rajasthan,2023-09-05,Silver
4489,Vivaan Sharma,Male,58,vivaan4489@gmail.com,9607491231,Jodhpur,Rajasthan,2022-04-24,Regular
4490,Ananya Yadav,Female,41,ananya4490@gmail.com,9748730383,Mumbai,Maharashtra,2025-02-11,Regular
4491,Neha Sharma,Female,60,neha4491@gmail.com,9803128849,Kolkata,West Bengal,2022-07-15,Regular
4492,Ayushi Thakur,Female,18,ayushi4492@gmail.com,9782438456,Delhi,Delhi,2023-03-27,Gold
4493,Vivaan Thakur,Male,40,vivaan4493@gmail.com,9252832776,Gaya,Bihar,2023-08-10,Silver
4494,Priya Das,Female,35,priya4494@gmail.com,9319839714,Kanpur,Uttar Pradesh,2023-10-01,Regular
4495,Vivaan Verma,Male,32,vivaan4495@gmail.com,9979059360,Hyderabad,Telangana,2023-04-10,Regular
4496,Aditya Yadav,Male,19,aditya4496@gmail.com,9199036462,Delhi,Delhi,2024-08-15,Regular
4497,Rohan Thakur,Male,36,rohan4497@gmail.com,9423763147,Patna,Bihar,2023-04-09,Silver
4498,Ananya Verma,Female,44,ananya4498@gmail.com,9773127566,Warangal,Telangana,2025-02-03,Regular
4499,Rahul Yadav,Male,26,rahul4499@gmail.com,9224128440,Jaipur,Rajasthan,2022-04-20,Regular
4500,Sneha Thakur,Female,47,sneha4500@gmail.com,9569337854,Mysuru,Karnataka,2023-03-22,Platinum
4501,Rahul Thakur,Male,20,rahul4501@gmail.com,9326190268,Chennai,Tamil Nadu,2025-04-09,Regular
4502,Aditya Gupta,Male,34,aditya4502@gmail.com,9697803422,Bengaluru,Karnataka,2023-10-21,Regular
4503,Ayushi Das,Female,25,ayushi4503@gmail.com,9435218732,Hyderabad,Telangana,2023-02-28,Silver
4504,Neha Das,Female,47,neha4504@gmail.com,9606375188,Jaipur,Rajasthan,2023-09-27,Silver
4505,Aarav Das,Male,32,aarav4505@gmail.com,9532384371,Warangal,Telangana,2022-02-06,Regular
4506,Aarav Kumar,Male,42,aarav4506@gmail.com,9869925101,Siliguri,West Bengal,2024-07-09,Regular
4507,Vivaan Sharma,Male,26,vivaan4507@gmail.com,9229839271,Jaipur,Rajasthan,2025-01-08,Silver
4508,Amit Sharma,Male,53,amit4508@gmail.com,9948402283,Coimbatore,Tamil Nadu,2024-09-11,Regular
4509,Neha Thakur,Female,56,neha4509@gmail.com,9321180584,Hyderabad,Telangana,2023-03-18,Regular
4510,Ananya Verma,Female,45,ananya4510@gmail.com,9711947172,Gaya,Bihar,2025-04-15,Regular
4511,Neha Yadav,Female,35,neha4511@gmail.com,9683128336,Gaya,Bihar,2022-03-08,Regular
4512,Aditya Gupta,Male,59,aditya4512@gmail.com,9384137747,Chennai,Tamil Nadu,2023-06-01,Regular
4513,Sneha Singh,Female,51,sneha4513@gmail.com,9806332960,Siliguri,West Bengal,2022-08-19,Regular
4514,Vivaan Sharma,Male,29,vivaan4514@gmail.com,9227079186,Kanpur,Uttar Pradesh,2023-06-20,Regular
4515,Rahul Singh,Male,19,rahul4515@gmail.com,9429563277,Lucknow,Uttar Pradesh,2024-08-28,Silver
4516,Ayushi Singh,Female,44,ayushi4516@gmail.com,9880193053,Coimbatore,Tamil Nadu,2022-06-20,Regular
4517,Ananya Verma,Female,34,ananya4517@gmail.com,9279228893,Siliguri,West Bengal,2025-03-18,Regular
4518,Sneha Gupta,Female,31,sneha4518@gmail.com,9919331987,Coimbatore,Tamil Nadu,2022-08-02,Gold
4519,Priya Das,Female,49,priya4519@gmail.com,9529227326,Coimbatore,Tamil Nadu,2022-12-30,Regular
4520,Rahul Das,Male,54,rahul4520@gmail.com,9325055978,Jodhpur,Rajasthan,2024-01-20,Regular
4521,Vivaan Gupta,Male,23,vivaan4521@gmail.com,9621329869,Jodhpur,Rajasthan,2023-09-25,Regular
4522,Prakash Kumar,Male,59,prakash4522@gmail.com,9684566615,Pune,Maharashtra,2025-01-26,Gold
4523,Rahul Sharma,Male,30,rahul4523@gmail.com,9752626308,Mysuru,Karnataka,2023-01-29,Silver
4524,Vivaan Verma,Male,20,vivaan4524@gmail.com,9200906893,Warangal,Telangana,2022-02-26,Regular
4525,Priya Thakur,Female,18,priya4525@gmail.com,9430516721,Chennai,Tamil Nadu,2024-12-12,Regular
4526,Ayushi Das,Female,22,ayushi4526@gmail.com,9380835568,Coimbatore,Tamil Nadu,2022-11-17,Platinum
4527,Aarav Yadav,Male,42,aarav4527@gmail.com,9934659666,Patna,Bihar,2022-07-19,Gold
4528,Ananya Kumar,Female,58,ananya4528@gmail.com,9959779265,Delhi,Delhi,2023-10-01,Silver
4529,Rahul Gupta,Male,60,rahul4529@gmail.com,9128734643,Pune,Maharashtra,2024-12-22,Regular
4530,Rohan Gupta,Male,46,rohan4530@gmail.com,9294891906,Kanpur,Uttar Pradesh,2024-03-03,Platinum
4531,Aarav Sharma,Male,47,aarav4531@gmail.com,9294566594,Lucknow,Uttar Pradesh,2023-02-01,Regular
4532,Aarav Verma,Male,42,aarav4532@gmail.com,9709470701,Chennai,Tamil Nadu,2024-11-08,Silver
4533,Priya Das,Female,60,priya4533@gmail.com,9908443280,Mysuru,Karnataka,2022-08-01,Silver
4534,Sneha Gupta,Female,49,sneha4534@gmail.com,9601335540,Siliguri,West Bengal,2022-11-18,Regular
4535,Ayushi Singh,Female,49,ayushi4535@gmail.com,9320763393,Pune,Maharashtra,2024-08-13,Silver
4536,Aarav Yadav,Male,39,aarav4536@gmail.com,9536262277,Mysuru,Karnataka,2024-11-06,Silver
4537,Vivaan Kumar,Male,39,vivaan4537@gmail.com,9823219092,Jodhpur,Rajasthan,2024-12-08,Silver
4538,Amit Yadav,Male,55,amit4538@gmail.com,9414974643,Coimbatore,Tamil Nadu,2024-09-07,Gold
4539,Ayushi Thakur,Female,21,ayushi4539@gmail.com,9280620796,Coimbatore,Tamil Nadu,2024-10-13,Regular
4540,Neha Das,Female,40,neha4540@gmail.com,9738369591,Mysuru,Karnataka,2024-05-18,Regular
4541,Amit Das,Male,42,amit4541@gmail.com,9764668199,Delhi,Delhi,2024-03-04,Regular
4542,Ananya Singh,Female,40,ananya4542@gmail.com,9774693339,Delhi,Delhi,2023-12-16,Gold
4543,Rahul Thakur,Male,59,rahul4543@gmail.com,9138739425,Coimbatore,Tamil Nadu,2023-10-17,Silver
4544,Aarav Verma,Male,46,aarav4544@gmail.com,9631668619,Mysuru,Karnataka,2023-05-10,Regular
4545,Rohan Yadav,Male,32,rohan4545@gmail.com,9789001620,Gaya,Bihar,2023-10-07,Silver
4546,Prakash Das,Male,35,prakash4546@gmail.com,9694816072,Kolkata,West Bengal,2023-12-17,Gold
4547,Amit Kumar,Male,32,amit4547@gmail.com,9671333456,Gaya,Bihar,2024-02-07,Regular
4548,Neha Gupta,Female,56,neha4548@gmail.com,9229778483,Jodhpur,Rajasthan,2023-01-18,Regular
4549,Ananya Kumar,Female,19,ananya4549@gmail.com,9609725187,Kanpur,Uttar Pradesh,2023-07-21,Regular
4550,Ayushi Singh,Female,18,ayushi4550@gmail.com,9874930978,Chennai,Tamil Nadu,2023-12-22,Gold
4551,Ananya Thakur,Female,38,ananya4551@gmail.com,9210981706,Chennai,Tamil Nadu,2022-03-02,Regular
4552,Priya Gupta,Female,46,priya4552@gmail.com,9778217992,Mysuru,Karnataka,2024-12-27,Silver
4553,Ayushi Yadav,Female,35,ayushi4553@gmail.com,9795482770,Chennai,Tamil Nadu,2024-08-14,Regular
4554,Ananya Kumar,Female,31,ananya4554@gmail.com,9246555638,Kanpur,Uttar Pradesh,2023-05-23,Gold
4555,Ayushi Singh,Female,56,ayushi4555@gmail.com,9257449852,Coimbatore,Tamil Nadu,2023-11-19,Gold
4556,Aarav Singh,Male,29,aarav4556@gmail.com,9774616221,Delhi,Delhi,2022-02-13,Regular
4557,Amit Singh,Male,25,amit4557@gmail.com,9520627798,Gaya,Bihar,2023-11-03,Regular
4558,Sneha Das,Female,54,sneha4558@gmail.com,9780588647,Jodhpur,Rajasthan,2024-09-01,Regular
4559,Prakash Kumar,Male,23,prakash4559@gmail.com,9383023047,Jaipur,Rajasthan,2024-05-24,Regular
4560,Rohan Verma,Male,48,rohan4560@gmail.com,9667048342,Siliguri,West Bengal,2023-07-07,Silver
4561,Priya Sharma,Female,20,priya4561@gmail.com,9299425517,Kolkata,West Bengal,2024-04-19,Gold
4562,Amit Das,Male,45,amit4562@gmail.com,9911982153,Gaya,Bihar,2023-11-16,Regular
4563,Rohan Singh,Male,56,rohan4563@gmail.com,9295779013,Hyderabad,Telangana,2022-11-24,Regular
4564,Prakash Singh,Male,30,prakash4564@gmail.com,9628264075,Lucknow,Uttar Pradesh,2022-09-18,Regular
4565,Rohan Singh,Male,33,rohan4565@gmail.com,9634969738,Siliguri,West Bengal,2023-03-01,Regular
4566,Aarav Verma,Male,18,aarav4566@gmail.com,9625359128,Jodhpur,Rajasthan,2024-10-31,Silver
4567,Rohan Verma,Male,19,rohan4567@gmail.com,9979040076,Gaya,Bihar,2022-09-01,Regular
4568,Aarav Das,Male,31,aarav4568@gmail.com,9917495309,Gaya,Bihar,2024-12-16,Silver
4569,Amit Thakur,Male,30,amit4569@gmail.com,9964931914,Delhi,Delhi,2024-11-15,Regular
4570,Rahul Gupta,Male,39,rahul4570@gmail.com,9808598901,Delhi,Delhi,2024-06-05,Regular
4571,Ayushi Sharma,Female,29,ayushi4571@gmail.com,9651981407,Gaya,Bihar,2024-09-08,Regular
4572,Vivaan Das,Male,50,vivaan4572@gmail.com,9362914413,Patna,Bihar,2025-02-08,Gold
4573,Prakash Singh,Male,49,prakash4573@gmail.com,9899084925,Kanpur,Uttar Pradesh,2024-05-26,Silver
4574,Ayushi Thakur,Female,53,ayushi4574@gmail.com,9703408799,Jodhpur,Rajasthan,2022-03-27,Silver
4575,Aarav Gupta,Male,58,aarav4575@gmail.com,9136157527,Kolkata,West Bengal,2023-01-17,Regular
4576,Aarav Verma,Male,45,aarav4576@gmail.com,9764983105,Siliguri,West Bengal,2022-11-13,Silver
4577,Ananya Verma,Female,31,ananya4577@gmail.com,9994861834,Patna,Bihar,2022-11-22,Gold
4578,Sneha Yadav,Female,30,sneha4578@gmail.com,9335090262,Patna,Bihar,2024-02-20,Regular
4579,Priya Yadav,Female,34,priya4579@gmail.com,9103454272,Bengaluru,Karnataka,2023-12-24,Platinum
4580,Sneha Singh,Female,35,sneha4580@gmail.com,9964463352,Gaya,Bihar,2023-12-25,Gold
4581,Rohan Das,Male,28,rohan4581@gmail.com,9127655311,Patna,Bihar,2023-03-03,Regular
4582,Vivaan Verma,Male,19,vivaan4582@gmail.com,9413754038,Kolkata,West Bengal,2022-01-09,Regular
4583,Ananya Kumar,Female,51,ananya4583@gmail.com,9235629885,Mumbai,Maharashtra,2024-02-27,Gold
4584,Amit Singh,Male,54,amit4584@gmail.com,9355028540,Gaya,Bihar,2022-03-08,Gold
4585,Ayushi Thakur,Female,31,ayushi4585@gmail.com,9654271220,Gaya,Bihar,2024-07-07,Regular
4586,Prakash Sharma,Male,39,prakash4586@gmail.com,9785138280,Warangal,Telangana,2023-07-09,Silver
4587,Priya Singh,Female,28,priya4587@gmail.com,9621859484,Chennai,Tamil Nadu,2025-01-02,Regular
4588,Neha Thakur,Female,55,neha4588@gmail.com,9481216798,Chennai,Tamil Nadu,2022-09-27,Gold
4589,Aditya Verma,Male,59,aditya4589@gmail.com,9601478147,Pune,Maharashtra,2024-01-18,Silver
4590,Priya Verma,Female,33,priya4590@gmail.com,9157592937,Jaipur,Rajasthan,2022-03-26,Platinum
4591,Ananya Verma,Female,34,ananya4591@gmail.com,9896438611,Pune,Maharashtra,2023-09-14,Silver
4592,Rohan Verma,Male,36,rohan4592@gmail.com,9650291347,Lucknow,Uttar Pradesh,2022-01-31,Silver
4593,Ananya Kumar,Female,54,ananya4593@gmail.com,9246276162,Pune,Maharashtra,2024-11-11,Silver
4594,Ananya Thakur,Female,33,ananya4594@gmail.com,9456950629,Delhi,Delhi,2022-03-26,Regular
4595,Priya Verma,Female,41,priya4595@gmail.com,9457170837,Kanpur,Uttar Pradesh,2023-03-07,Silver
4596,Amit Sharma,Male,46,amit4596@gmail.com,9570985344,Mumbai,Maharashtra,2022-11-09,Gold
4597,Rahul Das,Male,35,rahul4597@gmail.com,9499543498,Delhi,Delhi,2024-10-06,Silver
4598,Ayushi Singh,Female,31,ayushi4598@gmail.com,9652240873,Mysuru,Karnataka,2022-09-16,Regular
4599,Rahul Das,Male,19,rahul4599@gmail.com,9629848444,Delhi,Delhi,2022-03-20,Regular
4600,Priya Thakur,Female,37,priya4600@gmail.com,9711163784,Delhi,Delhi,2025-01-26,Silver
4601,Ayushi Singh,Female,45,ayushi4601@gmail.com,9242347920,Kanpur,Uttar Pradesh,2024-06-12,Regular
4602,Rohan Das,Male,27,rohan4602@gmail.com,9454218960,Siliguri,West Bengal,2022-08-29,Regular
4603,Aarav Sharma,Male,45,aarav4603@gmail.com,9579695761,Coimbatore,Tamil Nadu,2024-07-11,Regular
4604,Ayushi Singh,Female,27,ayushi4604@gmail.com,9627012964,Gaya,Bihar,2022-11-14,Regular
4605,Priya Gupta,Female,36,priya4605@gmail.com,9977285566,Warangal,Telangana,2022-05-09,Regular
4606,Ayushi Singh,Female,58,ayushi4606@gmail.com,9979527640,Mumbai,Maharashtra,2024-10-13,Regular
4607,Priya Verma,Female,33,priya4607@gmail.com,9948584327,Siliguri,West Bengal,2025-02-12,Regular
4608,Priya Yadav,Female,25,priya4608@gmail.com,9555226448,Siliguri,West Bengal,2023-01-19,Platinum
4609,Priya Das,Female,44,priya4609@gmail.com,9646507360,Chennai,Tamil Nadu,2024-04-29,Regular
4610,Ayushi Singh,Female,50,ayushi4610@gmail.com,9548153181,Kolkata,West Bengal,2022-03-03,Gold
4611,Prakash Singh,Male,23,prakash4611@gmail.com,9497882322,Gaya,Bihar,2024-08-28,Gold
4612,Aditya Singh,Male,47,aditya4612@gmail.com,9726067667,Warangal,Telangana,2025-03-31,Regular
4613,Aarav Gupta,Male,60,aarav4613@gmail.com,9830112727,Kanpur,Uttar Pradesh,2022-05-21,Regular
4614,Rohan Kumar,Male,20,rohan4614@gmail.com,9495731664,Jodhpur,Rajasthan,2022-06-30,Regular
4615,Sneha Singh,Female,24,sneha4615@gmail.com,9496666051,Jaipur,Rajasthan,2022-07-10,Gold
4616,Aditya Yadav,Male,21,aditya4616@gmail.com,9135410190,Bengaluru,Karnataka,2023-08-07,Silver
4617,Ananya Gupta,Female,45,ananya4617@gmail.com,9360912577,Chennai,Tamil Nadu,2025-03-14,Regular
4618,Aarav Gupta,Male,53,aarav4618@gmail.com,9783202070,Patna,Bihar,2025-01-17,Regular
4619,Amit Gupta,Male,37,amit4619@gmail.com,9404219591,Bengaluru,Karnataka,2024-12-17,Platinum
4620,Neha Das,Female,43,neha4620@gmail.com,9366788179,Hyderabad,Telangana,2024-06-04,Silver
4621,Ananya Kumar,Female,32,ananya4621@gmail.com,9421024800,Delhi,Delhi,2025-01-18,Silver
4622,Ayushi Sharma,Female,45,ayushi4622@gmail.com,9413642157,Mumbai,Maharashtra,2024-04-08,Regular
4623,Ayushi Thakur,Female,34,ayushi4623@gmail.com,9597249871,Mysuru,Karnataka,2022-03-03,Silver
4624,Rahul Yadav,Male,33,rahul4624@gmail.com,9574962498,Chennai,Tamil Nadu,2024-04-12,Silver
4625,Rohan Das,Male,37,rohan4625@gmail.com,9392730106,Kolkata,West Bengal,2024-06-27,Silver
4626,Neha Das,Female,37,neha4626@gmail.com,9376213495,Mysuru,Karnataka,2022-06-30,Regular
4627,Prakash Singh,Male,39,prakash4627@gmail.com,9967675976,Coimbatore,Tamil Nadu,2023-11-01,Regular
4628,Prakash Thakur,Male,27,prakash4628@gmail.com,9772812286,Delhi,Delhi,2022-01-21,Regular
4629,Ayushi Yadav,Female,44,ayushi4629@gmail.com,9816907267,Gaya,Bihar,2024-03-10,Platinum
4630,Vivaan Sharma,Male,54,vivaan4630@gmail.com,9939131702,Jaipur,Rajasthan,2022-10-12,Gold
4631,Ayushi Yadav,Female,49,ayushi4631@gmail.com,9247500885,Chennai,Tamil Nadu,2025-02-21,Regular
4632,Rahul Gupta,Male,49,rahul4632@gmail.com,9859138222,Patna,Bihar,2023-04-17,Silver
4633,Neha Singh,Female,50,neha4633@gmail.com,9544178785,Delhi,Delhi,2023-02-22,Regular
4634,Rahul Gupta,Male,34,rahul4634@gmail.com,9945274894,Delhi,Delhi,2022-04-16,Regular
4635,Rohan Das,Male,59,rohan4635@gmail.com,9979873401,Kanpur,Uttar Pradesh,2024-03-28,Silver
4636,Amit Yadav,Male,18,amit4636@gmail.com,9158102027,Siliguri,West Bengal,2025-02-24,Gold
4637,Ananya Sharma,Female,58,ananya4637@gmail.com,9903814834,Kolkata,West Bengal,2024-03-21,Regular
4638,Rohan Thakur,Male,31,rohan4638@gmail.com,9544777243,Kanpur,Uttar Pradesh,2023-06-25,Gold
4639,Aarav Verma,Male,24,aarav4639@gmail.com,9374190762,Mysuru,Karnataka,2024-04-21,Platinum
4640,Ayushi Thakur,Female,20,ayushi4640@gmail.com,9165983313,Kolkata,West Bengal,2022-12-30,Regular
4641,Rahul Thakur,Male,24,rahul4641@gmail.com,9495844223,Pune,Maharashtra,2024-07-22,Regular
4642,Vivaan Singh,Male,51,vivaan4642@gmail.com,9473234231,Coimbatore,Tamil Nadu,2025-03-16,Silver
4643,Neha Verma,Female,33,neha4643@gmail.com,9340301385,Gaya,Bihar,2022-07-27,Regular
4644,Aarav Singh,Male,30,aarav4644@gmail.com,9299318337,Jodhpur,Rajasthan,2023-06-23,Gold
4645,Neha Yadav,Female,29,neha4645@gmail.com,9626099673,Jodhpur,Rajasthan,2023-02-24,Silver
4646,Aditya Gupta,Male,53,aditya4646@gmail.com,9202852181,Gaya,Bihar,2023-02-23,Regular
4647,Ananya Das,Female,20,ananya4647@gmail.com,9490445159,Patna,Bihar,2022-03-30,Regular
4648,Priya Das,Female,55,priya4648@gmail.com,9993228000,Pune,Maharashtra,2023-08-29,Gold
4649,Priya Sharma,Female,19,priya4649@gmail.com,9855152413,Kolkata,West Bengal,2024-08-26,Regular
4650,Vivaan Thakur,Male,38,vivaan4650@gmail.com,9640951336,Lucknow,Uttar Pradesh,2023-03-18,Gold
4651,Aarav Das,Male,41,aarav4651@gmail.com,9232610028,Gaya,Bihar,2024-09-08,Regular
4652,Aarav Sharma,Male,24,aarav4652@gmail.com,9531057372,Lucknow,Uttar Pradesh,2022-10-14,Silver
4653,Priya Gupta,Female,25,priya4653@gmail.com,9403349491,Warangal,Telangana,2024-07-30,Platinum
4654,Aarav Thakur,Male,23,aarav4654@gmail.com,9754541339,Chennai,Tamil Nadu,2023-05-19,Regular
4655,Vivaan Sharma,Male,45,vivaan4655@gmail.com,9541558655,Delhi,Delhi,2024-04-27,Regular
4656,Prakash Gupta,Male,23,prakash4656@gmail.com,9544338175,Patna,Bihar,2024-04-02,Platinum
4657,Neha Sharma,Female,47,neha4657@gmail.com,9449892997,Kolkata,West Bengal,2023-05-29,Regular
4658,Rahul Sharma,Male,33,rahul4658@gmail.com,9535061395,Mysuru,Karnataka,2022-04-21,Silver
4659,Aditya Das,Male,25,aditya4659@gmail.com,9108285313,Hyderabad,Telangana,2023-10-06,Regular
4660,Amit Das,Male,45,amit4660@gmail.com,9721747308,Siliguri,West Bengal,2022-03-27,Regular
4661,Vivaan Sharma,Male,51,vivaan4661@gmail.com,9198042900,Hyderabad,Telangana,2022-06-20,Gold
4662,Aditya Gupta,Male,30,aditya4662@gmail.com,9716703197,Hyderabad,Telangana,2024-01-18,Gold
4663,Rohan Verma,Male,51,rohan4663@gmail.com,9402662149,Chennai,Tamil Nadu,2023-07-13,Silver
4664,Neha Verma,Female,21,neha4664@gmail.com,9574981617,Kolkata,West Bengal,2024-08-26,Silver
4665,Vivaan Gupta,Male,27,vivaan4665@gmail.com,9391423873,Chennai,Tamil Nadu,2022-03-07,Regular
4666,Ananya Verma,Female,25,ananya4666@gmail.com,9715830727,Delhi,Delhi,2023-11-09,Regular
4667,Vivaan Singh,Male,37,vivaan4667@gmail.com,9684516122,Gaya,Bihar,2023-10-24,Silver
4668,Aarav Gupta,Male,36,aarav4668@gmail.com,9520209632,Kolkata,West Bengal,2023-01-25,Gold
4669,Neha Gupta,Female,18,neha4669@gmail.com,9438990181,Chennai,Tamil Nadu,2023-05-03,Regular
4670,Prakash Das,Male,18,prakash4670@gmail.com,9720235060,Siliguri,West Bengal,2022-04-19,Gold
4671,Neha Thakur,Female,46,neha4671@gmail.com,9582081424,Delhi,Delhi,2023-04-23,Regular
4672,Rahul Kumar,Male,46,rahul4672@gmail.com,9166021883,Bengaluru,Karnataka,2023-07-07,Regular
4673,Ananya Sharma,Female,32,ananya4673@gmail.com,9327815260,Mysuru,Karnataka,2025-02-04,Gold
4674,Rahul Verma,Male,51,rahul4674@gmail.com,9216437342,Hyderabad,Telangana,2024-02-19,Regular
4675,Aarav Verma,Male,49,aarav4675@gmail.com,9894028551,Warangal,Telangana,2022-07-13,Regular
4676,Ananya Singh,Female,40,ananya4676@gmail.com,9874284746,Chennai,Tamil Nadu,2022-04-28,Regular
4677,Sneha Gupta,Female,59,sneha4677@gmail.com,9179066124,Pune,Maharashtra,2023-05-22,Regular
4678,Ayushi Das,Female,51,ayushi4678@gmail.com,9746562405,Coimbatore,Tamil Nadu,2022-02-27,Silver
4679,Aarav Yadav,Male,58,aarav4679@gmail.com,9417843984,Delhi,Delhi,2023-12-19,Gold
4680,Ananya Verma,Female,30,ananya4680@gmail.com,9495790176,Kolkata,West Bengal,2025-03-15,Regular
4681,Priya Kumar,Female,34,priya4681@gmail.com,9520861268,Warangal,Telangana,2025-03-26,Regular
4682,Amit Verma,Male,27,amit4682@gmail.com,9800673406,Gaya,Bihar,2024-05-21,Platinum
4683,Vivaan Sharma,Male,19,vivaan4683@gmail.com,9916137131,Mysuru,Karnataka,2024-04-21,Regular
4684,Vivaan Yadav,Male,19,vivaan4684@gmail.com,9894036203,Lucknow,Uttar Pradesh,2024-11-15,Regular
4685,Aarav Singh,Male,54,aarav4685@gmail.com,9103745389,Coimbatore,Tamil Nadu,2023-07-25,Gold
4686,Aarav Kumar,Male,26,aarav4686@gmail.com,9636435123,Pune,Maharashtra,2023-02-07,Silver
4687,Priya Das,Female,49,priya4687@gmail.com,9632322473,Bengaluru,Karnataka,2024-08-10,Gold
4688,Rohan Das,Male,42,rohan4688@gmail.com,9643872204,Pune,Maharashtra,2022-10-02,Regular
4689,Sneha Verma,Female,59,sneha4689@gmail.com,9804415366,Mumbai,Maharashtra,2024-05-24,Gold
4690,Neha Kumar,Female,46,neha4690@gmail.com,9317196871,Kanpur,Uttar Pradesh,2024-10-02,Silver
4691,Ananya Singh,Female,27,ananya4691@gmail.com,9139641299,Siliguri,West Bengal,2022-12-09,Regular
4692,Priya Yadav,Female,54,priya4692@gmail.com,9892987719,Mumbai,Maharashtra,2023-05-07,Silver
4693,Priya Kumar,Female,49,priya4693@gmail.com,9483244697,Delhi,Delhi,2022-04-10,Regular
4694,Ananya Yadav,Female,30,ananya4694@gmail.com,9489882236,Warangal,Telangana,2024-08-26,Silver
4695,Ananya Singh,Female,49,ananya4695@gmail.com,9381470951,Jaipur,Rajasthan,2024-09-30,Silver
4696,Rahul Gupta,Male,57,rahul4696@gmail.com,9768888999,Delhi,Delhi,2024-02-05,Silver
4697,Prakash Gupta,Male,42,prakash4697@gmail.com,9748980793,Siliguri,West Bengal,2024-02-03,Silver
4698,Aditya Verma,Male,20,aditya4698@gmail.com,9186171799,Hyderabad,Telangana,2022-10-24,Silver
4699,Ayushi Yadav,Female,25,ayushi4699@gmail.com,9259669538,Gaya,Bihar,2025-03-29,Regular
4700,Sneha Singh,Female,44,sneha4700@gmail.com,9728426866,Hyderabad,Telangana,2025-03-10,Silver
4701,Prakash Kumar,Male,58,prakash4701@gmail.com,9181928400,Coimbatore,Tamil Nadu,2023-03-12,Regular
4702,Amit Gupta,Male,38,amit4702@gmail.com,9788691673,Jodhpur,Rajasthan,2022-03-23,Regular
4703,Priya Gupta,Female,39,priya4703@gmail.com,9455926974,Mysuru,Karnataka,2023-04-28,Regular
4704,Aditya Thakur,Male,49,aditya4704@gmail.com,9372280651,Bengaluru,Karnataka,2025-01-29,Regular
4705,Aditya Sharma,Male,55,aditya4705@gmail.com,9813451331,Mumbai,Maharashtra,2024-04-05,Silver
4706,Vivaan Das,Male,54,vivaan4706@gmail.com,9277384653,Delhi,Delhi,2023-04-18,Gold
4707,Vivaan Das,Male,50,vivaan4707@gmail.com,9563321167,Bengaluru,Karnataka,2024-07-31,Regular
4708,Sneha Thakur,Female,41,sneha4708@gmail.com,9998182651,Patna,Bihar,2024-06-18,Gold
4709,Priya Das,Female,48,priya4709@gmail.com,9938565199,Gaya,Bihar,2024-10-10,Gold
4710,Ayushi Gupta,Female,26,ayushi4710@gmail.com,9818674008,Pune,Maharashtra,2022-06-01,Regular
4711,Prakash Verma,Male,50,prakash4711@gmail.com,9846967238,Delhi,Delhi,2023-05-23,Regular
4712,Priya Kumar,Female,47,priya4712@gmail.com,9269566521,Siliguri,West Bengal,2022-10-16,Regular
4713,Ananya Gupta,Female,55,ananya4713@gmail.com,9853583670,Delhi,Delhi,2024-02-19,Gold
4714,Neha Sharma,Female,30,neha4714@gmail.com,9314176345,Warangal,Telangana,2023-06-10,Silver
4715,Rahul Kumar,Male,52,rahul4715@gmail.com,9438683251,Kanpur,Uttar Pradesh,2024-12-02,Regular
4716,Prakash Thakur,Male,24,prakash4716@gmail.com,9164900517,Kanpur,Uttar Pradesh,2023-06-29,Gold
4717,Ayushi Sharma,Female,55,ayushi4717@gmail.com,9608892719,Mumbai,Maharashtra,2024-09-23,Regular
4718,Ayushi Sharma,Female,18,ayushi4718@gmail.com,9214680155,Coimbatore,Tamil Nadu,2022-08-23,Gold
4719,Sneha Singh,Female,27,sneha4719@gmail.com,9918900826,Pune,Maharashtra,2023-03-15,Gold
4720,Rahul Verma,Male,51,rahul4720@gmail.com,9429301847,Coimbatore,Tamil Nadu,2023-03-07,Gold
4721,Vivaan Verma,Male,20,vivaan4721@gmail.com,9302563717,Mumbai,Maharashtra,2024-10-19,Regular
4722,Aarav Singh,Male,36,aarav4722@gmail.com,9837785325,Siliguri,West Bengal,2024-04-23,Regular
4723,Priya Verma,Female,44,priya4723@gmail.com,9274661709,Mysuru,Karnataka,2023-08-05,Regular
4724,Prakash Verma,Male,42,prakash4724@gmail.com,9768923460,Bengaluru,Karnataka,2023-05-29,Silver
4725,Rohan Gupta,Male,36,rohan4725@gmail.com,9104258484,Bengaluru,Karnataka,2025-03-12,Regular
4726,Prakash Thakur,Male,35,prakash4726@gmail.com,9513305935,Pune,Maharashtra,2023-04-15,Regular
4727,Ayushi Das,Female,60,ayushi4727@gmail.com,9154370378,Gaya,Bihar,2022-04-12,Regular
4728,Aarav Das,Male,40,aarav4728@gmail.com,9216346121,Chennai,Tamil Nadu,2025-03-29,Regular
4729,Vivaan Thakur,Male,29,vivaan4729@gmail.com,9100488616,Kolkata,West Bengal,2022-06-24,Gold
4730,Rohan Singh,Male,39,rohan4730@gmail.com,9528809563,Mysuru,Karnataka,2024-09-25,Regular
4731,Sneha Verma,Female,34,sneha4731@gmail.com,9813455874,Jaipur,Rajasthan,2024-06-12,Gold
4732,Ayushi Singh,Female,31,ayushi4732@gmail.com,9823821585,Jodhpur,Rajasthan,2023-01-28,Regular
4733,Ananya Kumar,Female,51,ananya4733@gmail.com,9465656440,Kanpur,Uttar Pradesh,2022-10-15,Platinum
4734,Neha Verma,Female,25,neha4734@gmail.com,9571635511,Pune,Maharashtra,2025-02-04,Silver
4735,Ananya Das,Female,28,ananya4735@gmail.com,9707544198,Pune,Maharashtra,2025-01-28,Regular
4736,Ananya Thakur,Female,28,ananya4736@gmail.com,9191959921,Kolkata,West Bengal,2023-01-01,Gold
4737,Rohan Thakur,Male,54,rohan4737@gmail.com,9725880698,Mumbai,Maharashtra,2022-11-24,Gold
4738,Ayushi Singh,Female,18,ayushi4738@gmail.com,9906465637,Delhi,Delhi,2023-08-06,Regular
4739,Ananya Yadav,Female,55,ananya4739@gmail.com,9303539483,Jodhpur,Rajasthan,2025-03-28,Silver
4740,Neha Verma,Female,18,neha4740@gmail.com,9229607386,Delhi,Delhi,2022-11-12,Gold
4741,Rahul Thakur,Male,27,rahul4741@gmail.com,9155449232,Patna,Bihar,2022-03-29,Silver
4742,Ananya Thakur,Female,57,ananya4742@gmail.com,9640303069,Jodhpur,Rajasthan,2024-06-11,Silver
4743,Neha Verma,Female,52,neha4743@gmail.com,9179567328,Jodhpur,Rajasthan,2023-09-01,Silver
4744,Aditya Singh,Male,60,aditya4744@gmail.com,9514018850,Mysuru,Karnataka,2023-05-22,Regular
4745,Neha Thakur,Female,58,neha4745@gmail.com,9719242078,Kolkata,West Bengal,2023-07-14,Regular
4746,Aditya Singh,Male,59,aditya4746@gmail.com,9127312136,Kolkata,West Bengal,2025-02-20,Gold
4747,Aarav Verma,Male,31,aarav4747@gmail.com,9209887826,Mumbai,Maharashtra,2022-10-09,Regular
4748,Prakash Thakur,Male,52,prakash4748@gmail.com,9369193139,Jaipur,Rajasthan,2023-01-10,Platinum
4749,Aditya Thakur,Male,29,aditya4749@gmail.com,9522051047,Patna,Bihar,2024-03-19,Regular
4750,Aditya Kumar,Male,38,aditya4750@gmail.com,9365103659,Mumbai,Maharashtra,2022-10-13,Platinum
4751,Prakash Yadav,Male,20,prakash4751@gmail.com,9973534677,Delhi,Delhi,2024-06-22,Regular
4752,Ayushi Sharma,Female,59,ayushi4752@gmail.com,9781268277,Lucknow,Uttar Pradesh,2023-02-10,Platinum
4753,Rohan Yadav,Male,48,rohan4753@gmail.com,9424682272,Jodhpur,Rajasthan,2024-03-20,Regular
4754,Rahul Sharma,Male,20,rahul4754@gmail.com,9581918216,Jodhpur,Rajasthan,2022-06-03,Silver
4755,Ananya Kumar,Female,33,ananya4755@gmail.com,9993954545,Mysuru,Karnataka,2022-02-11,Regular
4756,Vivaan Kumar,Male,27,vivaan4756@gmail.com,9404574697,Gaya,Bihar,2024-10-06,Gold
4757,Ayushi Sharma,Female,40,ayushi4757@gmail.com,9410676114,Mysuru,Karnataka,2024-06-04,Gold
4758,Sneha Sharma,Female,45,sneha4758@gmail.com,9907943195,Lucknow,Uttar Pradesh,2024-09-21,Silver
4759,Ananya Sharma,Female,53,ananya4759@gmail.com,9806054302,Coimbatore,Tamil Nadu,2023-03-26,Regular
4760,Amit Gupta,Male,59,amit4760@gmail.com,9305840506,Jaipur,Rajasthan,2024-02-20,Platinum
4761,Amit Yadav,Male,19,amit4761@gmail.com,9613360315,Mysuru,Karnataka,2024-11-22,Gold
4762,Aditya Gupta,Male,47,aditya4762@gmail.com,9930295523,Gaya,Bihar,2023-12-23,Silver
4763,Sneha Gupta,Female,23,sneha4763@gmail.com,9878964778,Pune,Maharashtra,2022-05-25,Regular
4764,Rohan Gupta,Male,33,rohan4764@gmail.com,9435502904,Bengaluru,Karnataka,2023-10-15,Silver
4765,Aarav Das,Male,49,aarav4765@gmail.com,9614844252,Gaya,Bihar,2022-01-07,Regular
4766,Sneha Thakur,Female,57,sneha4766@gmail.com,9757082719,Jodhpur,Rajasthan,2025-03-29,Gold
4767,Priya Das,Female,50,priya4767@gmail.com,9546836163,Lucknow,Uttar Pradesh,2024-02-13,Silver
4768,Vivaan Gupta,Male,18,vivaan4768@gmail.com,9971735162,Lucknow,Uttar Pradesh,2025-01-24,Regular
4769,Sneha Thakur,Female,35,sneha4769@gmail.com,9894405783,Kolkata,West Bengal,2025-02-05,Regular
4770,Priya Verma,Female,24,priya4770@gmail.com,9310608533,Bengaluru,Karnataka,2023-11-21,Gold
4771,Ananya Verma,Female,40,ananya4771@gmail.com,9415836079,Chennai,Tamil Nadu,2022-05-18,Regular
4772,Rohan Verma,Male,24,rohan4772@gmail.com,9127820312,Lucknow,Uttar Pradesh,2022-08-13,Silver
4773,Priya Singh,Female,45,priya4773@gmail.com,9346293189,Warangal,Telangana,2023-04-17,Regular
4774,Priya Kumar,Female,22,priya4774@gmail.com,9627460969,Kolkata,West Bengal,2023-05-31,Regular
4775,Prakash Thakur,Male,44,prakash4775@gmail.com,9853833853,Bengaluru,Karnataka,2022-10-03,Regular
4776,Aarav Gupta,Male,31,aarav4776@gmail.com,9780001705,Jodhpur,Rajasthan,2022-12-20,Gold
4777,Amit Singh,Male,22,amit4777@gmail.com,9950888736,Mumbai,Maharashtra,2024-06-22,Gold
4778,Ayushi Das,Female,26,ayushi4778@gmail.com,9981652746,Coimbatore,Tamil Nadu,2023-10-18,Regular
4779,Ananya Verma,Female,45,ananya4779@gmail.com,9362173727,Mysuru,Karnataka,2025-04-05,Gold
4780,Vivaan Singh,Male,56,vivaan4780@gmail.com,9321023843,Hyderabad,Telangana,2023-09-19,Regular
4781,Amit Yadav,Male,33,amit4781@gmail.com,9157808297,Mumbai,Maharashtra,2022-11-28,Gold
4782,Rohan Kumar,Male,33,rohan4782@gmail.com,9974067726,Siliguri,West Bengal,2022-02-24,Gold
4783,Prakash Yadav,Male,53,prakash4783@gmail.com,9499671433,Mumbai,Maharashtra,2023-09-02,Silver
4784,Aditya Singh,Male,27,aditya4784@gmail.com,9427009731,Patna,Bihar,2024-10-22,Regular
4785,Amit Singh,Male,20,amit4785@gmail.com,9244650169,Delhi,Delhi,2024-07-05,Silver
4786,Neha Das,Female,46,neha4786@gmail.com,9788837037,Lucknow,Uttar Pradesh,2024-12-27,Gold
4787,Vivaan Thakur,Male,56,vivaan4787@gmail.com,9716265887,Chennai,Tamil Nadu,2025-03-09,Regular
4788,Rohan Sharma,Male,35,rohan4788@gmail.com,9301549834,Patna,Bihar,2022-02-12,Silver
4789,Prakash Gupta,Male,37,prakash4789@gmail.com,9239274301,Warangal,Telangana,2023-09-21,Regular
4790,Vivaan Kumar,Male,36,vivaan4790@gmail.com,9524233552,Kanpur,Uttar Pradesh,2022-02-12,Regular
4791,Vivaan Gupta,Male,33,vivaan4791@gmail.com,9461022228,Gaya,Bihar,2022-09-07,Regular
4792,Aditya Kumar,Male,27,aditya4792@gmail.com,9835118578,Warangal,Telangana,2024-08-25,Silver
4793,Neha Das,Female,60,neha4793@gmail.com,9191360845,Coimbatore,Tamil Nadu,2022-09-25,Regular
4794,Ananya Das,Female,45,ananya4794@gmail.com,9611231014,Pune,Maharashtra,2024-10-02,Silver
4795,Prakash Das,Male,60,prakash4795@gmail.com,9182094619,Kolkata,West Bengal,2024-08-09,Regular
4796,Amit Gupta,Male,59,amit4796@gmail.com,9782750612,Chennai,Tamil Nadu,2024-07-23,Gold
4797,Amit Das,Male,20,amit4797@gmail.com,9395183165,Gaya,Bihar,2023-04-06,Regular
4798,Priya Yadav,Female,23,priya4798@gmail.com,9792778695,Delhi,Delhi,2024-11-10,Silver
4799,Ayushi Singh,Female,53,ayushi4799@gmail.com,9836147716,Hyderabad,Telangana,2025-01-07,Regular
4800,Ananya Kumar,Female,58,ananya4800@gmail.com,9780410450,Kanpur,Uttar Pradesh,2023-05-23,Gold
4801,Priya Verma,Female,54,priya4801@gmail.com,9213862879,Siliguri,West Bengal,2023-01-30,Gold
4802,Prakash Yadav,Male,20,prakash4802@gmail.com,9488369307,Jodhpur,Rajasthan,2022-10-15,Gold
4803,Prakash Sharma,Male,23,prakash4803@gmail.com,9823994171,Delhi,Delhi,2024-07-06,Silver
4804,Neha Gupta,Female,38,neha4804@gmail.com,9551483278,Delhi,Delhi,2024-11-23,Gold
4805,Aarav Das,Male,40,aarav4805@gmail.com,9311763175,Patna,Bihar,2022-06-02,Regular
4806,Aarav Verma,Male,59,aarav4806@gmail.com,9473922445,Delhi,Delhi,2024-01-06,Silver
4807,Ayushi Thakur,Female,46,ayushi4807@gmail.com,9914803337,Coimbatore,Tamil Nadu,2022-03-15,Platinum
4808,Rahul Das,Male,51,rahul4808@gmail.com,9677723166,Jodhpur,Rajasthan,2024-10-27,Platinum
4809,Vivaan Kumar,Male,47,vivaan4809@gmail.com,9937117049,Bengaluru,Karnataka,2022-03-21,Regular
4810,Aarav Thakur,Male,22,aarav4810@gmail.com,9233997886,Gaya,Bihar,2024-10-09,Gold
4811,Vivaan Das,Male,60,vivaan4811@gmail.com,9628046136,Delhi,Delhi,2024-01-22,Silver
4812,Vivaan Kumar,Male,53,vivaan4812@gmail.com,9559049713,Gaya,Bihar,2023-09-29,Regular
4813,Ayushi Thakur,Female,45,ayushi4813@gmail.com,9235380555,Pune,Maharashtra,2022-11-02,Gold
4814,Aarav Thakur,Male,53,aarav4814@gmail.com,9544988762,Delhi,Delhi,2025-02-26,Regular
4815,Vivaan Das,Male,18,vivaan4815@gmail.com,9347959716,Mumbai,Maharashtra,2024-08-12,Regular
4816,Aarav Thakur,Male,32,aarav4816@gmail.com,9943778802,Siliguri,West Bengal,2023-08-25,Gold
4817,Aditya Thakur,Male,60,aditya4817@gmail.com,9554348034,Hyderabad,Telangana,2024-02-10,Gold
4818,Sneha Kumar,Female,58,sneha4818@gmail.com,9933007560,Warangal,Telangana,2023-03-14,Regular
4819,Rahul Das,Male,55,rahul4819@gmail.com,9715700359,Chennai,Tamil Nadu,2024-10-21,Regular
4820,Ayushi Das,Female,36,ayushi4820@gmail.com,9666287551,Lucknow,Uttar Pradesh,2022-02-15,Regular
4821,Vivaan Yadav,Male,33,vivaan4821@gmail.com,9245920859,Chennai,Tamil Nadu,2023-08-14,Regular
4822,Ananya Yadav,Female,24,ananya4822@gmail.com,9647720594,Delhi,Delhi,2024-02-01,Gold
4823,Priya Singh,Female,21,priya4823@gmail.com,9123164855,Mysuru,Karnataka,2024-08-30,Regular
4824,Ayushi Gupta,Female,40,ayushi4824@gmail.com,9509453193,Coimbatore,Tamil Nadu,2022-11-13,Gold
4825,Aarav Verma,Male,42,aarav4825@gmail.com,9248254059,Warangal,Telangana,2023-03-07,Regular
4826,Vivaan Singh,Male,34,vivaan4826@gmail.com,9217274856,Bengaluru,Karnataka,2023-11-21,Silver
4827,Rohan Sharma,Male,42,rohan4827@gmail.com,9112434255,Mumbai,Maharashtra,2022-02-26,Regular
4828,Rohan Gupta,Male,20,rohan4828@gmail.com,9487063356,Coimbatore,Tamil Nadu,2022-04-19,Gold
4829,Rohan Thakur,Male,28,rohan4829@gmail.com,9794419951,Bengaluru,Karnataka,2023-06-27,Gold
4830,Ananya Verma,Female,53,ananya4830@gmail.com,9385093681,Hyderabad,Telangana,2023-02-14,Silver
4831,Vivaan Singh,Male,24,vivaan4831@gmail.com,9835963489,Siliguri,West Bengal,2024-04-18,Regular
4832,Ananya Sharma,Female,23,ananya4832@gmail.com,9673312028,Delhi,Delhi,2024-04-26,Regular
4833,Prakash Das,Male,52,prakash4833@gmail.com,9265596522,Siliguri,West Bengal,2023-10-11,Regular
4834,Aarav Singh,Male,57,aarav4834@gmail.com,9723338808,Mysuru,Karnataka,2023-07-07,Gold
4835,Aditya Gupta,Male,30,aditya4835@gmail.com,9472950727,Delhi,Delhi,2022-10-01,Silver
4836,Amit Kumar,Male,60,amit4836@gmail.com,9891143332,Coimbatore,Tamil Nadu,2023-02-27,Platinum
4837,Amit Kumar,Male,19,amit4837@gmail.com,9965290981,Kolkata,West Bengal,2023-11-20,Regular
4838,Ananya Singh,Female,58,ananya4838@gmail.com,9981841860,Gaya,Bihar,2025-04-14,Regular
4839,Ayushi Thakur,Female,40,ayushi4839@gmail.com,9294169144,Coimbatore,Tamil Nadu,2022-09-27,Regular
4840,Rahul Das,Male,36,rahul4840@gmail.com,9936020718,Warangal,Telangana,2023-06-03,Gold
4841,Sneha Gupta,Female,37,sneha4841@gmail.com,9558635938,Kanpur,Uttar Pradesh,2022-03-11,Regular
4842,Neha Kumar,Female,54,neha4842@gmail.com,9671308774,Patna,Bihar,2024-03-02,Gold
4843,Ayushi Yadav,Female,60,ayushi4843@gmail.com,9591209465,Mysuru,Karnataka,2022-09-15,Regular
4844,Rahul Das,Male,53,rahul4844@gmail.com,9477566535,Kolkata,West Bengal,2023-04-12,Gold
4845,Aarav Singh,Male,25,aarav4845@gmail.com,9123771897,Delhi,Delhi,2022-10-14,Gold
4846,Rahul Sharma,Male,34,rahul4846@gmail.com,9969544242,Delhi,Delhi,2024-01-09,Platinum
4847,Aarav Singh,Male,21,aarav4847@gmail.com,9715795958,Coimbatore,Tamil Nadu,2024-06-08,Gold
4848,Rohan Thakur,Male,19,rohan4848@gmail.com,9572833182,Chennai,Tamil Nadu,2024-08-17,Silver
4849,Priya Singh,Female,36,priya4849@gmail.com,9316135450,Lucknow,Uttar Pradesh,2024-09-03,Regular
4850,Prakash Sharma,Male,21,prakash4850@gmail.com,9796949508,Lucknow,Uttar Pradesh,2024-02-01,Gold
4851,Rohan Thakur,Male,27,rohan4851@gmail.com,9593845193,Delhi,Delhi,2023-07-02,Silver
4852,Rohan Gupta,Male,23,rohan4852@gmail.com,9944345657,Kolkata,West Bengal,2024-05-25,Gold
4853,Ananya Thakur,Female,37,ananya4853@gmail.com,9749073655,Delhi,Delhi,2023-11-20,Silver
4854,Rahul Singh,Male,46,rahul4854@gmail.com,9878609448,Siliguri,West Bengal,2022-12-21,Regular
4855,Ananya Thakur,Female,46,ananya4855@gmail.com,9883130904,Pune,Maharashtra,2022-10-22,Regular
4856,Aditya Thakur,Male,28,aditya4856@gmail.com,9329004714,Chennai,Tamil Nadu,2022-02-18,Silver
4857,Rohan Sharma,Male,42,rohan4857@gmail.com,9209910401,Coimbatore,Tamil Nadu,2024-09-01,Regular
4858,Rohan Thakur,Male,35,rohan4858@gmail.com,9882114555,Delhi,Delhi,2022-03-24,Gold
4859,Vivaan Singh,Male,53,vivaan4859@gmail.com,9505630803,Siliguri,West Bengal,2022-12-01,Regular
4860,Aarav Verma,Male,26,aarav4860@gmail.com,9859510732,Mumbai,Maharashtra,2022-01-14,Gold
4861,Aarav Das,Male,58,aarav4861@gmail.com,9463472321,Bengaluru,Karnataka,2023-08-21,Silver
4862,Rahul Yadav,Male,48,rahul4862@gmail.com,9953183961,Bengaluru,Karnataka,2024-10-01,Regular
4863,Priya Thakur,Female,32,priya4863@gmail.com,9980381933,Chennai,Tamil Nadu,2023-03-21,Silver
4864,Ananya Sharma,Female,51,ananya4864@gmail.com,9331873044,Hyderabad,Telangana,2024-06-21,Silver
4865,Priya Singh,Female,18,priya4865@gmail.com,9248126356,Bengaluru,Karnataka,2022-03-26,Regular
4866,Aditya Singh,Male,30,aditya4866@gmail.com,9774344240,Warangal,Telangana,2023-06-12,Silver
4867,Sneha Yadav,Female,31,sneha4867@gmail.com,9633347270,Jodhpur,Rajasthan,2023-12-05,Regular
4868,Prakash Singh,Male,40,prakash4868@gmail.com,9294900422,Siliguri,West Bengal,2022-02-23,Regular
4869,Vivaan Das,Male,19,vivaan4869@gmail.com,9814323571,Jaipur,Rajasthan,2023-03-31,Gold
4870,Rahul Gupta,Male,47,rahul4870@gmail.com,9582423772,Kolkata,West Bengal,2023-04-23,Gold
4871,Aditya Das,Male,35,aditya4871@gmail.com,9191949852,Chennai,Tamil Nadu,2023-01-30,Silver
4872,Aarav Sharma,Male,60,aarav4872@gmail.com,9500632719,Jodhpur,Rajasthan,2024-07-18,Silver
4873,Neha Kumar,Female,56,neha4873@gmail.com,9163127598,Patna,Bihar,2022-01-01,Regular
4874,Amit Das,Male,28,amit4874@gmail.com,9908714831,Bengaluru,Karnataka,2022-06-24,Regular
4875,Aditya Gupta,Male,54,aditya4875@gmail.com,9544020970,Delhi,Delhi,2023-10-25,Gold
4876,Prakash Singh,Male,57,prakash4876@gmail.com,9937266444,Bengaluru,Karnataka,2023-11-03,Gold
4877,Priya Singh,Female,41,priya4877@gmail.com,9578330240,Jodhpur,Rajasthan,2024-07-31,Gold
4878,Aditya Gupta,Male,53,aditya4878@gmail.com,9664546412,Patna,Bihar,2022-01-29,Silver
4879,Sneha Thakur,Female,47,sneha4879@gmail.com,9461013706,Lucknow,Uttar Pradesh,2022-05-18,Regular
4880,Prakash Kumar,Male,46,prakash4880@gmail.com,9651083896,Delhi,Delhi,2022-04-07,Silver
4881,Rohan Verma,Male,49,rohan4881@gmail.com,9448474222,Kanpur,Uttar Pradesh,2024-11-22,Regular
4882,Aarav Verma,Male,24,aarav4882@gmail.com,9426053278,Jodhpur,Rajasthan,2025-03-23,Regular
4883,Aditya Gupta,Male,44,aditya4883@gmail.com,9767893791,Delhi,Delhi,2024-03-11,Regular
4884,Rahul Sharma,Male,45,rahul4884@gmail.com,9464123798,Lucknow,Uttar Pradesh,2024-10-24,Regular
4885,Ananya Sharma,Female,37,ananya4885@gmail.com,9951724124,Pune,Maharashtra,2022-03-22,Platinum
4886,Rohan Verma,Male,34,rohan4886@gmail.com,9530963547,Coimbatore,Tamil Nadu,2022-04-05,Regular
4887,Ayushi Gupta,Female,56,ayushi4887@gmail.com,9316026183,Warangal,Telangana,2023-08-29,Gold
4888,Neha Yadav,Female,34,neha4888@gmail.com,9135983523,Delhi,Delhi,2024-07-08,Regular
4889,Sneha Verma,Female,38,sneha4889@gmail.com,9579445739,Jodhpur,Rajasthan,2024-12-27,Regular
4890,Aarav Yadav,Male,47,aarav4890@gmail.com,9788382773,Mumbai,Maharashtra,2024-06-13,Regular
4891,Vivaan Das,Male,59,vivaan4891@gmail.com,9721764921,Kanpur,Uttar Pradesh,2023-04-29,Regular
4892,Rahul Das,Male,22,rahul4892@gmail.com,9271914278,Kolkata,West Bengal,2022-04-18,Regular
4893,Neha Thakur,Female,60,neha4893@gmail.com,9741706864,Chennai,Tamil Nadu,2023-12-31,Silver
4894,Prakash Das,Male,18,prakash4894@gmail.com,9390347531,Mysuru,Karnataka,2025-01-24,Regular
4895,Rahul Gupta,Male,40,rahul4895@gmail.com,9173306704,Delhi,Delhi,2024-03-07,Gold
4896,Neha Sharma,Female,55,neha4896@gmail.com,9249853307,Warangal,Telangana,2024-06-03,Gold
4897,Rahul Gupta,Male,49,rahul4897@gmail.com,9226497335,Chennai,Tamil Nadu,2023-12-03,Regular
4898,Aditya Singh,Male,33,aditya4898@gmail.com,9105218031,Kanpur,Uttar Pradesh,2022-11-13,Regular
4899,Rohan Verma,Male,41,rohan4899@gmail.com,9351393553,Siliguri,West Bengal,2022-08-24,Regular
4900,Priya Yadav,Female,19,priya4900@gmail.com,9107416561,Delhi,Delhi,2024-02-19,Silver
4901,Rahul Gupta,Male,59,rahul4901@gmail.com,9750417970,Gaya,Bihar,2024-04-14,Regular
4902,Prakash Thakur,Male,33,prakash4902@gmail.com,9982416447,Chennai,Tamil Nadu,2022-05-30,Silver
4903,Aditya Verma,Male,52,aditya4903@gmail.com,9386654264,Kolkata,West Bengal,2024-06-07,Silver
4904,Aarav Das,Male,45,aarav4904@gmail.com,9147219527,Warangal,Telangana,2022-03-31,Regular
4905,Vivaan Thakur,Male,33,vivaan4905@gmail.com,9577965139,Delhi,Delhi,2023-05-06,Regular
4906,Ananya Singh,Female,37,ananya4906@gmail.com,9404633158,Gaya,Bihar,2024-09-26,Regular
4907,Vivaan Yadav,Male,50,vivaan4907@gmail.com,9854340393,Jodhpur,Rajasthan,2023-05-04,Regular
4908,Priya Das,Female,37,priya4908@gmail.com,9993835436,Bengaluru,Karnataka,2024-09-30,Regular
4909,Priya Yadav,Female,25,priya4909@gmail.com,9662128566,Siliguri,West Bengal,2024-05-28,Regular
4910,Ayushi Singh,Female,28,ayushi4910@gmail.com,9625095007,Jodhpur,Rajasthan,2023-07-16,Silver
4911,Ayushi Singh,Female,50,ayushi4911@gmail.com,9604793890,Chennai,Tamil Nadu,2024-10-27,Regular
4912,Rohan Sharma,Male,58,rohan4912@gmail.com,9272908106,Coimbatore,Tamil Nadu,2022-06-18,Regular
4913,Vivaan Verma,Male,19,vivaan4913@gmail.com,9115352915,Chennai,Tamil Nadu,2025-02-27,Regular
4914,Aditya Kumar,Male,35,aditya4914@gmail.com,9649172043,Mumbai,Maharashtra,2023-08-16,Regular
4915,Rahul Das,Male,41,rahul4915@gmail.com,9991256967,Siliguri,West Bengal,2022-05-26,Gold
4916,Ananya Das,Female,42,ananya4916@gmail.com,9107587410,Delhi,Delhi,2024-02-17,Regular
4917,Sneha Singh,Female,43,sneha4917@gmail.com,9836181230,Lucknow,Uttar Pradesh,2022-07-22,Gold
4918,Rahul Yadav,Male,60,rahul4918@gmail.com,9583312174,Delhi,Delhi,2024-10-03,Gold
4919,Rahul Yadav,Male,43,rahul4919@gmail.com,9370269304,Kanpur,Uttar Pradesh,2024-02-28,Regular
4920,Amit Verma,Male,18,amit4920@gmail.com,9637014724,Lucknow,Uttar Pradesh,2022-09-15,Silver
4921,Sneha Yadav,Female,39,sneha4921@gmail.com,9444300978,Kolkata,West Bengal,2023-09-29,Gold
4922,Priya Kumar,Female,54,priya4922@gmail.com,9769161348,Pune,Maharashtra,2023-08-12,Silver
4923,Sneha Das,Female,47,sneha4923@gmail.com,9487183599,Hyderabad,Telangana,2022-10-22,Regular
4924,Aditya Kumar,Male,22,aditya4924@gmail.com,9837595179,Delhi,Delhi,2024-06-01,Silver
4925,Neha Sharma,Female,47,neha4925@gmail.com,9941423105,Kolkata,West Bengal,2025-01-03,Silver
4926,Rohan Thakur,Male,21,rohan4926@gmail.com,9507918324,Jodhpur,Rajasthan,2022-03-13,Gold
4927,Neha Yadav,Female,55,neha4927@gmail.com,9140182652,Mysuru,Karnataka,2023-02-19,Regular
4928,Prakash Kumar,Male,23,prakash4928@gmail.com,9684100305,Pune,Maharashtra,2023-02-02,Silver
4929,Aarav Singh,Male,25,aarav4929@gmail.com,9960036449,Chennai,Tamil Nadu,2022-08-11,Gold
4930,Neha Verma,Female,50,neha4930@gmail.com,9670991282,Delhi,Delhi,2023-05-31,Regular
4931,Priya Verma,Female,36,priya4931@gmail.com,9481692836,Jodhpur,Rajasthan,2022-10-01,Regular
4932,Priya Singh,Female,30,priya4932@gmail.com,9542454800,Lucknow,Uttar Pradesh,2023-07-21,Silver
4933,Rahul Gupta,Male,22,rahul4933@gmail.com,9586476714,Delhi,Delhi,2023-10-12,Platinum
4934,Rohan Das,Male,60,rohan4934@gmail.com,9359347196,Jaipur,Rajasthan,2022-07-02,Regular
4935,Sneha Yadav,Female,60,sneha4935@gmail.com,9318327912,Kanpur,Uttar Pradesh,2023-05-22,Gold
4936,Ananya Yadav,Female,22,ananya4936@gmail.com,9598189650,Jodhpur,Rajasthan,2023-05-28,Silver
4937,Rohan Yadav,Male,25,rohan4937@gmail.com,9744251351,Mysuru,Karnataka,2022-04-05,Silver
4938,Aditya Thakur,Male,56,aditya4938@gmail.com,9429122106,Pune,Maharashtra,2024-05-19,Silver
4939,Sneha Gupta,Female,52,sneha4939@gmail.com,9404896778,Lucknow,Uttar Pradesh,2024-03-16,Regular
4940,Vivaan Das,Male,30,vivaan4940@gmail.com,9566118961,Jodhpur,Rajasthan,2024-07-26,Regular
4941,Aarav Sharma,Male,22,aarav4941@gmail.com,9751457979,Patna,Bihar,2024-10-09,Gold
4942,Aarav Gupta,Male,60,aarav4942@gmail.com,9587689850,Kolkata,West Bengal,2025-01-10,Regular
4943,Priya Singh,Female,20,priya4943@gmail.com,9780657373,Bengaluru,Karnataka,2025-03-17,Regular
4944,Aditya Thakur,Male,44,aditya4944@gmail.com,9839408642,Siliguri,West Bengal,2023-07-09,Regular
4945,Neha Verma,Female,44,neha4945@gmail.com,9333073109,Patna,Bihar,2024-05-20,Silver
4946,Rohan Verma,Male,51,rohan4946@gmail.com,9267137446,Chennai,Tamil Nadu,2022-03-16,Regular
4947,Aditya Verma,Male,52,aditya4947@gmail.com,9198079514,Mysuru,Karnataka,2023-05-08,Platinum
4948,Aarav Das,Male,38,aarav4948@gmail.com,9739198732,Patna,Bihar,2023-10-05,Gold
4949,Rohan Thakur,Male,21,rohan4949@gmail.com,9251551493,Delhi,Delhi,2022-11-23,Gold
4950,Prakash Verma,Male,49,prakash4950@gmail.com,9400669016,Jodhpur,Rajasthan,2022-04-11,Regular
4951,Aditya Kumar,Male,58,aditya4951@gmail.com,9706670163,Chennai,Tamil Nadu,2025-04-11,Silver
4952,Aditya Thakur,Male,18,aditya4952@gmail.com,9424570582,Hyderabad,Telangana,2023-07-07,Gold
4953,Aarav Kumar,Male,48,aarav4953@gmail.com,9203286023,Chennai,Tamil Nadu,2024-08-16,Silver
4954,Rohan Verma,Male,26,rohan4954@gmail.com,9912275905,Bengaluru,Karnataka,2023-05-10,Gold
4955,Rahul Yadav,Male,39,rahul4955@gmail.com,9376225552,Hyderabad,Telangana,2023-12-28,Regular
4956,Aditya Das,Male,48,aditya4956@gmail.com,9341851653,Pune,Maharashtra,2024-01-02,Regular
4957,Ayushi Das,Female,29,ayushi4957@gmail.com,9518366204,Delhi,Delhi,2022-07-19,Regular
4958,Rohan Gupta,Male,31,rohan4958@gmail.com,9957530104,Pune,Maharashtra,2025-04-03,Gold
4959,Aditya Das,Male,26,aditya4959@gmail.com,9174060410,Mysuru,Karnataka,2022-04-15,Regular
4960,Ayushi Gupta,Female,54,ayushi4960@gmail.com,9154266037,Mumbai,Maharashtra,2023-05-27,Regular
4961,Amit Sharma,Male,46,amit4961@gmail.com,9608045532,Warangal,Telangana,2023-08-13,Regular
4962,Sneha Kumar,Female,46,sneha4962@gmail.com,9220175475,Mumbai,Maharashtra,2023-03-29,Silver
4963,Rahul Verma,Male,54,rahul4963@gmail.com,9848202122,Mumbai,Maharashtra,2023-05-12,Gold
4964,Rohan Singh,Male,29,rohan4964@gmail.com,9190490438,Siliguri,West Bengal,2023-08-13,Gold
4965,Rohan Sharma,Male,20,rohan4965@gmail.com,9994677417,Pune,Maharashtra,2022-12-30,Gold
4966,Sneha Singh,Female,18,sneha4966@gmail.com,9870024743,Kanpur,Uttar Pradesh,2022-04-04,Regular
4967,Neha Thakur,Female,43,neha4967@gmail.com,9386738104,Delhi,Delhi,2023-03-18,Regular
4968,Ananya Yadav,Female,34,ananya4968@gmail.com,9258220351,Chennai,Tamil Nadu,2022-07-10,Regular
4969,Rahul Sharma,Male,46,rahul4969@gmail.com,9527320746,Patna,Bihar,2022-12-05,Silver
4970,Aditya Das,Male,21,aditya4970@gmail.com,9773450741,Coimbatore,Tamil Nadu,2024-11-07,Silver
4971,Rohan Das,Male,21,rohan4971@gmail.com,9745946766,Warangal,Telangana,2022-08-06,Gold
4972,Prakash Kumar,Male,20,prakash4972@gmail.com,9731361888,Coimbatore,Tamil Nadu,2022-01-30,Regular
4973,Prakash Sharma,Male,50,prakash4973@gmail.com,9884781022,Gaya,Bihar,2023-12-02,Gold
4974,Priya Thakur,Female,41,priya4974@gmail.com,9692199586,Warangal,Telangana,2024-04-04,Regular
4975,Amit Thakur,Male,59,amit4975@gmail.com,9129860730,Hyderabad,Telangana,2024-08-05,Regular
4976,Rohan Gupta,Male,29,rohan4976@gmail.com,9864222715,Delhi,Delhi,2023-03-28,Regular
4977,Rohan Yadav,Male,36,rohan4977@gmail.com,9982952076,Kanpur,Uttar Pradesh,2024-12-18,Gold
4978,Ananya Yadav,Female,39,ananya4978@gmail.com,9230016655,Siliguri,West Bengal,2023-02-16,Regular
4979,Priya Singh,Female,41,priya4979@gmail.com,9216206011,Hyderabad,Telangana,2024-11-20,Gold
4980,Sneha Yadav,Female,54,sneha4980@gmail.com,9487546383,Warangal,Telangana,2024-01-06,Gold
4981,Neha Kumar,Female,58,neha4981@gmail.com,9925847289,Kanpur,Uttar Pradesh,2022-03-27,Gold
4982,Rahul Verma,Male,29,rahul4982@gmail.com,9711355199,Chennai,Tamil Nadu,2022-11-11,Gold
4983,Rohan Sharma,Male,18,rohan4983@gmail.com,9705540625,Delhi,Delhi,2022-06-30,Regular
4984,Vivaan Thakur,Male,40,vivaan4984@gmail.com,9615350064,Mysuru,Karnataka,2023-11-25,Gold
4985,Rahul Sharma,Male,49,rahul4985@gmail.com,9525737390,Kolkata,West Bengal,2023-04-16,Regular
4986,Ayushi Sharma,Female,37,ayushi4986@gmail.com,9329784805,Delhi,Delhi,2024-05-29,Regular
4987,Amit Singh,Male,49,amit4987@gmail.com,9266704389,Hyderabad,Telangana,2023-03-28,Regular
4988,Vivaan Kumar,Male,41,vivaan4988@gmail.com,9785449119,Jaipur,Rajasthan,2023-02-15,Gold
4989,Sneha Sharma,Female,56,sneha4989@gmail.com,9785005804,Delhi,Delhi,2022-12-07,Regular
4990,Sneha Yadav,Female,53,sneha4990@gmail.com,9379494873,Pune,Maharashtra,2022-09-30,Regular
4991,Prakash Kumar,Male,47,prakash4991@gmail.com,9678206746,Kanpur,Uttar Pradesh,2025-01-22,Platinum
4992,Neha Das,Female,21,neha4992@gmail.com,9570622857,Delhi,Delhi,2022-02-19,Silver
4993,Neha Yadav,Female,42,neha4993@gmail.com,9752369263,Delhi,Delhi,2024-03-14,Regular
4994,Neha Kumar,Female,58,neha4994@gmail.com,9432104877,Jaipur,Rajasthan,2025-03-03,Regular
4995,Rohan Verma,Male,51,rohan4995@gmail.com,9451091306,Lucknow,Uttar Pradesh,2022-02-03,Regular
4996,Rohan Yadav,Male,54,rohan4996@gmail.com,9611878640,Mysuru,Karnataka,2022-12-05,Gold
4997,Sneha Sharma,Female,27,sneha4997@gmail.com,9451537086,Kanpur,Uttar Pradesh,2023-03-08,Regular
4998,Prakash Thakur,Male,52,prakash4998@gmail.com,9980508714,Mysuru,Karnataka,2024-04-25,Silver
4999,Aarav Thakur,Male,29,aarav4999@gmail.com,9306627631,Mysuru,Karnataka,2024-08-15,Gold
5000,Rohan Thakur,Male,44,rohan5000@gmail.com,9527088953,Coimbatore,Tamil Nadu,2024-05-31,Regular
