PaymentID,OrderID,PaymentMethod,PaymentStatus,PaymentDate
1,1,Net Banking,Completed,2024-10-28
2,2,COD,Completed,2023-02-08
3,3,Credit Card,Completed,2025-04-26
4,4,UPI,Refunded,2023-02-20
5,5,Net Banking,Completed,2023-05-01
6,6,Net Banking,Completed,2023-07-12
7,7,COD,Completed,2024-05-23
8,8,Credit Card,Completed,2023-11-03
9,9,Wallet,Completed,2024-05-21
10,10,Debit Card,Completed,2024-03-04
11,11,Debit Card,Completed,2024-08-09
12,12,Debit Card,Completed,2023-03-12
13,13,COD,Refunded,2024-08-14
14,14,COD,Completed,2023-06-22
15,15,COD,Completed,2024-02-05
16,16,Net Banking,Completed,2023-05-21
17,17,Credit Card,Completed,2023-06-04
18,18,Credit Card,Completed,2023-09-27
19,19,Net Banking,Completed,2023-05-09
20,20,UPI,Completed,2024-02-12
21,21,Debit Card,Completed,2024-03-27
22,22,Debit Card,Completed,2024-07-03
23,23,Debit Card,Completed,2024-01-21
24,24,COD,Completed,2025-05-19
25,25,Debit Card,Completed,2025-02-06
26,26,Net Banking,Completed,2024-01-06
27,27,Debit Card,Completed,2025-05-15
28,28,Net Banking,Completed,2023-12-04
29,29,Wallet,Completed,2024-06-14
30,30,Debit Card,Completed,2024-12-10
31,31,Debit Card,Completed,2023-08-21
32,32,Wallet,Completed,2024-10-30
33,33,Wallet,Completed,2023-07-02
34,34,Credit Card,Completed,2023-03-28
35,35,Net Banking,Completed,2023-05-30
36,36,Wallet,Completed,2023-01-22
37,37,Credit Card,Completed,2025-06-11
38,38,Debit Card,Completed,2025-02-21
39,39,Net Banking,Completed,2024-11-09
40,40,COD,Completed,2024-06-06
41,41,Wallet,Completed,2023-05-25
42,42,UPI,Completed,2024-07-22
43,43,COD,Completed,2025-03-01
44,44,Credit Card,Completed,2024-06-01
45,45,Wallet,Completed,2024-06-03
46,46,COD,Completed,2023-05-21
47,47,Debit Card,Completed,2023-03-16
48,48,UPI,Completed,2024-04-23
49,49,Net Banking,Completed,2024-12-24
50,50,UPI,Completed,2023-04-05
51,51,Debit Card,Completed,2023-12-06
52,52,UPI,Completed,2023-03-28
53,53,COD,Completed,2025-04-18
54,54,UPI,Completed,2023-12-01
55,55,Debit Card,Completed,2023-01-18
56,56,Net Banking,Completed,2024-04-09
57,57,Credit Card,Completed,2023-09-02
58,58,Credit Card,Completed,2023-11-09
59,59,Debit Card,Completed,2023-12-22
60,60,Credit Card,Completed,2023-07-14
61,61,Net Banking,Completed,2025-05-04
62,62,COD,Completed,2025-01-16
63,63,COD,Completed,2025-01-28
64,64,Net Banking,Refunded,2024-11-17
65,65,Debit Card,Completed,2023-10-03
66,66,Credit Card,Completed,2023-11-13
67,67,Credit Card,Completed,2024-05-29
68,68,COD,Completed,2024-02-14
69,69,Credit Card,Refunded,2024-08-22
70,70,Wallet,Completed,2024-05-21
71,71,Net Banking,Completed,2024-03-15
72,72,Wallet,Completed,2024-08-21
73,73,UPI,Completed,2024-10-14
74,74,COD,Completed,2024-06-28
75,75,UPI,Completed,2024-05-30
76,76,Debit Card,Completed,2025-04-08
77,77,COD,Completed,2025-05-15
78,78,Debit Card,Completed,2024-09-06
79,79,Wallet,Completed,2023-03-04
80,80,UPI,Completed,2024-04-20
81,81,Net Banking,Completed,2023-10-24
82,82,Wallet,Completed,2024-08-18
83,83,UPI,Completed,2024-06-04
84,84,COD,Completed,2023-01-26
85,85,UPI,Completed,2023-12-19
86,86,Credit Card,Completed,2023-05-03
87,87,Net Banking,Completed,2024-02-07
88,88,Wallet,Completed,2023-10-15
89,89,Debit Card,Completed,2024-06-07
90,90,UPI,Completed,2023-07-28
91,91,UPI,Completed,2025-06-09
92,92,Wallet,Completed,2023-10-16
93,93,COD,Completed,2024-05-09
94,94,Credit Card,Completed,2025-04-11
95,95,Credit Card,Completed,2023-07-17
96,96,Credit Card,Completed,2023-09-22
97,97,UPI,Completed,2024-01-21
98,98,Wallet,Completed,2024-12-04
99,99,COD,Completed,2024-02-14
100,100,COD,Completed,2025-02-21
101,101,COD,Completed,2025-05-25
102,102,Wallet,Completed,2024-11-29
103,103,Net Banking,Completed,2025-03-12
104,104,UPI,Completed,2024-10-13
105,105,Net Banking,Completed,2024-02-02
106,106,Credit Card,Completed,2023-11-20
107,107,Debit Card,Completed,2024-02-26
108,108,COD,Completed,2023-09-21
109,109,COD,Completed,2024-03-06
110,110,Credit Card,Completed,2023-07-30
111,111,UPI,Completed,2025-02-17
112,112,UPI,Completed,2024-03-03
113,113,UPI,Completed,2024-09-02
114,114,UPI,Completed,2023-11-18
115,115,Wallet,Completed,2024-04-23
116,116,Debit Card,Completed,2023-04-22
117,117,Debit Card,Completed,2025-02-16
118,118,COD,Completed,2024-01-17
119,119,Wallet,Completed,2024-10-08
120,120,Debit Card,Completed,2025-04-02
121,121,Net Banking,Refunded,2023-12-10
122,122,Net Banking,Completed,2023-01-04
123,123,COD,Completed,2024-05-01
124,124,Wallet,Completed,2024-05-23
125,125,Net Banking,Completed,2024-04-16
126,126,UPI,Completed,2024-02-22
127,127,Debit Card,Refunded,2023-04-18
128,128,Credit Card,Refunded,2024-12-27
129,129,Wallet,Completed,2023-08-29
130,130,Debit Card,Completed,2024-01-17
131,131,Net Banking,Completed,2023-06-07
132,132,Wallet,Completed,2024-06-03
133,133,COD,Completed,2025-04-18
134,134,Net Banking,Completed,2023-07-14
135,135,Wallet,Completed,2024-09-09
136,136,Debit Card,Completed,2023-08-11
137,137,Credit Card,Completed,2025-01-19
138,138,Credit Card,Completed,2024-09-27
139,139,Wallet,Completed,2023-04-14
140,140,Debit Card,Completed,2024-12-13
141,141,Debit Card,Completed,2025-02-02
142,142,COD,Completed,2023-07-21
143,143,COD,Completed,2023-04-27
144,144,Credit Card,Completed,2023-01-16
145,145,Credit Card,Completed,2025-01-24
146,146,Credit Card,Completed,2023-04-22
147,147,Wallet,Completed,2023-02-24
148,148,Credit Card,Completed,2024-02-19
149,149,Debit Card,Completed,2024-06-14
150,150,Wallet,Completed,2024-07-29
151,151,Debit Card,Completed,2024-07-17
152,152,COD,Completed,2024-02-03
153,153,COD,Completed,2024-05-16
154,154,Debit Card,Completed,2023-04-20
155,155,UPI,Completed,2024-06-06
156,156,Net Banking,Completed,2024-06-07
157,157,UPI,Completed,2025-01-19
158,158,Credit Card,Completed,2025-03-18
159,159,COD,Completed,2023-10-09
160,160,Net Banking,Completed,2024-08-29
161,161,Debit Card,Completed,2024-02-18
162,162,Wallet,Completed,2025-02-25
163,163,Net Banking,Completed,2023-04-18
164,164,Debit Card,Completed,2024-08-14
165,165,Net Banking,Completed,2023-02-19
166,166,Credit Card,Completed,2023-01-02
167,167,Credit Card,Completed,2023-02-18
168,168,Net Banking,Completed,2023-12-30
169,169,Debit Card,Completed,2024-08-26
170,170,UPI,Completed,2024-12-25
171,171,Net Banking,Completed,2023-02-27
172,172,Credit Card,Completed,2025-01-21
173,173,UPI,Completed,2023-07-10
174,174,Net Banking,Completed,2024-02-28
175,175,Debit Card,Completed,2024-06-04
176,176,Wallet,Completed,2024-01-20
177,177,UPI,Completed,2023-09-25
178,178,COD,Completed,2024-10-13
179,179,Debit Card,Completed,2024-06-03
180,180,Credit Card,Completed,2024-02-03
181,181,COD,Completed,2023-01-07
182,182,UPI,Completed,2024-02-05
183,183,Credit Card,Completed,2023-04-20
184,184,UPI,Completed,2024-12-10
185,185,Net Banking,Completed,2023-07-24
186,186,UPI,Completed,2023-07-28
187,187,Wallet,Completed,2023-04-11
188,188,Debit Card,Completed,2023-01-22
189,189,Net Banking,Completed,2024-05-02
190,190,COD,Completed,2025-03-02
191,191,Net Banking,Completed,2025-06-01
192,192,UPI,Completed,2023-10-23
193,193,COD,Completed,2025-03-26
194,194,Wallet,Completed,2023-10-18
195,195,Net Banking,Refunded,2025-03-17
196,196,Wallet,Completed,2025-02-02
197,197,COD,Completed,2024-07-12
198,198,Net Banking,Completed,2025-02-11
199,199,COD,Completed,2023-06-09
200,200,Net Banking,Completed,2024-12-06
201,201,Wallet,Completed,2023-07-16
202,202,Debit Card,Completed,2023-12-01
203,203,Credit Card,Refunded,2025-01-16
204,204,Debit Card,Completed,2025-03-24
205,205,COD,Completed,2023-07-31
206,206,Wallet,Completed,2023-08-16
207,207,Wallet,Completed,2025-01-25
208,208,Wallet,Completed,2024-11-14
209,209,Debit Card,Completed,2023-05-08
210,210,Debit Card,Completed,2024-12-30
211,211,Credit Card,Completed,2024-06-14
212,212,Credit Card,Completed,2023-02-09
213,213,Wallet,Completed,2024-04-12
214,214,COD,Completed,2023-12-18
215,215,UPI,Completed,2024-09-20
216,216,COD,Completed,2023-03-18
217,217,Net Banking,Completed,2023-11-07
218,218,Wallet,Completed,2025-03-06
219,219,COD,Completed,2023-12-28
220,220,Credit Card,Completed,2023-12-30
221,221,Debit Card,Completed,2023-01-03
222,222,UPI,Completed,2024-03-14
223,223,Net Banking,Completed,2023-02-28
224,224,UPI,Completed,2024-08-19
225,225,Credit Card,Completed,2024-08-15
226,226,Credit Card,Completed,2024-02-17
227,227,COD,Completed,2025-05-08
228,228,Debit Card,Completed,2023-04-30
229,229,Credit Card,Completed,2023-03-01
230,230,UPI,Completed,2024-09-05
231,231,COD,Completed,2024-11-12
232,232,Wallet,Completed,2024-10-14
233,233,Credit Card,Completed,2024-06-06
234,234,Debit Card,Completed,2023-04-07
235,235,Debit Card,Completed,2024-03-21
236,236,Debit Card,Completed,2024-02-18
237,237,Wallet,Completed,2023-12-05
238,238,COD,Completed,2024-02-13
239,239,COD,Completed,2023-01-07
240,240,Wallet,Completed,2024-01-21
241,241,Credit Card,Completed,2024-10-10
242,242,Credit Card,Completed,2023-01-14
243,243,UPI,Completed,2024-03-07
244,244,UPI,Completed,2024-08-04
245,245,Net Banking,Completed,2024-11-27
246,246,COD,Completed,2023-04-15
247,247,UPI,Completed,2024-12-01
248,248,COD,Completed,2025-01-06
249,249,Wallet,Completed,2025-02-16
250,250,UPI,Completed,2025-01-04
251,251,COD,Completed,2025-01-16
252,252,Credit Card,Completed,2024-03-25
253,253,COD,Completed,2025-04-01
254,254,Wallet,Completed,2023-03-04
255,255,Net Banking,Completed,2023-01-16
256,256,Net Banking,Completed,2024-02-01
257,257,Credit Card,Completed,2023-09-27
258,258,Net Banking,Completed,2023-05-31
259,259,COD,Completed,2024-07-20
260,260,Credit Card,Completed,2024-02-09
261,261,Debit Card,Completed,2024-07-07
262,262,COD,Completed,2025-05-03
263,263,Wallet,Completed,2023-04-05
264,264,Credit Card,Completed,2025-03-09
265,265,UPI,Completed,2024-10-09
266,266,UPI,Completed,2024-06-15
267,267,Debit Card,Completed,2023-08-07
268,268,UPI,Completed,2023-05-15
269,269,Debit Card,Completed,2023-02-22
270,270,UPI,Completed,2024-10-17
271,271,Wallet,Completed,2024-10-18
272,272,Credit Card,Refunded,2023-08-29
273,273,UPI,Completed,2024-07-20
274,274,Credit Card,Completed,2023-11-22
275,275,Debit Card,Completed,2024-10-30
276,276,Credit Card,Completed,2024-01-24
277,277,Credit Card,Completed,2023-06-10
278,278,COD,Completed,2023-04-10
279,279,UPI,Completed,2025-04-22
280,280,COD,Completed,2023-02-28
281,281,Credit Card,Completed,2024-03-04
282,282,COD,Completed,2025-04-03
283,283,UPI,Refunded,2023-06-07
284,284,Debit Card,Completed,2023-09-21
285,285,Credit Card,Completed,2024-02-04
286,286,Net Banking,Completed,2025-04-06
287,287,UPI,Completed,2023-07-10
288,288,Credit Card,Completed,2025-05-13
289,289,Debit Card,Completed,2024-09-15
290,290,UPI,Completed,2023-11-12
291,291,Debit Card,Completed,2025-04-10
292,292,Debit Card,Completed,2023-05-17
293,293,Net Banking,Completed,2023-06-17
294,294,Wallet,Completed,2023-03-15
295,295,Wallet,Completed,2025-06-12
296,296,UPI,Completed,2023-05-18
297,297,UPI,Completed,2023-09-14
298,298,Net Banking,Completed,2024-10-14
299,299,UPI,Completed,2023-07-03
300,300,Credit Card,Completed,2023-05-05
301,301,Wallet,Completed,2024-11-15
302,302,Net Banking,Completed,2024-03-06
303,303,Debit Card,Completed,2023-12-13
304,304,Debit Card,Completed,2025-05-17
305,305,UPI,Completed,2024-10-09
306,306,Credit Card,Completed,2024-05-31
307,307,UPI,Completed,2023-02-17
308,308,UPI,Completed,2024-10-05
309,309,UPI,Completed,2024-03-20
310,310,Net Banking,Completed,2023-03-03
311,311,Credit Card,Completed,2024-03-26
312,312,Net Banking,Completed,2025-01-23
313,313,Net Banking,Completed,2024-10-27
314,314,Debit Card,Completed,2024-09-19
315,315,Net Banking,Completed,2024-07-13
316,316,Debit Card,Completed,2024-07-24
317,317,Debit Card,Completed,2024-07-18
318,318,Net Banking,Completed,2025-01-23
319,319,Net Banking,Completed,2024-11-22
320,320,Wallet,Completed,2025-03-14
321,321,Net Banking,Completed,2024-02-25
322,322,Debit Card,Completed,2024-03-03
323,323,Debit Card,Completed,2024-04-13
324,324,UPI,Completed,2024-01-29
325,325,Credit Card,Completed,2024-07-03
326,326,Debit Card,Completed,2025-04-21
327,327,Net Banking,Completed,2023-01-27
328,328,Net Banking,Refunded,2024-09-26
329,329,COD,Completed,2024-08-31
330,330,Wallet,Completed,2024-01-19
331,331,Net Banking,Completed,2024-05-13
332,332,UPI,Completed,2024-01-07
333,333,Net Banking,Completed,2023-12-18
334,334,COD,Completed,2024-06-01
335,335,Wallet,Refunded,2024-08-06
336,336,UPI,Completed,2024-12-28
337,337,COD,Completed,2023-01-31
338,338,COD,Completed,2023-05-28
339,339,UPI,Completed,2024-06-05
340,340,UPI,Completed,2024-03-16
341,341,Credit Card,Completed,2023-09-01
342,342,Net Banking,Completed,2023-12-24
343,343,COD,Refunded,2025-02-21
344,344,Credit Card,Completed,2023-06-13
345,345,COD,Refunded,2023-09-16
346,346,Wallet,Completed,2024-02-28
347,347,UPI,Completed,2024-01-02
348,348,Debit Card,Completed,2024-06-30
349,349,COD,Completed,2023-09-08
350,350,Credit Card,Completed,2024-11-11
351,351,Net Banking,Completed,2025-05-05
352,352,COD,Completed,2023-08-10
353,353,COD,Completed,2023-07-29
354,354,COD,Completed,2024-01-12
355,355,Debit Card,Completed,2024-06-09
356,356,Wallet,Completed,2023-11-15
357,357,Debit Card,Completed,2023-04-22
358,358,Wallet,Completed,2023-08-20
359,359,Credit Card,Completed,2024-10-05
360,360,Wallet,Completed,2023-01-26
361,361,Net Banking,Completed,2023-10-26
362,362,Debit Card,Completed,2023-06-15
363,363,Net Banking,Completed,2024-10-15
364,364,Net Banking,Completed,2024-03-21
365,365,Net Banking,Completed,2025-06-15
366,366,Debit Card,Completed,2025-03-21
367,367,Debit Card,Completed,2024-09-22
368,368,Wallet,Completed,2023-12-15
369,369,Credit Card,Completed,2024-11-20
370,370,Wallet,Completed,2023-06-28
371,371,UPI,Completed,2024-01-02
372,372,Credit Card,Completed,2024-05-09
373,373,Wallet,Completed,2023-11-03
374,374,COD,Completed,2025-04-14
375,375,UPI,Completed,2023-04-28
376,376,Wallet,Completed,2023-11-08
377,377,Debit Card,Completed,2024-04-24
378,378,Wallet,Completed,2025-02-07
379,379,COD,Refunded,2024-05-15
380,380,Net Banking,Completed,2024-10-21
381,381,COD,Completed,2023-01-29
382,382,Wallet,Completed,2023-06-22
383,383,Credit Card,Completed,2025-04-25
384,384,UPI,Completed,2023-09-03
385,385,Credit Card,Completed,2024-03-09
386,386,Credit Card,Completed,2024-12-05
387,387,Debit Card,Completed,2023-07-15
388,388,Net Banking,Completed,2023-03-15
389,389,Credit Card,Refunded,2024-11-13
390,390,Debit Card,Completed,2025-04-03
391,391,Net Banking,Completed,2024-06-13
392,392,UPI,Completed,2023-03-25
393,393,Debit Card,Completed,2024-08-07
394,394,Credit Card,Completed,2024-10-10
395,395,COD,Completed,2024-07-22
396,396,Credit Card,Completed,2023-09-25
397,397,Wallet,Completed,2023-04-08
398,398,UPI,Completed,2024-07-08
399,399,COD,Completed,2024-11-26
400,400,COD,Completed,2025-01-08
401,401,Credit Card,Completed,2024-05-01
402,402,Wallet,Completed,2024-01-17
403,403,UPI,Completed,2023-05-19
404,404,Debit Card,Completed,2024-01-11
405,405,Debit Card,Completed,2024-06-09
406,406,Debit Card,Completed,2023-04-13
407,407,COD,Completed,2023-12-29
408,408,Debit Card,Completed,2023-04-24
409,409,Credit Card,Completed,2024-11-16
410,410,Credit Card,Completed,2023-01-15
411,411,Wallet,Completed,2023-03-18
412,412,COD,Completed,2024-12-10
413,413,Credit Card,Completed,2024-06-24
414,414,Net Banking,Completed,2025-01-14
415,415,Credit Card,Completed,2024-08-16
416,416,Wallet,Completed,2024-10-08
417,417,Net Banking,Completed,2023-09-26
418,418,Credit Card,Completed,2025-02-28
419,419,Credit Card,Completed,2025-06-12
420,420,Wallet,Completed,2024-01-07
421,421,Wallet,Completed,2023-03-03
422,422,Credit Card,Completed,2023-12-24
423,423,Credit Card,Completed,2025-03-01
424,424,Wallet,Completed,2025-01-14
425,425,Debit Card,Completed,2023-07-03
426,426,Debit Card,Completed,2023-11-23
427,427,UPI,Completed,2023-10-02
428,428,Wallet,Completed,2023-10-17
429,429,UPI,Completed,2024-09-07
430,430,UPI,Completed,2024-07-03
431,431,Wallet,Completed,2025-06-07
432,432,UPI,Completed,2023-02-28
433,433,COD,Completed,2024-02-14
434,434,Wallet,Completed,2024-03-01
435,435,UPI,Completed,2023-05-27
436,436,Credit Card,Completed,2024-08-25
437,437,Wallet,Completed,2024-09-25
438,438,Debit Card,Completed,2024-04-09
439,439,Wallet,Completed,2024-07-25
440,440,UPI,Completed,2024-10-01
441,441,Credit Card,Completed,2024-09-12
442,442,COD,Completed,2023-09-06
443,443,UPI,Completed,2025-03-19
444,444,Credit Card,Completed,2025-06-03
445,445,UPI,Completed,2024-10-04
446,446,Debit Card,Completed,2023-08-25
447,447,COD,Completed,2024-08-06
448,448,Credit Card,Completed,2023-01-05
449,449,Credit Card,Completed,2024-08-16
450,450,Debit Card,Completed,2024-03-21
451,451,Wallet,Completed,2023-11-06
452,452,Wallet,Completed,2024-02-29
453,453,Wallet,Completed,2023-08-29
454,454,Wallet,Completed,2023-08-26
455,455,COD,Completed,2025-06-18
456,456,Wallet,Completed,2024-12-02
457,457,UPI,Completed,2025-05-09
458,458,Debit Card,Completed,2024-12-21
459,459,Debit Card,Completed,2024-02-22
460,460,Net Banking,Completed,2024-04-09
461,461,Credit Card,Completed,2024-07-06
462,462,Net Banking,Completed,2023-01-06
463,463,Net Banking,Completed,2023-04-29
464,464,Net Banking,Completed,2024-12-02
465,465,COD,Completed,2024-04-29
466,466,Wallet,Completed,2025-04-24
467,467,Debit Card,Completed,2024-09-19
468,468,COD,Completed,2023-09-26
469,469,UPI,Refunded,2023-08-15
470,470,Wallet,Completed,2025-04-12
471,471,COD,Completed,2024-01-26
472,472,Wallet,Completed,2023-04-16
473,473,COD,Completed,2024-02-10
474,474,Net Banking,Completed,2025-03-28
475,475,Debit Card,Completed,2024-11-07
476,476,Debit Card,Completed,2023-07-25
477,477,Debit Card,Completed,2023-11-28
478,478,Debit Card,Completed,2023-07-26
479,479,Debit Card,Completed,2024-01-11
480,480,Net Banking,Completed,2023-09-02
481,481,Debit Card,Completed,2023-03-06
482,482,Wallet,Completed,2024-02-29
483,483,COD,Completed,2024-12-18
484,484,UPI,Completed,2023-05-19
485,485,Debit Card,Completed,2024-11-27
486,486,UPI,Completed,2024-08-07
487,487,Wallet,Completed,2025-04-23
488,488,UPI,Refunded,2023-05-24
489,489,Net Banking,Completed,2023-01-07
490,490,Debit Card,Completed,2023-09-19
491,491,Credit Card,Completed,2023-02-22
492,492,Net Banking,Completed,2023-05-15
493,493,Debit Card,Completed,2024-08-20
494,494,UPI,Completed,2023-11-18
495,495,Credit Card,Completed,2025-03-26
496,496,Credit Card,Completed,2025-01-15
497,497,UPI,Completed,2023-05-21
498,498,Credit Card,Completed,2025-03-30
499,499,Credit Card,Completed,2025-03-07
500,500,Wallet,Completed,2023-02-21
501,501,COD,Completed,2023-05-17
502,502,Debit Card,Completed,2024-07-28
503,503,Credit Card,Completed,2025-03-29
504,504,Net Banking,Completed,2023-10-26
505,505,Wallet,Completed,2023-07-08
506,506,Wallet,Completed,2024-11-04
507,507,COD,Completed,2023-01-19
508,508,UPI,Completed,2024-08-20
509,509,Net Banking,Completed,2023-11-04
510,510,Debit Card,Completed,2023-11-04
511,511,Debit Card,Completed,2024-01-08
512,512,COD,Completed,2025-03-17
513,513,Wallet,Completed,2023-04-10
514,514,Wallet,Completed,2024-01-19
515,515,COD,Completed,2023-01-06
516,516,Debit Card,Completed,2023-04-30
517,517,UPI,Completed,2023-06-17
518,518,Credit Card,Completed,2024-02-18
519,519,COD,Completed,2023-04-19
520,520,Debit Card,Completed,2025-02-07
521,521,UPI,Completed,2023-10-26
522,522,Wallet,Completed,2025-03-04
523,523,Wallet,Completed,2023-02-12
524,524,COD,Completed,2023-07-07
525,525,Credit Card,Completed,2025-01-21
526,526,UPI,Completed,2024-12-03
527,527,Wallet,Completed,2023-03-12
528,528,Debit Card,Completed,2023-04-05
529,529,Debit Card,Completed,2023-09-23
530,530,Net Banking,Completed,2025-04-24
531,531,Debit Card,Completed,2025-03-12
532,532,Net Banking,Completed,2023-08-31
533,533,Debit Card,Completed,2024-11-30
534,534,COD,Completed,2024-09-01
535,535,COD,Completed,2023-04-24
536,536,UPI,Completed,2023-12-10
537,537,Debit Card,Completed,2023-12-10
538,538,Wallet,Completed,2023-05-04
539,539,Credit Card,Completed,2023-06-04
540,540,Net Banking,Completed,2025-06-16
541,541,Credit Card,Completed,2025-05-23
542,542,Wallet,Refunded,2023-04-14
543,543,Net Banking,Completed,2024-03-02
544,544,Wallet,Completed,2023-11-09
545,545,Wallet,Completed,2024-05-25
546,546,Credit Card,Completed,2023-11-15
547,547,Debit Card,Completed,2023-05-21
548,548,Credit Card,Refunded,2023-02-17
549,549,COD,Completed,2025-03-02
550,550,Debit Card,Completed,2024-12-27
551,551,Credit Card,Completed,2023-12-22
552,552,UPI,Completed,2024-11-28
553,553,COD,Completed,2023-07-11
554,554,Debit Card,Completed,2023-04-22
555,555,Net Banking,Completed,2023-04-26
556,556,Net Banking,Completed,2023-02-15
557,557,COD,Completed,2024-02-06
558,558,Wallet,Completed,2023-02-12
559,559,Net Banking,Completed,2023-09-07
560,560,Wallet,Completed,2023-06-19
561,561,Debit Card,Completed,2024-02-06
562,562,Debit Card,Completed,2024-11-16
563,563,Net Banking,Completed,2023-03-10
564,564,Wallet,Completed,2024-08-10
565,565,UPI,Completed,2023-05-08
566,566,Net Banking,Completed,2023-10-09
567,567,Wallet,Completed,2023-11-13
568,568,Debit Card,Completed,2023-05-05
569,569,COD,Completed,2023-10-09
570,570,UPI,Completed,2024-07-04
571,571,Credit Card,Completed,2024-06-27
572,572,Credit Card,Completed,2024-12-31
573,573,UPI,Completed,2024-10-07
574,574,UPI,Completed,2024-02-23
575,575,Credit Card,Completed,2024-10-19
576,576,Credit Card,Completed,2023-07-14
577,577,Wallet,Completed,2024-03-25
578,578,Debit Card,Completed,2024-12-19
579,579,Wallet,Completed,2024-03-03
580,580,Debit Card,Completed,2023-06-17
581,581,UPI,Completed,2023-12-30
582,582,COD,Completed,2024-01-08
583,583,UPI,Refunded,2025-04-21
584,584,UPI,Completed,2023-12-29
585,585,COD,Completed,2025-04-11
586,586,UPI,Completed,2024-08-22
587,587,UPI,Completed,2024-08-09
588,588,Credit Card,Completed,2025-02-26
589,589,Credit Card,Completed,2023-04-17
590,590,COD,Completed,2024-12-02
591,591,Wallet,Completed,2024-02-14
592,592,UPI,Completed,2024-05-24
593,593,Credit Card,Completed,2025-03-17
594,594,COD,Completed,2023-02-08
595,595,Debit Card,Completed,2024-08-14
596,596,Wallet,Completed,2023-04-17
597,597,UPI,Completed,2024-09-22
598,598,Net Banking,Completed,2024-10-25
599,599,Net Banking,Completed,2024-12-23
600,600,Credit Card,Completed,2025-02-01
601,601,Net Banking,Refunded,2024-03-15
602,602,UPI,Completed,2025-01-17
603,603,Net Banking,Completed,2023-06-01
604,604,Net Banking,Completed,2023-04-27
605,605,Wallet,Completed,2024-08-11
606,606,COD,Completed,2024-11-28
607,607,Debit Card,Completed,2023-05-18
608,608,Wallet,Completed,2024-03-29
609,609,Debit Card,Completed,2024-02-27
610,610,Credit Card,Completed,2025-02-27
611,611,COD,Completed,2025-04-25
612,612,Net Banking,Completed,2024-04-14
613,613,Wallet,Completed,2024-12-07
614,614,UPI,Completed,2023-09-24
615,615,COD,Completed,2025-02-02
616,616,Wallet,Completed,2024-12-08
617,617,Debit Card,Completed,2023-03-11
618,618,Net Banking,Completed,2024-01-06
619,619,Debit Card,Completed,2023-07-02
620,620,COD,Completed,2025-01-15
621,621,Debit Card,Completed,2023-04-20
622,622,Credit Card,Completed,2023-03-16
623,623,UPI,Completed,2023-02-16
624,624,UPI,Completed,2024-08-20
625,625,Credit Card,Completed,2024-01-08
626,626,Credit Card,Completed,2024-06-19
627,627,Credit Card,Completed,2024-10-26
628,628,UPI,Completed,2025-06-09
629,629,UPI,Completed,2024-04-28
630,630,COD,Completed,2024-02-19
631,631,Debit Card,Completed,2023-07-15
632,632,Credit Card,Completed,2023-02-28
633,633,Net Banking,Completed,2023-03-03
634,634,COD,Completed,2023-08-06
635,635,Debit Card,Completed,2025-04-06
636,636,COD,Completed,2023-05-03
637,637,UPI,Completed,2024-10-30
638,638,Wallet,Completed,2024-11-11
639,639,Debit Card,Completed,2023-02-12
640,640,Credit Card,Completed,2025-01-11
641,641,Net Banking,Completed,2023-11-08
642,642,Credit Card,Completed,2024-01-04
643,643,Credit Card,Completed,2023-08-06
644,644,Debit Card,Refunded,2023-08-20
645,645,Debit Card,Completed,2024-12-26
646,646,Net Banking,Completed,2024-09-13
647,647,COD,Completed,2023-05-04
648,648,Credit Card,Completed,2025-02-10
649,649,Wallet,Completed,2023-09-17
650,650,UPI,Completed,2023-02-22
651,651,COD,Completed,2024-03-06
652,652,Net Banking,Completed,2024-05-26
653,653,Debit Card,Completed,2024-03-22
654,654,Net Banking,Completed,2023-08-31
655,655,UPI,Completed,2024-11-19
656,656,Credit Card,Completed,2023-11-29
657,657,Credit Card,Completed,2023-05-18
658,658,Wallet,Refunded,2023-05-11
659,659,Wallet,Completed,2024-02-20
660,660,Wallet,Completed,2024-07-09
661,661,Credit Card,Completed,2023-01-19
662,662,Credit Card,Completed,2024-10-19
663,663,UPI,Completed,2023-09-19
664,664,Wallet,Completed,2024-09-01
665,665,UPI,Completed,2023-03-29
666,666,UPI,Completed,2023-01-25
667,667,COD,Completed,2023-12-24
668,668,UPI,Completed,2023-09-28
669,669,Debit Card,Completed,2025-03-21
670,670,Credit Card,Completed,2024-07-27
671,671,COD,Completed,2023-11-15
672,672,Credit Card,Completed,2024-04-08
673,673,Net Banking,Completed,2023-01-14
674,674,Debit Card,Completed,2024-03-09
675,675,Wallet,Completed,2024-06-09
676,676,Debit Card,Refunded,2023-11-15
677,677,Wallet,Completed,2025-04-26
678,678,Net Banking,Completed,2023-11-10
679,679,Wallet,Completed,2023-08-31
680,680,Net Banking,Completed,2025-03-14
681,681,COD,Completed,2024-11-05
682,682,COD,Completed,2024-04-05
683,683,UPI,Completed,2023-11-19
684,684,Wallet,Completed,2023-05-13
685,685,COD,Completed,2024-11-07
686,686,Debit Card,Completed,2025-01-23
687,687,Net Banking,Completed,2023-06-17
688,688,UPI,Completed,2024-12-25
689,689,Wallet,Completed,2025-01-28
690,690,COD,Completed,2025-04-10
691,691,Net Banking,Completed,2023-04-20
692,692,Credit Card,Refunded,2025-04-13
693,693,UPI,Completed,2023-07-12
694,694,UPI,Completed,2024-09-13
695,695,Debit Card,Completed,2023-11-05
696,696,Wallet,Completed,2024-11-23
697,697,Debit Card,Completed,2023-06-04
698,698,Debit Card,Completed,2023-09-03
699,699,Wallet,Completed,2025-06-18
700,700,COD,Completed,2023-12-14
701,701,UPI,Completed,2023-04-13
702,702,Credit Card,Completed,2024-05-24
703,703,Net Banking,Completed,2023-11-14
704,704,UPI,Completed,2025-06-13
705,705,Wallet,Completed,2024-03-02
706,706,UPI,Completed,2024-11-05
707,707,Credit Card,Completed,2024-03-18
708,708,UPI,Completed,2025-03-18
709,709,Wallet,Completed,2024-03-19
710,710,Credit Card,Completed,2023-12-03
711,711,Net Banking,Refunded,2024-01-23
712,712,Debit Card,Completed,2023-04-26
713,713,Wallet,Completed,2025-05-21
714,714,Wallet,Completed,2023-08-07
715,715,Credit Card,Completed,2023-09-23
716,716,Debit Card,Completed,2023-04-05
717,717,Credit Card,Completed,2024-06-13
718,718,COD,Completed,2025-01-08
719,719,UPI,Completed,2023-02-23
720,720,COD,Completed,2024-03-01
721,721,Credit Card,Refunded,2023-09-09
722,722,Credit Card,Completed,2023-11-14
723,723,Credit Card,Completed,2023-05-08
724,724,COD,Completed,2024-04-29
725,725,UPI,Completed,2024-05-27
726,726,Debit Card,Completed,2025-01-21
727,727,Wallet,Completed,2023-01-07
728,728,Net Banking,Completed,2024-09-26
729,729,Debit Card,Completed,2025-05-22
730,730,Credit Card,Completed,2024-07-19
731,731,COD,Completed,2023-11-27
732,732,Debit Card,Completed,2024-07-16
733,733,Debit Card,Completed,2024-09-16
734,734,Debit Card,Completed,2024-07-05
735,735,UPI,Completed,2023-03-19
736,736,UPI,Completed,2023-02-28
737,737,COD,Completed,2025-03-02
738,738,Wallet,Completed,2023-04-06
739,739,UPI,Completed,2023-02-27
740,740,Net Banking,Completed,2023-04-20
741,741,COD,Completed,2024-02-05
742,742,Debit Card,Completed,2023-07-04
743,743,Net Banking,Completed,2023-02-04
744,744,COD,Completed,2024-10-10
745,745,Wallet,Completed,2023-05-26
746,746,COD,Completed,2025-05-14
747,747,Net Banking,Refunded,2024-05-06
748,748,Net Banking,Completed,2025-03-22
749,749,Credit Card,Completed,2025-03-31
750,750,UPI,Completed,2024-05-18
751,751,Wallet,Completed,2024-08-23
752,752,UPI,Completed,2024-01-21
753,753,Debit Card,Completed,2025-01-17
754,754,Debit Card,Completed,2023-03-08
755,755,Wallet,Completed,2024-03-12
756,756,COD,Refunded,2024-11-30
757,757,Net Banking,Refunded,2024-09-08
758,758,UPI,Completed,2023-09-23
759,759,COD,Completed,2023-08-09
760,760,UPI,Completed,2023-05-20
761,761,Credit Card,Completed,2023-06-17
762,762,Net Banking,Completed,2023-06-14
763,763,COD,Completed,2023-08-06
764,764,Credit Card,Completed,2025-04-22
765,765,Credit Card,Completed,2023-11-22
766,766,COD,Completed,2024-01-12
767,767,Credit Card,Refunded,2024-01-24
768,768,Debit Card,Completed,2024-08-14
769,769,Net Banking,Completed,2024-04-11
770,770,Credit Card,Completed,2025-06-02
771,771,Net Banking,Completed,2024-12-27
772,772,Wallet,Completed,2023-07-30
773,773,Wallet,Completed,2023-07-17
774,774,Net Banking,Completed,2023-10-15
775,775,Credit Card,Completed,2024-08-26
776,776,Debit Card,Completed,2023-08-04
777,777,Net Banking,Completed,2024-12-15
778,778,Wallet,Completed,2023-06-01
779,779,Debit Card,Completed,2024-10-31
780,780,Credit Card,Completed,2023-09-19
781,781,Net Banking,Completed,2023-06-13
782,782,Wallet,Completed,2024-07-10
783,783,Debit Card,Completed,2023-01-06
784,784,UPI,Completed,2023-12-10
785,785,Credit Card,Completed,2024-09-10
786,786,UPI,Completed,2023-04-01
787,787,Debit Card,Completed,2024-12-03
788,788,COD,Completed,2023-06-19
789,789,Net Banking,Completed,2023-12-10
790,790,Debit Card,Completed,2024-11-16
791,791,COD,Completed,2024-12-19
792,792,Debit Card,Refunded,2023-10-22
793,793,COD,Completed,2024-03-02
794,794,Wallet,Refunded,2023-07-16
795,795,COD,Completed,2023-07-18
796,796,COD,Completed,2023-05-10
797,797,Wallet,Completed,2025-01-06
798,798,Debit Card,Completed,2024-08-19
799,799,UPI,Completed,2024-03-24
800,800,Wallet,Completed,2024-10-14
801,801,Credit Card,Completed,2024-11-18
802,802,Wallet,Completed,2023-11-22
803,803,Credit Card,Completed,2023-07-21
804,804,Credit Card,Completed,2024-07-26
805,805,Net Banking,Completed,2024-03-04
806,806,COD,Completed,2025-02-27
807,807,Debit Card,Completed,2024-01-20
808,808,COD,Completed,2024-11-29
809,809,Credit Card,Completed,2024-01-05
810,810,UPI,Completed,2023-01-18
811,811,Debit Card,Completed,2024-06-21
812,812,Credit Card,Completed,2025-03-25
813,813,Debit Card,Completed,2023-02-14
814,814,Credit Card,Refunded,2023-06-07
815,815,UPI,Completed,2025-05-23
816,816,Net Banking,Completed,2025-03-02
817,817,UPI,Refunded,2024-09-01
818,818,Debit Card,Completed,2024-01-16
819,819,Net Banking,Completed,2023-01-21
820,820,Credit Card,Completed,2025-05-25
821,821,Debit Card,Completed,2023-05-05
822,822,Debit Card,Completed,2023-09-01
823,823,Credit Card,Refunded,2023-12-06
824,824,Net Banking,Completed,2024-01-22
825,825,COD,Completed,2023-01-14
826,826,COD,Completed,2025-05-12
827,827,Credit Card,Completed,2023-11-15
828,828,COD,Completed,2024-01-13
829,829,Credit Card,Refunded,2024-01-13
830,830,Credit Card,Completed,2023-10-25
831,831,Debit Card,Completed,2024-09-21
832,832,Wallet,Refunded,2024-11-03
833,833,Debit Card,Completed,2023-06-15
834,834,COD,Completed,2024-06-28
835,835,Wallet,Completed,2025-05-01
836,836,COD,Completed,2024-02-16
837,837,Credit Card,Completed,2024-10-22
838,838,Debit Card,Completed,2024-11-05
839,839,Debit Card,Completed,2024-09-23
840,840,COD,Completed,2025-05-03
841,841,Credit Card,Completed,2024-04-04
842,842,Net Banking,Completed,2024-08-29
843,843,UPI,Completed,2025-04-27
844,844,Credit Card,Completed,2024-04-09
845,845,UPI,Completed,2023-12-11
846,846,Debit Card,Completed,2023-10-27
847,847,Net Banking,Refunded,2025-03-25
848,848,Net Banking,Completed,2024-11-08
849,849,COD,Completed,2024-01-21
850,850,COD,Completed,2023-05-17
851,851,Net Banking,Completed,2024-04-17
852,852,Wallet,Completed,2023-12-22
853,853,Net Banking,Completed,2023-07-08
854,854,Wallet,Completed,2023-09-28
855,855,COD,Completed,2025-05-11
856,856,Wallet,Completed,2024-07-19
857,857,COD,Completed,2024-03-21
858,858,Credit Card,Completed,2024-02-26
859,859,Net Banking,Completed,2023-04-13
860,860,COD,Completed,2024-03-26
861,861,COD,Completed,2024-08-06
862,862,UPI,Completed,2024-10-25
863,863,Wallet,Completed,2023-09-16
864,864,Debit Card,Completed,2023-09-12
865,865,COD,Completed,2023-01-01
866,866,UPI,Completed,2025-02-11
867,867,UPI,Completed,2023-08-19
868,868,UPI,Completed,2023-08-18
869,869,COD,Completed,2025-02-26
870,870,Credit Card,Completed,2024-11-07
871,871,COD,Completed,2023-03-23
872,872,COD,Completed,2023-06-11
873,873,UPI,Completed,2024-10-20
874,874,Credit Card,Completed,2023-11-29
875,875,Debit Card,Completed,2023-02-14
876,876,Debit Card,Completed,2023-01-26
877,877,UPI,Completed,2024-02-29
878,878,Credit Card,Completed,2023-04-20
879,879,Debit Card,Completed,2024-06-15
880,880,Credit Card,Completed,2025-06-13
881,881,COD,Completed,2024-09-09
882,882,Net Banking,Completed,2024-03-02
883,883,Debit Card,Completed,2025-03-30
884,884,Credit Card,Completed,2023-04-01
885,885,UPI,Completed,2023-07-19
886,886,UPI,Completed,2023-09-04
887,887,UPI,Completed,2024-09-03
888,888,Debit Card,Completed,2025-05-08
889,889,Net Banking,Completed,2023-01-22
890,890,COD,Completed,2023-04-07
891,891,Wallet,Completed,2025-05-02
892,892,Credit Card,Refunded,2024-09-01
893,893,Wallet,Refunded,2023-05-19
894,894,Wallet,Completed,2023-06-29
895,895,Wallet,Completed,2024-10-28
896,896,Credit Card,Completed,2024-03-05
897,897,Wallet,Completed,2024-12-13
898,898,Credit Card,Completed,2023-07-12
899,899,UPI,Completed,2023-09-04
900,900,Debit Card,Completed,2025-03-17
901,901,UPI,Completed,2024-11-16
902,902,Credit Card,Completed,2025-06-04
903,903,Credit Card,Completed,2023-11-06
904,904,Wallet,Completed,2023-01-13
905,905,Net Banking,Completed,2023-09-17
906,906,Credit Card,Completed,2023-09-10
907,907,Net Banking,Completed,2023-01-22
908,908,Debit Card,Completed,2024-07-06
909,909,COD,Completed,2024-10-05
910,910,UPI,Completed,2024-05-27
911,911,Net Banking,Completed,2023-10-08
912,912,Credit Card,Completed,2023-04-23
913,913,Credit Card,Completed,2024-05-19
914,914,UPI,Completed,2025-05-07
915,915,Wallet,Completed,2023-01-19
916,916,COD,Completed,2025-03-09
917,917,Net Banking,Completed,2024-02-09
918,918,UPI,Completed,2023-08-15
919,919,Debit Card,Completed,2024-12-15
920,920,COD,Completed,2024-01-28
921,921,COD,Completed,2023-04-17
922,922,Wallet,Completed,2024-09-04
923,923,Wallet,Completed,2024-11-11
924,924,Wallet,Completed,2024-01-23
925,925,Net Banking,Completed,2023-08-29
926,926,Credit Card,Completed,2024-10-11
927,927,Wallet,Completed,2024-12-22
928,928,Credit Card,Completed,2023-02-01
929,929,Net Banking,Completed,2024-12-22
930,930,COD,Completed,2024-03-25
931,931,Debit Card,Completed,2024-01-15
932,932,Wallet,Completed,2025-05-05
933,933,Net Banking,Completed,2023-05-18
934,934,COD,Completed,2024-06-03
935,935,Debit Card,Completed,2023-01-02
936,936,Credit Card,Completed,2025-05-03
937,937,Net Banking,Completed,2023-10-10
938,938,UPI,Completed,2023-09-06
939,939,Wallet,Completed,2023-11-10
940,940,Credit Card,Completed,2023-04-06
941,941,Credit Card,Completed,2024-11-14
942,942,COD,Completed,2024-04-05
943,943,Net Banking,Completed,2023-12-22
944,944,UPI,Completed,2023-10-16
945,945,COD,Completed,2025-06-03
946,946,COD,Completed,2023-03-06
947,947,Wallet,Completed,2024-05-29
948,948,Debit Card,Completed,2024-01-27
949,949,COD,Completed,2024-11-06
950,950,Net Banking,Completed,2023-10-22
951,951,COD,Completed,2024-05-27
952,952,Credit Card,Completed,2024-01-19
953,953,UPI,Completed,2025-03-30
954,954,Wallet,Completed,2024-01-16
955,955,UPI,Completed,2023-03-12
956,956,Credit Card,Completed,2024-03-04
957,957,COD,Completed,2023-09-14
958,958,Credit Card,Completed,2023-07-31
959,959,Debit Card,Completed,2023-08-31
960,960,Wallet,Completed,2025-01-19
961,961,Credit Card,Completed,2023-11-06
962,962,UPI,Completed,2023-03-22
963,963,Credit Card,Completed,2023-10-01
964,964,COD,Completed,2025-01-01
965,965,Wallet,Completed,2023-10-08
966,966,UPI,Completed,2025-05-13
967,967,Debit Card,Completed,2024-08-09
968,968,COD,Completed,2023-12-31
969,969,Wallet,Completed,2024-07-12
970,970,Credit Card,Completed,2024-07-17
971,971,Wallet,Completed,2024-04-28
972,972,Credit Card,Completed,2024-10-01
973,973,COD,Refunded,2023-07-22
974,974,Credit Card,Completed,2023-07-17
975,975,Net Banking,Completed,2023-04-09
976,976,Net Banking,Completed,2024-11-25
977,977,COD,Completed,2023-11-25
978,978,Debit Card,Completed,2023-01-14
979,979,COD,Completed,2023-05-03
980,980,Net Banking,Completed,2023-11-09
981,981,COD,Completed,2024-07-29
982,982,Credit Card,Completed,2024-12-07
983,983,COD,Completed,2023-05-14
984,984,COD,Completed,2024-11-12
985,985,UPI,Completed,2023-03-29
986,986,Credit Card,Completed,2023-04-09
987,987,COD,Completed,2024-04-26
988,988,Credit Card,Completed,2024-05-18
989,989,Wallet,Completed,2025-05-19
990,990,Wallet,Completed,2023-07-15
991,991,UPI,Completed,2023-04-17
992,992,UPI,Completed,2023-11-05
993,993,Credit Card,Completed,2024-11-24
994,994,COD,Completed,2023-05-10
995,995,UPI,Completed,2024-08-02
996,996,Wallet,Completed,2023-05-31
997,997,UPI,Completed,2024-01-06
998,998,Wallet,Completed,2024-08-21
999,999,COD,Completed,2023-05-29
1000,1000,Wallet,Completed,2023-09-02
1001,1001,Net Banking,Completed,2024-06-08
1002,1002,UPI,Completed,2023-11-17
1003,1003,Wallet,Completed,2025-06-09
1004,1004,COD,Completed,2024-07-22
1005,1005,UPI,Completed,2025-04-03
1006,1006,Wallet,Completed,2025-02-04
1007,1007,Debit Card,Completed,2024-10-25
1008,1008,COD,Completed,2023-02-24
1009,1009,COD,Completed,2024-06-15
1010,1010,Debit Card,Completed,2023-04-03
1011,1011,UPI,Completed,2024-08-29
1012,1012,Wallet,Completed,2023-10-20
1013,1013,COD,Completed,2023-09-18
1014,1014,Wallet,Completed,2023-04-28
1015,1015,Wallet,Completed,2025-01-19
1016,1016,UPI,Completed,2023-04-13
1017,1017,Credit Card,Completed,2023-08-23
1018,1018,Debit Card,Completed,2025-01-15
1019,1019,Net Banking,Completed,2023-04-24
1020,1020,Credit Card,Completed,2023-05-08
1021,1021,Net Banking,Completed,2023-10-01
1022,1022,Credit Card,Completed,2023-09-26
1023,1023,Debit Card,Completed,2025-06-16
1024,1024,UPI,Completed,2023-06-08
1025,1025,Debit Card,Completed,2024-11-29
1026,1026,Credit Card,Completed,2024-06-23
1027,1027,Credit Card,Completed,2024-12-28
1028,1028,Net Banking,Completed,2024-07-17
1029,1029,UPI,Completed,2025-03-20
1030,1030,Net Banking,Completed,2023-06-18
1031,1031,Debit Card,Completed,2024-07-11
1032,1032,Net Banking,Completed,2024-10-30
1033,1033,Debit Card,Completed,2024-12-28
1034,1034,Debit Card,Completed,2023-03-28
1035,1035,Wallet,Completed,2024-10-02
1036,1036,Net Banking,Completed,2025-06-14
1037,1037,Wallet,Completed,2024-05-02
1038,1038,Wallet,Completed,2025-04-30
1039,1039,Wallet,Completed,2023-05-12
1040,1040,Debit Card,Completed,2023-06-09
1041,1041,Debit Card,Completed,2024-02-17
1042,1042,UPI,Completed,2024-02-18
1043,1043,Net Banking,Completed,2023-04-07
1044,1044,Debit Card,Completed,2023-04-10
1045,1045,COD,Completed,2023-07-04
1046,1046,Debit Card,Completed,2023-05-08
1047,1047,Net Banking,Completed,2023-11-08
1048,1048,Net Banking,Completed,2024-12-01
1049,1049,Debit Card,Completed,2023-03-14
1050,1050,Net Banking,Completed,2023-02-11
1051,1051,Credit Card,Completed,2024-07-05
1052,1052,UPI,Completed,2023-01-02
1053,1053,Credit Card,Completed,2024-06-28
1054,1054,Credit Card,Refunded,2023-01-05
1055,1055,Credit Card,Completed,2024-01-08
1056,1056,Debit Card,Completed,2025-04-04
1057,1057,Wallet,Completed,2023-01-10
1058,1058,UPI,Completed,2023-05-07
1059,1059,COD,Completed,2024-04-03
1060,1060,COD,Completed,2024-09-09
1061,1061,Credit Card,Completed,2024-06-05
1062,1062,UPI,Completed,2023-09-04
1063,1063,Wallet,Completed,2024-03-04
1064,1064,Wallet,Completed,2024-08-10
1065,1065,Net Banking,Completed,2023-02-11
1066,1066,Credit Card,Completed,2025-04-15
1067,1067,Net Banking,Completed,2023-04-24
1068,1068,Debit Card,Completed,2023-12-05
1069,1069,UPI,Completed,2025-05-18
1070,1070,COD,Completed,2023-01-03
1071,1071,Debit Card,Completed,2023-03-18
1072,1072,Net Banking,Completed,2024-12-27
1073,1073,UPI,Completed,2023-09-18
1074,1074,Debit Card,Completed,2024-04-14
1075,1075,COD,Completed,2023-03-21
1076,1076,Wallet,Completed,2024-06-14
1077,1077,UPI,Completed,2025-05-19
1078,1078,COD,Completed,2023-05-30
1079,1079,Wallet,Completed,2024-03-15
1080,1080,Wallet,Completed,2025-04-06
1081,1081,UPI,Completed,2025-05-16
1082,1082,Credit Card,Refunded,2023-04-19
1083,1083,UPI,Completed,2024-03-25
1084,1084,Debit Card,Completed,2024-04-27
1085,1085,Net Banking,Completed,2024-10-04
1086,1086,Credit Card,Completed,2025-03-25
1087,1087,COD,Completed,2024-12-03
1088,1088,Net Banking,Refunded,2024-09-06
1089,1089,Credit Card,Completed,2025-04-14
1090,1090,Credit Card,Completed,2024-07-05
1091,1091,COD,Completed,2023-03-14
1092,1092,COD,Completed,2024-08-16
1093,1093,COD,Completed,2025-02-12
1094,1094,Credit Card,Completed,2024-07-08
1095,1095,UPI,Completed,2023-02-07
1096,1096,COD,Completed,2025-05-05
1097,1097,Wallet,Completed,2023-06-11
1098,1098,Debit Card,Completed,2024-04-24
1099,1099,Net Banking,Completed,2025-04-14
1100,1100,UPI,Completed,2023-10-03
1101,1101,UPI,Completed,2024-12-03
1102,1102,Wallet,Refunded,2023-06-19
1103,1103,Debit Card,Completed,2023-06-28
1104,1104,Wallet,Completed,2025-04-24
1105,1105,COD,Completed,2024-02-28
1106,1106,COD,Completed,2024-02-02
1107,1107,COD,Completed,2023-11-15
1108,1108,Net Banking,Completed,2023-05-09
1109,1109,Wallet,Completed,2023-10-03
1110,1110,Debit Card,Completed,2024-04-22
1111,1111,Net Banking,Completed,2024-11-11
1112,1112,Credit Card,Completed,2023-05-10
1113,1113,Debit Card,Completed,2023-01-07
1114,1114,Credit Card,Completed,2023-09-07
1115,1115,Debit Card,Completed,2023-01-20
1116,1116,COD,Completed,2023-08-27
1117,1117,UPI,Completed,2024-05-28
1118,1118,Net Banking,Completed,2023-07-14
1119,1119,Debit Card,Completed,2025-05-07
1120,1120,COD,Completed,2023-07-25
1121,1121,Debit Card,Completed,2024-11-20
1122,1122,Debit Card,Completed,2023-06-16
1123,1123,Credit Card,Refunded,2024-07-01
1124,1124,Debit Card,Completed,2023-12-25
1125,1125,UPI,Completed,2023-01-19
1126,1126,Net Banking,Completed,2025-03-02
1127,1127,Wallet,Completed,2024-03-09
1128,1128,COD,Completed,2023-08-10
1129,1129,COD,Completed,2025-01-23
1130,1130,Wallet,Completed,2025-03-30
1131,1131,COD,Completed,2024-05-27
1132,1132,Credit Card,Completed,2024-05-10
1133,1133,Net Banking,Completed,2024-06-26
1134,1134,Debit Card,Completed,2024-01-11
1135,1135,Credit Card,Completed,2023-06-02
1136,1136,Net Banking,Completed,2024-07-31
1137,1137,Credit Card,Completed,2024-12-07
1138,1138,Debit Card,Completed,2024-03-02
1139,1139,Debit Card,Completed,2023-08-27
1140,1140,COD,Completed,2025-03-25
1141,1141,COD,Completed,2024-05-19
1142,1142,Credit Card,Completed,2023-05-10
1143,1143,COD,Completed,2023-08-18
1144,1144,UPI,Completed,2025-05-18
1145,1145,Net Banking,Completed,2024-10-21
1146,1146,Net Banking,Completed,2023-08-03
1147,1147,COD,Completed,2024-04-19
1148,1148,Credit Card,Completed,2023-09-10
1149,1149,Credit Card,Completed,2024-06-14
1150,1150,UPI,Completed,2025-03-01
1151,1151,Credit Card,Completed,2025-01-28
1152,1152,Wallet,Completed,2024-06-17
1153,1153,Wallet,Completed,2023-04-11
1154,1154,UPI,Completed,2023-03-30
1155,1155,Debit Card,Refunded,2024-07-23
1156,1156,Credit Card,Completed,2024-05-15
1157,1157,UPI,Completed,2025-02-25
1158,1158,UPI,Completed,2023-08-03
1159,1159,Net Banking,Completed,2023-07-05
1160,1160,UPI,Completed,2023-08-16
1161,1161,UPI,Completed,2024-02-13
1162,1162,COD,Completed,2024-01-13
1163,1163,Debit Card,Completed,2023-02-23
1164,1164,Debit Card,Completed,2025-06-09
1165,1165,Debit Card,Completed,2023-04-05
1166,1166,Credit Card,Completed,2025-02-22
1167,1167,UPI,Completed,2024-01-16
1168,1168,Wallet,Completed,2024-09-23
1169,1169,UPI,Completed,2024-11-28
1170,1170,COD,Completed,2024-10-17
1171,1171,COD,Completed,2023-12-27
1172,1172,UPI,Completed,2023-07-22
1173,1173,Debit Card,Completed,2023-03-31
1174,1174,COD,Completed,2023-02-14
1175,1175,UPI,Completed,2023-05-08
1176,1176,COD,Refunded,2024-04-19
1177,1177,UPI,Completed,2024-01-03
1178,1178,Debit Card,Completed,2024-08-12
1179,1179,Net Banking,Completed,2025-02-25
1180,1180,Net Banking,Completed,2024-12-21
1181,1181,Credit Card,Completed,2024-11-09
1182,1182,Credit Card,Completed,2025-01-01
1183,1183,UPI,Completed,2025-02-19
1184,1184,Debit Card,Completed,2023-06-02
1185,1185,Wallet,Completed,2024-08-20
1186,1186,Wallet,Completed,2025-04-17
1187,1187,COD,Completed,2023-01-23
1188,1188,Credit Card,Completed,2024-01-14
1189,1189,Debit Card,Completed,2025-01-29
1190,1190,Net Banking,Completed,2024-01-06
1191,1191,UPI,Completed,2025-06-19
1192,1192,Credit Card,Completed,2024-11-17
1193,1193,Net Banking,Completed,2023-12-14
1194,1194,COD,Completed,2024-07-07
1195,1195,Credit Card,Completed,2025-05-15
1196,1196,Debit Card,Completed,2024-01-14
1197,1197,UPI,Completed,2025-01-16
1198,1198,UPI,Refunded,2024-04-29
1199,1199,Credit Card,Completed,2024-06-10
1200,1200,Wallet,Completed,2023-07-12
1201,1201,Wallet,Completed,2023-11-30
1202,1202,Wallet,Completed,2023-03-05
1203,1203,Credit Card,Completed,2025-05-25
1204,1204,COD,Completed,2024-10-31
1205,1205,UPI,Completed,2025-03-28
1206,1206,Debit Card,Completed,2024-07-17
1207,1207,COD,Completed,2024-12-30
1208,1208,Net Banking,Completed,2024-12-21
1209,1209,Debit Card,Completed,2025-04-27
1210,1210,COD,Completed,2023-10-15
1211,1211,Net Banking,Completed,2024-07-24
1212,1212,Credit Card,Completed,2024-05-08
1213,1213,Credit Card,Completed,2025-05-04
1214,1214,Net Banking,Completed,2024-05-20
1215,1215,Debit Card,Completed,2024-05-02
1216,1216,Net Banking,Completed,2023-11-15
1217,1217,Credit Card,Completed,2024-12-04
1218,1218,Debit Card,Completed,2025-05-26
1219,1219,Credit Card,Completed,2023-05-22
1220,1220,Net Banking,Completed,2023-10-15
1221,1221,Wallet,Completed,2025-04-30
1222,1222,Wallet,Completed,2024-05-13
1223,1223,Credit Card,Completed,2025-04-01
1224,1224,UPI,Completed,2024-07-09
1225,1225,Wallet,Completed,2024-07-24
1226,1226,Credit Card,Completed,2023-02-15
1227,1227,Credit Card,Completed,2023-07-25
1228,1228,Credit Card,Completed,2023-01-23
1229,1229,COD,Completed,2023-06-30
1230,1230,Net Banking,Completed,2024-02-20
1231,1231,Net Banking,Completed,2024-02-04
1232,1232,Net Banking,Completed,2023-02-14
1233,1233,Credit Card,Refunded,2023-03-05
1234,1234,COD,Completed,2025-04-01
1235,1235,Net Banking,Completed,2023-01-14
1236,1236,Debit Card,Completed,2023-08-19
1237,1237,Net Banking,Completed,2025-01-21
1238,1238,Wallet,Completed,2024-12-29
1239,1239,Net Banking,Completed,2023-04-10
1240,1240,COD,Completed,2024-05-06
1241,1241,Debit Card,Completed,2023-09-05
1242,1242,Wallet,Completed,2025-06-17
1243,1243,Net Banking,Completed,2023-12-23
1244,1244,UPI,Completed,2023-07-30
1245,1245,Debit Card,Completed,2023-11-28
1246,1246,UPI,Completed,2023-04-26
1247,1247,Net Banking,Completed,2023-11-13
1248,1248,Credit Card,Completed,2023-03-29
1249,1249,Net Banking,Completed,2025-02-21
1250,1250,COD,Completed,2025-04-06
1251,1251,Wallet,Completed,2023-01-12
1252,1252,UPI,Completed,2023-03-17
1253,1253,Net Banking,Completed,2024-01-02
1254,1254,UPI,Refunded,2025-03-09
1255,1255,Credit Card,Completed,2024-11-13
1256,1256,UPI,Completed,2024-09-20
1257,1257,Credit Card,Completed,2024-06-03
1258,1258,UPI,Completed,2023-05-24
1259,1259,COD,Completed,2023-01-07
1260,1260,Credit Card,Completed,2024-12-17
1261,1261,Wallet,Completed,2025-02-04
1262,1262,Wallet,Completed,2024-10-08
1263,1263,UPI,Completed,2024-07-23
1264,1264,UPI,Completed,2023-04-24
1265,1265,Debit Card,Completed,2023-07-19
1266,1266,Net Banking,Completed,2024-05-25
1267,1267,UPI,Completed,2024-12-15
1268,1268,COD,Completed,2024-03-30
1269,1269,Credit Card,Completed,2023-09-19
1270,1270,COD,Completed,2023-09-21
1271,1271,UPI,Completed,2024-11-28
1272,1272,Wallet,Refunded,2024-07-26
1273,1273,UPI,Completed,2025-05-02
1274,1274,Net Banking,Completed,2025-04-04
1275,1275,UPI,Completed,2023-01-15
1276,1276,Debit Card,Completed,2025-02-06
1277,1277,Debit Card,Refunded,2024-06-07
1278,1278,Credit Card,Completed,2025-02-16
1279,1279,Wallet,Completed,2024-09-04
1280,1280,Debit Card,Refunded,2024-09-14
1281,1281,Debit Card,Completed,2024-03-31
1282,1282,UPI,Completed,2023-05-09
1283,1283,Net Banking,Completed,2025-05-14
1284,1284,UPI,Completed,2024-11-29
1285,1285,Net Banking,Completed,2023-04-16
1286,1286,COD,Completed,2024-09-18
1287,1287,Wallet,Completed,2023-05-10
1288,1288,COD,Completed,2024-11-13
1289,1289,Wallet,Refunded,2025-06-11
1290,1290,Credit Card,Refunded,2025-03-09
1291,1291,Net Banking,Completed,2023-09-29
1292,1292,Credit Card,Completed,2025-06-10
1293,1293,Net Banking,Completed,2024-08-16
1294,1294,Wallet,Completed,2024-11-27
1295,1295,COD,Refunded,2024-05-17
1296,1296,Debit Card,Completed,2023-06-13
1297,1297,Net Banking,Completed,2023-05-28
1298,1298,Net Banking,Completed,2024-02-29
1299,1299,Credit Card,Completed,2023-07-25
1300,1300,UPI,Completed,2023-09-10
1301,1301,Debit Card,Completed,2025-01-03
1302,1302,UPI,Completed,2023-01-21
1303,1303,Credit Card,Completed,2024-08-28
1304,1304,Wallet,Completed,2023-02-10
1305,1305,Credit Card,Completed,2025-03-19
1306,1306,UPI,Completed,2025-04-04
1307,1307,Credit Card,Completed,2023-04-12
1308,1308,Credit Card,Completed,2024-12-21
1309,1309,Wallet,Completed,2025-02-21
1310,1310,UPI,Completed,2024-01-06
1311,1311,Wallet,Completed,2024-10-28
1312,1312,COD,Completed,2023-07-12
1313,1313,Wallet,Completed,2025-03-28
1314,1314,COD,Completed,2023-08-10
1315,1315,Net Banking,Completed,2025-05-14
1316,1316,Net Banking,Completed,2024-07-19
1317,1317,Debit Card,Completed,2023-07-14
1318,1318,UPI,Completed,2024-10-17
1319,1319,Wallet,Completed,2023-03-17
1320,1320,Wallet,Completed,2025-03-25
1321,1321,Credit Card,Completed,2023-08-13
1322,1322,UPI,Completed,2025-01-23
1323,1323,Debit Card,Completed,2025-04-08
1324,1324,Wallet,Completed,2024-06-16
1325,1325,UPI,Completed,2025-01-01
1326,1326,COD,Refunded,2024-07-18
1327,1327,COD,Completed,2024-12-24
1328,1328,UPI,Completed,2023-02-27
1329,1329,COD,Completed,2025-02-10
1330,1330,Net Banking,Completed,2024-09-23
1331,1331,UPI,Completed,2025-06-17
1332,1332,UPI,Completed,2025-05-12
1333,1333,Net Banking,Completed,2023-01-13
1334,1334,Debit Card,Completed,2023-09-17
1335,1335,Net Banking,Completed,2023-05-08
1336,1336,Wallet,Completed,2024-07-30
1337,1337,UPI,Completed,2023-07-30
1338,1338,Debit Card,Refunded,2025-06-12
1339,1339,COD,Refunded,2023-07-22
1340,1340,COD,Completed,2023-08-06
1341,1341,Debit Card,Completed,2023-05-19
1342,1342,UPI,Completed,2023-08-29
1343,1343,COD,Completed,2023-01-12
1344,1344,Credit Card,Completed,2025-05-15
1345,1345,Wallet,Completed,2023-08-19
1346,1346,UPI,Completed,2024-02-20
1347,1347,COD,Completed,2025-06-16
1348,1348,Debit Card,Completed,2025-03-21
1349,1349,Debit Card,Completed,2023-11-14
1350,1350,Credit Card,Completed,2025-02-18
1351,1351,Credit Card,Completed,2025-05-18
1352,1352,Credit Card,Refunded,2023-06-05
1353,1353,Credit Card,Completed,2024-06-14
1354,1354,Net Banking,Completed,2024-05-12
1355,1355,Net Banking,Refunded,2023-09-16
1356,1356,Wallet,Completed,2023-12-16
1357,1357,UPI,Completed,2024-01-02
1358,1358,COD,Completed,2024-07-26
1359,1359,COD,Completed,2023-09-18
1360,1360,Wallet,Completed,2023-11-02
1361,1361,UPI,Completed,2023-12-04
1362,1362,Wallet,Completed,2023-10-08
1363,1363,Net Banking,Completed,2023-03-03
1364,1364,UPI,Completed,2023-05-25
1365,1365,COD,Completed,2024-06-22
1366,1366,Debit Card,Completed,2024-11-02
1367,1367,Debit Card,Completed,2023-06-07
1368,1368,Debit Card,Completed,2025-03-12
1369,1369,Debit Card,Completed,2024-09-12
1370,1370,Debit Card,Completed,2024-10-15
1371,1371,Net Banking,Refunded,2023-12-18
1372,1372,UPI,Completed,2024-01-30
1373,1373,Wallet,Completed,2023-01-30
1374,1374,Debit Card,Completed,2023-10-05
1375,1375,Wallet,Completed,2024-11-16
1376,1376,UPI,Completed,2023-12-27
1377,1377,COD,Completed,2024-08-24
1378,1378,Debit Card,Completed,2023-12-06
1379,1379,Net Banking,Completed,2024-08-14
1380,1380,Debit Card,Completed,2023-06-25
1381,1381,COD,Completed,2023-04-25
1382,1382,Wallet,Completed,2025-01-14
1383,1383,Credit Card,Completed,2023-01-22
1384,1384,UPI,Completed,2024-09-25
1385,1385,Wallet,Completed,2025-01-20
1386,1386,COD,Completed,2025-04-11
1387,1387,Wallet,Completed,2024-03-29
1388,1388,Debit Card,Completed,2023-09-27
1389,1389,Debit Card,Completed,2023-01-08
1390,1390,Debit Card,Completed,2023-10-24
1391,1391,Wallet,Completed,2025-05-01
1392,1392,COD,Completed,2023-11-18
1393,1393,COD,Completed,2024-11-28
1394,1394,Net Banking,Completed,2024-09-11
1395,1395,Wallet,Completed,2024-01-06
1396,1396,Credit Card,Completed,2025-05-25
1397,1397,COD,Completed,2024-01-08
1398,1398,Net Banking,Completed,2025-02-28
1399,1399,COD,Completed,2023-07-19
1400,1400,Wallet,Completed,2023-01-22
1401,1401,Credit Card,Completed,2025-01-14
1402,1402,Wallet,Completed,2024-02-26
1403,1403,Credit Card,Completed,2024-10-19
1404,1404,Net Banking,Completed,2025-05-22
1405,1405,UPI,Completed,2024-08-12
1406,1406,Wallet,Refunded,2025-01-27
1407,1407,COD,Completed,2024-07-18
1408,1408,Debit Card,Completed,2024-09-23
1409,1409,Net Banking,Completed,2023-06-13
1410,1410,UPI,Completed,2023-04-20
1411,1411,UPI,Completed,2023-10-23
1412,1412,Net Banking,Completed,2023-10-26
1413,1413,Debit Card,Completed,2024-11-15
1414,1414,Debit Card,Completed,2023-02-27
1415,1415,COD,Completed,2024-11-02
1416,1416,COD,Completed,2023-12-19
1417,1417,UPI,Completed,2024-05-03
1418,1418,Wallet,Completed,2024-10-20
1419,1419,Debit Card,Refunded,2023-12-03
1420,1420,COD,Completed,2024-05-16
1421,1421,Wallet,Completed,2023-02-23
1422,1422,Wallet,Completed,2023-09-14
1423,1423,UPI,Completed,2024-07-21
1424,1424,UPI,Completed,2025-03-21
1425,1425,Wallet,Completed,2024-04-06
1426,1426,UPI,Completed,2024-11-17
1427,1427,Net Banking,Completed,2025-05-25
1428,1428,Credit Card,Completed,2023-03-19
1429,1429,Net Banking,Completed,2023-05-20
1430,1430,Debit Card,Completed,2025-05-30
1431,1431,Credit Card,Refunded,2023-06-20
1432,1432,Wallet,Completed,2023-05-24
1433,1433,COD,Completed,2023-12-05
1434,1434,UPI,Completed,2023-02-21
1435,1435,Credit Card,Completed,2023-08-03
1436,1436,Credit Card,Completed,2024-01-10
1437,1437,Credit Card,Completed,2023-10-31
1438,1438,UPI,Completed,2023-11-26
1439,1439,COD,Completed,2023-01-24
1440,1440,Debit Card,Completed,2024-07-11
1441,1441,Net Banking,Completed,2023-07-06
1442,1442,UPI,Completed,2024-11-11
1443,1443,Debit Card,Completed,2024-11-13
1444,1444,Net Banking,Completed,2024-02-22
1445,1445,Wallet,Completed,2023-11-02
1446,1446,Credit Card,Completed,2024-10-28
1447,1447,UPI,Completed,2025-05-10
1448,1448,UPI,Completed,2024-08-01
1449,1449,Wallet,Completed,2023-04-25
1450,1450,Net Banking,Completed,2024-12-13
1451,1451,Credit Card,Completed,2024-11-03
1452,1452,Wallet,Completed,2023-02-10
1453,1453,Net Banking,Completed,2025-02-19
1454,1454,Wallet,Completed,2025-05-06
1455,1455,COD,Completed,2024-05-04
1456,1456,COD,Completed,2024-04-07
1457,1457,Debit Card,Completed,2023-03-20
1458,1458,Net Banking,Completed,2024-08-04
1459,1459,Debit Card,Completed,2023-02-26
1460,1460,UPI,Completed,2023-05-02
1461,1461,COD,Completed,2023-04-07
1462,1462,Net Banking,Completed,2023-01-26
1463,1463,Net Banking,Completed,2024-03-12
1464,1464,Wallet,Completed,2024-11-29
1465,1465,Debit Card,Completed,2025-01-23
1466,1466,Debit Card,Completed,2024-04-14
1467,1467,Credit Card,Completed,2025-05-28
1468,1468,Wallet,Completed,2024-05-12
1469,1469,Credit Card,Completed,2024-07-21
1470,1470,UPI,Completed,2024-05-11
1471,1471,Net Banking,Completed,2023-10-12
1472,1472,COD,Completed,2023-04-22
1473,1473,Net Banking,Completed,2023-04-12
1474,1474,COD,Completed,2023-05-28
1475,1475,Credit Card,Refunded,2024-09-06
1476,1476,Net Banking,Completed,2024-02-18
1477,1477,COD,Completed,2024-05-30
1478,1478,COD,Completed,2024-08-06
1479,1479,UPI,Completed,2024-12-22
1480,1480,Wallet,Completed,2023-07-18
1481,1481,Wallet,Refunded,2025-06-18
1482,1482,Debit Card,Completed,2025-01-14
1483,1483,Wallet,Completed,2025-03-17
1484,1484,Debit Card,Completed,2024-05-19
1485,1485,Credit Card,Completed,2024-11-27
1486,1486,COD,Completed,2023-08-21
1487,1487,Net Banking,Completed,2023-11-10
1488,1488,Debit Card,Completed,2023-04-17
1489,1489,Wallet,Completed,2023-06-25
1490,1490,Wallet,Completed,2023-10-16
1491,1491,Net Banking,Completed,2024-10-01
1492,1492,Debit Card,Completed,2023-10-01
1493,1493,Wallet,Completed,2024-10-16
1494,1494,Debit Card,Completed,2023-02-12
1495,1495,Wallet,Completed,2023-08-29
1496,1496,Debit Card,Completed,2024-06-19
1497,1497,Credit Card,Completed,2025-02-27
1498,1498,Credit Card,Completed,2025-04-20
1499,1499,UPI,Completed,2024-10-17
1500,1500,Wallet,Completed,2024-05-31
1501,1501,Net Banking,Completed,2024-11-18
1502,1502,COD,Completed,2024-08-31
1503,1503,Debit Card,Completed,2024-09-14
1504,1504,COD,Completed,2023-01-14
1505,1505,UPI,Completed,2023-01-01
1506,1506,Debit Card,Completed,2023-08-16
1507,1507,Credit Card,Completed,2023-04-16
1508,1508,Wallet,Completed,2025-03-26
1509,1509,UPI,Completed,2024-03-11
1510,1510,Wallet,Completed,2024-09-03
1511,1511,Credit Card,Completed,2024-02-27
1512,1512,Credit Card,Completed,2023-01-18
1513,1513,UPI,Completed,2024-10-07
1514,1514,Wallet,Completed,2023-06-21
1515,1515,Wallet,Completed,2025-01-02
1516,1516,Credit Card,Completed,2025-03-11
1517,1517,Net Banking,Completed,2023-08-15
1518,1518,COD,Completed,2024-03-15
1519,1519,Wallet,Completed,2024-04-09
1520,1520,Wallet,Completed,2023-02-15
1521,1521,COD,Completed,2024-05-19
1522,1522,Wallet,Completed,2023-10-18
1523,1523,Debit Card,Refunded,2024-04-25
1524,1524,Wallet,Completed,2024-11-14
1525,1525,COD,Completed,2024-02-16
1526,1526,Wallet,Completed,2024-04-24
1527,1527,Net Banking,Completed,2025-04-11
1528,1528,UPI,Completed,2023-11-10
1529,1529,Net Banking,Completed,2023-12-08
1530,1530,COD,Completed,2023-06-01
1531,1531,UPI,Completed,2024-05-06
1532,1532,Net Banking,Completed,2025-01-19
1533,1533,Credit Card,Completed,2024-06-26
1534,1534,COD,Completed,2024-01-01
1535,1535,Wallet,Completed,2024-07-26
1536,1536,UPI,Completed,2024-09-01
1537,1537,Credit Card,Completed,2023-11-11
1538,1538,Debit Card,Completed,2023-08-25
1539,1539,COD,Completed,2024-08-26
1540,1540,Net Banking,Refunded,2023-01-14
1541,1541,COD,Completed,2023-08-04
1542,1542,Net Banking,Completed,2023-04-20
1543,1543,Debit Card,Completed,2024-05-16
1544,1544,COD,Refunded,2024-02-22
1545,1545,Debit Card,Completed,2023-01-17
1546,1546,COD,Completed,2023-08-15
1547,1547,COD,Completed,2023-02-23
1548,1548,Net Banking,Completed,2023-01-28
1549,1549,Net Banking,Completed,2024-11-04
1550,1550,Debit Card,Completed,2023-11-24
1551,1551,COD,Completed,2023-06-16
1552,1552,Net Banking,Completed,2023-08-23
1553,1553,Debit Card,Completed,2024-03-07
1554,1554,Wallet,Completed,2023-10-12
1555,1555,Net Banking,Completed,2023-09-08
1556,1556,Credit Card,Completed,2025-03-29
1557,1557,Wallet,Completed,2024-08-07
1558,1558,COD,Completed,2023-09-11
1559,1559,Wallet,Completed,2024-08-17
1560,1560,Credit Card,Completed,2024-01-24
1561,1561,COD,Completed,2024-09-14
1562,1562,Net Banking,Completed,2024-02-08
1563,1563,COD,Completed,2024-12-31
1564,1564,COD,Completed,2024-03-12
1565,1565,Net Banking,Completed,2024-11-30
1566,1566,Credit Card,Completed,2024-02-27
1567,1567,Net Banking,Completed,2025-01-04
1568,1568,Net Banking,Completed,2024-08-16
1569,1569,Wallet,Completed,2023-02-01
1570,1570,Wallet,Completed,2024-09-01
1571,1571,Net Banking,Completed,2025-04-18
1572,1572,UPI,Refunded,2025-05-24
1573,1573,Debit Card,Completed,2024-06-22
1574,1574,COD,Refunded,2023-08-07
1575,1575,Net Banking,Completed,2023-06-21
1576,1576,UPI,Completed,2024-03-19
1577,1577,COD,Completed,2023-01-21
1578,1578,Credit Card,Completed,2024-12-25
1579,1579,Debit Card,Completed,2023-11-19
1580,1580,UPI,Completed,2023-07-07
1581,1581,COD,Completed,2024-04-28
1582,1582,UPI,Completed,2023-08-16
1583,1583,UPI,Completed,2025-06-04
1584,1584,COD,Completed,2023-12-02
1585,1585,Wallet,Completed,2024-01-04
1586,1586,UPI,Completed,2024-01-15
1587,1587,Debit Card,Completed,2023-10-12
1588,1588,COD,Completed,2024-02-15
1589,1589,Credit Card,Completed,2023-07-09
1590,1590,UPI,Completed,2024-03-01
1591,1591,Debit Card,Completed,2024-03-16
1592,1592,Debit Card,Completed,2023-05-23
1593,1593,COD,Completed,2025-02-11
1594,1594,COD,Completed,2024-12-13
1595,1595,Net Banking,Completed,2024-06-24
1596,1596,COD,Completed,2025-04-03
1597,1597,Net Banking,Completed,2024-08-26
1598,1598,Debit Card,Completed,2024-02-28
1599,1599,Wallet,Completed,2024-10-03
1600,1600,COD,Completed,2024-01-08
1601,1601,Credit Card,Completed,2024-05-21
1602,1602,Debit Card,Completed,2023-06-26
1603,1603,Credit Card,Completed,2025-03-17
1604,1604,UPI,Completed,2024-11-22
1605,1605,Net Banking,Completed,2023-02-24
1606,1606,Wallet,Completed,2023-05-16
1607,1607,UPI,Completed,2023-08-18
1608,1608,Net Banking,Completed,2023-03-22
1609,1609,UPI,Completed,2024-05-07
1610,1610,Wallet,Completed,2023-08-17
1611,1611,Net Banking,Completed,2024-08-18
1612,1612,COD,Completed,2024-10-23
1613,1613,UPI,Completed,2025-01-07
1614,1614,COD,Completed,2023-12-26
1615,1615,Debit Card,Completed,2023-05-07
1616,1616,Debit Card,Completed,2023-03-12
1617,1617,Debit Card,Completed,2024-06-16
1618,1618,Net Banking,Completed,2023-06-17
1619,1619,UPI,Completed,2025-05-28
1620,1620,Wallet,Completed,2023-09-07
1621,1621,Credit Card,Completed,2024-06-24
1622,1622,COD,Completed,2024-06-13
1623,1623,Net Banking,Completed,2025-04-11
1624,1624,Credit Card,Completed,2025-01-19
1625,1625,Credit Card,Completed,2024-03-11
1626,1626,Wallet,Refunded,2023-10-16
1627,1627,Net Banking,Completed,2023-05-21
1628,1628,Wallet,Completed,2025-03-13
1629,1629,UPI,Completed,2025-03-10
1630,1630,Debit Card,Completed,2023-10-11
1631,1631,Net Banking,Completed,2024-11-21
1632,1632,Wallet,Completed,2023-04-02
1633,1633,Wallet,Refunded,2025-04-01
1634,1634,COD,Completed,2024-01-29
1635,1635,COD,Completed,2024-09-12
1636,1636,COD,Completed,2024-03-21
1637,1637,Net Banking,Completed,2024-04-28
1638,1638,Wallet,Completed,2024-05-30
1639,1639,Net Banking,Completed,2023-03-22
1640,1640,Wallet,Completed,2024-01-10
1641,1641,COD,Completed,2024-04-17
1642,1642,Credit Card,Completed,2024-02-10
1643,1643,Credit Card,Completed,2024-11-16
1644,1644,Debit Card,Completed,2024-01-05
1645,1645,COD,Completed,2023-10-13
1646,1646,Debit Card,Completed,2023-11-25
1647,1647,Credit Card,Completed,2025-04-03
1648,1648,Credit Card,Completed,2025-06-07
1649,1649,Debit Card,Completed,2023-04-02
1650,1650,COD,Completed,2023-11-08
1651,1651,COD,Completed,2024-06-17
1652,1652,Credit Card,Completed,2024-01-22
1653,1653,Credit Card,Completed,2024-08-27
1654,1654,Credit Card,Completed,2024-03-24
1655,1655,Credit Card,Completed,2023-01-19
1656,1656,COD,Completed,2024-11-08
1657,1657,Credit Card,Completed,2025-01-15
1658,1658,Debit Card,Completed,2023-03-29
1659,1659,Debit Card,Completed,2025-04-16
1660,1660,Credit Card,Completed,2025-04-02
1661,1661,Wallet,Completed,2023-01-06
1662,1662,Debit Card,Completed,2025-04-23
1663,1663,Credit Card,Completed,2025-02-04
1664,1664,Wallet,Completed,2023-11-14
1665,1665,Wallet,Completed,2025-06-18
1666,1666,Net Banking,Completed,2025-04-07
1667,1667,Wallet,Completed,2023-11-22
1668,1668,UPI,Completed,2025-03-12
1669,1669,Net Banking,Refunded,2024-11-19
1670,1670,COD,Completed,2024-01-23
1671,1671,Net Banking,Completed,2023-10-03
1672,1672,Debit Card,Completed,2025-01-09
1673,1673,Debit Card,Completed,2023-01-25
1674,1674,Wallet,Completed,2023-09-09
1675,1675,COD,Completed,2024-09-26
1676,1676,Credit Card,Completed,2024-06-23
1677,1677,UPI,Refunded,2025-01-10
1678,1678,Net Banking,Completed,2023-05-19
1679,1679,Credit Card,Completed,2023-10-08
1680,1680,COD,Refunded,2025-02-16
1681,1681,UPI,Completed,2024-04-21
1682,1682,Wallet,Completed,2024-07-07
1683,1683,Credit Card,Completed,2023-09-01
1684,1684,Debit Card,Completed,2023-06-15
1685,1685,COD,Completed,2023-10-09
1686,1686,Net Banking,Completed,2024-06-01
1687,1687,Net Banking,Completed,2023-12-10
1688,1688,Net Banking,Completed,2024-08-27
1689,1689,Credit Card,Completed,2023-11-13
1690,1690,COD,Completed,2023-08-11
1691,1691,UPI,Completed,2024-12-03
1692,1692,Wallet,Completed,2024-05-10
1693,1693,Net Banking,Completed,2023-10-14
1694,1694,Credit Card,Completed,2024-05-22
1695,1695,UPI,Completed,2023-01-01
1696,1696,Credit Card,Completed,2024-10-10
1697,1697,UPI,Completed,2024-09-19
1698,1698,COD,Completed,2025-01-04
1699,1699,Credit Card,Completed,2023-09-29
1700,1700,COD,Completed,2025-05-28
1701,1701,UPI,Completed,2024-02-28
1702,1702,Wallet,Completed,2023-08-16
1703,1703,Wallet,Completed,2025-01-13
1704,1704,COD,Completed,2025-01-13
1705,1705,Credit Card,Refunded,2023-12-17
1706,1706,Debit Card,Completed,2023-07-04
1707,1707,Debit Card,Refunded,2023-12-03
1708,1708,COD,Completed,2025-05-12
1709,1709,Debit Card,Completed,2025-02-05
1710,1710,UPI,Completed,2024-07-19
1711,1711,Wallet,Completed,2025-01-31
1712,1712,Credit Card,Completed,2024-10-26
1713,1713,Debit Card,Refunded,2023-06-17
1714,1714,Net Banking,Completed,2025-05-26
1715,1715,UPI,Completed,2023-09-20
1716,1716,Debit Card,Completed,2025-01-11
1717,1717,COD,Completed,2025-02-21
1718,1718,Net Banking,Completed,2023-12-07
1719,1719,Credit Card,Completed,2025-03-22
1720,1720,UPI,Completed,2025-03-14
1721,1721,UPI,Completed,2023-12-07
1722,1722,Wallet,Completed,2025-03-12
1723,1723,Net Banking,Completed,2025-02-24
1724,1724,Net Banking,Completed,2023-01-06
1725,1725,Credit Card,Completed,2023-11-05
1726,1726,UPI,Completed,2023-05-25
1727,1727,Credit Card,Completed,2025-05-21
1728,1728,Debit Card,Completed,2024-07-28
1729,1729,COD,Completed,2024-08-26
1730,1730,Net Banking,Completed,2023-01-08
1731,1731,UPI,Completed,2024-01-19
1732,1732,Wallet,Completed,2023-06-03
1733,1733,COD,Completed,2023-12-03
1734,1734,Credit Card,Completed,2024-03-05
1735,1735,Debit Card,Completed,2023-12-22
1736,1736,Debit Card,Completed,2024-04-06
1737,1737,Credit Card,Completed,2024-05-29
1738,1738,COD,Completed,2024-02-05
1739,1739,Wallet,Completed,2024-06-18
1740,1740,COD,Completed,2025-04-20
1741,1741,Debit Card,Completed,2023-08-20
1742,1742,Credit Card,Completed,2023-01-01
1743,1743,Credit Card,Completed,2024-12-27
1744,1744,Wallet,Completed,2023-09-17
1745,1745,UPI,Completed,2023-11-30
1746,1746,UPI,Completed,2023-05-20
1747,1747,Debit Card,Completed,2023-10-05
1748,1748,COD,Completed,2025-01-02
1749,1749,Net Banking,Completed,2024-01-13
1750,1750,Net Banking,Completed,2023-05-08
1751,1751,UPI,Completed,2024-02-20
1752,1752,COD,Completed,2024-04-21
1753,1753,Net Banking,Completed,2025-05-25
1754,1754,COD,Completed,2024-06-19
1755,1755,UPI,Completed,2023-11-27
1756,1756,Debit Card,Completed,2023-06-20
1757,1757,Debit Card,Completed,2023-02-06
1758,1758,COD,Completed,2024-03-25
1759,1759,Debit Card,Completed,2025-05-12
1760,1760,Net Banking,Completed,2024-09-13
1761,1761,Debit Card,Completed,2025-05-17
1762,1762,Net Banking,Completed,2023-06-01
1763,1763,Net Banking,Completed,2025-04-20
1764,1764,UPI,Completed,2024-12-01
1765,1765,Debit Card,Completed,2023-06-17
1766,1766,Credit Card,Completed,2024-12-09
1767,1767,UPI,Completed,2023-08-19
1768,1768,Credit Card,Completed,2024-03-17
1769,1769,UPI,Completed,2023-08-06
1770,1770,Net Banking,Completed,2023-11-10
1771,1771,Net Banking,Completed,2023-06-10
1772,1772,Net Banking,Completed,2023-06-19
1773,1773,UPI,Completed,2023-11-25
1774,1774,Net Banking,Completed,2023-03-27
1775,1775,Credit Card,Completed,2023-09-12
1776,1776,COD,Completed,2024-03-10
1777,1777,Net Banking,Completed,2023-01-23
1778,1778,Credit Card,Completed,2024-02-20
1779,1779,COD,Completed,2024-03-26
1780,1780,Wallet,Completed,2023-07-01
1781,1781,Debit Card,Completed,2024-01-02
1782,1782,COD,Completed,2024-09-29
1783,1783,Credit Card,Completed,2024-04-23
1784,1784,Debit Card,Completed,2025-04-18
1785,1785,Debit Card,Completed,2023-03-16
1786,1786,Credit Card,Completed,2024-12-31
1787,1787,Debit Card,Completed,2023-06-07
1788,1788,Credit Card,Completed,2024-05-15
1789,1789,Wallet,Completed,2023-06-26
1790,1790,Debit Card,Completed,2025-02-18
1791,1791,COD,Completed,2025-03-14
1792,1792,Net Banking,Completed,2024-04-24
1793,1793,Wallet,Completed,2025-04-05
1794,1794,Debit Card,Completed,2023-11-10
1795,1795,UPI,Completed,2023-07-22
1796,1796,COD,Completed,2023-09-05
1797,1797,COD,Completed,2023-10-21
1798,1798,Credit Card,Refunded,2025-05-03
1799,1799,UPI,Refunded,2024-07-15
1800,1800,Net Banking,Completed,2025-03-20
1801,1801,Credit Card,Completed,2023-06-03
1802,1802,UPI,Completed,2023-11-02
1803,1803,Net Banking,Completed,2024-10-27
1804,1804,Wallet,Completed,2025-05-09
1805,1805,Net Banking,Completed,2024-06-18
1806,1806,Debit Card,Completed,2024-03-14
1807,1807,Debit Card,Completed,2024-07-25
1808,1808,UPI,Completed,2025-05-12
1809,1809,Wallet,Completed,2023-11-23
1810,1810,Debit Card,Completed,2025-05-28
1811,1811,UPI,Completed,2024-12-03
1812,1812,Credit Card,Completed,2024-02-18
1813,1813,COD,Completed,2024-03-16
1814,1814,UPI,Completed,2024-05-23
1815,1815,COD,Completed,2023-06-05
1816,1816,Credit Card,Completed,2023-12-23
1817,1817,COD,Completed,2024-12-27
1818,1818,Debit Card,Completed,2025-04-12
1819,1819,UPI,Completed,2023-06-21
1820,1820,UPI,Completed,2024-04-06
1821,1821,Wallet,Completed,2023-09-10
1822,1822,Wallet,Completed,2023-11-14
1823,1823,Debit Card,Refunded,2025-05-17
1824,1824,Debit Card,Completed,2024-08-19
1825,1825,Debit Card,Completed,2025-03-17
1826,1826,Wallet,Completed,2023-09-12
1827,1827,UPI,Refunded,2023-01-22
1828,1828,UPI,Completed,2024-08-10
1829,1829,Credit Card,Completed,2023-02-05
1830,1830,Debit Card,Completed,2024-06-19
1831,1831,COD,Completed,2024-01-24
1832,1832,Debit Card,Refunded,2025-02-12
1833,1833,Wallet,Completed,2025-03-16
1834,1834,Credit Card,Completed,2024-09-06
1835,1835,UPI,Completed,2023-09-25
1836,1836,COD,Completed,2023-08-06
1837,1837,Net Banking,Completed,2024-04-03
1838,1838,Net Banking,Completed,2023-05-20
1839,1839,UPI,Completed,2024-06-14
1840,1840,Wallet,Completed,2024-08-08
1841,1841,Net Banking,Completed,2024-07-24
1842,1842,COD,Completed,2023-08-22
1843,1843,Wallet,Completed,2023-08-02
1844,1844,Debit Card,Completed,2023-03-16
1845,1845,Credit Card,Completed,2024-01-02
1846,1846,Wallet,Completed,2024-03-16
1847,1847,Net Banking,Completed,2024-04-05
1848,1848,COD,Refunded,2023-04-20
1849,1849,Debit Card,Completed,2023-07-16
1850,1850,Net Banking,Completed,2023-11-14
1851,1851,UPI,Completed,2024-11-19
1852,1852,COD,Completed,2023-08-29
1853,1853,UPI,Completed,2023-08-27
1854,1854,Credit Card,Completed,2025-01-15
1855,1855,Credit Card,Completed,2023-07-12
1856,1856,Credit Card,Completed,2024-10-07
1857,1857,UPI,Completed,2025-06-03
1858,1858,COD,Completed,2023-04-19
1859,1859,COD,Completed,2024-12-11
1860,1860,Wallet,Completed,2023-05-11
1861,1861,Debit Card,Completed,2023-01-12
1862,1862,UPI,Completed,2025-02-12
1863,1863,Net Banking,Completed,2024-01-25
1864,1864,COD,Completed,2023-01-13
1865,1865,Net Banking,Completed,2024-08-29
1866,1866,COD,Completed,2023-07-17
1867,1867,Debit Card,Completed,2023-10-01
1868,1868,Net Banking,Completed,2023-02-24
1869,1869,Credit Card,Completed,2024-03-12
1870,1870,Wallet,Completed,2025-05-30
1871,1871,Net Banking,Completed,2025-01-21
1872,1872,COD,Completed,2024-08-31
1873,1873,Debit Card,Completed,2024-10-27
1874,1874,UPI,Completed,2024-01-08
1875,1875,Net Banking,Completed,2025-03-24
1876,1876,UPI,Completed,2023-09-23
1877,1877,COD,Completed,2023-08-21
1878,1878,Credit Card,Completed,2024-01-11
1879,1879,UPI,Completed,2023-01-14
1880,1880,Net Banking,Completed,2024-03-21
1881,1881,Net Banking,Completed,2023-12-08
1882,1882,UPI,Completed,2024-11-15
1883,1883,Credit Card,Completed,2024-05-29
1884,1884,Debit Card,Completed,2025-04-08
1885,1885,Net Banking,Completed,2023-05-16
1886,1886,Wallet,Completed,2024-04-26
1887,1887,COD,Refunded,2024-04-04
1888,1888,Debit Card,Completed,2023-11-19
1889,1889,Net Banking,Completed,2025-01-22
1890,1890,UPI,Completed,2023-01-16
1891,1891,Debit Card,Completed,2025-05-10
1892,1892,COD,Completed,2024-12-22
1893,1893,Wallet,Completed,2023-06-07
1894,1894,COD,Completed,2024-04-25
1895,1895,Wallet,Completed,2023-08-17
1896,1896,Debit Card,Completed,2024-05-22
1897,1897,Net Banking,Completed,2023-11-22
1898,1898,Wallet,Completed,2023-11-26
1899,1899,Debit Card,Completed,2023-07-18
1900,1900,Debit Card,Completed,2023-03-01
1901,1901,COD,Completed,2024-08-18
1902,1902,Credit Card,Completed,2024-12-11
1903,1903,Debit Card,Completed,2023-07-03
1904,1904,Net Banking,Completed,2025-05-18
1905,1905,Debit Card,Completed,2023-05-06
1906,1906,Wallet,Completed,2024-11-23
1907,1907,UPI,Completed,2024-04-18
1908,1908,Wallet,Completed,2024-03-07
1909,1909,Credit Card,Completed,2023-06-21
1910,1910,Net Banking,Completed,2024-01-12
1911,1911,UPI,Completed,2025-04-08
1912,1912,Credit Card,Refunded,2023-12-10
1913,1913,UPI,Completed,2023-04-11
1914,1914,Credit Card,Completed,2024-01-20
1915,1915,Net Banking,Completed,2025-01-23
1916,1916,Net Banking,Completed,2023-11-19
1917,1917,Net Banking,Completed,2025-06-09
1918,1918,COD,Completed,2024-04-30
1919,1919,Net Banking,Completed,2024-01-13
1920,1920,UPI,Refunded,2023-04-28
1921,1921,Wallet,Completed,2025-04-28
1922,1922,COD,Completed,2023-12-04
1923,1923,Net Banking,Completed,2023-12-15
1924,1924,Debit Card,Completed,2023-11-18
1925,1925,Credit Card,Completed,2024-03-09
1926,1926,Debit Card,Refunded,2023-05-12
1927,1927,COD,Completed,2024-09-08
1928,1928,COD,Completed,2023-02-03
1929,1929,Wallet,Completed,2023-09-23
1930,1930,Wallet,Completed,2024-07-26
1931,1931,Net Banking,Completed,2023-09-18
1932,1932,UPI,Completed,2024-08-27
1933,1933,UPI,Completed,2023-02-06
1934,1934,COD,Completed,2023-03-31
1935,1935,Wallet,Completed,2025-06-11
1936,1936,Debit Card,Completed,2024-04-20
1937,1937,Net Banking,Completed,2025-05-23
1938,1938,Debit Card,Completed,2025-01-06
1939,1939,Credit Card,Completed,2024-12-21
1940,1940,UPI,Completed,2024-11-25
1941,1941,Net Banking,Completed,2023-01-18
1942,1942,UPI,Completed,2023-02-18
1943,1943,Credit Card,Completed,2023-02-11
1944,1944,COD,Completed,2024-07-08
1945,1945,Net Banking,Completed,2025-01-28
1946,1946,Wallet,Completed,2023-12-10
1947,1947,Wallet,Completed,2024-01-25
1948,1948,UPI,Completed,2023-01-16
1949,1949,Wallet,Completed,2025-01-14
1950,1950,Net Banking,Completed,2024-05-29
1951,1951,Net Banking,Completed,2024-03-11
1952,1952,Wallet,Completed,2023-08-04
1953,1953,UPI,Completed,2024-01-16
1954,1954,COD,Completed,2023-07-13
1955,1955,Debit Card,Completed,2024-01-13
1956,1956,UPI,Completed,2025-05-06
1957,1957,Credit Card,Completed,2023-03-01
1958,1958,Wallet,Completed,2024-08-26
1959,1959,Credit Card,Completed,2024-04-23
1960,1960,Credit Card,Completed,2023-08-20
1961,1961,Credit Card,Completed,2024-01-04
1962,1962,Wallet,Completed,2024-05-12
1963,1963,Debit Card,Completed,2025-04-01
1964,1964,UPI,Completed,2024-10-26
1965,1965,Wallet,Completed,2024-09-03
1966,1966,Credit Card,Completed,2024-12-11
1967,1967,UPI,Completed,2023-10-31
1968,1968,Credit Card,Completed,2024-09-12
1969,1969,Net Banking,Completed,2025-06-13
1970,1970,Credit Card,Completed,2024-06-07
1971,1971,UPI,Completed,2025-05-06
1972,1972,UPI,Completed,2024-09-21
1973,1973,Credit Card,Completed,2023-06-21
1974,1974,COD,Completed,2023-05-26
1975,1975,COD,Completed,2024-10-24
1976,1976,UPI,Completed,2023-03-15
1977,1977,Debit Card,Completed,2025-01-17
1978,1978,Debit Card,Completed,2023-11-04
1979,1979,Net Banking,Completed,2024-01-24
1980,1980,Net Banking,Completed,2025-02-12
1981,1981,Wallet,Completed,2024-12-21
1982,1982,COD,Completed,2023-07-14
1983,1983,Net Banking,Completed,2023-06-22
1984,1984,Net Banking,Completed,2025-01-18
1985,1985,COD,Completed,2023-12-08
1986,1986,Credit Card,Completed,2024-05-10
1987,1987,UPI,Completed,2023-08-13
1988,1988,UPI,Completed,2025-02-24
1989,1989,Net Banking,Completed,2023-08-15
1990,1990,COD,Refunded,2024-05-28
1991,1991,Credit Card,Completed,2023-01-08
1992,1992,COD,Completed,2025-05-19
1993,1993,Credit Card,Completed,2023-04-29
1994,1994,Wallet,Completed,2024-10-09
1995,1995,UPI,Completed,2023-05-26
1996,1996,Wallet,Completed,2023-02-01
1997,1997,Credit Card,Completed,2023-11-12
1998,1998,COD,Refunded,2023-03-08
1999,1999,Wallet,Completed,2023-11-04
2000,2000,Net Banking,Completed,2024-02-15
2001,2001,UPI,Completed,2024-01-20
2002,2002,Credit Card,Completed,2024-06-30
2003,2003,Credit Card,Completed,2024-11-30
2004,2004,Net Banking,Completed,2025-04-09
2005,2005,COD,Refunded,2023-07-12
2006,2006,COD,Completed,2023-06-30
2007,2007,UPI,Refunded,2024-10-21
2008,2008,Wallet,Completed,2025-02-12
2009,2009,Wallet,Completed,2024-04-12
2010,2010,UPI,Completed,2024-12-14
2011,2011,Wallet,Completed,2024-01-22
2012,2012,COD,Completed,2023-11-30
2013,2013,UPI,Completed,2024-07-03
2014,2014,COD,Completed,2023-10-30
2015,2015,COD,Completed,2023-03-05
2016,2016,Debit Card,Completed,2024-05-10
2017,2017,Net Banking,Completed,2023-09-04
2018,2018,COD,Refunded,2023-07-19
2019,2019,Wallet,Completed,2024-04-03
2020,2020,Credit Card,Completed,2025-04-02
2021,2021,Net Banking,Completed,2024-08-20
2022,2022,COD,Refunded,2023-06-28
2023,2023,Net Banking,Completed,2025-02-08
2024,2024,Debit Card,Completed,2024-03-25
2025,2025,Net Banking,Completed,2024-09-01
2026,2026,Net Banking,Completed,2024-08-27
2027,2027,Debit Card,Completed,2025-06-10
2028,2028,Credit Card,Completed,2023-10-03
2029,2029,UPI,Completed,2023-12-14
2030,2030,COD,Completed,2024-09-23
2031,2031,Credit Card,Completed,2025-04-29
2032,2032,Net Banking,Completed,2023-01-28
2033,2033,UPI,Completed,2024-09-07
2034,2034,Credit Card,Completed,2024-01-12
2035,2035,COD,Completed,2023-02-06
2036,2036,Credit Card,Completed,2024-03-23
2037,2037,Net Banking,Completed,2023-06-05
2038,2038,Debit Card,Completed,2024-01-12
2039,2039,Wallet,Completed,2023-11-11
2040,2040,Credit Card,Completed,2023-11-17
2041,2041,Net Banking,Completed,2024-01-17
2042,2042,Net Banking,Completed,2023-08-21
2043,2043,Wallet,Completed,2023-03-19
2044,2044,Debit Card,Completed,2025-04-09
2045,2045,Credit Card,Completed,2024-10-24
2046,2046,UPI,Completed,2024-07-05
2047,2047,COD,Completed,2023-10-25
2048,2048,Debit Card,Completed,2024-02-06
2049,2049,Wallet,Completed,2023-11-23
2050,2050,Credit Card,Completed,2025-01-15
2051,2051,Debit Card,Completed,2023-07-16
2052,2052,Net Banking,Completed,2024-07-25
2053,2053,Credit Card,Refunded,2023-03-05
2054,2054,UPI,Completed,2024-08-30
2055,2055,Credit Card,Completed,2023-04-22
2056,2056,Credit Card,Completed,2023-11-02
2057,2057,UPI,Completed,2024-09-11
2058,2058,UPI,Completed,2023-08-24
2059,2059,Net Banking,Completed,2025-04-22
2060,2060,Net Banking,Completed,2024-06-29
2061,2061,COD,Completed,2024-03-07
2062,2062,Debit Card,Completed,2024-07-20
2063,2063,Net Banking,Completed,2025-01-21
2064,2064,Net Banking,Completed,2023-02-03
2065,2065,Credit Card,Completed,2024-09-07
2066,2066,Debit Card,Completed,2024-02-22
2067,2067,Debit Card,Completed,2025-05-17
2068,2068,UPI,Completed,2023-10-15
2069,2069,Credit Card,Completed,2023-09-20
2070,2070,COD,Completed,2024-08-27
2071,2071,COD,Completed,2024-04-18
2072,2072,UPI,Completed,2023-01-15
2073,2073,Credit Card,Completed,2024-03-20
2074,2074,COD,Completed,2023-04-20
2075,2075,Debit Card,Completed,2023-12-10
2076,2076,UPI,Completed,2025-03-02
2077,2077,COD,Completed,2023-11-23
2078,2078,UPI,Completed,2023-09-19
2079,2079,Net Banking,Completed,2023-05-28
2080,2080,COD,Completed,2024-03-31
2081,2081,Wallet,Completed,2025-05-13
2082,2082,Wallet,Completed,2024-02-27
2083,2083,UPI,Completed,2025-06-12
2084,2084,Net Banking,Completed,2024-03-07
2085,2085,Debit Card,Completed,2024-04-21
2086,2086,COD,Completed,2025-03-01
2087,2087,Net Banking,Completed,2024-03-13
2088,2088,UPI,Completed,2023-07-09
2089,2089,Net Banking,Completed,2023-07-27
2090,2090,UPI,Completed,2023-04-12
2091,2091,COD,Completed,2023-09-22
2092,2092,Debit Card,Completed,2024-11-17
2093,2093,UPI,Completed,2024-02-25
2094,2094,Credit Card,Completed,2023-01-07
2095,2095,COD,Completed,2025-02-09
2096,2096,Credit Card,Completed,2024-02-16
2097,2097,UPI,Completed,2023-03-09
2098,2098,Debit Card,Completed,2024-02-03
2099,2099,Debit Card,Refunded,2024-08-10
2100,2100,COD,Refunded,2023-03-24
2101,2101,COD,Completed,2025-05-04
2102,2102,COD,Completed,2025-04-28
2103,2103,Wallet,Completed,2023-09-14
2104,2104,UPI,Completed,2023-05-10
2105,2105,Wallet,Completed,2024-12-05
2106,2106,Wallet,Completed,2024-12-10
2107,2107,Credit Card,Completed,2024-01-30
2108,2108,Wallet,Completed,2025-06-11
2109,2109,UPI,Completed,2023-08-19
2110,2110,UPI,Completed,2025-04-19
2111,2111,UPI,Completed,2023-11-23
2112,2112,UPI,Refunded,2024-05-27
2113,2113,Debit Card,Completed,2024-04-17
2114,2114,UPI,Completed,2024-10-11
2115,2115,Credit Card,Completed,2023-04-04
2116,2116,Net Banking,Completed,2023-08-08
2117,2117,Debit Card,Completed,2023-03-05
2118,2118,COD,Completed,2024-07-03
2119,2119,Wallet,Refunded,2025-01-15
2120,2120,COD,Completed,2024-03-19
2121,2121,Credit Card,Completed,2023-04-08
2122,2122,Net Banking,Completed,2023-07-07
2123,2123,Net Banking,Completed,2023-05-04
2124,2124,Credit Card,Refunded,2023-07-13
2125,2125,Net Banking,Completed,2024-10-01
2126,2126,Net Banking,Completed,2024-02-16
2127,2127,UPI,Completed,2023-10-09
2128,2128,COD,Completed,2025-04-20
2129,2129,UPI,Completed,2023-05-12
2130,2130,COD,Completed,2023-09-12
2131,2131,UPI,Completed,2023-01-08
2132,2132,Debit Card,Completed,2023-05-11
2133,2133,Debit Card,Completed,2023-02-21
2134,2134,Debit Card,Completed,2024-05-30
2135,2135,Debit Card,Completed,2024-04-22
2136,2136,UPI,Completed,2024-05-23
2137,2137,Credit Card,Completed,2023-11-02
2138,2138,UPI,Completed,2023-11-03
2139,2139,Credit Card,Completed,2023-08-18
2140,2140,Net Banking,Completed,2023-02-16
2141,2141,Credit Card,Completed,2025-02-28
2142,2142,Credit Card,Completed,2024-07-18
2143,2143,COD,Completed,2025-05-05
2144,2144,Wallet,Completed,2025-05-04
2145,2145,Debit Card,Completed,2024-01-06
2146,2146,Debit Card,Completed,2025-02-14
2147,2147,Debit Card,Completed,2023-10-17
2148,2148,COD,Completed,2024-02-25
2149,2149,Debit Card,Completed,2023-11-04
2150,2150,Wallet,Completed,2024-02-10
2151,2151,Credit Card,Completed,2024-07-02
2152,2152,Debit Card,Completed,2025-04-30
2153,2153,COD,Completed,2024-03-22
2154,2154,Wallet,Completed,2023-08-08
2155,2155,Net Banking,Completed,2024-05-14
2156,2156,COD,Completed,2024-09-04
2157,2157,Net Banking,Completed,2024-06-24
2158,2158,Credit Card,Completed,2024-08-08
2159,2159,Wallet,Completed,2023-06-14
2160,2160,Credit Card,Completed,2023-09-06
2161,2161,Debit Card,Completed,2023-05-24
2162,2162,Debit Card,Completed,2024-04-27
2163,2163,COD,Refunded,2024-07-21
2164,2164,UPI,Completed,2025-05-16
2165,2165,Wallet,Completed,2025-03-30
2166,2166,Debit Card,Completed,2025-06-04
2167,2167,Wallet,Completed,2023-03-01
2168,2168,Net Banking,Completed,2025-03-09
2169,2169,Debit Card,Completed,2023-02-20
2170,2170,Credit Card,Completed,2024-08-07
2171,2171,Wallet,Completed,2024-12-22
2172,2172,COD,Completed,2024-04-04
2173,2173,Debit Card,Completed,2024-04-18
2174,2174,UPI,Completed,2023-05-21
2175,2175,Wallet,Completed,2025-04-28
2176,2176,Wallet,Completed,2024-09-29
2177,2177,COD,Completed,2024-02-19
2178,2178,Debit Card,Completed,2023-06-21
2179,2179,Net Banking,Completed,2025-01-26
2180,2180,UPI,Completed,2023-09-13
2181,2181,Credit Card,Completed,2025-05-13
2182,2182,Credit Card,Completed,2024-08-09
2183,2183,Credit Card,Completed,2024-08-04
2184,2184,Net Banking,Completed,2024-01-11
2185,2185,UPI,Completed,2024-01-16
2186,2186,Net Banking,Completed,2023-03-14
2187,2187,Debit Card,Refunded,2023-02-14
2188,2188,Debit Card,Completed,2023-11-09
2189,2189,Net Banking,Completed,2024-01-01
2190,2190,Wallet,Completed,2025-01-12
2191,2191,Wallet,Completed,2023-11-12
2192,2192,COD,Completed,2024-02-12
2193,2193,COD,Completed,2024-03-10
2194,2194,UPI,Completed,2023-09-07
2195,2195,Wallet,Completed,2025-04-18
2196,2196,UPI,Completed,2023-08-07
2197,2197,Wallet,Completed,2025-02-27
2198,2198,Net Banking,Completed,2023-05-29
2199,2199,Wallet,Completed,2023-11-02
2200,2200,COD,Completed,2023-01-25
2201,2201,Credit Card,Completed,2023-08-19
2202,2202,Debit Card,Completed,2025-05-19
2203,2203,Credit Card,Completed,2024-01-12
2204,2204,Debit Card,Completed,2024-12-03
2205,2205,Wallet,Completed,2024-01-26
2206,2206,Net Banking,Completed,2023-10-02
2207,2207,UPI,Completed,2024-08-11
2208,2208,Wallet,Completed,2024-01-05
2209,2209,Net Banking,Completed,2025-03-27
2210,2210,UPI,Completed,2024-04-11
2211,2211,Net Banking,Completed,2024-09-16
2212,2212,Net Banking,Completed,2023-07-20
2213,2213,Net Banking,Completed,2024-08-08
2214,2214,UPI,Completed,2023-08-13
2215,2215,Wallet,Completed,2023-12-04
2216,2216,Credit Card,Completed,2023-06-22
2217,2217,Wallet,Completed,2023-08-12
2218,2218,Debit Card,Completed,2024-02-23
2219,2219,Debit Card,Completed,2024-12-16
2220,2220,COD,Completed,2024-08-08
2221,2221,Debit Card,Completed,2024-03-16
2222,2222,Debit Card,Completed,2023-08-13
2223,2223,Credit Card,Completed,2024-07-10
2224,2224,Wallet,Completed,2023-08-28
2225,2225,Wallet,Completed,2023-02-12
2226,2226,Debit Card,Completed,2024-06-27
2227,2227,COD,Completed,2025-01-24
2228,2228,UPI,Completed,2024-02-10
2229,2229,Net Banking,Completed,2023-03-06
2230,2230,Net Banking,Completed,2025-06-18
2231,2231,Credit Card,Completed,2023-01-17
2232,2232,UPI,Refunded,2023-06-01
2233,2233,Wallet,Completed,2024-09-06
2234,2234,Credit Card,Refunded,2023-08-16
2235,2235,COD,Completed,2024-07-13
2236,2236,Credit Card,Completed,2023-02-13
2237,2237,UPI,Completed,2024-06-08
2238,2238,COD,Completed,2023-06-02
2239,2239,UPI,Completed,2024-03-02
2240,2240,Debit Card,Completed,2024-06-16
2241,2241,Credit Card,Completed,2023-07-02
2242,2242,Credit Card,Completed,2024-06-15
2243,2243,Credit Card,Completed,2023-01-17
2244,2244,Wallet,Completed,2024-09-18
2245,2245,Debit Card,Completed,2024-12-20
2246,2246,COD,Completed,2024-03-31
2247,2247,COD,Completed,2024-06-24
2248,2248,Net Banking,Completed,2024-08-31
2249,2249,Wallet,Completed,2023-01-22
2250,2250,Net Banking,Completed,2024-09-30
2251,2251,COD,Completed,2024-11-21
2252,2252,UPI,Completed,2025-03-27
2253,2253,Net Banking,Completed,2025-06-02
2254,2254,Credit Card,Completed,2024-12-22
2255,2255,Net Banking,Completed,2025-05-05
2256,2256,Debit Card,Completed,2023-08-22
2257,2257,Credit Card,Completed,2025-04-16
2258,2258,Wallet,Completed,2023-08-26
2259,2259,UPI,Completed,2023-11-26
2260,2260,UPI,Completed,2024-05-04
2261,2261,Credit Card,Completed,2023-11-14
2262,2262,Credit Card,Completed,2023-12-15
2263,2263,UPI,Completed,2024-01-10
2264,2264,Wallet,Completed,2025-05-18
2265,2265,COD,Completed,2024-07-29
2266,2266,Wallet,Completed,2024-06-09
2267,2267,Net Banking,Completed,2024-09-22
2268,2268,COD,Refunded,2023-12-07
2269,2269,Net Banking,Completed,2025-04-09
2270,2270,UPI,Refunded,2024-08-07
2271,2271,Net Banking,Completed,2024-07-03
2272,2272,UPI,Completed,2024-06-28
2273,2273,Debit Card,Completed,2023-07-18
2274,2274,COD,Completed,2024-10-23
2275,2275,Credit Card,Completed,2023-06-06
2276,2276,Debit Card,Completed,2023-05-05
2277,2277,Wallet,Completed,2024-01-07
2278,2278,Credit Card,Completed,2023-11-28
2279,2279,Debit Card,Completed,2023-07-08
2280,2280,Net Banking,Completed,2023-12-23
2281,2281,COD,Completed,2023-11-08
2282,2282,Debit Card,Completed,2024-08-24
2283,2283,Debit Card,Completed,2024-08-22
2284,2284,UPI,Completed,2024-11-29
2285,2285,Net Banking,Completed,2023-07-19
2286,2286,UPI,Completed,2023-10-21
2287,2287,UPI,Completed,2025-05-31
2288,2288,Credit Card,Completed,2024-02-06
2289,2289,UPI,Completed,2023-05-11
2290,2290,Wallet,Completed,2023-08-16
2291,2291,Credit Card,Completed,2023-09-23
2292,2292,COD,Completed,2025-01-18
2293,2293,COD,Completed,2024-09-05
2294,2294,Debit Card,Completed,2023-01-01
2295,2295,Wallet,Completed,2025-03-23
2296,2296,Net Banking,Completed,2025-04-01
2297,2297,Debit Card,Completed,2023-01-18
2298,2298,Net Banking,Completed,2025-02-16
2299,2299,COD,Completed,2024-07-21
2300,2300,Net Banking,Completed,2025-03-28
2301,2301,Wallet,Completed,2024-07-01
2302,2302,UPI,Completed,2024-05-14
2303,2303,Debit Card,Completed,2025-03-27
2304,2304,UPI,Completed,2024-10-31
2305,2305,Debit Card,Completed,2024-10-02
2306,2306,Wallet,Completed,2024-06-07
2307,2307,COD,Completed,2023-04-04
2308,2308,Wallet,Completed,2024-06-22
2309,2309,COD,Completed,2024-12-28
2310,2310,Wallet,Completed,2024-04-04
2311,2311,Credit Card,Refunded,2023-12-15
2312,2312,Credit Card,Completed,2024-07-23
2313,2313,Net Banking,Completed,2023-07-21
2314,2314,Net Banking,Completed,2024-09-07
2315,2315,COD,Completed,2024-11-09
2316,2316,COD,Completed,2023-02-04
2317,2317,Debit Card,Completed,2024-03-12
2318,2318,COD,Completed,2023-11-23
2319,2319,Wallet,Refunded,2025-02-11
2320,2320,Credit Card,Completed,2025-03-15
2321,2321,UPI,Completed,2023-02-28
2322,2322,Net Banking,Completed,2023-11-04
2323,2323,COD,Completed,2023-10-22
2324,2324,COD,Completed,2024-06-04
2325,2325,Wallet,Completed,2024-01-11
2326,2326,UPI,Completed,2024-02-04
2327,2327,Credit Card,Completed,2023-02-17
2328,2328,Debit Card,Completed,2024-09-02
2329,2329,COD,Completed,2023-05-14
2330,2330,Credit Card,Completed,2025-04-13
2331,2331,COD,Completed,2024-04-12
2332,2332,Credit Card,Completed,2024-06-16
2333,2333,Wallet,Completed,2024-10-20
2334,2334,UPI,Completed,2024-01-22
2335,2335,Debit Card,Completed,2024-12-03
2336,2336,Net Banking,Completed,2023-03-16
2337,2337,COD,Completed,2024-07-21
2338,2338,Net Banking,Completed,2024-10-05
2339,2339,UPI,Completed,2023-01-22
2340,2340,COD,Completed,2025-01-28
2341,2341,Net Banking,Completed,2024-02-20
2342,2342,Net Banking,Completed,2025-05-13
2343,2343,Net Banking,Completed,2023-11-19
2344,2344,Credit Card,Completed,2025-02-28
2345,2345,Debit Card,Completed,2024-09-29
2346,2346,Wallet,Completed,2023-10-06
2347,2347,Debit Card,Completed,2024-01-29
2348,2348,Debit Card,Completed,2023-02-23
2349,2349,Net Banking,Completed,2023-05-11
2350,2350,Net Banking,Completed,2023-05-23
2351,2351,Net Banking,Completed,2024-07-23
2352,2352,COD,Completed,2023-08-26
2353,2353,Debit Card,Completed,2023-05-15
2354,2354,Debit Card,Completed,2025-05-02
2355,2355,Debit Card,Completed,2023-06-28
2356,2356,Credit Card,Completed,2024-05-07
2357,2357,UPI,Completed,2025-03-30
2358,2358,Credit Card,Completed,2025-01-11
2359,2359,Debit Card,Completed,2024-02-10
2360,2360,UPI,Completed,2024-04-11
2361,2361,Net Banking,Completed,2025-05-15
2362,2362,Credit Card,Completed,2024-02-26
2363,2363,UPI,Completed,2023-09-15
2364,2364,Wallet,Completed,2024-09-20
2365,2365,COD,Completed,2023-12-17
2366,2366,Wallet,Completed,2024-12-07
2367,2367,Net Banking,Completed,2024-01-27
2368,2368,Debit Card,Completed,2024-09-14
2369,2369,Debit Card,Completed,2024-12-22
2370,2370,Debit Card,Completed,2023-11-03
2371,2371,Wallet,Completed,2025-04-12
2372,2372,Net Banking,Completed,2023-02-06
2373,2373,Net Banking,Completed,2024-04-03
2374,2374,Debit Card,Completed,2025-04-18
2375,2375,COD,Completed,2024-03-19
2376,2376,UPI,Completed,2024-03-05
2377,2377,UPI,Completed,2025-02-17
2378,2378,Wallet,Completed,2023-06-09
2379,2379,Wallet,Completed,2023-08-26
2380,2380,UPI,Completed,2025-05-07
2381,2381,COD,Completed,2024-04-20
2382,2382,Wallet,Completed,2023-07-20
2383,2383,UPI,Completed,2025-03-02
2384,2384,Net Banking,Completed,2023-06-29
2385,2385,Debit Card,Completed,2023-05-08
2386,2386,Debit Card,Completed,2024-01-02
2387,2387,Wallet,Completed,2023-02-23
2388,2388,Debit Card,Completed,2024-07-04
2389,2389,Debit Card,Completed,2024-10-13
2390,2390,UPI,Completed,2023-10-25
2391,2391,Debit Card,Completed,2023-10-20
2392,2392,Credit Card,Completed,2024-03-20
2393,2393,Credit Card,Completed,2024-11-13
2394,2394,UPI,Completed,2023-10-30
2395,2395,COD,Completed,2025-01-13
2396,2396,UPI,Completed,2025-02-14
2397,2397,Wallet,Completed,2023-07-18
2398,2398,Debit Card,Completed,2024-01-24
2399,2399,Wallet,Completed,2025-05-06
2400,2400,Wallet,Completed,2023-11-11
2401,2401,Debit Card,Completed,2024-04-15
2402,2402,COD,Completed,2024-02-24
2403,2403,Debit Card,Completed,2024-04-29
2404,2404,Wallet,Completed,2024-01-26
2405,2405,Credit Card,Completed,2023-02-15
2406,2406,Wallet,Completed,2025-04-12
2407,2407,UPI,Completed,2023-10-31
2408,2408,Net Banking,Completed,2025-03-17
2409,2409,Debit Card,Completed,2024-03-07
2410,2410,UPI,Completed,2023-05-17
2411,2411,Wallet,Completed,2023-06-05
2412,2412,Wallet,Completed,2023-12-24
2413,2413,Wallet,Completed,2023-12-17
2414,2414,UPI,Completed,2024-06-25
2415,2415,UPI,Completed,2023-12-30
2416,2416,UPI,Completed,2024-10-19
2417,2417,Credit Card,Completed,2024-01-28
2418,2418,Wallet,Completed,2024-05-22
2419,2419,COD,Completed,2023-05-28
2420,2420,Credit Card,Completed,2023-02-22
2421,2421,Credit Card,Refunded,2023-12-30
2422,2422,Credit Card,Completed,2024-01-11
2423,2423,Credit Card,Refunded,2023-06-08
2424,2424,Wallet,Completed,2023-02-20
2425,2425,Debit Card,Completed,2024-01-05
2426,2426,Wallet,Completed,2024-04-20
2427,2427,Wallet,Completed,2025-04-23
2428,2428,Credit Card,Completed,2023-09-25
2429,2429,Debit Card,Completed,2024-08-30
2430,2430,COD,Completed,2024-10-24
2431,2431,Credit Card,Completed,2024-04-15
2432,2432,COD,Completed,2023-11-28
2433,2433,Debit Card,Completed,2023-10-22
2434,2434,Debit Card,Completed,2024-12-13
2435,2435,UPI,Completed,2025-03-17
2436,2436,Net Banking,Completed,2024-08-09
2437,2437,UPI,Refunded,2025-02-04
2438,2438,Net Banking,Completed,2025-03-13
2439,2439,UPI,Completed,2025-02-05
2440,2440,Net Banking,Refunded,2023-12-16
2441,2441,UPI,Completed,2023-04-05
2442,2442,COD,Completed,2025-05-01
2443,2443,UPI,Completed,2023-03-18
2444,2444,COD,Completed,2023-01-10
2445,2445,Debit Card,Completed,2024-12-20
2446,2446,UPI,Completed,2023-12-19
2447,2447,Wallet,Completed,2025-05-09
2448,2448,Wallet,Completed,2024-08-17
2449,2449,COD,Completed,2024-06-04
2450,2450,Net Banking,Completed,2024-12-09
2451,2451,COD,Completed,2023-06-10
2452,2452,Net Banking,Refunded,2023-08-09
2453,2453,Debit Card,Completed,2024-01-29
2454,2454,Net Banking,Completed,2024-04-25
2455,2455,Net Banking,Completed,2023-10-01
2456,2456,UPI,Completed,2025-01-27
2457,2457,Net Banking,Completed,2024-05-29
2458,2458,Debit Card,Completed,2023-06-30
2459,2459,UPI,Completed,2025-03-29
2460,2460,COD,Completed,2025-03-12
2461,2461,UPI,Completed,2025-06-09
2462,2462,Debit Card,Completed,2023-08-09
2463,2463,UPI,Completed,2024-09-26
2464,2464,UPI,Completed,2025-06-04
2465,2465,Wallet,Completed,2023-03-03
2466,2466,UPI,Completed,2025-04-07
2467,2467,COD,Completed,2024-05-19
2468,2468,Net Banking,Completed,2023-08-26
2469,2469,COD,Completed,2024-06-09
2470,2470,COD,Completed,2023-04-09
2471,2471,Wallet,Completed,2023-04-05
2472,2472,Debit Card,Completed,2024-04-10
2473,2473,Debit Card,Completed,2023-04-14
2474,2474,Debit Card,Completed,2024-05-05
2475,2475,Debit Card,Completed,2025-02-10
2476,2476,Credit Card,Completed,2023-11-19
2477,2477,Wallet,Completed,2025-04-01
2478,2478,Wallet,Completed,2023-08-06
2479,2479,UPI,Completed,2024-02-14
2480,2480,UPI,Completed,2024-01-01
2481,2481,UPI,Completed,2025-01-24
2482,2482,Debit Card,Refunded,2024-07-26
2483,2483,Debit Card,Completed,2023-08-31
2484,2484,Credit Card,Completed,2023-04-15
2485,2485,Wallet,Completed,2024-06-05
2486,2486,UPI,Completed,2024-03-28
2487,2487,UPI,Completed,2024-11-25
2488,2488,Debit Card,Completed,2024-01-08
2489,2489,Wallet,Completed,2024-11-21
2490,2490,Credit Card,Completed,2024-06-21
2491,2491,Credit Card,Completed,2024-04-28
2492,2492,COD,Completed,2025-04-25
2493,2493,UPI,Completed,2023-05-10
2494,2494,COD,Completed,2024-04-14
2495,2495,Net Banking,Completed,2023-07-22
2496,2496,COD,Completed,2025-05-16
2497,2497,Wallet,Completed,2024-01-27
2498,2498,Credit Card,Completed,2024-05-12
2499,2499,Credit Card,Completed,2024-04-08
2500,2500,UPI,Completed,2023-03-22
2501,2501,Debit Card,Completed,2023-11-16
2502,2502,UPI,Completed,2024-01-22
2503,2503,UPI,Completed,2024-09-13
2504,2504,Net Banking,Completed,2024-07-12
2505,2505,Wallet,Refunded,2023-11-24
2506,2506,UPI,Completed,2023-08-14
2507,2507,UPI,Completed,2024-11-22
2508,2508,COD,Completed,2023-12-25
2509,2509,UPI,Completed,2024-03-06
2510,2510,Debit Card,Completed,2025-04-03
2511,2511,Wallet,Completed,2023-03-11
2512,2512,Net Banking,Completed,2023-02-08
2513,2513,Debit Card,Completed,2023-02-25
2514,2514,Credit Card,Completed,2023-02-18
2515,2515,UPI,Completed,2023-12-25
2516,2516,UPI,Completed,2023-02-01
2517,2517,Wallet,Completed,2024-05-07
2518,2518,Net Banking,Completed,2023-10-31
2519,2519,Credit Card,Completed,2023-07-07
2520,2520,COD,Completed,2025-02-06
2521,2521,UPI,Completed,2023-02-21
2522,2522,Credit Card,Completed,2023-07-19
2523,2523,Wallet,Completed,2024-01-27
2524,2524,Credit Card,Completed,2024-02-10
2525,2525,Net Banking,Completed,2024-05-31
2526,2526,Debit Card,Completed,2023-08-14
2527,2527,Wallet,Completed,2023-08-21
2528,2528,Net Banking,Completed,2024-03-01
2529,2529,Net Banking,Completed,2023-03-18
2530,2530,Debit Card,Completed,2024-07-03
2531,2531,Debit Card,Completed,2023-08-31
2532,2532,COD,Completed,2024-10-27
2533,2533,Net Banking,Completed,2025-05-04
2534,2534,Wallet,Completed,2024-09-30
2535,2535,Debit Card,Completed,2024-07-12
2536,2536,Net Banking,Completed,2023-05-21
2537,2537,Debit Card,Refunded,2023-10-31
2538,2538,UPI,Completed,2023-01-05
2539,2539,Debit Card,Completed,2023-01-28
2540,2540,Credit Card,Completed,2023-08-19
2541,2541,Wallet,Completed,2024-10-30
2542,2542,COD,Completed,2023-02-22
2543,2543,UPI,Refunded,2023-12-23
2544,2544,Credit Card,Completed,2024-11-27
2545,2545,Net Banking,Completed,2023-04-20
2546,2546,COD,Completed,2024-11-04
2547,2547,UPI,Completed,2023-02-02
2548,2548,Credit Card,Completed,2023-09-27
2549,2549,COD,Completed,2025-05-26
2550,2550,Credit Card,Completed,2023-04-21
2551,2551,Net Banking,Completed,2023-07-09
2552,2552,Debit Card,Completed,2024-05-18
2553,2553,UPI,Completed,2024-10-22
2554,2554,Credit Card,Completed,2025-03-22
2555,2555,Wallet,Completed,2025-06-11
2556,2556,UPI,Completed,2024-05-16
2557,2557,Wallet,Completed,2023-10-03
2558,2558,COD,Completed,2024-11-19
2559,2559,UPI,Completed,2023-11-20
2560,2560,UPI,Completed,2024-08-12
2561,2561,Credit Card,Completed,2024-02-13
2562,2562,Credit Card,Completed,2024-02-15
2563,2563,Credit Card,Completed,2024-09-10
2564,2564,Wallet,Completed,2023-04-13
2565,2565,COD,Completed,2024-05-17
2566,2566,Net Banking,Completed,2024-10-02
2567,2567,Debit Card,Completed,2023-02-11
2568,2568,UPI,Completed,2024-01-11
2569,2569,Wallet,Completed,2023-11-24
2570,2570,Credit Card,Completed,2025-02-22
2571,2571,Debit Card,Completed,2023-04-22
2572,2572,COD,Completed,2024-06-20
2573,2573,Net Banking,Completed,2023-04-03
2574,2574,Debit Card,Completed,2024-06-07
2575,2575,Wallet,Completed,2024-10-21
2576,2576,Wallet,Completed,2025-03-06
2577,2577,Net Banking,Completed,2024-03-11
2578,2578,Debit Card,Completed,2023-05-31
2579,2579,Net Banking,Completed,2023-09-25
2580,2580,Wallet,Completed,2023-06-09
2581,2581,Debit Card,Completed,2024-12-14
2582,2582,Debit Card,Completed,2024-02-20
2583,2583,Debit Card,Refunded,2023-07-22
2584,2584,Debit Card,Completed,2025-02-18
2585,2585,COD,Refunded,2024-02-07
2586,2586,Credit Card,Completed,2024-02-03
2587,2587,Credit Card,Completed,2023-02-08
2588,2588,COD,Completed,2023-03-17
2589,2589,Wallet,Completed,2024-10-29
2590,2590,Wallet,Completed,2023-01-30
2591,2591,Wallet,Completed,2023-07-24
2592,2592,UPI,Completed,2023-10-16
2593,2593,Debit Card,Completed,2024-09-11
2594,2594,UPI,Completed,2024-01-09
2595,2595,Debit Card,Completed,2024-09-29
2596,2596,Net Banking,Completed,2024-10-25
2597,2597,Wallet,Completed,2024-03-10
2598,2598,Net Banking,Completed,2024-07-11
2599,2599,UPI,Completed,2023-01-24
2600,2600,Wallet,Completed,2023-04-17
2601,2601,Wallet,Completed,2024-12-04
2602,2602,Net Banking,Completed,2023-12-08
2603,2603,Credit Card,Completed,2024-07-15
2604,2604,Debit Card,Completed,2025-03-15
2605,2605,Debit Card,Completed,2023-08-03
2606,2606,COD,Completed,2024-02-16
2607,2607,Credit Card,Completed,2025-03-24
2608,2608,Wallet,Completed,2023-06-07
2609,2609,Net Banking,Completed,2024-08-27
2610,2610,Debit Card,Completed,2025-05-04
2611,2611,Debit Card,Completed,2023-02-17
2612,2612,Debit Card,Completed,2024-04-01
2613,2613,Credit Card,Refunded,2023-10-16
2614,2614,Net Banking,Completed,2025-05-27
2615,2615,Wallet,Completed,2023-05-04
2616,2616,Debit Card,Completed,2025-03-16
2617,2617,Net Banking,Completed,2023-07-09
2618,2618,Wallet,Completed,2024-05-05
2619,2619,COD,Completed,2024-05-14
2620,2620,Wallet,Completed,2024-05-25
2621,2621,UPI,Completed,2023-01-24
2622,2622,Credit Card,Completed,2023-07-15
2623,2623,UPI,Completed,2025-03-24
2624,2624,UPI,Completed,2024-03-08
2625,2625,COD,Refunded,2024-07-15
2626,2626,COD,Completed,2024-03-16
2627,2627,Net Banking,Completed,2023-12-04
2628,2628,Debit Card,Completed,2023-06-28
2629,2629,Credit Card,Completed,2024-04-12
2630,2630,COD,Completed,2023-11-30
2631,2631,COD,Completed,2025-05-27
2632,2632,Debit Card,Completed,2024-07-05
2633,2633,COD,Completed,2024-11-04
2634,2634,Wallet,Completed,2024-03-12
2635,2635,Credit Card,Refunded,2023-11-29
2636,2636,Net Banking,Completed,2024-07-16
2637,2637,Net Banking,Completed,2025-02-14
2638,2638,UPI,Completed,2024-03-31
2639,2639,UPI,Completed,2023-02-20
2640,2640,Credit Card,Completed,2023-06-12
2641,2641,Wallet,Completed,2024-08-18
2642,2642,Wallet,Completed,2023-03-24
2643,2643,Wallet,Completed,2023-10-26
2644,2644,Credit Card,Completed,2024-07-04
2645,2645,Credit Card,Completed,2024-02-16
2646,2646,Credit Card,Completed,2024-02-06
2647,2647,COD,Completed,2024-04-26
2648,2648,UPI,Completed,2025-06-05
2649,2649,Net Banking,Completed,2024-06-07
2650,2650,Debit Card,Completed,2024-10-30
2651,2651,Wallet,Completed,2025-04-10
2652,2652,Credit Card,Completed,2024-09-12
2653,2653,Net Banking,Completed,2024-02-26
2654,2654,Debit Card,Completed,2025-04-25
2655,2655,COD,Completed,2023-10-05
2656,2656,Net Banking,Completed,2024-10-02
2657,2657,Debit Card,Completed,2024-11-18
2658,2658,UPI,Completed,2023-03-27
2659,2659,Net Banking,Completed,2023-09-15
2660,2660,UPI,Completed,2023-01-03
2661,2661,Net Banking,Completed,2025-04-20
2662,2662,Debit Card,Completed,2024-02-27
2663,2663,COD,Completed,2025-02-18
2664,2664,Wallet,Completed,2024-06-08
2665,2665,COD,Completed,2024-01-31
2666,2666,Wallet,Completed,2023-02-28
2667,2667,Wallet,Completed,2023-07-31
2668,2668,UPI,Completed,2024-03-22
2669,2669,COD,Completed,2025-03-15
2670,2670,Wallet,Refunded,2023-03-12
2671,2671,COD,Completed,2024-05-12
2672,2672,Net Banking,Completed,2025-03-22
2673,2673,Net Banking,Completed,2024-06-28
2674,2674,Debit Card,Completed,2025-05-26
2675,2675,Net Banking,Completed,2025-04-13
2676,2676,Wallet,Completed,2023-03-29
2677,2677,Wallet,Completed,2024-12-03
2678,2678,Debit Card,Completed,2024-10-12
2679,2679,Wallet,Completed,2024-04-19
2680,2680,Net Banking,Completed,2023-01-02
2681,2681,Wallet,Completed,2023-09-29
2682,2682,UPI,Completed,2024-04-27
2683,2683,Wallet,Completed,2024-03-06
2684,2684,COD,Refunded,2024-06-04
2685,2685,Net Banking,Completed,2024-05-29
2686,2686,UPI,Completed,2024-04-09
2687,2687,COD,Completed,2024-07-22
2688,2688,COD,Refunded,2023-02-15
2689,2689,COD,Completed,2023-11-09
2690,2690,Credit Card,Completed,2023-01-30
2691,2691,UPI,Completed,2025-02-28
2692,2692,Debit Card,Completed,2024-12-19
2693,2693,Wallet,Completed,2023-02-24
2694,2694,Debit Card,Completed,2025-04-30
2695,2695,UPI,Completed,2024-03-07
2696,2696,Wallet,Completed,2025-01-15
2697,2697,Credit Card,Completed,2024-03-13
2698,2698,Credit Card,Completed,2023-12-26
2699,2699,COD,Completed,2024-10-31
2700,2700,UPI,Completed,2024-12-16
2701,2701,Net Banking,Completed,2023-11-30
2702,2702,Net Banking,Completed,2024-03-17
2703,2703,Debit Card,Completed,2023-07-11
2704,2704,Credit Card,Completed,2023-10-19
2705,2705,Wallet,Completed,2024-11-11
2706,2706,Credit Card,Completed,2024-04-22
2707,2707,Credit Card,Completed,2023-05-19
2708,2708,Net Banking,Completed,2023-09-14
2709,2709,Credit Card,Completed,2023-05-18
2710,2710,Credit Card,Completed,2024-02-13
2711,2711,UPI,Completed,2025-04-05
2712,2712,Debit Card,Completed,2024-09-11
2713,2713,Net Banking,Refunded,2024-04-29
2714,2714,UPI,Completed,2024-04-04
2715,2715,Credit Card,Completed,2024-11-20
2716,2716,Wallet,Completed,2024-03-19
2717,2717,Credit Card,Completed,2024-08-22
2718,2718,Credit Card,Completed,2024-08-13
2719,2719,Credit Card,Completed,2025-02-19
2720,2720,COD,Completed,2023-10-15
2721,2721,Debit Card,Completed,2024-08-14
2722,2722,COD,Completed,2023-07-11
2723,2723,COD,Completed,2024-05-05
2724,2724,Credit Card,Refunded,2023-06-19
2725,2725,COD,Completed,2024-04-18
2726,2726,Debit Card,Completed,2025-05-22
2727,2727,Credit Card,Completed,2024-12-20
2728,2728,Debit Card,Completed,2025-06-11
2729,2729,UPI,Completed,2023-06-01
2730,2730,COD,Completed,2023-03-14
2731,2731,Wallet,Completed,2023-06-12
2732,2732,COD,Refunded,2024-04-18
2733,2733,Wallet,Completed,2023-12-05
2734,2734,Net Banking,Completed,2023-05-28
2735,2735,COD,Completed,2025-01-16
2736,2736,Net Banking,Refunded,2023-12-03
2737,2737,Credit Card,Refunded,2024-08-30
2738,2738,Wallet,Completed,2023-05-14
2739,2739,Net Banking,Completed,2024-08-01
2740,2740,Debit Card,Completed,2024-07-15
2741,2741,UPI,Completed,2023-08-02
2742,2742,COD,Completed,2023-02-11
2743,2743,Credit Card,Completed,2025-03-03
2744,2744,UPI,Completed,2023-01-17
2745,2745,UPI,Completed,2023-05-03
2746,2746,Credit Card,Completed,2025-01-08
2747,2747,Net Banking,Completed,2025-02-17
2748,2748,COD,Completed,2025-06-19
2749,2749,UPI,Completed,2024-02-07
2750,2750,Net Banking,Completed,2023-06-23
2751,2751,Net Banking,Completed,2024-05-07
2752,2752,Debit Card,Completed,2023-02-19
2753,2753,Credit Card,Completed,2023-10-21
2754,2754,Wallet,Completed,2023-05-18
2755,2755,COD,Completed,2024-02-10
2756,2756,Wallet,Completed,2024-06-24
2757,2757,Credit Card,Completed,2024-11-27
2758,2758,COD,Completed,2023-05-20
2759,2759,COD,Completed,2024-01-29
2760,2760,Wallet,Completed,2025-02-12
2761,2761,Wallet,Completed,2025-01-11
2762,2762,Wallet,Completed,2023-06-06
2763,2763,Wallet,Completed,2024-12-23
2764,2764,Net Banking,Completed,2025-05-24
2765,2765,UPI,Completed,2024-11-03
2766,2766,Net Banking,Completed,2024-06-15
2767,2767,UPI,Completed,2023-02-19
2768,2768,Wallet,Completed,2023-02-13
2769,2769,Net Banking,Completed,2025-05-19
2770,2770,UPI,Completed,2023-03-18
2771,2771,Net Banking,Completed,2024-07-22
2772,2772,Credit Card,Refunded,2024-07-14
2773,2773,Wallet,Completed,2023-04-13
2774,2774,UPI,Completed,2024-03-12
2775,2775,UPI,Completed,2024-01-16
2776,2776,Net Banking,Completed,2023-11-10
2777,2777,Wallet,Completed,2024-12-09
2778,2778,Wallet,Completed,2023-12-05
2779,2779,UPI,Completed,2023-01-02
2780,2780,Net Banking,Refunded,2024-01-15
2781,2781,Wallet,Completed,2024-02-07
2782,2782,UPI,Completed,2024-10-18
2783,2783,Net Banking,Completed,2024-04-26
2784,2784,Wallet,Completed,2024-10-01
2785,2785,Credit Card,Completed,2025-04-14
2786,2786,Debit Card,Completed,2024-07-27
2787,2787,Credit Card,Completed,2024-12-17
2788,2788,COD,Completed,2024-12-24
2789,2789,Credit Card,Completed,2025-03-18
2790,2790,Net Banking,Completed,2023-10-23
2791,2791,Debit Card,Completed,2023-08-06
2792,2792,Credit Card,Completed,2025-06-10
2793,2793,Wallet,Completed,2024-09-24
2794,2794,COD,Completed,2024-02-11
2795,2795,UPI,Completed,2023-03-12
2796,2796,UPI,Completed,2024-06-19
2797,2797,Net Banking,Completed,2025-06-07
2798,2798,Wallet,Completed,2023-09-17
2799,2799,COD,Completed,2024-06-14
2800,2800,UPI,Completed,2024-08-05
2801,2801,COD,Completed,2024-09-01
2802,2802,COD,Completed,2024-09-24
2803,2803,UPI,Completed,2024-07-08
2804,2804,UPI,Completed,2024-05-17
2805,2805,COD,Completed,2023-02-01
2806,2806,Net Banking,Completed,2023-05-17
2807,2807,Wallet,Completed,2023-09-29
2808,2808,Wallet,Refunded,2023-10-28
2809,2809,Net Banking,Completed,2023-04-30
2810,2810,Net Banking,Completed,2023-12-03
2811,2811,COD,Completed,2025-03-12
2812,2812,Credit Card,Completed,2024-02-23
2813,2813,Credit Card,Completed,2023-11-02
2814,2814,COD,Completed,2024-03-13
2815,2815,UPI,Completed,2024-12-14
2816,2816,Debit Card,Completed,2024-12-04
2817,2817,Credit Card,Completed,2025-05-28
2818,2818,Net Banking,Completed,2024-12-15
2819,2819,Credit Card,Completed,2025-04-16
2820,2820,Wallet,Completed,2023-11-10
2821,2821,Debit Card,Completed,2025-01-16
2822,2822,Wallet,Completed,2024-08-25
2823,2823,COD,Completed,2023-08-22
2824,2824,UPI,Completed,2024-02-15
2825,2825,Debit Card,Completed,2025-03-21
2826,2826,Debit Card,Completed,2025-05-31
2827,2827,COD,Completed,2024-09-06
2828,2828,COD,Completed,2023-04-29
2829,2829,Debit Card,Completed,2024-02-15
2830,2830,UPI,Completed,2023-01-10
2831,2831,UPI,Completed,2024-10-30
2832,2832,Credit Card,Completed,2024-09-09
2833,2833,COD,Completed,2023-07-30
2834,2834,COD,Completed,2023-03-28
2835,2835,UPI,Completed,2023-03-13
2836,2836,Net Banking,Completed,2024-04-24
2837,2837,Credit Card,Refunded,2024-10-28
2838,2838,UPI,Completed,2024-05-04
2839,2839,Wallet,Completed,2024-08-23
2840,2840,Net Banking,Completed,2023-07-16
2841,2841,COD,Completed,2023-10-17
2842,2842,UPI,Completed,2024-12-08
2843,2843,Credit Card,Completed,2024-07-28
2844,2844,Wallet,Completed,2023-06-28
2845,2845,UPI,Completed,2024-08-21
2846,2846,COD,Completed,2023-04-17
2847,2847,UPI,Refunded,2024-07-08
2848,2848,COD,Completed,2023-04-27
2849,2849,Debit Card,Completed,2024-08-01
2850,2850,Debit Card,Completed,2025-02-16
2851,2851,Debit Card,Completed,2025-04-29
2852,2852,Credit Card,Completed,2023-11-23
2853,2853,Credit Card,Completed,2023-12-15
2854,2854,Debit Card,Completed,2023-05-20
2855,2855,COD,Completed,2023-11-17
2856,2856,UPI,Completed,2024-02-25
2857,2857,Net Banking,Completed,2023-04-24
2858,2858,Credit Card,Completed,2024-10-08
2859,2859,UPI,Completed,2025-01-05
2860,2860,Debit Card,Refunded,2024-06-26
2861,2861,UPI,Completed,2024-01-20
2862,2862,UPI,Completed,2024-08-02
2863,2863,Debit Card,Completed,2023-10-07
2864,2864,UPI,Completed,2023-09-19
2865,2865,COD,Completed,2023-01-29
2866,2866,Credit Card,Refunded,2024-08-08
2867,2867,Wallet,Completed,2023-04-25
2868,2868,Debit Card,Completed,2024-07-12
2869,2869,Debit Card,Completed,2023-10-22
2870,2870,Debit Card,Completed,2023-01-14
2871,2871,Net Banking,Completed,2023-11-24
2872,2872,UPI,Completed,2023-08-13
2873,2873,Debit Card,Completed,2023-07-04
2874,2874,Debit Card,Completed,2024-07-26
2875,2875,UPI,Completed,2024-06-19
2876,2876,Debit Card,Completed,2023-05-26
2877,2877,UPI,Completed,2024-12-13
2878,2878,COD,Refunded,2024-09-21
2879,2879,Debit Card,Completed,2024-03-23
2880,2880,COD,Completed,2024-04-21
2881,2881,COD,Completed,2024-08-21
2882,2882,COD,Completed,2023-09-12
2883,2883,COD,Completed,2024-05-23
2884,2884,UPI,Completed,2023-11-16
2885,2885,COD,Completed,2023-11-29
2886,2886,Debit Card,Completed,2023-03-09
2887,2887,Wallet,Completed,2024-08-07
2888,2888,Debit Card,Completed,2023-10-09
2889,2889,Net Banking,Completed,2024-06-17
2890,2890,Wallet,Completed,2023-04-25
2891,2891,Net Banking,Completed,2023-11-28
2892,2892,Net Banking,Completed,2024-07-09
2893,2893,Wallet,Completed,2023-05-06
2894,2894,Wallet,Completed,2023-06-27
2895,2895,Credit Card,Completed,2024-03-12
2896,2896,Wallet,Completed,2023-11-03
2897,2897,Debit Card,Completed,2025-03-26
2898,2898,Net Banking,Completed,2024-12-23
2899,2899,Wallet,Completed,2023-01-03
2900,2900,Net Banking,Completed,2024-01-17
2901,2901,UPI,Completed,2024-05-29
2902,2902,COD,Completed,2024-11-16
2903,2903,Debit Card,Completed,2024-06-19
2904,2904,COD,Completed,2024-06-22
2905,2905,UPI,Completed,2024-06-24
2906,2906,Credit Card,Completed,2023-07-03
2907,2907,UPI,Completed,2023-08-21
2908,2908,UPI,Completed,2024-08-06
2909,2909,Net Banking,Completed,2025-02-06
2910,2910,UPI,Completed,2024-12-23
2911,2911,Wallet,Completed,2024-11-03
2912,2912,UPI,Completed,2024-03-16
2913,2913,Credit Card,Refunded,2025-05-11
2914,2914,UPI,Completed,2024-01-22
2915,2915,Credit Card,Completed,2025-05-31
2916,2916,Wallet,Completed,2023-04-03
2917,2917,Credit Card,Completed,2024-07-02
2918,2918,Credit Card,Completed,2023-02-27
2919,2919,COD,Refunded,2024-02-01
2920,2920,Net Banking,Completed,2024-08-03
2921,2921,UPI,Completed,2024-10-14
2922,2922,Wallet,Completed,2025-06-12
2923,2923,Debit Card,Refunded,2024-02-12
2924,2924,UPI,Completed,2023-01-25
2925,2925,COD,Completed,2024-05-09
2926,2926,UPI,Completed,2023-05-01
2927,2927,Credit Card,Completed,2024-12-18
2928,2928,Credit Card,Completed,2025-02-26
2929,2929,UPI,Refunded,2023-05-29
2930,2930,Net Banking,Completed,2025-03-31
2931,2931,Credit Card,Completed,2023-08-15
2932,2932,Wallet,Completed,2024-01-03
2933,2933,COD,Completed,2023-12-19
2934,2934,Debit Card,Completed,2024-05-12
2935,2935,COD,Completed,2024-10-20
2936,2936,Wallet,Completed,2024-03-16
2937,2937,Debit Card,Completed,2024-04-21
2938,2938,Debit Card,Completed,2023-09-30
2939,2939,Credit Card,Completed,2023-03-13
2940,2940,UPI,Completed,2023-10-13
2941,2941,Credit Card,Completed,2024-12-14
2942,2942,Credit Card,Completed,2023-02-25
2943,2943,Credit Card,Completed,2023-08-26
2944,2944,Wallet,Completed,2023-11-30
2945,2945,UPI,Completed,2024-10-30
2946,2946,UPI,Completed,2024-10-27
2947,2947,Credit Card,Completed,2024-01-09
2948,2948,Credit Card,Completed,2024-03-09
2949,2949,Debit Card,Completed,2023-07-27
2950,2950,Net Banking,Refunded,2024-07-23
2951,2951,Credit Card,Completed,2023-03-03
2952,2952,Net Banking,Completed,2023-10-24
2953,2953,Net Banking,Completed,2023-12-11
2954,2954,UPI,Completed,2024-08-24
2955,2955,UPI,Completed,2023-12-19
2956,2956,Credit Card,Completed,2023-03-30
2957,2957,Credit Card,Completed,2025-01-18
2958,2958,Credit Card,Completed,2023-05-02
2959,2959,Credit Card,Completed,2024-05-02
2960,2960,UPI,Completed,2025-02-20
2961,2961,Net Banking,Completed,2023-05-22
2962,2962,Credit Card,Completed,2023-07-18
2963,2963,UPI,Completed,2024-05-14
2964,2964,UPI,Completed,2023-04-22
2965,2965,Credit Card,Completed,2024-07-07
2966,2966,Credit Card,Completed,2024-06-04
2967,2967,UPI,Completed,2024-03-29
2968,2968,Credit Card,Completed,2023-03-12
2969,2969,Net Banking,Completed,2024-10-02
2970,2970,Debit Card,Completed,2025-05-11
2971,2971,Credit Card,Completed,2025-01-18
2972,2972,UPI,Completed,2024-02-03
2973,2973,Net Banking,Completed,2025-01-28
2974,2974,COD,Completed,2024-02-13
2975,2975,Debit Card,Refunded,2024-03-23
2976,2976,COD,Completed,2025-03-25
2977,2977,Credit Card,Completed,2023-11-06
2978,2978,Wallet,Completed,2023-04-13
2979,2979,Wallet,Completed,2023-08-05
2980,2980,Net Banking,Completed,2024-10-08
2981,2981,UPI,Completed,2024-09-17
2982,2982,UPI,Completed,2023-10-06
2983,2983,Wallet,Completed,2023-09-28
2984,2984,UPI,Completed,2023-01-18
2985,2985,COD,Completed,2025-03-14
2986,2986,Wallet,Completed,2023-10-16
2987,2987,UPI,Completed,2024-12-03
2988,2988,Credit Card,Refunded,2024-06-14
2989,2989,Credit Card,Completed,2024-02-10
2990,2990,UPI,Refunded,2023-01-23
2991,2991,UPI,Completed,2023-06-30
2992,2992,Wallet,Refunded,2025-02-23
2993,2993,Net Banking,Completed,2023-02-06
2994,2994,Debit Card,Completed,2023-05-03
2995,2995,UPI,Completed,2023-12-29
2996,2996,Debit Card,Completed,2023-12-10
2997,2997,UPI,Completed,2025-05-16
2998,2998,Credit Card,Completed,2023-02-26
2999,2999,UPI,Completed,2025-03-24
3000,3000,COD,Completed,2023-12-28
3001,3001,COD,Completed,2023-04-10
3002,3002,Debit Card,Completed,2023-10-16
3003,3003,Credit Card,Completed,2024-12-25
3004,3004,Credit Card,Completed,2025-02-18
3005,3005,UPI,Completed,2024-04-04
3006,3006,UPI,Completed,2025-04-25
3007,3007,UPI,Completed,2023-01-07
3008,3008,Wallet,Completed,2024-03-25
3009,3009,Credit Card,Completed,2024-12-02
3010,3010,UPI,Refunded,2025-04-30
3011,3011,Credit Card,Completed,2024-03-22
3012,3012,Net Banking,Completed,2023-03-15
3013,3013,Wallet,Completed,2024-06-15
3014,3014,Debit Card,Completed,2024-06-26
3015,3015,Credit Card,Completed,2023-03-22
3016,3016,Debit Card,Completed,2023-01-13
3017,3017,Debit Card,Completed,2023-01-05
3018,3018,Credit Card,Completed,2023-06-26
3019,3019,Net Banking,Completed,2024-10-06
3020,3020,Wallet,Completed,2024-04-19
3021,3021,Net Banking,Completed,2024-05-22
3022,3022,Debit Card,Completed,2023-01-02
3023,3023,UPI,Completed,2025-01-16
3024,3024,Net Banking,Completed,2024-08-16
3025,3025,Net Banking,Completed,2025-01-07
3026,3026,Net Banking,Completed,2024-06-13
3027,3027,Credit Card,Completed,2024-09-15
3028,3028,Net Banking,Completed,2023-12-11
3029,3029,UPI,Completed,2024-03-27
3030,3030,Net Banking,Completed,2024-12-02
3031,3031,COD,Completed,2023-02-26
3032,3032,COD,Completed,2024-06-26
3033,3033,UPI,Completed,2023-09-15
3034,3034,COD,Completed,2024-03-06
3035,3035,Credit Card,Completed,2025-05-10
3036,3036,Wallet,Completed,2024-08-27
3037,3037,COD,Completed,2023-01-02
3038,3038,Net Banking,Completed,2023-06-02
3039,3039,Debit Card,Completed,2023-11-14
3040,3040,COD,Completed,2025-04-12
3041,3041,Debit Card,Completed,2025-02-08
3042,3042,Credit Card,Completed,2024-09-09
3043,3043,COD,Completed,2024-05-08
3044,3044,COD,Completed,2024-04-19
3045,3045,Credit Card,Completed,2024-05-24
3046,3046,Debit Card,Completed,2024-09-28
3047,3047,UPI,Completed,2023-12-25
3048,3048,Net Banking,Completed,2023-01-24
3049,3049,COD,Completed,2025-03-18
3050,3050,Net Banking,Completed,2023-03-31
3051,3051,Credit Card,Completed,2025-04-28
3052,3052,COD,Completed,2024-04-13
3053,3053,Wallet,Completed,2025-03-19
3054,3054,Net Banking,Completed,2024-05-01
3055,3055,Debit Card,Completed,2023-08-17
3056,3056,Wallet,Completed,2025-02-15
3057,3057,UPI,Completed,2025-05-07
3058,3058,Credit Card,Completed,2023-12-10
3059,3059,Debit Card,Completed,2023-09-06
3060,3060,Wallet,Completed,2024-01-31
3061,3061,Net Banking,Completed,2023-04-19
3062,3062,COD,Completed,2023-09-16
3063,3063,Credit Card,Completed,2023-10-24
3064,3064,COD,Completed,2023-05-02
3065,3065,UPI,Completed,2023-12-22
3066,3066,UPI,Completed,2024-12-04
3067,3067,Net Banking,Completed,2023-04-29
3068,3068,UPI,Completed,2025-03-05
3069,3069,Net Banking,Completed,2023-02-18
3070,3070,Credit Card,Completed,2024-12-19
3071,3071,Wallet,Completed,2025-01-17
3072,3072,Wallet,Completed,2025-01-17
3073,3073,UPI,Completed,2025-01-20
3074,3074,Net Banking,Completed,2024-10-16
3075,3075,Net Banking,Completed,2024-04-07
3076,3076,UPI,Completed,2024-12-16
3077,3077,Credit Card,Completed,2025-01-11
3078,3078,Wallet,Refunded,2024-01-13
3079,3079,Net Banking,Completed,2024-02-15
3080,3080,UPI,Completed,2024-04-29
3081,3081,Debit Card,Completed,2023-01-16
3082,3082,Net Banking,Completed,2023-07-01
3083,3083,Credit Card,Completed,2024-12-03
3084,3084,Net Banking,Completed,2024-08-02
3085,3085,Debit Card,Completed,2024-04-18
3086,3086,Wallet,Completed,2023-12-21
3087,3087,Debit Card,Completed,2024-04-12
3088,3088,UPI,Completed,2024-12-28
3089,3089,Credit Card,Completed,2024-05-23
3090,3090,Wallet,Completed,2025-01-25
3091,3091,COD,Completed,2023-05-30
3092,3092,Credit Card,Completed,2023-05-16
3093,3093,COD,Completed,2023-02-14
3094,3094,Credit Card,Completed,2023-02-05
3095,3095,COD,Completed,2024-11-11
3096,3096,Debit Card,Completed,2024-06-28
3097,3097,UPI,Completed,2024-01-29
3098,3098,Net Banking,Completed,2025-06-11
3099,3099,UPI,Completed,2024-07-25
3100,3100,Wallet,Completed,2023-09-19
3101,3101,COD,Completed,2023-05-31
3102,3102,Credit Card,Completed,2023-01-29
3103,3103,Credit Card,Completed,2023-11-06
3104,3104,UPI,Completed,2023-11-26
3105,3105,Net Banking,Completed,2023-11-30
3106,3106,Wallet,Completed,2023-06-09
3107,3107,COD,Completed,2023-10-12
3108,3108,Credit Card,Completed,2024-06-12
3109,3109,COD,Completed,2023-11-06
3110,3110,COD,Completed,2023-05-20
3111,3111,Net Banking,Refunded,2025-05-01
3112,3112,COD,Completed,2024-01-11
3113,3113,Wallet,Completed,2023-07-29
3114,3114,UPI,Completed,2024-12-10
3115,3115,Wallet,Completed,2025-05-20
3116,3116,Wallet,Completed,2023-03-04
3117,3117,Credit Card,Completed,2023-12-18
3118,3118,Net Banking,Completed,2024-08-16
3119,3119,Net Banking,Completed,2024-11-26
3120,3120,COD,Completed,2024-05-24
3121,3121,Net Banking,Completed,2023-04-13
3122,3122,Net Banking,Completed,2024-08-29
3123,3123,Debit Card,Completed,2024-09-19
3124,3124,Credit Card,Completed,2024-05-29
3125,3125,COD,Completed,2023-03-27
3126,3126,Debit Card,Refunded,2025-05-07
3127,3127,Wallet,Completed,2023-08-24
3128,3128,UPI,Refunded,2023-04-12
3129,3129,Wallet,Completed,2024-02-29
3130,3130,Wallet,Completed,2023-02-28
3131,3131,UPI,Completed,2025-01-31
3132,3132,Wallet,Refunded,2024-08-21
3133,3133,Credit Card,Completed,2024-04-24
3134,3134,Credit Card,Completed,2025-03-01
3135,3135,Net Banking,Refunded,2023-11-25
3136,3136,UPI,Completed,2023-05-19
3137,3137,COD,Completed,2024-03-25
3138,3138,Credit Card,Completed,2023-04-29
3139,3139,Net Banking,Completed,2025-01-07
3140,3140,COD,Completed,2023-11-19
3141,3141,UPI,Completed,2024-07-11
3142,3142,UPI,Completed,2025-02-03
3143,3143,Wallet,Completed,2023-06-10
3144,3144,Wallet,Completed,2023-07-11
3145,3145,COD,Completed,2023-10-05
3146,3146,Net Banking,Completed,2023-05-04
3147,3147,Wallet,Completed,2023-10-20
3148,3148,Credit Card,Completed,2025-04-30
3149,3149,Debit Card,Completed,2023-01-05
3150,3150,Debit Card,Completed,2024-03-29
3151,3151,Net Banking,Completed,2024-12-26
3152,3152,Wallet,Completed,2023-08-03
3153,3153,Net Banking,Completed,2023-06-21
3154,3154,COD,Completed,2024-07-03
3155,3155,Credit Card,Completed,2024-05-23
3156,3156,Credit Card,Completed,2024-10-12
3157,3157,Net Banking,Completed,2023-04-06
3158,3158,Credit Card,Completed,2023-01-14
3159,3159,Net Banking,Completed,2024-04-27
3160,3160,Net Banking,Completed,2023-06-01
3161,3161,Net Banking,Completed,2023-09-15
3162,3162,Net Banking,Completed,2025-06-17
3163,3163,Debit Card,Completed,2024-12-25
3164,3164,Net Banking,Completed,2023-07-03
3165,3165,COD,Completed,2024-03-07
3166,3166,Net Banking,Completed,2024-09-18
3167,3167,Debit Card,Completed,2024-04-12
3168,3168,Debit Card,Completed,2024-01-03
3169,3169,Net Banking,Completed,2024-07-02
3170,3170,Credit Card,Completed,2025-04-13
3171,3171,Wallet,Completed,2024-10-12
3172,3172,Debit Card,Completed,2024-01-29
3173,3173,Credit Card,Completed,2025-05-28
3174,3174,Debit Card,Completed,2024-02-03
3175,3175,Credit Card,Completed,2023-06-10
3176,3176,Debit Card,Completed,2025-06-07
3177,3177,Net Banking,Refunded,2023-02-16
3178,3178,Net Banking,Completed,2024-02-21
3179,3179,Net Banking,Completed,2024-01-12
3180,3180,Debit Card,Completed,2024-12-09
3181,3181,UPI,Completed,2023-07-19
3182,3182,UPI,Completed,2025-03-02
3183,3183,COD,Completed,2025-02-24
3184,3184,Debit Card,Completed,2023-11-19
3185,3185,Debit Card,Completed,2024-06-30
3186,3186,Credit Card,Completed,2025-04-30
3187,3187,UPI,Completed,2024-10-12
3188,3188,Credit Card,Completed,2025-06-14
3189,3189,Debit Card,Completed,2024-03-20
3190,3190,Debit Card,Completed,2023-03-08
3191,3191,Credit Card,Completed,2023-02-09
3192,3192,Wallet,Completed,2025-05-12
3193,3193,Net Banking,Completed,2024-12-31
3194,3194,Net Banking,Completed,2024-10-26
3195,3195,Net Banking,Completed,2025-01-02
3196,3196,UPI,Completed,2024-09-26
3197,3197,UPI,Completed,2024-08-25
3198,3198,COD,Completed,2023-02-18
3199,3199,Debit Card,Completed,2025-01-10
3200,3200,COD,Completed,2023-11-03
3201,3201,Wallet,Refunded,2024-12-03
3202,3202,UPI,Completed,2025-02-09
3203,3203,Credit Card,Completed,2024-01-27
3204,3204,COD,Completed,2023-11-09
3205,3205,Credit Card,Completed,2024-10-10
3206,3206,Wallet,Completed,2024-02-14
3207,3207,Debit Card,Completed,2024-11-08
3208,3208,Debit Card,Completed,2024-06-20
3209,3209,UPI,Completed,2024-05-13
3210,3210,Credit Card,Completed,2025-01-05
3211,3211,Wallet,Completed,2024-01-18
3212,3212,COD,Refunded,2024-06-28
3213,3213,Credit Card,Completed,2024-04-20
3214,3214,UPI,Completed,2025-05-31
3215,3215,UPI,Completed,2024-04-02
3216,3216,Net Banking,Completed,2023-02-07
3217,3217,Wallet,Completed,2025-04-23
3218,3218,Credit Card,Completed,2023-06-03
3219,3219,Net Banking,Completed,2023-03-22
3220,3220,Wallet,Completed,2023-10-12
3221,3221,UPI,Completed,2024-04-25
3222,3222,Net Banking,Completed,2025-01-18
3223,3223,Wallet,Completed,2023-02-13
3224,3224,COD,Completed,2023-03-09
3225,3225,COD,Completed,2023-03-31
3226,3226,Credit Card,Completed,2023-08-08
3227,3227,Wallet,Completed,2025-01-03
3228,3228,COD,Completed,2024-05-18
3229,3229,Net Banking,Completed,2024-11-05
3230,3230,Wallet,Completed,2023-10-11
3231,3231,UPI,Completed,2024-06-25
3232,3232,Credit Card,Completed,2024-04-23
3233,3233,COD,Completed,2024-03-19
3234,3234,COD,Completed,2023-03-22
3235,3235,Debit Card,Completed,2023-09-16
3236,3236,COD,Refunded,2023-08-17
3237,3237,Net Banking,Completed,2024-03-09
3238,3238,Credit Card,Completed,2023-04-19
3239,3239,Debit Card,Completed,2024-08-11
3240,3240,Credit Card,Completed,2023-03-07
3241,3241,Wallet,Completed,2023-01-26
3242,3242,UPI,Completed,2023-10-11
3243,3243,Wallet,Completed,2024-07-28
3244,3244,COD,Completed,2025-04-24
3245,3245,COD,Completed,2024-12-26
3246,3246,Credit Card,Completed,2023-04-18
3247,3247,UPI,Completed,2023-03-12
3248,3248,COD,Completed,2024-02-03
3249,3249,Net Banking,Completed,2024-05-14
3250,3250,Net Banking,Completed,2024-09-22
3251,3251,Debit Card,Completed,2023-01-21
3252,3252,Credit Card,Completed,2023-11-10
3253,3253,Debit Card,Completed,2025-02-20
3254,3254,Wallet,Completed,2025-03-17
3255,3255,Net Banking,Completed,2023-02-20
3256,3256,Credit Card,Completed,2023-09-02
3257,3257,Net Banking,Refunded,2024-05-20
3258,3258,Net Banking,Completed,2024-05-11
3259,3259,Net Banking,Completed,2024-03-15
3260,3260,UPI,Completed,2024-12-09
3261,3261,Debit Card,Completed,2024-06-30
3262,3262,Credit Card,Completed,2025-01-10
3263,3263,Credit Card,Completed,2023-08-09
3264,3264,COD,Completed,2023-02-08
3265,3265,Net Banking,Completed,2024-08-29
3266,3266,Debit Card,Completed,2024-10-08
3267,3267,COD,Completed,2023-03-25
3268,3268,Debit Card,Completed,2024-01-11
3269,3269,Net Banking,Completed,2025-02-25
3270,3270,UPI,Completed,2023-08-23
3271,3271,Debit Card,Completed,2025-03-10
3272,3272,UPI,Completed,2024-07-18
3273,3273,Net Banking,Completed,2023-01-30
3274,3274,Credit Card,Completed,2023-01-14
3275,3275,COD,Completed,2024-01-19
3276,3276,Credit Card,Completed,2023-10-07
3277,3277,Debit Card,Completed,2023-07-25
3278,3278,Credit Card,Completed,2023-07-29
3279,3279,Wallet,Completed,2024-05-02
3280,3280,Wallet,Completed,2023-02-01
3281,3281,Debit Card,Completed,2023-06-16
3282,3282,COD,Completed,2024-03-13
3283,3283,Wallet,Refunded,2023-03-25
3284,3284,Debit Card,Completed,2025-02-21
3285,3285,Net Banking,Completed,2024-07-15
3286,3286,COD,Completed,2023-02-20
3287,3287,UPI,Completed,2025-05-07
3288,3288,Wallet,Completed,2023-10-30
3289,3289,Net Banking,Completed,2023-08-08
3290,3290,UPI,Completed,2023-11-15
3291,3291,Net Banking,Completed,2023-10-29
3292,3292,Net Banking,Completed,2023-05-31
3293,3293,Wallet,Completed,2023-03-15
3294,3294,Net Banking,Completed,2023-11-30
3295,3295,Credit Card,Completed,2025-05-25
3296,3296,Net Banking,Completed,2025-04-26
3297,3297,COD,Completed,2024-02-13
3298,3298,Net Banking,Completed,2025-03-15
3299,3299,Debit Card,Completed,2023-10-15
3300,3300,Credit Card,Completed,2024-04-26
3301,3301,Credit Card,Refunded,2024-01-26
3302,3302,Net Banking,Completed,2024-01-11
3303,3303,Credit Card,Completed,2024-01-23
3304,3304,Credit Card,Completed,2025-04-17
3305,3305,Credit Card,Completed,2024-04-05
3306,3306,Net Banking,Completed,2025-01-31
3307,3307,Wallet,Completed,2023-06-29
3308,3308,UPI,Completed,2023-07-03
3309,3309,Net Banking,Completed,2023-09-21
3310,3310,Debit Card,Completed,2024-10-13
3311,3311,Debit Card,Completed,2023-01-28
3312,3312,Credit Card,Completed,2023-11-19
3313,3313,COD,Completed,2025-04-13
3314,3314,Net Banking,Completed,2025-01-19
3315,3315,Wallet,Completed,2024-10-18
3316,3316,COD,Completed,2023-10-12
3317,3317,COD,Completed,2024-06-22
3318,3318,Credit Card,Completed,2023-09-18
3319,3319,Net Banking,Completed,2025-05-24
3320,3320,Wallet,Completed,2025-03-29
3321,3321,Debit Card,Completed,2025-05-12
3322,3322,Debit Card,Completed,2024-10-08
3323,3323,Net Banking,Completed,2023-01-13
3324,3324,Credit Card,Completed,2023-10-08
3325,3325,Debit Card,Completed,2024-11-25
3326,3326,Wallet,Completed,2023-12-26
3327,3327,COD,Completed,2024-06-21
3328,3328,Debit Card,Completed,2024-06-24
3329,3329,COD,Completed,2023-10-11
3330,3330,Debit Card,Completed,2024-06-13
3331,3331,Wallet,Completed,2023-02-05
3332,3332,Credit Card,Completed,2024-07-16
3333,3333,COD,Completed,2024-01-17
3334,3334,Wallet,Completed,2024-10-08
3335,3335,Credit Card,Completed,2023-09-23
3336,3336,UPI,Refunded,2024-05-04
3337,3337,COD,Completed,2024-09-26
3338,3338,Net Banking,Completed,2023-11-01
3339,3339,Debit Card,Completed,2023-06-11
3340,3340,Wallet,Completed,2023-03-11
3341,3341,COD,Completed,2023-06-13
3342,3342,Debit Card,Completed,2024-04-28
3343,3343,Credit Card,Completed,2023-06-05
3344,3344,UPI,Completed,2023-03-21
3345,3345,Debit Card,Refunded,2025-02-03
3346,3346,UPI,Completed,2023-12-13
3347,3347,UPI,Completed,2024-11-15
3348,3348,Debit Card,Completed,2023-08-06
3349,3349,Debit Card,Completed,2025-02-01
3350,3350,Debit Card,Completed,2023-11-03
3351,3351,COD,Refunded,2023-10-31
3352,3352,UPI,Completed,2024-10-14
3353,3353,Wallet,Completed,2024-08-18
3354,3354,COD,Completed,2024-05-26
3355,3355,Credit Card,Completed,2023-03-03
3356,3356,UPI,Completed,2023-01-08
3357,3357,Wallet,Completed,2025-04-09
3358,3358,Credit Card,Completed,2023-05-23
3359,3359,UPI,Completed,2024-02-02
3360,3360,Net Banking,Completed,2025-02-16
3361,3361,Debit Card,Completed,2024-11-20
3362,3362,Debit Card,Completed,2023-06-23
3363,3363,Credit Card,Completed,2024-09-23
3364,3364,Debit Card,Completed,2023-04-04
3365,3365,Debit Card,Completed,2024-11-22
3366,3366,Debit Card,Completed,2023-11-24
3367,3367,UPI,Completed,2023-07-22
3368,3368,Net Banking,Completed,2024-08-10
3369,3369,Net Banking,Refunded,2024-06-16
3370,3370,Net Banking,Completed,2023-06-06
3371,3371,Net Banking,Refunded,2024-04-11
3372,3372,Debit Card,Completed,2023-02-26
3373,3373,COD,Completed,2024-11-07
3374,3374,Debit Card,Completed,2025-06-05
3375,3375,Debit Card,Completed,2023-04-13
3376,3376,COD,Completed,2025-03-08
3377,3377,Net Banking,Completed,2023-01-07
3378,3378,Wallet,Completed,2023-01-23
3379,3379,Credit Card,Completed,2024-12-21
3380,3380,Credit Card,Completed,2023-09-17
3381,3381,Wallet,Completed,2024-10-07
3382,3382,Net Banking,Completed,2024-08-25
3383,3383,UPI,Completed,2023-08-27
3384,3384,Credit Card,Completed,2024-11-13
3385,3385,Credit Card,Refunded,2024-10-13
3386,3386,UPI,Refunded,2025-01-05
3387,3387,UPI,Completed,2023-09-04
3388,3388,Net Banking,Completed,2025-05-11
3389,3389,COD,Completed,2023-11-12
3390,3390,Wallet,Completed,2023-12-10
3391,3391,Net Banking,Completed,2025-01-23
3392,3392,UPI,Completed,2023-05-17
3393,3393,UPI,Completed,2023-07-30
3394,3394,Debit Card,Completed,2025-02-19
3395,3395,Net Banking,Completed,2025-04-04
3396,3396,Credit Card,Completed,2024-02-19
3397,3397,Wallet,Completed,2024-03-05
3398,3398,UPI,Completed,2025-03-31
3399,3399,UPI,Completed,2023-04-20
3400,3400,Debit Card,Completed,2024-11-30
3401,3401,UPI,Completed,2024-03-15
3402,3402,COD,Completed,2024-04-29
3403,3403,UPI,Completed,2023-04-25
3404,3404,Net Banking,Completed,2025-04-03
3405,3405,Wallet,Completed,2023-03-24
3406,3406,Net Banking,Completed,2025-05-13
3407,3407,UPI,Completed,2025-05-15
3408,3408,UPI,Completed,2023-02-18
3409,3409,COD,Refunded,2025-03-01
3410,3410,Credit Card,Completed,2023-06-16
3411,3411,Credit Card,Completed,2025-03-25
3412,3412,UPI,Completed,2024-01-06
3413,3413,Net Banking,Completed,2024-12-18
3414,3414,Net Banking,Completed,2023-10-09
3415,3415,UPI,Completed,2023-08-17
3416,3416,Credit Card,Completed,2024-08-12
3417,3417,UPI,Refunded,2023-06-21
3418,3418,Wallet,Completed,2024-10-23
3419,3419,UPI,Completed,2023-05-23
3420,3420,Net Banking,Completed,2024-08-07
3421,3421,Wallet,Completed,2024-01-01
3422,3422,Net Banking,Completed,2023-08-04
3423,3423,Net Banking,Completed,2024-11-29
3424,3424,Credit Card,Completed,2025-02-08
3425,3425,COD,Completed,2024-11-11
3426,3426,COD,Refunded,2025-04-21
3427,3427,Credit Card,Completed,2023-11-21
3428,3428,COD,Completed,2023-06-13
3429,3429,Credit Card,Completed,2024-03-03
3430,3430,UPI,Completed,2024-09-26
3431,3431,Net Banking,Completed,2023-09-27
3432,3432,Net Banking,Completed,2023-11-30
3433,3433,COD,Completed,2024-01-01
3434,3434,UPI,Completed,2023-11-30
3435,3435,COD,Completed,2023-06-23
3436,3436,UPI,Completed,2023-07-04
3437,3437,COD,Completed,2024-04-08
3438,3438,COD,Completed,2024-07-30
3439,3439,Credit Card,Completed,2023-09-04
3440,3440,Credit Card,Refunded,2024-10-31
3441,3441,UPI,Refunded,2024-07-17
3442,3442,Debit Card,Refunded,2023-03-14
3443,3443,COD,Completed,2023-02-09
3444,3444,COD,Completed,2023-03-28
3445,3445,COD,Completed,2024-07-28
3446,3446,Wallet,Completed,2025-03-16
3447,3447,UPI,Completed,2025-04-11
3448,3448,Debit Card,Completed,2024-10-02
3449,3449,Debit Card,Completed,2025-02-14
3450,3450,COD,Completed,2023-08-14
3451,3451,UPI,Completed,2023-01-04
3452,3452,Net Banking,Completed,2024-03-05
3453,3453,UPI,Completed,2023-05-15
3454,3454,UPI,Completed,2023-07-28
3455,3455,Debit Card,Completed,2024-06-11
3456,3456,Net Banking,Completed,2024-07-07
3457,3457,Credit Card,Completed,2023-12-05
3458,3458,Wallet,Completed,2025-05-24
3459,3459,COD,Completed,2025-01-27
3460,3460,Credit Card,Completed,2024-02-21
3461,3461,Net Banking,Completed,2023-09-26
3462,3462,Credit Card,Completed,2023-07-03
3463,3463,Credit Card,Completed,2024-05-21
3464,3464,Debit Card,Completed,2023-12-23
3465,3465,Debit Card,Completed,2024-02-23
3466,3466,COD,Completed,2023-07-25
3467,3467,Credit Card,Completed,2023-01-25
3468,3468,UPI,Completed,2025-01-10
3469,3469,Wallet,Completed,2025-04-01
3470,3470,UPI,Completed,2024-09-25
3471,3471,Wallet,Completed,2025-04-01
3472,3472,Wallet,Completed,2025-06-14
3473,3473,COD,Completed,2023-08-12
3474,3474,Credit Card,Completed,2023-05-18
3475,3475,Net Banking,Completed,2024-03-25
3476,3476,Wallet,Completed,2024-02-01
3477,3477,Debit Card,Completed,2024-12-29
3478,3478,Net Banking,Completed,2024-12-09
3479,3479,UPI,Completed,2023-09-13
3480,3480,Debit Card,Completed,2025-02-18
3481,3481,Net Banking,Completed,2025-06-10
3482,3482,Wallet,Completed,2024-03-24
3483,3483,Net Banking,Completed,2025-02-03
3484,3484,COD,Completed,2025-01-30
3485,3485,COD,Completed,2023-08-30
3486,3486,Net Banking,Completed,2023-06-16
3487,3487,Wallet,Completed,2023-05-31
3488,3488,Credit Card,Completed,2023-04-21
3489,3489,COD,Completed,2024-12-27
3490,3490,Credit Card,Completed,2024-02-11
3491,3491,UPI,Completed,2025-03-10
3492,3492,Wallet,Completed,2024-12-11
3493,3493,UPI,Completed,2024-10-20
3494,3494,UPI,Completed,2023-04-17
3495,3495,Wallet,Completed,2023-11-05
3496,3496,Debit Card,Completed,2024-08-13
3497,3497,UPI,Refunded,2024-07-25
3498,3498,Net Banking,Completed,2024-12-16
3499,3499,Credit Card,Completed,2024-04-06
3500,3500,Net Banking,Completed,2025-04-09
3501,3501,COD,Completed,2024-03-05
3502,3502,COD,Completed,2024-09-03
3503,3503,Credit Card,Completed,2025-05-23
3504,3504,Net Banking,Completed,2025-06-18
3505,3505,COD,Completed,2024-11-10
3506,3506,Wallet,Completed,2025-03-20
3507,3507,Debit Card,Completed,2024-09-21
3508,3508,Debit Card,Completed,2024-04-14
3509,3509,Credit Card,Completed,2024-04-11
3510,3510,UPI,Completed,2023-09-27
3511,3511,Credit Card,Completed,2023-05-27
3512,3512,Wallet,Completed,2024-08-02
3513,3513,UPI,Completed,2023-12-11
3514,3514,Wallet,Completed,2024-09-08
3515,3515,Credit Card,Completed,2025-06-15
3516,3516,Net Banking,Completed,2024-04-18
3517,3517,Net Banking,Completed,2025-02-28
3518,3518,UPI,Completed,2023-06-08
3519,3519,COD,Completed,2024-10-26
3520,3520,Wallet,Completed,2024-07-02
3521,3521,Debit Card,Completed,2024-05-17
3522,3522,Net Banking,Refunded,2024-12-05
3523,3523,Debit Card,Completed,2024-02-27
3524,3524,Debit Card,Completed,2024-03-21
3525,3525,Net Banking,Completed,2024-01-26
3526,3526,Debit Card,Completed,2025-02-06
3527,3527,COD,Completed,2024-05-29
3528,3528,UPI,Completed,2024-12-18
3529,3529,Debit Card,Completed,2025-05-11
3530,3530,UPI,Completed,2023-03-08
3531,3531,UPI,Completed,2024-07-20
3532,3532,Wallet,Completed,2024-08-12
3533,3533,Credit Card,Completed,2023-08-23
3534,3534,Wallet,Completed,2023-09-25
3535,3535,Debit Card,Completed,2024-04-02
3536,3536,Wallet,Completed,2024-06-08
3537,3537,Debit Card,Completed,2023-04-13
3538,3538,Credit Card,Completed,2024-05-13
3539,3539,COD,Completed,2024-12-24
3540,3540,Credit Card,Completed,2024-03-16
3541,3541,Wallet,Completed,2024-07-21
3542,3542,Credit Card,Completed,2023-12-04
3543,3543,Wallet,Completed,2023-09-22
3544,3544,Net Banking,Completed,2023-01-28
3545,3545,Net Banking,Completed,2025-02-28
3546,3546,COD,Completed,2023-09-21
3547,3547,UPI,Completed,2024-08-07
3548,3548,Wallet,Completed,2024-06-06
3549,3549,Credit Card,Completed,2024-10-12
3550,3550,Wallet,Completed,2023-11-26
3551,3551,COD,Completed,2023-02-16
3552,3552,COD,Completed,2023-03-17
3553,3553,COD,Completed,2024-02-03
3554,3554,Debit Card,Completed,2024-02-15
3555,3555,COD,Completed,2024-01-29
3556,3556,Credit Card,Completed,2023-03-23
3557,3557,UPI,Completed,2025-01-15
3558,3558,Wallet,Completed,2024-01-23
3559,3559,UPI,Completed,2024-03-27
3560,3560,Net Banking,Completed,2023-10-28
3561,3561,Credit Card,Completed,2024-04-16
3562,3562,Credit Card,Completed,2023-01-05
3563,3563,UPI,Completed,2025-03-04
3564,3564,COD,Completed,2023-02-01
3565,3565,Net Banking,Completed,2025-06-18
3566,3566,Wallet,Completed,2023-04-12
3567,3567,Net Banking,Completed,2024-06-01
3568,3568,UPI,Completed,2024-05-20
3569,3569,UPI,Completed,2024-10-16
3570,3570,Debit Card,Completed,2024-05-09
3571,3571,UPI,Completed,2023-10-18
3572,3572,UPI,Completed,2023-10-17
3573,3573,UPI,Completed,2025-03-21
3574,3574,Net Banking,Completed,2023-09-20
3575,3575,UPI,Completed,2024-03-19
3576,3576,Credit Card,Completed,2023-07-09
3577,3577,COD,Completed,2023-02-20
3578,3578,Credit Card,Refunded,2025-01-13
3579,3579,Debit Card,Completed,2024-08-12
3580,3580,Credit Card,Completed,2023-01-02
3581,3581,Net Banking,Completed,2024-07-29
3582,3582,Net Banking,Completed,2025-02-02
3583,3583,COD,Completed,2023-05-01
3584,3584,UPI,Completed,2024-09-12
3585,3585,Credit Card,Completed,2025-06-11
3586,3586,UPI,Completed,2024-12-02
3587,3587,Credit Card,Completed,2024-07-26
3588,3588,Credit Card,Completed,2024-12-07
3589,3589,Debit Card,Completed,2023-01-31
3590,3590,Debit Card,Completed,2025-03-21
3591,3591,UPI,Completed,2025-02-03
3592,3592,Credit Card,Completed,2024-12-11
3593,3593,Credit Card,Completed,2024-09-12
3594,3594,UPI,Completed,2024-07-01
3595,3595,Credit Card,Completed,2024-05-18
3596,3596,Net Banking,Completed,2023-01-30
3597,3597,COD,Completed,2023-06-15
3598,3598,COD,Completed,2025-01-27
3599,3599,COD,Completed,2023-08-15
3600,3600,UPI,Completed,2024-06-18
3601,3601,UPI,Refunded,2025-05-27
3602,3602,Net Banking,Completed,2023-06-11
3603,3603,Debit Card,Completed,2024-04-23
3604,3604,Debit Card,Completed,2025-03-30
3605,3605,Net Banking,Completed,2024-08-05
3606,3606,UPI,Completed,2025-03-30
3607,3607,Debit Card,Completed,2024-12-17
3608,3608,Net Banking,Completed,2025-06-13
3609,3609,Net Banking,Completed,2023-12-23
3610,3610,Debit Card,Completed,2023-09-26
3611,3611,Debit Card,Completed,2023-09-21
3612,3612,Wallet,Completed,2024-09-28
3613,3613,Net Banking,Completed,2023-11-13
3614,3614,Wallet,Completed,2024-03-24
3615,3615,Debit Card,Completed,2023-09-09
3616,3616,Debit Card,Completed,2024-02-26
3617,3617,Credit Card,Completed,2024-09-05
3618,3618,COD,Completed,2024-12-24
3619,3619,Net Banking,Completed,2024-02-18
3620,3620,COD,Completed,2023-01-26
3621,3621,Debit Card,Completed,2024-06-17
3622,3622,UPI,Completed,2023-05-12
3623,3623,Wallet,Completed,2023-07-23
3624,3624,Credit Card,Completed,2023-10-28
3625,3625,Credit Card,Completed,2024-06-16
3626,3626,Wallet,Completed,2023-03-26
3627,3627,Wallet,Completed,2024-09-07
3628,3628,COD,Completed,2023-04-21
3629,3629,UPI,Completed,2023-09-20
3630,3630,UPI,Completed,2023-12-29
3631,3631,Debit Card,Completed,2023-02-02
3632,3632,COD,Completed,2023-04-10
3633,3633,UPI,Completed,2023-09-16
3634,3634,Wallet,Refunded,2025-03-17
3635,3635,Debit Card,Completed,2023-01-24
3636,3636,Debit Card,Completed,2023-05-17
3637,3637,UPI,Completed,2024-09-27
3638,3638,Credit Card,Completed,2024-08-05
3639,3639,UPI,Completed,2025-03-19
3640,3640,Debit Card,Completed,2024-06-07
3641,3641,UPI,Completed,2024-11-25
3642,3642,Credit Card,Completed,2025-01-23
3643,3643,Credit Card,Completed,2023-02-24
3644,3644,UPI,Completed,2025-06-01
3645,3645,Credit Card,Completed,2023-06-07
3646,3646,Net Banking,Completed,2025-04-14
3647,3647,Wallet,Completed,2024-06-03
3648,3648,COD,Completed,2023-08-26
3649,3649,COD,Completed,2024-06-24
3650,3650,Net Banking,Completed,2023-03-20
3651,3651,Credit Card,Completed,2024-04-10
3652,3652,Net Banking,Completed,2023-04-03
3653,3653,Net Banking,Completed,2023-10-24
3654,3654,COD,Completed,2024-09-20
3655,3655,Debit Card,Completed,2023-05-25
3656,3656,Credit Card,Completed,2024-02-19
3657,3657,Debit Card,Completed,2023-12-03
3658,3658,Debit Card,Completed,2025-06-13
3659,3659,Net Banking,Completed,2023-03-02
3660,3660,Credit Card,Completed,2024-03-02
3661,3661,COD,Refunded,2024-05-27
3662,3662,Credit Card,Completed,2023-04-09
3663,3663,Wallet,Completed,2023-03-15
3664,3664,Wallet,Completed,2025-01-01
3665,3665,COD,Completed,2025-02-24
3666,3666,Net Banking,Completed,2024-10-02
3667,3667,UPI,Completed,2024-05-11
3668,3668,Debit Card,Completed,2024-01-13
3669,3669,Debit Card,Completed,2023-02-09
3670,3670,Wallet,Refunded,2024-05-21
3671,3671,UPI,Completed,2023-04-06
3672,3672,Net Banking,Completed,2023-09-02
3673,3673,Credit Card,Completed,2024-01-10
3674,3674,Debit Card,Completed,2024-12-18
3675,3675,COD,Completed,2024-02-08
3676,3676,UPI,Completed,2024-06-10
3677,3677,COD,Completed,2025-04-06
3678,3678,COD,Completed,2025-04-21
3679,3679,Net Banking,Completed,2024-07-31
3680,3680,Debit Card,Completed,2024-03-04
3681,3681,Wallet,Completed,2024-12-16
3682,3682,Wallet,Completed,2024-10-16
3683,3683,Debit Card,Completed,2023-01-09
3684,3684,Net Banking,Completed,2024-01-22
3685,3685,Wallet,Completed,2024-03-24
3686,3686,UPI,Completed,2025-01-07
3687,3687,Wallet,Completed,2024-03-17
3688,3688,Net Banking,Completed,2023-02-26
3689,3689,COD,Completed,2023-04-07
3690,3690,Wallet,Completed,2023-05-24
3691,3691,Wallet,Refunded,2025-05-24
3692,3692,COD,Completed,2023-05-22
3693,3693,Wallet,Refunded,2024-04-03
3694,3694,Credit Card,Completed,2024-09-18
3695,3695,Credit Card,Completed,2024-07-16
3696,3696,COD,Completed,2024-02-02
3697,3697,Net Banking,Completed,2023-03-13
3698,3698,COD,Completed,2024-05-12
3699,3699,Net Banking,Completed,2024-08-23
3700,3700,Debit Card,Completed,2023-06-11
3701,3701,Wallet,Completed,2025-02-17
3702,3702,Wallet,Completed,2023-03-25
3703,3703,COD,Completed,2023-10-16
3704,3704,COD,Completed,2024-06-24
3705,3705,UPI,Completed,2024-12-13
3706,3706,Net Banking,Completed,2024-11-16
3707,3707,Net Banking,Completed,2024-07-14
3708,3708,Debit Card,Completed,2023-04-27
3709,3709,UPI,Completed,2024-09-30
3710,3710,Wallet,Completed,2025-03-07
3711,3711,Debit Card,Completed,2023-02-12
3712,3712,UPI,Completed,2025-06-05
3713,3713,Credit Card,Completed,2023-09-13
3714,3714,COD,Completed,2025-04-05
3715,3715,UPI,Completed,2023-05-23
3716,3716,COD,Completed,2023-04-07
3717,3717,Credit Card,Refunded,2025-01-30
3718,3718,Credit Card,Completed,2025-05-13
3719,3719,Debit Card,Refunded,2023-05-06
3720,3720,Wallet,Refunded,2024-03-12
3721,3721,COD,Completed,2024-01-22
3722,3722,Credit Card,Completed,2023-01-29
3723,3723,UPI,Completed,2024-02-27
3724,3724,Net Banking,Completed,2023-08-06
3725,3725,UPI,Completed,2023-05-06
3726,3726,Debit Card,Completed,2025-03-18
3727,3727,UPI,Completed,2025-05-25
3728,3728,COD,Completed,2023-05-21
3729,3729,COD,Completed,2025-04-17
3730,3730,COD,Completed,2023-03-14
3731,3731,Net Banking,Completed,2024-11-23
3732,3732,Debit Card,Completed,2023-06-19
3733,3733,Net Banking,Completed,2025-06-10
3734,3734,Net Banking,Completed,2023-08-31
3735,3735,COD,Completed,2024-08-13
3736,3736,Credit Card,Completed,2023-01-24
3737,3737,Net Banking,Completed,2024-11-01
3738,3738,UPI,Completed,2024-03-25
3739,3739,UPI,Completed,2025-02-13
3740,3740,Wallet,Completed,2023-10-13
3741,3741,Credit Card,Completed,2024-07-02
3742,3742,Debit Card,Completed,2023-08-01
3743,3743,UPI,Completed,2024-02-01
3744,3744,Debit Card,Completed,2023-07-15
3745,3745,Debit Card,Completed,2024-01-08
3746,3746,Debit Card,Completed,2024-01-31
3747,3747,Wallet,Completed,2023-06-28
3748,3748,Debit Card,Completed,2024-10-18
3749,3749,Credit Card,Completed,2023-04-08
3750,3750,UPI,Completed,2024-06-04
3751,3751,UPI,Completed,2024-04-08
3752,3752,UPI,Completed,2024-06-27
3753,3753,UPI,Completed,2024-10-01
3754,3754,Net Banking,Completed,2023-08-11
3755,3755,UPI,Completed,2025-03-17
3756,3756,UPI,Completed,2025-01-11
3757,3757,COD,Completed,2023-07-29
3758,3758,Debit Card,Completed,2024-05-30
3759,3759,Net Banking,Completed,2024-01-20
3760,3760,Wallet,Completed,2023-01-25
3761,3761,Debit Card,Completed,2024-06-06
3762,3762,Debit Card,Completed,2023-12-07
3763,3763,UPI,Completed,2024-10-17
3764,3764,COD,Completed,2024-02-06
3765,3765,COD,Completed,2023-12-04
3766,3766,Debit Card,Completed,2023-12-03
3767,3767,Debit Card,Completed,2024-07-03
3768,3768,Credit Card,Completed,2024-09-22
3769,3769,Net Banking,Completed,2025-03-26
3770,3770,Credit Card,Completed,2023-10-31
3771,3771,Credit Card,Completed,2024-03-05
3772,3772,Net Banking,Completed,2023-05-29
3773,3773,Wallet,Completed,2023-06-06
3774,3774,Credit Card,Completed,2023-10-14
3775,3775,Wallet,Completed,2024-02-18
3776,3776,COD,Completed,2024-05-13
3777,3777,COD,Completed,2023-09-29
3778,3778,Credit Card,Completed,2024-04-23
3779,3779,UPI,Completed,2023-03-27
3780,3780,Wallet,Completed,2023-04-07
3781,3781,Net Banking,Completed,2023-12-30
3782,3782,UPI,Completed,2023-04-04
3783,3783,COD,Refunded,2025-02-08
3784,3784,Credit Card,Completed,2024-11-05
3785,3785,Wallet,Completed,2023-08-10
3786,3786,Debit Card,Completed,2023-07-06
3787,3787,Debit Card,Completed,2024-05-19
3788,3788,Net Banking,Completed,2023-09-18
3789,3789,Credit Card,Completed,2025-06-11
3790,3790,Net Banking,Completed,2024-10-14
3791,3791,Wallet,Completed,2023-03-17
3792,3792,Debit Card,Completed,2024-02-10
3793,3793,UPI,Completed,2024-03-18
3794,3794,Net Banking,Completed,2024-03-05
3795,3795,Credit Card,Completed,2025-02-05
3796,3796,Debit Card,Completed,2023-04-07
3797,3797,Net Banking,Refunded,2023-07-15
3798,3798,Debit Card,Completed,2024-09-04
3799,3799,Net Banking,Completed,2024-07-25
3800,3800,COD,Completed,2024-03-03
3801,3801,UPI,Completed,2025-03-01
3802,3802,Wallet,Completed,2024-02-27
3803,3803,Wallet,Completed,2023-05-31
3804,3804,UPI,Completed,2024-09-18
3805,3805,Debit Card,Completed,2024-02-19
3806,3806,Debit Card,Completed,2024-10-07
3807,3807,Wallet,Completed,2023-07-28
3808,3808,Wallet,Completed,2023-03-20
3809,3809,Wallet,Completed,2025-04-08
3810,3810,Credit Card,Refunded,2025-04-15
3811,3811,Credit Card,Completed,2023-01-28
3812,3812,UPI,Completed,2023-12-23
3813,3813,Debit Card,Completed,2023-08-18
3814,3814,Net Banking,Completed,2025-03-02
3815,3815,COD,Completed,2024-05-17
3816,3816,Wallet,Completed,2023-11-11
3817,3817,Net Banking,Completed,2024-12-13
3818,3818,UPI,Completed,2023-09-20
3819,3819,UPI,Completed,2023-02-18
3820,3820,Net Banking,Refunded,2024-10-17
3821,3821,COD,Completed,2024-03-07
3822,3822,COD,Completed,2024-08-22
3823,3823,UPI,Completed,2024-04-11
3824,3824,Wallet,Completed,2024-04-01
3825,3825,Wallet,Completed,2024-05-27
3826,3826,Credit Card,Completed,2024-04-09
3827,3827,COD,Completed,2024-05-29
3828,3828,Credit Card,Completed,2023-10-20
3829,3829,Credit Card,Completed,2024-06-11
3830,3830,Net Banking,Refunded,2025-02-02
3831,3831,Net Banking,Refunded,2024-11-19
3832,3832,Wallet,Completed,2024-07-08
3833,3833,UPI,Completed,2024-10-26
3834,3834,Debit Card,Completed,2024-09-23
3835,3835,UPI,Completed,2023-04-13
3836,3836,Credit Card,Completed,2024-04-04
3837,3837,Wallet,Completed,2023-05-31
3838,3838,Net Banking,Completed,2024-12-27
3839,3839,UPI,Completed,2024-04-26
3840,3840,Credit Card,Completed,2025-03-12
3841,3841,Net Banking,Completed,2024-05-29
3842,3842,COD,Completed,2024-12-27
3843,3843,COD,Completed,2025-01-05
3844,3844,Net Banking,Completed,2024-09-24
3845,3845,Credit Card,Completed,2023-06-29
3846,3846,Debit Card,Completed,2024-04-18
3847,3847,Debit Card,Completed,2024-08-03
3848,3848,UPI,Completed,2023-01-02
3849,3849,Net Banking,Completed,2024-07-25
3850,3850,Net Banking,Completed,2023-05-10
3851,3851,Credit Card,Refunded,2024-09-06
3852,3852,Wallet,Completed,2024-08-08
3853,3853,Debit Card,Completed,2023-05-24
3854,3854,Debit Card,Completed,2024-06-02
3855,3855,Credit Card,Completed,2024-05-18
3856,3856,Wallet,Completed,2024-11-16
3857,3857,Debit Card,Completed,2025-04-14
3858,3858,Debit Card,Completed,2023-11-07
3859,3859,Net Banking,Completed,2025-04-11
3860,3860,Net Banking,Completed,2023-04-08
3861,3861,Credit Card,Completed,2024-07-09
3862,3862,Wallet,Completed,2025-01-24
3863,3863,Credit Card,Completed,2024-06-21
3864,3864,UPI,Refunded,2023-01-20
3865,3865,Debit Card,Completed,2024-03-28
3866,3866,Net Banking,Completed,2023-01-28
3867,3867,Net Banking,Completed,2025-04-04
3868,3868,COD,Completed,2023-07-01
3869,3869,COD,Completed,2023-09-17
3870,3870,COD,Completed,2024-04-04
3871,3871,Net Banking,Refunded,2024-08-28
3872,3872,UPI,Completed,2025-05-30
3873,3873,Wallet,Completed,2025-03-18
3874,3874,Net Banking,Completed,2025-05-02
3875,3875,COD,Completed,2023-04-07
3876,3876,Credit Card,Completed,2024-01-03
3877,3877,Debit Card,Completed,2025-01-24
3878,3878,COD,Refunded,2024-11-27
3879,3879,Net Banking,Completed,2023-08-18
3880,3880,Debit Card,Completed,2025-05-26
3881,3881,Debit Card,Completed,2023-04-17
3882,3882,Credit Card,Completed,2025-04-20
3883,3883,Debit Card,Completed,2024-01-03
3884,3884,Wallet,Completed,2025-06-19
3885,3885,Debit Card,Completed,2023-09-08
3886,3886,Wallet,Completed,2023-02-11
3887,3887,Wallet,Completed,2023-11-15
3888,3888,Debit Card,Completed,2024-09-24
3889,3889,Credit Card,Completed,2025-04-19
3890,3890,Wallet,Completed,2025-05-19
3891,3891,Credit Card,Completed,2025-06-03
3892,3892,Wallet,Refunded,2024-03-10
3893,3893,Net Banking,Completed,2024-10-20
3894,3894,UPI,Completed,2024-07-10
3895,3895,UPI,Completed,2024-07-30
3896,3896,Net Banking,Completed,2024-06-07
3897,3897,UPI,Completed,2024-05-19
3898,3898,Credit Card,Completed,2024-01-11
3899,3899,Net Banking,Completed,2024-06-05
3900,3900,Debit Card,Completed,2025-05-05
3901,3901,COD,Completed,2023-09-03
3902,3902,Wallet,Refunded,2023-11-10
3903,3903,UPI,Completed,2023-10-29
3904,3904,Wallet,Completed,2025-01-23
3905,3905,UPI,Refunded,2024-11-22
3906,3906,Credit Card,Completed,2023-01-03
3907,3907,Debit Card,Completed,2023-10-03
3908,3908,Credit Card,Completed,2024-07-05
3909,3909,COD,Completed,2024-05-22
3910,3910,Wallet,Completed,2024-07-13
3911,3911,Wallet,Completed,2023-09-23
3912,3912,Net Banking,Completed,2024-02-06
3913,3913,Wallet,Completed,2023-02-03
3914,3914,Net Banking,Completed,2024-10-03
3915,3915,Wallet,Completed,2023-03-20
3916,3916,Wallet,Completed,2025-02-22
3917,3917,UPI,Completed,2023-09-01
3918,3918,UPI,Completed,2023-10-12
3919,3919,COD,Completed,2024-01-01
3920,3920,Net Banking,Completed,2023-10-09
3921,3921,UPI,Completed,2023-08-03
3922,3922,Credit Card,Completed,2023-08-31
3923,3923,Credit Card,Completed,2024-05-31
3924,3924,COD,Completed,2024-04-08
3925,3925,COD,Completed,2024-12-26
3926,3926,UPI,Completed,2023-12-03
3927,3927,Credit Card,Completed,2023-01-25
3928,3928,UPI,Completed,2023-03-19
3929,3929,Net Banking,Completed,2023-08-24
3930,3930,UPI,Completed,2025-02-25
3931,3931,Debit Card,Completed,2023-09-29
3932,3932,Net Banking,Completed,2024-07-12
3933,3933,COD,Completed,2023-02-12
3934,3934,Credit Card,Completed,2023-06-10
3935,3935,Wallet,Completed,2023-10-19
3936,3936,UPI,Completed,2024-06-08
3937,3937,COD,Completed,2024-05-15
3938,3938,Credit Card,Completed,2023-10-20
3939,3939,UPI,Completed,2024-06-21
3940,3940,UPI,Completed,2023-09-03
3941,3941,Net Banking,Completed,2023-09-04
3942,3942,Credit Card,Completed,2025-01-14
3943,3943,UPI,Completed,2024-04-03
3944,3944,Net Banking,Completed,2023-05-10
3945,3945,UPI,Completed,2023-12-27
3946,3946,Net Banking,Completed,2023-12-14
3947,3947,UPI,Completed,2024-06-29
3948,3948,Wallet,Completed,2023-05-07
3949,3949,Credit Card,Completed,2023-06-23
3950,3950,UPI,Completed,2023-09-26
3951,3951,UPI,Completed,2024-10-23
3952,3952,Debit Card,Completed,2024-10-26
3953,3953,Credit Card,Completed,2025-01-30
3954,3954,UPI,Completed,2025-04-18
3955,3955,Debit Card,Completed,2023-01-08
3956,3956,UPI,Completed,2024-09-17
3957,3957,Net Banking,Completed,2023-07-15
3958,3958,Net Banking,Completed,2023-08-20
3959,3959,Net Banking,Completed,2024-09-22
3960,3960,Credit Card,Completed,2024-03-19
3961,3961,UPI,Completed,2023-06-17
3962,3962,Wallet,Completed,2025-04-06
3963,3963,Net Banking,Completed,2024-03-15
3964,3964,Credit Card,Completed,2023-12-14
3965,3965,Credit Card,Completed,2024-12-04
3966,3966,COD,Completed,2024-02-16
3967,3967,UPI,Completed,2023-02-15
3968,3968,Debit Card,Completed,2024-08-18
3969,3969,Credit Card,Completed,2025-03-16
3970,3970,Wallet,Completed,2024-02-05
3971,3971,UPI,Completed,2025-01-11
3972,3972,Wallet,Completed,2023-04-01
3973,3973,Credit Card,Completed,2023-10-10
3974,3974,COD,Completed,2023-07-10
3975,3975,COD,Completed,2024-01-06
3976,3976,COD,Completed,2025-03-15
3977,3977,Debit Card,Completed,2023-08-29
3978,3978,Credit Card,Refunded,2023-02-13
3979,3979,Wallet,Completed,2024-04-23
3980,3980,Debit Card,Completed,2023-09-18
3981,3981,Wallet,Completed,2025-03-11
3982,3982,Wallet,Completed,2024-07-24
3983,3983,UPI,Completed,2025-02-07
3984,3984,Credit Card,Completed,2025-02-16
3985,3985,UPI,Completed,2025-01-16
3986,3986,UPI,Completed,2025-03-19
3987,3987,COD,Completed,2023-05-31
3988,3988,Net Banking,Refunded,2023-04-25
3989,3989,COD,Completed,2024-12-25
3990,3990,UPI,Completed,2023-12-11
3991,3991,Debit Card,Completed,2024-08-28
3992,3992,COD,Completed,2023-10-16
3993,3993,Debit Card,Completed,2025-05-19
3994,3994,Credit Card,Completed,2025-04-08
3995,3995,Debit Card,Completed,2023-08-30
3996,3996,Net Banking,Completed,2025-04-18
3997,3997,Net Banking,Completed,2025-04-13
3998,3998,COD,Completed,2024-04-22
3999,3999,Wallet,Completed,2025-05-19
4000,4000,Credit Card,Completed,2023-11-21
4001,4001,Wallet,Refunded,2025-06-11
4002,4002,Credit Card,Completed,2024-05-29
4003,4003,Wallet,Completed,2023-01-29
4004,4004,Credit Card,Completed,2024-04-25
4005,4005,UPI,Completed,2024-03-19
4006,4006,Net Banking,Completed,2023-09-20
4007,4007,COD,Completed,2024-06-28
4008,4008,Wallet,Completed,2023-11-12
4009,4009,COD,Completed,2023-03-28
4010,4010,Wallet,Completed,2024-01-12
4011,4011,COD,Completed,2024-04-23
4012,4012,COD,Completed,2024-10-28
4013,4013,COD,Completed,2023-03-09
4014,4014,Wallet,Completed,2025-05-26
4015,4015,Credit Card,Completed,2024-11-11
4016,4016,COD,Completed,2023-12-22
4017,4017,COD,Completed,2025-01-13
4018,4018,Net Banking,Completed,2023-08-12
4019,4019,Debit Card,Completed,2024-02-17
4020,4020,Net Banking,Completed,2024-05-02
4021,4021,Wallet,Completed,2024-03-08
4022,4022,COD,Completed,2024-06-27
4023,4023,Debit Card,Completed,2024-03-03
4024,4024,Credit Card,Completed,2024-04-25
4025,4025,Credit Card,Completed,2024-02-26
4026,4026,Wallet,Completed,2023-08-16
4027,4027,Credit Card,Completed,2023-08-14
4028,4028,Credit Card,Completed,2023-03-19
4029,4029,Net Banking,Completed,2024-11-04
4030,4030,Net Banking,Completed,2025-03-26
4031,4031,Wallet,Completed,2024-07-25
4032,4032,Credit Card,Completed,2025-02-04
4033,4033,COD,Completed,2023-01-11
4034,4034,Credit Card,Completed,2023-08-09
4035,4035,Wallet,Completed,2025-04-06
4036,4036,UPI,Completed,2024-09-24
4037,4037,COD,Completed,2023-07-13
4038,4038,Wallet,Completed,2024-06-11
4039,4039,Credit Card,Completed,2023-03-28
4040,4040,Wallet,Completed,2023-10-17
4041,4041,COD,Completed,2023-11-21
4042,4042,Debit Card,Completed,2023-06-17
4043,4043,Debit Card,Completed,2025-02-05
4044,4044,COD,Completed,2023-10-31
4045,4045,Net Banking,Completed,2025-02-26
4046,4046,UPI,Completed,2023-06-17
4047,4047,Credit Card,Completed,2025-04-27
4048,4048,COD,Completed,2025-05-22
4049,4049,UPI,Completed,2023-06-30
4050,4050,Debit Card,Completed,2024-02-22
4051,4051,COD,Completed,2023-09-26
4052,4052,Credit Card,Completed,2024-04-01
4053,4053,COD,Completed,2023-02-16
4054,4054,Wallet,Completed,2023-03-22
4055,4055,UPI,Completed,2023-05-26
4056,4056,Wallet,Completed,2024-03-17
4057,4057,COD,Completed,2024-12-22
4058,4058,Credit Card,Refunded,2023-05-03
4059,4059,Net Banking,Completed,2024-06-15
4060,4060,Debit Card,Completed,2024-04-15
4061,4061,Net Banking,Completed,2025-02-25
4062,4062,Net Banking,Completed,2024-03-30
4063,4063,COD,Completed,2023-07-28
4064,4064,Wallet,Completed,2024-05-04
4065,4065,Debit Card,Completed,2024-10-08
4066,4066,Debit Card,Completed,2024-12-01
4067,4067,Debit Card,Completed,2025-05-27
4068,4068,Credit Card,Completed,2024-02-02
4069,4069,COD,Completed,2023-05-25
4070,4070,UPI,Completed,2023-07-21
4071,4071,COD,Completed,2023-06-12
4072,4072,COD,Refunded,2023-04-18
4073,4073,UPI,Completed,2024-07-22
4074,4074,COD,Completed,2025-03-18
4075,4075,UPI,Completed,2025-02-28
4076,4076,Credit Card,Completed,2024-02-17
4077,4077,UPI,Completed,2023-05-14
4078,4078,COD,Completed,2024-01-01
4079,4079,Net Banking,Completed,2025-03-17
4080,4080,Debit Card,Completed,2024-05-16
4081,4081,Credit Card,Completed,2024-12-02
4082,4082,Net Banking,Completed,2023-01-16
4083,4083,Wallet,Refunded,2023-01-05
4084,4084,COD,Completed,2025-05-15
4085,4085,Wallet,Completed,2023-06-08
4086,4086,Net Banking,Completed,2025-04-20
4087,4087,Net Banking,Completed,2023-11-10
4088,4088,Debit Card,Completed,2023-07-31
4089,4089,Net Banking,Completed,2024-05-28
4090,4090,Net Banking,Completed,2025-02-15
4091,4091,COD,Completed,2023-07-20
4092,4092,Credit Card,Completed,2023-08-08
4093,4093,Debit Card,Completed,2025-04-28
4094,4094,Net Banking,Completed,2025-03-07
4095,4095,Net Banking,Completed,2023-11-25
4096,4096,Credit Card,Completed,2025-04-14
4097,4097,COD,Completed,2023-09-21
4098,4098,Credit Card,Completed,2024-07-08
4099,4099,Debit Card,Completed,2025-04-23
4100,4100,Debit Card,Completed,2024-08-01
4101,4101,COD,Completed,2024-09-10
4102,4102,Credit Card,Completed,2024-01-15
4103,4103,Debit Card,Completed,2023-07-28
4104,4104,Net Banking,Completed,2024-03-28
4105,4105,COD,Completed,2023-07-08
4106,4106,UPI,Completed,2024-04-05
4107,4107,Wallet,Completed,2024-08-21
4108,4108,Credit Card,Completed,2024-03-19
4109,4109,UPI,Completed,2023-08-18
4110,4110,UPI,Completed,2024-03-09
4111,4111,Net Banking,Completed,2023-08-02
4112,4112,Credit Card,Refunded,2023-07-21
4113,4113,Net Banking,Completed,2024-10-20
4114,4114,UPI,Completed,2023-09-21
4115,4115,Wallet,Completed,2023-11-04
4116,4116,Debit Card,Completed,2023-07-31
4117,4117,UPI,Completed,2023-11-16
4118,4118,Debit Card,Completed,2024-07-29
4119,4119,Credit Card,Completed,2024-06-15
4120,4120,Wallet,Completed,2023-06-27
4121,4121,Wallet,Completed,2023-12-01
4122,4122,UPI,Completed,2025-06-10
4123,4123,Credit Card,Completed,2024-06-05
4124,4124,Credit Card,Completed,2023-02-24
4125,4125,UPI,Completed,2023-05-11
4126,4126,Net Banking,Completed,2023-08-09
4127,4127,Net Banking,Completed,2024-01-13
4128,4128,COD,Completed,2024-12-15
4129,4129,Wallet,Completed,2024-09-20
4130,4130,Wallet,Completed,2024-04-21
4131,4131,Net Banking,Completed,2024-06-08
4132,4132,Credit Card,Completed,2023-03-18
4133,4133,COD,Completed,2025-02-21
4134,4134,Debit Card,Completed,2024-01-17
4135,4135,Wallet,Completed,2024-11-13
4136,4136,UPI,Completed,2025-02-27
4137,4137,Credit Card,Completed,2023-01-30
4138,4138,COD,Completed,2024-09-08
4139,4139,Debit Card,Completed,2025-05-05
4140,4140,Net Banking,Completed,2025-03-01
4141,4141,Wallet,Completed,2025-05-08
4142,4142,COD,Completed,2024-10-26
4143,4143,COD,Completed,2023-08-20
4144,4144,COD,Completed,2024-09-04
4145,4145,Net Banking,Completed,2024-09-03
4146,4146,Debit Card,Completed,2023-05-06
4147,4147,UPI,Completed,2024-09-07
4148,4148,UPI,Completed,2023-07-24
4149,4149,Net Banking,Completed,2023-05-07
4150,4150,Net Banking,Completed,2023-11-11
4151,4151,Net Banking,Completed,2025-04-04
4152,4152,Net Banking,Completed,2023-09-20
4153,4153,Debit Card,Completed,2023-05-17
4154,4154,UPI,Completed,2024-02-05
4155,4155,COD,Completed,2024-02-08
4156,4156,COD,Completed,2024-03-28
4157,4157,Debit Card,Completed,2023-06-08
4158,4158,Credit Card,Completed,2024-11-10
4159,4159,COD,Completed,2024-12-01
4160,4160,Wallet,Completed,2023-03-22
4161,4161,Debit Card,Completed,2024-02-10
4162,4162,UPI,Completed,2024-03-09
4163,4163,Wallet,Completed,2023-12-25
4164,4164,Net Banking,Completed,2025-01-13
4165,4165,Wallet,Completed,2024-04-12
4166,4166,Credit Card,Completed,2025-03-28
4167,4167,Wallet,Completed,2025-04-01
4168,4168,Wallet,Completed,2025-03-18
4169,4169,Net Banking,Refunded,2024-06-21
4170,4170,COD,Completed,2023-12-26
4171,4171,UPI,Completed,2025-05-17
4172,4172,Credit Card,Completed,2023-01-29
4173,4173,COD,Completed,2024-02-13
4174,4174,COD,Completed,2023-09-22
4175,4175,Wallet,Completed,2023-09-14
4176,4176,Net Banking,Completed,2025-02-20
4177,4177,COD,Completed,2023-09-23
4178,4178,Credit Card,Completed,2024-06-23
4179,4179,Debit Card,Completed,2024-05-23
4180,4180,Credit Card,Completed,2024-04-18
4181,4181,Debit Card,Completed,2023-09-06
4182,4182,Credit Card,Completed,2023-12-02
4183,4183,Wallet,Completed,2023-07-03
4184,4184,Debit Card,Completed,2023-02-13
4185,4185,Credit Card,Completed,2024-02-06
4186,4186,UPI,Completed,2023-01-02
4187,4187,Net Banking,Completed,2023-11-02
4188,4188,COD,Completed,2023-04-04
4189,4189,UPI,Completed,2024-07-25
4190,4190,Debit Card,Completed,2023-07-18
4191,4191,Credit Card,Completed,2023-07-25
4192,4192,Credit Card,Completed,2024-06-25
4193,4193,COD,Completed,2024-12-23
4194,4194,UPI,Refunded,2024-04-06
4195,4195,UPI,Completed,2025-03-13
4196,4196,Net Banking,Completed,2024-06-23
4197,4197,UPI,Completed,2024-10-20
4198,4198,Debit Card,Completed,2024-01-19
4199,4199,UPI,Completed,2023-08-19
4200,4200,COD,Completed,2023-06-07
4201,4201,Net Banking,Completed,2023-07-21
4202,4202,COD,Completed,2023-07-10
4203,4203,Net Banking,Completed,2024-08-07
4204,4204,UPI,Completed,2025-01-18
4205,4205,COD,Completed,2024-10-31
4206,4206,COD,Completed,2024-11-29
4207,4207,Wallet,Completed,2024-10-03
4208,4208,UPI,Completed,2023-12-17
4209,4209,Debit Card,Refunded,2024-03-16
4210,4210,Net Banking,Completed,2024-08-03
4211,4211,COD,Completed,2023-03-15
4212,4212,UPI,Completed,2024-08-04
4213,4213,Debit Card,Completed,2023-08-24
4214,4214,Credit Card,Completed,2025-03-18
4215,4215,COD,Completed,2025-03-10
4216,4216,UPI,Completed,2024-10-07
4217,4217,Net Banking,Completed,2025-04-15
4218,4218,COD,Completed,2023-12-06
4219,4219,Wallet,Completed,2023-05-16
4220,4220,Debit Card,Completed,2025-06-10
4221,4221,Debit Card,Completed,2024-07-30
4222,4222,Credit Card,Completed,2024-08-15
4223,4223,UPI,Completed,2023-11-28
4224,4224,Debit Card,Completed,2023-10-27
4225,4225,Debit Card,Completed,2025-02-24
4226,4226,Net Banking,Completed,2025-01-05
4227,4227,Credit Card,Completed,2023-05-21
4228,4228,COD,Completed,2024-09-19
4229,4229,Debit Card,Completed,2025-01-26
4230,4230,COD,Completed,2024-05-29
4231,4231,Credit Card,Completed,2025-03-02
4232,4232,UPI,Completed,2024-08-11
4233,4233,Net Banking,Completed,2025-01-23
4234,4234,Debit Card,Completed,2025-01-20
4235,4235,COD,Completed,2024-02-16
4236,4236,COD,Completed,2025-03-05
4237,4237,UPI,Refunded,2023-09-14
4238,4238,Net Banking,Completed,2024-04-09
4239,4239,Debit Card,Completed,2024-05-10
4240,4240,Net Banking,Completed,2024-10-02
4241,4241,Debit Card,Completed,2025-06-14
4242,4242,Credit Card,Completed,2025-05-10
4243,4243,Wallet,Completed,2024-07-16
4244,4244,Debit Card,Completed,2023-12-19
4245,4245,Net Banking,Refunded,2023-09-21
4246,4246,Credit Card,Completed,2023-03-22
4247,4247,Credit Card,Completed,2025-02-24
4248,4248,Credit Card,Completed,2024-09-16
4249,4249,Wallet,Completed,2024-12-27
4250,4250,Debit Card,Completed,2025-01-31
4251,4251,Debit Card,Completed,2023-02-24
4252,4252,Debit Card,Completed,2025-02-09
4253,4253,Net Banking,Completed,2023-10-20
4254,4254,Credit Card,Completed,2024-06-12
4255,4255,Credit Card,Completed,2023-12-07
4256,4256,Credit Card,Completed,2023-11-12
4257,4257,Credit Card,Completed,2023-01-14
4258,4258,Credit Card,Completed,2023-01-12
4259,4259,COD,Completed,2023-03-29
4260,4260,Net Banking,Completed,2023-09-23
4261,4261,Net Banking,Completed,2024-02-07
4262,4262,Credit Card,Completed,2023-05-04
4263,4263,Net Banking,Refunded,2023-01-15
4264,4264,Credit Card,Completed,2023-09-11
4265,4265,Debit Card,Completed,2024-05-22
4266,4266,Credit Card,Completed,2024-04-07
4267,4267,Credit Card,Completed,2024-03-31
4268,4268,UPI,Completed,2023-10-04
4269,4269,COD,Completed,2024-06-10
4270,4270,Debit Card,Refunded,2025-05-09
4271,4271,Wallet,Completed,2024-08-24
4272,4272,Wallet,Completed,2025-03-01
4273,4273,COD,Completed,2023-03-25
4274,4274,Credit Card,Completed,2023-02-10
4275,4275,Net Banking,Completed,2024-08-31
4276,4276,Debit Card,Completed,2023-07-23
4277,4277,Debit Card,Refunded,2023-02-14
4278,4278,Debit Card,Completed,2023-03-30
4279,4279,COD,Completed,2023-03-25
4280,4280,Net Banking,Completed,2023-10-20
4281,4281,Debit Card,Completed,2024-11-02
4282,4282,Net Banking,Completed,2024-12-31
4283,4283,Debit Card,Completed,2024-10-01
4284,4284,UPI,Completed,2024-09-30
4285,4285,Wallet,Completed,2024-09-18
4286,4286,Credit Card,Completed,2024-02-04
4287,4287,Net Banking,Completed,2023-04-16
4288,4288,Net Banking,Completed,2024-12-26
4289,4289,Net Banking,Completed,2024-09-22
4290,4290,UPI,Completed,2024-02-23
4291,4291,Net Banking,Completed,2023-07-12
4292,4292,Wallet,Completed,2025-06-05
4293,4293,Credit Card,Completed,2024-12-02
4294,4294,Wallet,Completed,2025-05-16
4295,4295,UPI,Completed,2025-05-02
4296,4296,COD,Completed,2024-03-22
4297,4297,Net Banking,Completed,2024-06-20
4298,4298,COD,Completed,2024-10-16
4299,4299,Net Banking,Completed,2024-02-04
4300,4300,Wallet,Completed,2025-01-06
4301,4301,Net Banking,Completed,2024-12-05
4302,4302,Credit Card,Completed,2023-10-11
4303,4303,Wallet,Completed,2024-10-02
4304,4304,Net Banking,Completed,2024-07-30
4305,4305,Net Banking,Completed,2025-01-15
4306,4306,Wallet,Completed,2024-05-30
4307,4307,Wallet,Completed,2024-02-06
4308,4308,Net Banking,Completed,2023-01-12
4309,4309,COD,Completed,2024-03-30
4310,4310,UPI,Completed,2025-03-11
4311,4311,Debit Card,Completed,2023-08-06
4312,4312,Net Banking,Completed,2023-06-09
4313,4313,COD,Refunded,2024-08-22
4314,4314,UPI,Completed,2024-06-09
4315,4315,COD,Completed,2024-03-09
4316,4316,Credit Card,Completed,2024-07-21
4317,4317,Credit Card,Completed,2025-02-08
4318,4318,Wallet,Completed,2025-03-21
4319,4319,UPI,Completed,2023-09-14
4320,4320,Credit Card,Completed,2025-01-15
4321,4321,Net Banking,Completed,2025-05-30
4322,4322,Debit Card,Completed,2025-04-08
4323,4323,Net Banking,Completed,2023-10-14
4324,4324,UPI,Completed,2023-10-23
4325,4325,Debit Card,Completed,2024-08-29
4326,4326,UPI,Completed,2024-06-08
4327,4327,Net Banking,Completed,2023-07-03
4328,4328,COD,Completed,2024-08-31
4329,4329,Credit Card,Completed,2025-01-28
4330,4330,Net Banking,Completed,2024-08-25
4331,4331,Wallet,Completed,2025-01-22
4332,4332,COD,Completed,2023-11-04
4333,4333,UPI,Completed,2024-12-29
4334,4334,UPI,Completed,2023-12-08
4335,4335,Wallet,Completed,2023-04-07
4336,4336,COD,Completed,2023-02-18
4337,4337,Wallet,Completed,2023-03-08
4338,4338,COD,Refunded,2023-06-14
4339,4339,Net Banking,Completed,2024-09-29
4340,4340,Net Banking,Completed,2023-04-06
4341,4341,Debit Card,Completed,2023-06-12
4342,4342,UPI,Completed,2023-06-10
4343,4343,COD,Completed,2024-03-01
4344,4344,Net Banking,Completed,2024-06-03
4345,4345,Wallet,Completed,2023-01-22
4346,4346,COD,Completed,2023-08-21
4347,4347,Credit Card,Completed,2025-04-30
4348,4348,COD,Completed,2025-05-10
4349,4349,UPI,Completed,2024-06-05
4350,4350,COD,Completed,2023-04-14
4351,4351,UPI,Completed,2023-02-15
4352,4352,Credit Card,Completed,2023-06-18
4353,4353,Net Banking,Completed,2023-07-28
4354,4354,Credit Card,Completed,2024-05-27
4355,4355,Net Banking,Completed,2024-04-29
4356,4356,Wallet,Completed,2023-04-05
4357,4357,COD,Completed,2025-06-11
4358,4358,COD,Completed,2025-03-18
4359,4359,COD,Completed,2023-06-02
4360,4360,Credit Card,Refunded,2024-09-07
4361,4361,UPI,Completed,2023-02-06
4362,4362,Net Banking,Completed,2025-05-21
4363,4363,Credit Card,Completed,2025-04-23
4364,4364,Debit Card,Completed,2023-09-11
4365,4365,Net Banking,Completed,2023-04-20
4366,4366,COD,Completed,2023-09-05
4367,4367,Credit Card,Completed,2023-08-14
4368,4368,Debit Card,Completed,2024-10-28
4369,4369,COD,Completed,2024-08-19
4370,4370,COD,Completed,2024-06-23
4371,4371,Wallet,Completed,2025-06-13
4372,4372,Wallet,Completed,2023-08-23
4373,4373,Debit Card,Completed,2025-05-12
4374,4374,COD,Completed,2023-12-21
4375,4375,Debit Card,Completed,2025-01-06
4376,4376,Wallet,Completed,2023-06-20
4377,4377,UPI,Completed,2023-02-13
4378,4378,Wallet,Completed,2024-08-08
4379,4379,Wallet,Completed,2023-10-24
4380,4380,COD,Completed,2024-03-11
4381,4381,Credit Card,Completed,2023-01-13
4382,4382,Wallet,Completed,2024-04-26
4383,4383,Credit Card,Completed,2023-10-01
4384,4384,Net Banking,Completed,2023-04-27
4385,4385,Net Banking,Completed,2023-03-09
4386,4386,COD,Completed,2023-12-18
4387,4387,COD,Completed,2025-04-06
4388,4388,Wallet,Completed,2024-02-27
4389,4389,Net Banking,Refunded,2023-02-11
4390,4390,COD,Completed,2023-05-04
4391,4391,COD,Completed,2023-07-10
4392,4392,UPI,Completed,2023-06-08
4393,4393,Wallet,Completed,2023-05-21
4394,4394,COD,Completed,2023-01-20
4395,4395,Debit Card,Completed,2023-10-08
4396,4396,Net Banking,Completed,2024-07-24
4397,4397,Debit Card,Completed,2023-07-14
4398,4398,UPI,Completed,2023-01-03
4399,4399,Debit Card,Completed,2024-09-29
4400,4400,UPI,Completed,2023-09-30
4401,4401,Net Banking,Completed,2024-03-21
4402,4402,UPI,Completed,2024-08-02
4403,4403,Credit Card,Completed,2024-01-22
4404,4404,Net Banking,Refunded,2025-05-17
4405,4405,Debit Card,Completed,2023-05-28
4406,4406,Wallet,Completed,2023-01-11
4407,4407,Debit Card,Completed,2023-06-21
4408,4408,COD,Completed,2025-05-01
4409,4409,Wallet,Completed,2023-07-17
4410,4410,Credit Card,Completed,2024-10-10
4411,4411,Wallet,Completed,2024-10-15
4412,4412,Credit Card,Completed,2024-05-16
4413,4413,COD,Completed,2023-03-21
4414,4414,Debit Card,Completed,2025-03-08
4415,4415,Wallet,Completed,2023-03-04
4416,4416,Debit Card,Completed,2025-02-24
4417,4417,Debit Card,Completed,2023-11-19
4418,4418,Net Banking,Completed,2023-05-05
4419,4419,Wallet,Completed,2024-06-16
4420,4420,Wallet,Completed,2023-05-16
4421,4421,Net Banking,Completed,2024-06-22
4422,4422,Wallet,Completed,2024-09-03
4423,4423,Net Banking,Completed,2023-08-30
4424,4424,Net Banking,Completed,2024-11-26
4425,4425,Credit Card,Completed,2025-03-31
4426,4426,COD,Completed,2023-10-20
4427,4427,Wallet,Completed,2023-02-09
4428,4428,Credit Card,Completed,2025-02-21
4429,4429,Wallet,Completed,2024-01-19
4430,4430,Net Banking,Completed,2023-12-17
4431,4431,Credit Card,Completed,2023-03-09
4432,4432,Debit Card,Completed,2023-04-15
4433,4433,Wallet,Completed,2025-03-19
4434,4434,Wallet,Completed,2024-12-15
4435,4435,Net Banking,Completed,2023-12-19
4436,4436,UPI,Completed,2024-05-24
4437,4437,COD,Completed,2023-12-19
4438,4438,Debit Card,Completed,2023-07-03
4439,4439,Wallet,Completed,2023-02-05
4440,4440,COD,Completed,2025-06-03
4441,4441,UPI,Completed,2023-05-06
4442,4442,Credit Card,Completed,2025-05-29
4443,4443,COD,Completed,2024-09-17
4444,4444,Debit Card,Completed,2024-07-20
4445,4445,COD,Completed,2025-05-15
4446,4446,Debit Card,Completed,2023-08-16
4447,4447,Debit Card,Completed,2024-04-13
4448,4448,Debit Card,Refunded,2024-10-29
4449,4449,Wallet,Completed,2024-11-25
4450,4450,Net Banking,Completed,2024-08-17
4451,4451,Wallet,Completed,2024-10-21
4452,4452,Credit Card,Completed,2024-12-15
4453,4453,Wallet,Completed,2023-06-18
4454,4454,Wallet,Completed,2025-02-24
4455,4455,Net Banking,Completed,2024-08-25
4456,4456,COD,Completed,2023-08-14
4457,4457,Net Banking,Completed,2024-06-17
4458,4458,UPI,Completed,2023-01-10
4459,4459,Wallet,Completed,2025-06-10
4460,4460,Credit Card,Completed,2024-02-22
4461,4461,Credit Card,Completed,2025-04-13
4462,4462,UPI,Completed,2023-09-18
4463,4463,Debit Card,Completed,2024-06-16
4464,4464,Debit Card,Completed,2024-02-08
4465,4465,Credit Card,Completed,2025-01-24
4466,4466,Debit Card,Completed,2025-05-29
4467,4467,Debit Card,Completed,2023-09-29
4468,4468,UPI,Completed,2024-11-21
4469,4469,UPI,Completed,2023-02-06
4470,4470,Credit Card,Completed,2023-01-18
4471,4471,UPI,Refunded,2024-10-18
4472,4472,Net Banking,Completed,2024-04-10
4473,4473,UPI,Completed,2024-04-28
4474,4474,Debit Card,Completed,2024-12-17
4475,4475,Credit Card,Completed,2025-01-30
4476,4476,Credit Card,Completed,2024-12-24
4477,4477,Wallet,Completed,2023-04-04
4478,4478,Net Banking,Completed,2024-02-11
4479,4479,Debit Card,Completed,2024-06-22
4480,4480,Wallet,Completed,2024-04-11
4481,4481,COD,Completed,2023-05-19
4482,4482,Credit Card,Completed,2023-06-10
4483,4483,COD,Completed,2024-05-27
4484,4484,Wallet,Completed,2023-03-27
4485,4485,Net Banking,Completed,2023-09-17
4486,4486,Credit Card,Completed,2023-03-23
4487,4487,Net Banking,Completed,2023-06-26
4488,4488,Debit Card,Completed,2023-02-16
4489,4489,UPI,Completed,2023-11-02
4490,4490,Debit Card,Completed,2023-11-22
4491,4491,Debit Card,Completed,2024-04-23
4492,4492,UPI,Completed,2024-10-26
4493,4493,Wallet,Completed,2023-01-10
4494,4494,COD,Completed,2024-01-08
4495,4495,Wallet,Completed,2024-04-18
4496,4496,Wallet,Refunded,2025-04-23
4497,4497,Debit Card,Completed,2024-09-30
4498,4498,Credit Card,Completed,2024-01-28
4499,4499,Debit Card,Completed,2024-10-08
4500,4500,Net Banking,Refunded,2023-10-27
4501,4501,Net Banking,Refunded,2025-02-21
4502,4502,Credit Card,Completed,2023-08-15
4503,4503,Credit Card,Completed,2023-11-09
4504,4504,Credit Card,Completed,2024-03-25
4505,4505,Debit Card,Completed,2024-08-14
4506,4506,Debit Card,Completed,2023-11-19
4507,4507,COD,Completed,2023-01-22
4508,4508,Net Banking,Completed,2024-05-19
4509,4509,Net Banking,Completed,2024-08-04
4510,4510,COD,Completed,2024-09-18
4511,4511,Wallet,Completed,2025-01-14
4512,4512,Net Banking,Completed,2023-07-16
4513,4513,Net Banking,Completed,2025-04-13
4514,4514,UPI,Refunded,2023-07-04
4515,4515,Wallet,Completed,2025-01-14
4516,4516,Debit Card,Completed,2025-05-22
4517,4517,UPI,Completed,2023-06-18
4518,4518,Credit Card,Completed,2024-08-24
4519,4519,UPI,Completed,2023-04-30
4520,4520,COD,Completed,2025-01-30
4521,4521,Debit Card,Completed,2024-04-24
4522,4522,Net Banking,Completed,2023-09-28
4523,4523,UPI,Completed,2023-04-19
4524,4524,UPI,Completed,2024-01-10
4525,4525,COD,Completed,2025-01-19
4526,4526,Debit Card,Completed,2024-03-25
4527,4527,UPI,Completed,2023-02-10
4528,4528,Credit Card,Completed,2024-07-30
4529,4529,Credit Card,Completed,2025-06-07
4530,4530,Net Banking,Completed,2023-03-07
4531,4531,Wallet,Completed,2023-07-08
4532,4532,Credit Card,Completed,2023-02-14
4533,4533,Debit Card,Completed,2024-12-23
4534,4534,UPI,Completed,2024-07-09
4535,4535,Credit Card,Completed,2023-01-18
4536,4536,Debit Card,Completed,2023-12-13
4537,4537,Net Banking,Completed,2024-09-20
4538,4538,Wallet,Refunded,2023-10-30
4539,4539,Net Banking,Completed,2023-12-23
4540,4540,Wallet,Completed,2024-09-05
4541,4541,COD,Completed,2024-08-27
4542,4542,Net Banking,Completed,2024-04-28
4543,4543,Net Banking,Completed,2025-02-20
4544,4544,Wallet,Completed,2024-10-19
4545,4545,Credit Card,Refunded,2023-08-12
4546,4546,COD,Completed,2023-11-30
4547,4547,Debit Card,Completed,2025-03-03
4548,4548,Credit Card,Completed,2024-07-17
4549,4549,COD,Completed,2024-07-29
4550,4550,Net Banking,Completed,2025-05-20
4551,4551,Wallet,Completed,2024-02-10
4552,4552,Wallet,Completed,2024-05-02
4553,4553,Credit Card,Completed,2023-09-28
4554,4554,UPI,Completed,2024-02-01
4555,4555,Credit Card,Refunded,2023-11-23
4556,4556,Credit Card,Completed,2024-04-12
4557,4557,Wallet,Completed,2024-06-03
4558,4558,COD,Completed,2024-08-30
4559,4559,Credit Card,Completed,2025-03-10
4560,4560,Credit Card,Completed,2024-03-08
4561,4561,UPI,Completed,2024-07-31
4562,4562,Wallet,Completed,2025-03-02
4563,4563,UPI,Completed,2023-03-19
4564,4564,Credit Card,Completed,2025-03-17
4565,4565,COD,Completed,2023-11-30
4566,4566,COD,Completed,2024-12-31
4567,4567,UPI,Completed,2023-07-22
4568,4568,Wallet,Completed,2023-08-14
4569,4569,Credit Card,Completed,2023-02-15
4570,4570,Wallet,Completed,2023-04-11
4571,4571,Wallet,Completed,2024-09-06
4572,4572,COD,Completed,2024-01-08
4573,4573,Credit Card,Completed,2025-01-24
4574,4574,COD,Completed,2024-08-14
4575,4575,Net Banking,Completed,2025-04-18
4576,4576,Credit Card,Completed,2023-08-18
4577,4577,COD,Completed,2023-10-08
4578,4578,Net Banking,Completed,2024-12-17
4579,4579,Debit Card,Completed,2025-05-24
4580,4580,COD,Completed,2023-11-12
4581,4581,Net Banking,Completed,2024-01-06
4582,4582,Net Banking,Completed,2024-04-21
4583,4583,Credit Card,Completed,2024-11-08
4584,4584,UPI,Completed,2025-05-08
4585,4585,UPI,Completed,2024-09-18
4586,4586,COD,Completed,2025-04-23
4587,4587,Credit Card,Completed,2025-03-16
4588,4588,UPI,Completed,2024-07-07
4589,4589,Credit Card,Completed,2024-01-17
4590,4590,Debit Card,Completed,2023-02-18
4591,4591,Debit Card,Completed,2023-12-26
4592,4592,COD,Completed,2023-09-01
4593,4593,Net Banking,Completed,2025-04-27
4594,4594,Net Banking,Refunded,2023-07-01
4595,4595,Wallet,Completed,2023-12-20
4596,4596,Wallet,Completed,2024-06-20
4597,4597,Credit Card,Completed,2024-12-14
4598,4598,Debit Card,Completed,2024-05-26
4599,4599,COD,Completed,2024-03-04
4600,4600,Credit Card,Completed,2023-05-24
4601,4601,Net Banking,Completed,2024-08-03
4602,4602,Debit Card,Completed,2024-03-26
4603,4603,COD,Completed,2024-09-17
4604,4604,Debit Card,Completed,2024-10-18
4605,4605,Wallet,Completed,2023-10-26
4606,4606,Wallet,Completed,2024-07-20
4607,4607,UPI,Completed,2023-04-17
4608,4608,UPI,Completed,2023-11-19
4609,4609,COD,Completed,2024-02-04
4610,4610,Wallet,Completed,2023-04-17
4611,4611,Debit Card,Completed,2023-08-31
4612,4612,Net Banking,Completed,2023-09-01
4613,4613,Wallet,Completed,2024-07-24
4614,4614,Debit Card,Completed,2024-01-11
4615,4615,COD,Completed,2024-12-22
4616,4616,COD,Completed,2024-12-20
4617,4617,Net Banking,Completed,2025-04-09
4618,4618,COD,Completed,2025-05-13
4619,4619,Debit Card,Completed,2023-02-03
4620,4620,Credit Card,Completed,2024-08-18
4621,4621,Net Banking,Completed,2023-10-22
4622,4622,UPI,Completed,2023-05-05
4623,4623,COD,Completed,2025-01-05
4624,4624,Wallet,Refunded,2023-11-13
4625,4625,UPI,Completed,2024-10-22
4626,4626,COD,Completed,2023-06-10
4627,4627,UPI,Completed,2024-05-21
4628,4628,COD,Completed,2023-11-05
4629,4629,Net Banking,Refunded,2024-07-16
4630,4630,Net Banking,Completed,2023-05-06
4631,4631,Net Banking,Completed,2024-02-14
4632,4632,Debit Card,Completed,2024-07-28
4633,4633,COD,Completed,2024-06-02
4634,4634,Wallet,Completed,2024-09-24
4635,4635,UPI,Completed,2023-06-13
4636,4636,UPI,Refunded,2024-05-09
4637,4637,UPI,Completed,2023-02-20
4638,4638,Credit Card,Completed,2024-02-01
4639,4639,Net Banking,Completed,2024-12-01
4640,4640,Credit Card,Refunded,2023-07-19
4641,4641,Credit Card,Completed,2024-08-16
4642,4642,UPI,Completed,2023-05-08
4643,4643,Debit Card,Completed,2023-03-12
4644,4644,COD,Completed,2024-01-29
4645,4645,Wallet,Completed,2023-02-09
4646,4646,UPI,Refunded,2025-04-09
4647,4647,UPI,Completed,2024-04-02
4648,4648,Wallet,Completed,2023-02-20
4649,4649,UPI,Completed,2023-01-09
4650,4650,Credit Card,Completed,2024-11-08
4651,4651,COD,Completed,2023-09-01
4652,4652,Wallet,Completed,2025-02-24
4653,4653,Wallet,Completed,2023-06-03
4654,4654,Credit Card,Completed,2025-05-19
4655,4655,Debit Card,Completed,2023-05-18
4656,4656,Wallet,Completed,2024-02-25
4657,4657,COD,Completed,2024-06-26
4658,4658,Debit Card,Completed,2024-02-20
4659,4659,Net Banking,Completed,2025-02-09
4660,4660,Net Banking,Completed,2023-12-15
4661,4661,Debit Card,Completed,2025-03-01
4662,4662,COD,Completed,2025-05-09
4663,4663,Wallet,Completed,2023-04-26
4664,4664,Wallet,Completed,2024-11-26
4665,4665,UPI,Completed,2024-07-25
4666,4666,Wallet,Completed,2024-06-25
4667,4667,Wallet,Completed,2024-07-24
4668,4668,COD,Completed,2024-03-01
4669,4669,COD,Completed,2023-05-04
4670,4670,Wallet,Completed,2024-10-26
4671,4671,Debit Card,Completed,2025-02-09
4672,4672,Net Banking,Completed,2024-02-23
4673,4673,COD,Completed,2023-02-28
4674,4674,UPI,Completed,2023-03-17
4675,4675,UPI,Completed,2025-04-15
4676,4676,Net Banking,Completed,2024-02-10
4677,4677,COD,Completed,2023-07-29
4678,4678,UPI,Completed,2025-02-13
4679,4679,Credit Card,Completed,2024-03-02
4680,4680,Debit Card,Completed,2023-08-22
4681,4681,Net Banking,Completed,2024-06-24
4682,4682,Wallet,Completed,2024-08-10
4683,4683,UPI,Completed,2024-12-22
4684,4684,Credit Card,Completed,2025-04-30
4685,4685,COD,Completed,2024-05-01
4686,4686,Wallet,Completed,2024-05-28
4687,4687,UPI,Completed,2025-06-12
4688,4688,Credit Card,Completed,2025-02-20
4689,4689,UPI,Completed,2024-06-10
4690,4690,COD,Completed,2024-07-11
4691,4691,COD,Completed,2023-05-31
4692,4692,COD,Completed,2024-04-30
4693,4693,UPI,Completed,2023-02-25
4694,4694,Wallet,Completed,2024-09-13
4695,4695,Credit Card,Completed,2024-10-28
4696,4696,Wallet,Completed,2023-07-24
4697,4697,Net Banking,Completed,2024-06-07
4698,4698,COD,Completed,2023-10-01
4699,4699,Debit Card,Completed,2024-06-13
4700,4700,Wallet,Refunded,2025-05-17
4701,4701,Net Banking,Completed,2025-05-30
4702,4702,COD,Completed,2025-02-02
4703,4703,COD,Refunded,2025-06-16
4704,4704,COD,Completed,2024-01-28
4705,4705,COD,Refunded,2024-07-19
4706,4706,COD,Completed,2023-08-03
4707,4707,Net Banking,Completed,2023-08-21
4708,4708,UPI,Refunded,2023-06-29
4709,4709,Wallet,Completed,2023-12-07
4710,4710,Net Banking,Completed,2025-06-06
4711,4711,Net Banking,Completed,2024-01-19
4712,4712,UPI,Completed,2024-11-19
4713,4713,Debit Card,Completed,2024-02-11
4714,4714,Credit Card,Completed,2025-05-12
4715,4715,Wallet,Completed,2025-05-25
4716,4716,Debit Card,Completed,2025-02-27
4717,4717,Wallet,Completed,2023-11-02
4718,4718,UPI,Completed,2023-08-18
4719,4719,Debit Card,Completed,2025-04-11
4720,4720,Debit Card,Completed,2023-12-27
4721,4721,Wallet,Completed,2024-10-07
4722,4722,Debit Card,Completed,2025-01-28
4723,4723,Net Banking,Completed,2025-06-07
4724,4724,Debit Card,Completed,2023-07-17
4725,4725,Debit Card,Completed,2023-07-03
4726,4726,Wallet,Refunded,2024-05-20
4727,4727,Credit Card,Completed,2023-05-19
4728,4728,COD,Completed,2023-11-12
4729,4729,UPI,Completed,2023-05-28
4730,4730,COD,Completed,2023-05-02
4731,4731,Net Banking,Refunded,2023-03-03
4732,4732,COD,Completed,2024-06-04
4733,4733,Wallet,Completed,2024-12-21
4734,4734,COD,Completed,2024-01-25
4735,4735,UPI,Completed,2024-06-29
4736,4736,Wallet,Completed,2025-03-22
4737,4737,Wallet,Completed,2023-02-04
4738,4738,Net Banking,Completed,2024-08-24
4739,4739,COD,Completed,2025-02-28
4740,4740,Wallet,Completed,2025-04-11
4741,4741,COD,Completed,2025-03-12
4742,4742,Credit Card,Completed,2025-03-09
4743,4743,Net Banking,Completed,2023-03-23
4744,4744,Net Banking,Completed,2025-06-14
4745,4745,Credit Card,Completed,2023-04-10
4746,4746,UPI,Completed,2023-04-10
4747,4747,Wallet,Completed,2024-12-18
4748,4748,Debit Card,Completed,2023-09-25
4749,4749,Wallet,Completed,2024-10-26
4750,4750,Debit Card,Completed,2024-08-05
4751,4751,UPI,Completed,2023-07-17
4752,4752,Credit Card,Completed,2023-04-27
4753,4753,Debit Card,Completed,2023-10-01
4754,4754,COD,Completed,2024-10-20
4755,4755,UPI,Completed,2024-07-02
4756,4756,Credit Card,Completed,2025-04-20
4757,4757,Debit Card,Completed,2023-04-03
4758,4758,Debit Card,Completed,2025-05-25
4759,4759,Credit Card,Completed,2025-02-09
4760,4760,Credit Card,Completed,2025-04-09
4761,4761,UPI,Completed,2025-05-01
4762,4762,Net Banking,Completed,2024-04-22
4763,4763,Debit Card,Completed,2023-09-12
4764,4764,COD,Completed,2024-03-28
4765,4765,COD,Completed,2024-09-05
4766,4766,Debit Card,Completed,2024-07-05
4767,4767,Wallet,Completed,2023-11-22
4768,4768,COD,Completed,2024-12-01
4769,4769,UPI,Completed,2024-04-29
4770,4770,Net Banking,Completed,2023-03-27
4771,4771,Wallet,Refunded,2023-06-27
4772,4772,Debit Card,Completed,2023-02-27
4773,4773,Net Banking,Completed,2024-01-01
4774,4774,Wallet,Completed,2025-04-29
4775,4775,COD,Completed,2024-03-24
4776,4776,Debit Card,Completed,2023-08-22
4777,4777,UPI,Completed,2024-04-30
4778,4778,Wallet,Completed,2023-09-27
4779,4779,Wallet,Completed,2024-06-25
4780,4780,Debit Card,Completed,2023-10-15
4781,4781,COD,Completed,2025-02-02
4782,4782,Wallet,Refunded,2023-07-06
4783,4783,COD,Completed,2025-03-09
4784,4784,UPI,Completed,2024-03-05
4785,4785,COD,Completed,2023-03-29
4786,4786,UPI,Completed,2025-02-12
4787,4787,Debit Card,Completed,2024-11-30
4788,4788,Net Banking,Completed,2025-05-09
4789,4789,COD,Completed,2024-09-14
4790,4790,Debit Card,Completed,2025-02-14
4791,4791,Wallet,Completed,2023-10-31
4792,4792,Net Banking,Refunded,2024-10-30
4793,4793,Wallet,Completed,2025-03-24
4794,4794,Wallet,Completed,2023-07-25
4795,4795,COD,Completed,2024-04-03
4796,4796,UPI,Completed,2024-08-08
4797,4797,Net Banking,Completed,2025-05-18
4798,4798,UPI,Completed,2023-08-08
4799,4799,UPI,Completed,2024-02-19
4800,4800,Net Banking,Refunded,2025-05-11
4801,4801,Wallet,Completed,2023-06-27
4802,4802,UPI,Completed,2023-01-29
4803,4803,Wallet,Completed,2025-04-17
4804,4804,COD,Completed,2024-03-30
4805,4805,Net Banking,Completed,2023-02-01
4806,4806,Net Banking,Completed,2023-11-12
4807,4807,Debit Card,Completed,2024-06-02
4808,4808,Credit Card,Completed,2023-03-01
4809,4809,Credit Card,Completed,2024-08-13
4810,4810,COD,Completed,2024-02-03
4811,4811,UPI,Completed,2024-12-09
4812,4812,Wallet,Completed,2023-03-12
4813,4813,Net Banking,Completed,2025-01-08
4814,4814,UPI,Completed,2023-06-16
4815,4815,Net Banking,Completed,2024-07-25
4816,4816,Wallet,Completed,2023-06-26
4817,4817,COD,Completed,2024-12-18
4818,4818,UPI,Completed,2024-06-11
4819,4819,UPI,Completed,2023-04-24
4820,4820,COD,Completed,2025-02-24
4821,4821,Net Banking,Completed,2023-01-03
4822,4822,Credit Card,Completed,2023-06-30
4823,4823,COD,Completed,2023-05-01
4824,4824,COD,Completed,2024-03-10
4825,4825,Wallet,Completed,2024-12-25
4826,4826,COD,Completed,2023-11-27
4827,4827,Net Banking,Completed,2024-12-28
4828,4828,UPI,Completed,2023-09-09
4829,4829,Debit Card,Completed,2023-01-23
4830,4830,Debit Card,Completed,2023-03-29
4831,4831,Credit Card,Completed,2025-02-04
4832,4832,Credit Card,Completed,2023-02-11
4833,4833,Net Banking,Completed,2024-02-16
4834,4834,Credit Card,Completed,2025-02-16
4835,4835,Debit Card,Completed,2023-02-07
4836,4836,UPI,Completed,2023-06-06
4837,4837,Credit Card,Completed,2023-03-14
4838,4838,Wallet,Completed,2023-05-09
4839,4839,UPI,Completed,2025-05-02
4840,4840,Net Banking,Completed,2024-10-23
4841,4841,COD,Completed,2023-07-10
4842,4842,COD,Completed,2024-12-30
4843,4843,Credit Card,Completed,2024-10-20
4844,4844,Net Banking,Completed,2024-03-23
4845,4845,Credit Card,Completed,2023-06-22
4846,4846,Debit Card,Completed,2024-12-31
4847,4847,Credit Card,Completed,2025-01-17
4848,4848,COD,Completed,2024-05-01
4849,4849,Wallet,Refunded,2025-01-25
4850,4850,Credit Card,Completed,2024-01-16
4851,4851,COD,Completed,2023-01-05
4852,4852,Net Banking,Completed,2025-04-12
4853,4853,Wallet,Completed,2023-04-10
4854,4854,COD,Completed,2024-07-02
4855,4855,Credit Card,Completed,2024-05-30
4856,4856,Wallet,Completed,2024-09-07
4857,4857,Debit Card,Completed,2025-01-11
4858,4858,Credit Card,Completed,2023-10-24
4859,4859,UPI,Completed,2024-11-26
4860,4860,COD,Refunded,2023-11-26
4861,4861,UPI,Completed,2023-06-28
4862,4862,Wallet,Completed,2025-04-09
4863,4863,COD,Completed,2023-08-14
4864,4864,Debit Card,Completed,2025-06-09
4865,4865,UPI,Completed,2024-06-16
4866,4866,Credit Card,Completed,2024-04-19
4867,4867,Wallet,Completed,2023-09-21
4868,4868,Credit Card,Completed,2024-08-02
4869,4869,Net Banking,Completed,2023-11-14
4870,4870,Debit Card,Completed,2024-04-03
4871,4871,Credit Card,Completed,2024-08-17
4872,4872,Net Banking,Completed,2023-12-19
4873,4873,Credit Card,Completed,2023-07-17
4874,4874,Net Banking,Completed,2024-04-23
4875,4875,Net Banking,Completed,2025-03-26
4876,4876,Wallet,Completed,2023-04-25
4877,4877,Wallet,Completed,2023-11-06
4878,4878,Net Banking,Completed,2023-02-20
4879,4879,Credit Card,Completed,2023-10-23
4880,4880,Debit Card,Completed,2024-12-27
4881,4881,Wallet,Completed,2024-04-14
4882,4882,Debit Card,Completed,2024-02-17
4883,4883,UPI,Completed,2024-03-14
4884,4884,Net Banking,Completed,2023-09-28
4885,4885,COD,Refunded,2023-10-28
4886,4886,Credit Card,Completed,2024-08-23
4887,4887,Net Banking,Completed,2025-01-03
4888,4888,Wallet,Completed,2024-10-06
4889,4889,Credit Card,Completed,2023-12-18
4890,4890,Wallet,Completed,2024-09-23
4891,4891,Net Banking,Completed,2024-07-08
4892,4892,Wallet,Completed,2023-07-16
4893,4893,UPI,Completed,2024-12-29
4894,4894,UPI,Completed,2023-12-26
4895,4895,COD,Completed,2025-04-08
4896,4896,Debit Card,Refunded,2025-02-04
4897,4897,Net Banking,Completed,2024-10-26
4898,4898,Net Banking,Completed,2023-03-11
4899,4899,Debit Card,Completed,2024-07-31
4900,4900,COD,Completed,2024-08-13
4901,4901,Wallet,Completed,2023-02-23
4902,4902,Net Banking,Completed,2024-09-05
4903,4903,Debit Card,Completed,2023-09-23
4904,4904,UPI,Completed,2025-04-05
4905,4905,Debit Card,Completed,2025-01-06
4906,4906,UPI,Completed,2023-07-23
4907,4907,Wallet,Completed,2023-01-08
4908,4908,COD,Completed,2023-03-29
4909,4909,UPI,Completed,2023-06-25
4910,4910,Wallet,Completed,2023-04-04
4911,4911,COD,Completed,2024-07-18
4912,4912,Wallet,Completed,2024-10-27
4913,4913,Credit Card,Completed,2024-05-26
4914,4914,UPI,Completed,2025-06-01
4915,4915,Debit Card,Completed,2023-10-18
4916,4916,COD,Completed,2024-03-04
4917,4917,Credit Card,Completed,2025-05-13
4918,4918,UPI,Completed,2025-04-04
4919,4919,UPI,Completed,2023-06-16
4920,4920,UPI,Completed,2025-01-27
4921,4921,COD,Completed,2025-05-01
4922,4922,Credit Card,Completed,2024-02-29
4923,4923,Debit Card,Completed,2023-12-30
4924,4924,Credit Card,Completed,2024-04-27
4925,4925,Debit Card,Completed,2024-01-25
4926,4926,Credit Card,Completed,2024-08-15
4927,4927,COD,Completed,2024-02-22
4928,4928,Wallet,Completed,2023-07-31
4929,4929,Wallet,Completed,2023-01-04
4930,4930,Net Banking,Completed,2024-08-31
4931,4931,Credit Card,Refunded,2023-02-20
4932,4932,Debit Card,Completed,2024-06-07
4933,4933,UPI,Completed,2024-10-18
4934,4934,Debit Card,Completed,2024-05-13
4935,4935,UPI,Completed,2023-09-09
4936,4936,Net Banking,Completed,2025-04-14
4937,4937,COD,Completed,2023-09-03
4938,4938,Credit Card,Completed,2024-08-20
4939,4939,Credit Card,Completed,2025-02-17
4940,4940,UPI,Completed,2023-11-07
4941,4941,Credit Card,Completed,2023-08-19
4942,4942,Wallet,Completed,2024-03-03
4943,4943,Credit Card,Completed,2024-10-28
4944,4944,COD,Completed,2024-12-03
4945,4945,COD,Completed,2023-02-14
4946,4946,Credit Card,Completed,2024-06-04
4947,4947,Wallet,Completed,2023-09-08
4948,4948,Net Banking,Completed,2023-08-31
4949,4949,Credit Card,Completed,2023-04-05
4950,4950,Debit Card,Completed,2023-05-30
4951,4951,Net Banking,Completed,2024-08-10
4952,4952,Credit Card,Completed,2024-10-01
4953,4953,Debit Card,Completed,2023-03-27
4954,4954,Debit Card,Refunded,2023-03-03
4955,4955,UPI,Completed,2024-09-27
4956,4956,Net Banking,Completed,2025-03-31
4957,4957,COD,Completed,2023-06-29
4958,4958,Wallet,Completed,2025-02-16
4959,4959,Net Banking,Completed,2023-12-06
4960,4960,COD,Completed,2023-07-04
4961,4961,Net Banking,Completed,2025-01-30
4962,4962,UPI,Refunded,2023-08-12
4963,4963,UPI,Completed,2023-10-08
4964,4964,Debit Card,Completed,2024-04-23
4965,4965,UPI,Completed,2024-10-19
4966,4966,Credit Card,Completed,2024-11-01
4967,4967,Net Banking,Completed,2024-02-28
4968,4968,COD,Completed,2024-08-09
4969,4969,Credit Card,Completed,2024-03-27
4970,4970,Wallet,Completed,2023-07-05
4971,4971,Wallet,Completed,2025-04-23
4972,4972,Debit Card,Refunded,2024-09-04
4973,4973,Net Banking,Completed,2024-05-22
4974,4974,Wallet,Completed,2023-04-09
4975,4975,Debit Card,Completed,2023-08-27
4976,4976,Wallet,Completed,2025-01-11
4977,4977,COD,Completed,2023-10-12
4978,4978,Credit Card,Completed,2024-03-26
4979,4979,Debit Card,Completed,2024-11-09
4980,4980,Net Banking,Completed,2023-05-28
4981,4981,Debit Card,Completed,2025-06-04
4982,4982,Credit Card,Completed,2025-05-10
4983,4983,COD,Completed,2024-02-02
4984,4984,Net Banking,Completed,2023-12-17
4985,4985,Net Banking,Completed,2023-10-01
4986,4986,Debit Card,Completed,2024-07-30
4987,4987,UPI,Completed,2024-06-05
4988,4988,Debit Card,Completed,2023-10-11
4989,4989,Credit Card,Completed,2024-02-01
4990,4990,COD,Completed,2025-02-10
4991,4991,Wallet,Completed,2025-02-07
4992,4992,Wallet,Completed,2025-03-04
4993,4993,Credit Card,Completed,2024-08-18
4994,4994,Wallet,Completed,2025-04-16
4995,4995,Wallet,Completed,2023-12-20
4996,4996,Credit Card,Completed,2025-01-30
4997,4997,Debit Card,Completed,2023-05-31
4998,4998,Credit Card,Completed,2024-07-07
4999,4999,Net Banking,Completed,2025-01-19
5000,5000,Wallet,Completed,2023-01-20
5001,5001,Wallet,Refunded,2025-01-15
5002,5002,UPI,Completed,2023-03-30
5003,5003,Debit Card,Completed,2024-01-30
5004,5004,Debit Card,Completed,2023-01-24
5005,5005,Credit Card,Completed,2023-10-13
5006,5006,UPI,Completed,2023-05-19
5007,5007,UPI,Completed,2023-01-06
5008,5008,Credit Card,Completed,2023-06-05
5009,5009,Credit Card,Completed,2023-03-19
5010,5010,Net Banking,Completed,2024-06-28
5011,5011,Wallet,Completed,2023-01-14
5012,5012,Net Banking,Completed,2023-04-28
5013,5013,COD,Completed,2025-05-02
5014,5014,UPI,Refunded,2025-06-14
5015,5015,COD,Completed,2023-10-09
5016,5016,Net Banking,Completed,2024-06-19
5017,5017,UPI,Completed,2025-06-06
5018,5018,Debit Card,Completed,2023-08-20
5019,5019,Wallet,Completed,2024-04-14
5020,5020,Wallet,Completed,2023-06-20
5021,5021,UPI,Completed,2025-02-28
5022,5022,Debit Card,Completed,2024-05-17
5023,5023,Credit Card,Completed,2025-04-06
5024,5024,COD,Refunded,2023-04-18
5025,5025,Debit Card,Completed,2025-04-10
5026,5026,Credit Card,Refunded,2023-02-03
5027,5027,Net Banking,Completed,2023-02-18
5028,5028,Net Banking,Completed,2024-02-21
5029,5029,Debit Card,Completed,2024-08-18
5030,5030,COD,Completed,2023-02-08
5031,5031,Net Banking,Completed,2024-02-07
5032,5032,COD,Completed,2024-12-09
5033,5033,COD,Completed,2025-05-28
5034,5034,Credit Card,Completed,2024-05-02
5035,5035,UPI,Completed,2023-10-09
5036,5036,COD,Completed,2023-07-18
5037,5037,Net Banking,Completed,2023-11-20
5038,5038,COD,Completed,2024-08-16
5039,5039,COD,Completed,2023-11-08
5040,5040,UPI,Completed,2024-12-21
5041,5041,Wallet,Completed,2023-02-19
5042,5042,Credit Card,Completed,2025-05-31
5043,5043,Credit Card,Completed,2024-10-26
5044,5044,COD,Completed,2023-04-08
5045,5045,Debit Card,Completed,2023-10-07
5046,5046,Credit Card,Completed,2024-08-01
5047,5047,Wallet,Completed,2024-03-10
5048,5048,Credit Card,Completed,2024-11-01
5049,5049,Wallet,Completed,2024-01-31
5050,5050,Credit Card,Completed,2023-06-02
5051,5051,Wallet,Completed,2023-03-19
5052,5052,UPI,Completed,2025-02-18
5053,5053,COD,Completed,2025-02-25
5054,5054,COD,Completed,2023-08-30
5055,5055,COD,Completed,2024-06-16
5056,5056,Net Banking,Completed,2024-09-16
5057,5057,Credit Card,Completed,2023-12-03
5058,5058,Debit Card,Completed,2025-01-01
5059,5059,Credit Card,Completed,2023-03-13
5060,5060,Wallet,Completed,2025-01-02
5061,5061,Net Banking,Completed,2024-12-17
5062,5062,Credit Card,Completed,2023-01-07
5063,5063,COD,Completed,2023-01-27
5064,5064,UPI,Completed,2025-04-21
5065,5065,UPI,Completed,2024-09-08
5066,5066,COD,Completed,2023-05-01
5067,5067,Credit Card,Completed,2024-05-18
5068,5068,UPI,Completed,2023-08-27
5069,5069,Wallet,Completed,2023-11-19
5070,5070,Credit Card,Refunded,2023-09-30
5071,5071,Debit Card,Completed,2024-12-23
5072,5072,UPI,Completed,2024-05-04
5073,5073,Credit Card,Completed,2025-05-20
5074,5074,Wallet,Completed,2025-01-27
5075,5075,COD,Completed,2023-01-04
5076,5076,Credit Card,Completed,2025-04-27
5077,5077,Net Banking,Completed,2024-01-13
5078,5078,UPI,Completed,2023-05-20
5079,5079,COD,Completed,2024-01-25
5080,5080,Debit Card,Completed,2025-01-30
5081,5081,Wallet,Completed,2025-06-09
5082,5082,Net Banking,Completed,2024-02-13
5083,5083,Debit Card,Completed,2024-11-23
5084,5084,UPI,Completed,2023-01-22
5085,5085,Credit Card,Completed,2025-01-20
5086,5086,Debit Card,Completed,2023-07-14
5087,5087,Wallet,Completed,2024-10-21
5088,5088,Net Banking,Completed,2023-11-21
5089,5089,COD,Completed,2023-11-10
5090,5090,Debit Card,Completed,2023-11-05
5091,5091,COD,Completed,2023-11-26
5092,5092,Credit Card,Completed,2024-06-22
5093,5093,Wallet,Completed,2024-07-18
5094,5094,Net Banking,Completed,2023-12-18
5095,5095,COD,Completed,2024-01-28
5096,5096,Debit Card,Completed,2023-10-10
5097,5097,Wallet,Completed,2025-04-12
5098,5098,Net Banking,Completed,2024-09-20
5099,5099,COD,Completed,2024-05-04
5100,5100,UPI,Completed,2023-12-26
5101,5101,Debit Card,Completed,2023-02-24
5102,5102,COD,Completed,2023-09-06
5103,5103,Net Banking,Completed,2024-06-03
5104,5104,Wallet,Completed,2023-05-26
5105,5105,Debit Card,Refunded,2023-01-11
5106,5106,UPI,Completed,2024-10-10
5107,5107,COD,Completed,2024-07-25
5108,5108,UPI,Completed,2024-07-14
5109,5109,UPI,Completed,2023-08-27
5110,5110,Wallet,Completed,2023-08-01
5111,5111,Credit Card,Completed,2024-05-31
5112,5112,COD,Completed,2023-03-15
5113,5113,Net Banking,Completed,2023-11-07
5114,5114,COD,Completed,2023-09-02
5115,5115,Net Banking,Completed,2025-04-07
5116,5116,Credit Card,Refunded,2023-12-03
5117,5117,COD,Completed,2024-06-03
5118,5118,COD,Completed,2023-11-23
5119,5119,UPI,Completed,2023-02-12
5120,5120,UPI,Completed,2023-04-28
5121,5121,UPI,Completed,2024-02-12
5122,5122,Wallet,Completed,2023-07-30
5123,5123,Credit Card,Refunded,2024-07-03
5124,5124,Credit Card,Completed,2023-12-24
5125,5125,Credit Card,Completed,2024-03-21
5126,5126,UPI,Completed,2025-03-15
5127,5127,Wallet,Completed,2023-09-04
5128,5128,Net Banking,Completed,2024-10-26
5129,5129,Net Banking,Refunded,2024-10-11
5130,5130,Credit Card,Completed,2024-08-01
5131,5131,Credit Card,Completed,2023-11-10
5132,5132,COD,Completed,2024-11-30
5133,5133,Wallet,Completed,2023-02-05
5134,5134,Debit Card,Completed,2023-05-08
5135,5135,Debit Card,Completed,2023-03-28
5136,5136,COD,Completed,2024-02-27
5137,5137,Debit Card,Completed,2024-01-27
5138,5138,Debit Card,Completed,2024-03-28
5139,5139,Credit Card,Completed,2025-06-19
5140,5140,Net Banking,Completed,2024-11-30
5141,5141,Credit Card,Completed,2023-03-26
5142,5142,Wallet,Completed,2024-07-31
5143,5143,Net Banking,Completed,2024-12-11
5144,5144,UPI,Completed,2024-11-27
5145,5145,Credit Card,Completed,2025-03-09
5146,5146,COD,Completed,2024-01-18
5147,5147,Debit Card,Completed,2024-07-18
5148,5148,COD,Completed,2024-07-05
5149,5149,Wallet,Completed,2025-05-06
5150,5150,Wallet,Completed,2023-05-16
5151,5151,Net Banking,Completed,2023-09-02
5152,5152,Debit Card,Completed,2024-10-29
5153,5153,COD,Completed,2023-06-30
5154,5154,Debit Card,Completed,2023-07-16
5155,5155,COD,Refunded,2024-02-17
5156,5156,Credit Card,Refunded,2025-05-14
5157,5157,Net Banking,Completed,2024-09-07
5158,5158,Wallet,Completed,2025-03-25
5159,5159,Net Banking,Completed,2025-01-16
5160,5160,Net Banking,Completed,2023-05-04
5161,5161,UPI,Completed,2024-11-18
5162,5162,Debit Card,Completed,2024-04-27
5163,5163,UPI,Completed,2024-04-07
5164,5164,Wallet,Completed,2023-02-08
5165,5165,Debit Card,Completed,2025-03-02
5166,5166,Debit Card,Completed,2025-01-02
5167,5167,Net Banking,Completed,2025-04-25
5168,5168,Debit Card,Refunded,2023-06-30
5169,5169,Debit Card,Completed,2025-05-17
5170,5170,Debit Card,Completed,2024-09-22
5171,5171,Net Banking,Completed,2024-09-28
5172,5172,Net Banking,Completed,2023-06-07
5173,5173,UPI,Completed,2023-10-27
5174,5174,Wallet,Completed,2024-11-28
5175,5175,Net Banking,Completed,2024-12-19
5176,5176,Credit Card,Completed,2023-04-10
5177,5177,Debit Card,Completed,2023-08-26
5178,5178,Credit Card,Completed,2024-11-06
5179,5179,Wallet,Completed,2024-11-14
5180,5180,Credit Card,Completed,2024-11-16
5181,5181,Net Banking,Completed,2025-04-29
5182,5182,UPI,Completed,2023-09-27
5183,5183,Credit Card,Completed,2025-05-05
5184,5184,Net Banking,Completed,2025-06-17
5185,5185,Wallet,Completed,2023-01-26
5186,5186,COD,Completed,2024-12-11
5187,5187,Credit Card,Completed,2024-02-09
5188,5188,Debit Card,Completed,2024-08-20
5189,5189,Debit Card,Completed,2024-12-09
5190,5190,Net Banking,Refunded,2025-06-14
5191,5191,COD,Completed,2024-08-03
5192,5192,COD,Completed,2024-08-29
5193,5193,UPI,Completed,2023-01-20
5194,5194,Debit Card,Completed,2024-05-26
5195,5195,COD,Completed,2023-12-09
5196,5196,Net Banking,Completed,2023-04-27
5197,5197,Net Banking,Completed,2024-04-10
5198,5198,Credit Card,Completed,2024-10-06
5199,5199,COD,Completed,2025-03-10
5200,5200,Wallet,Completed,2025-05-10
5201,5201,COD,Completed,2024-10-31
5202,5202,Wallet,Completed,2023-02-18
5203,5203,Credit Card,Completed,2025-04-20
5204,5204,COD,Completed,2023-05-29
5205,5205,Net Banking,Completed,2024-07-12
5206,5206,Debit Card,Completed,2023-01-19
5207,5207,COD,Completed,2024-10-09
5208,5208,Net Banking,Completed,2025-05-05
5209,5209,UPI,Completed,2023-05-29
5210,5210,COD,Completed,2023-11-23
5211,5211,COD,Completed,2025-01-10
5212,5212,Net Banking,Completed,2024-02-05
5213,5213,Debit Card,Refunded,2025-03-06
5214,5214,COD,Completed,2023-07-30
5215,5215,Debit Card,Completed,2024-01-17
5216,5216,UPI,Completed,2024-12-04
5217,5217,Debit Card,Completed,2023-06-07
5218,5218,Debit Card,Completed,2023-09-16
5219,5219,COD,Completed,2024-03-17
5220,5220,UPI,Completed,2024-03-06
5221,5221,COD,Completed,2023-11-27
5222,5222,Net Banking,Refunded,2024-07-09
5223,5223,COD,Completed,2023-06-19
5224,5224,Credit Card,Completed,2023-02-05
5225,5225,Debit Card,Completed,2023-11-15
5226,5226,Net Banking,Completed,2023-10-14
5227,5227,Net Banking,Completed,2024-11-12
5228,5228,UPI,Completed,2023-05-28
5229,5229,Credit Card,Completed,2024-07-01
5230,5230,COD,Completed,2023-05-23
5231,5231,Wallet,Completed,2023-01-18
5232,5232,Credit Card,Refunded,2024-12-13
5233,5233,Credit Card,Completed,2023-10-05
5234,5234,Credit Card,Completed,2024-11-13
5235,5235,Debit Card,Completed,2023-03-27
5236,5236,UPI,Completed,2023-03-22
5237,5237,Debit Card,Completed,2024-12-19
5238,5238,Net Banking,Completed,2023-08-01
5239,5239,COD,Completed,2025-01-19
5240,5240,Wallet,Completed,2024-03-04
5241,5241,Debit Card,Completed,2024-04-13
5242,5242,Wallet,Completed,2023-04-16
5243,5243,COD,Completed,2023-06-07
5244,5244,Wallet,Completed,2025-04-29
5245,5245,COD,Completed,2025-04-19
5246,5246,COD,Completed,2023-08-21
5247,5247,COD,Completed,2024-12-24
5248,5248,COD,Completed,2023-01-08
5249,5249,Debit Card,Completed,2024-01-21
5250,5250,UPI,Completed,2023-05-26
5251,5251,Net Banking,Completed,2023-01-30
5252,5252,COD,Completed,2023-09-02
5253,5253,Debit Card,Completed,2024-05-09
5254,5254,Debit Card,Completed,2024-03-11
5255,5255,COD,Completed,2024-06-16
5256,5256,Net Banking,Completed,2024-07-31
5257,5257,Net Banking,Completed,2025-03-31
5258,5258,Debit Card,Completed,2023-04-10
5259,5259,Debit Card,Completed,2025-03-03
5260,5260,Net Banking,Completed,2023-04-19
5261,5261,Debit Card,Completed,2024-06-21
5262,5262,Wallet,Completed,2023-11-21
5263,5263,Debit Card,Completed,2024-02-12
5264,5264,UPI,Completed,2023-10-31
5265,5265,Credit Card,Completed,2023-02-26
5266,5266,COD,Completed,2025-05-24
5267,5267,Credit Card,Completed,2024-08-28
5268,5268,Net Banking,Completed,2024-07-28
5269,5269,Debit Card,Completed,2023-10-06
5270,5270,UPI,Completed,2023-07-29
5271,5271,UPI,Completed,2025-02-15
5272,5272,Net Banking,Completed,2023-07-11
5273,5273,Debit Card,Completed,2025-05-21
5274,5274,COD,Completed,2025-05-15
5275,5275,Debit Card,Completed,2024-09-23
5276,5276,Debit Card,Completed,2024-04-14
5277,5277,Net Banking,Completed,2024-12-09
5278,5278,COD,Completed,2024-03-13
5279,5279,Net Banking,Completed,2025-03-16
5280,5280,Debit Card,Completed,2025-05-01
5281,5281,Wallet,Completed,2023-03-06
5282,5282,UPI,Completed,2023-09-16
5283,5283,UPI,Completed,2023-07-08
5284,5284,COD,Completed,2023-05-25
5285,5285,Credit Card,Completed,2025-03-01
5286,5286,COD,Completed,2023-03-21
5287,5287,Wallet,Completed,2024-03-22
5288,5288,COD,Completed,2023-04-21
5289,5289,Net Banking,Completed,2025-04-27
5290,5290,Wallet,Completed,2023-02-10
5291,5291,COD,Completed,2024-08-25
5292,5292,Net Banking,Completed,2023-01-08
5293,5293,COD,Completed,2025-05-16
5294,5294,Credit Card,Completed,2024-01-26
5295,5295,Net Banking,Completed,2024-05-08
5296,5296,Wallet,Completed,2023-05-01
5297,5297,Credit Card,Completed,2024-08-24
5298,5298,Credit Card,Completed,2025-06-09
5299,5299,Debit Card,Completed,2024-04-08
5300,5300,Net Banking,Completed,2023-09-04
5301,5301,UPI,Completed,2023-01-13
5302,5302,Wallet,Completed,2023-06-11
5303,5303,Wallet,Completed,2023-02-28
5304,5304,Wallet,Refunded,2023-07-29
5305,5305,COD,Completed,2024-12-18
5306,5306,Wallet,Completed,2023-08-04
5307,5307,COD,Completed,2023-10-05
5308,5308,UPI,Completed,2023-10-29
5309,5309,Net Banking,Completed,2024-11-12
5310,5310,Net Banking,Completed,2024-01-18
5311,5311,Credit Card,Completed,2025-01-23
5312,5312,Credit Card,Completed,2023-07-29
5313,5313,COD,Refunded,2023-07-27
5314,5314,Net Banking,Completed,2023-11-25
5315,5315,Credit Card,Completed,2023-07-09
5316,5316,UPI,Completed,2023-02-05
5317,5317,Wallet,Completed,2024-03-14
5318,5318,Debit Card,Completed,2023-12-24
5319,5319,Credit Card,Refunded,2023-11-30
5320,5320,Wallet,Completed,2025-01-04
5321,5321,Credit Card,Completed,2023-02-17
5322,5322,Net Banking,Completed,2023-09-03
5323,5323,UPI,Completed,2025-05-11
5324,5324,Net Banking,Completed,2024-06-03
5325,5325,Net Banking,Completed,2024-06-06
5326,5326,Net Banking,Completed,2024-12-04
5327,5327,Debit Card,Completed,2024-05-14
5328,5328,Wallet,Completed,2023-12-14
5329,5329,Wallet,Completed,2023-02-21
5330,5330,Credit Card,Completed,2025-03-01
5331,5331,UPI,Completed,2025-06-04
5332,5332,Debit Card,Refunded,2024-09-08
5333,5333,Debit Card,Completed,2024-07-26
5334,5334,Debit Card,Completed,2023-10-31
5335,5335,Debit Card,Refunded,2023-07-08
5336,5336,UPI,Completed,2024-07-02
5337,5337,Net Banking,Completed,2024-10-31
5338,5338,COD,Completed,2024-05-24
5339,5339,COD,Completed,2023-01-08
5340,5340,Credit Card,Completed,2023-05-12
5341,5341,COD,Completed,2025-05-15
5342,5342,Net Banking,Completed,2024-06-23
5343,5343,Wallet,Completed,2024-08-15
5344,5344,COD,Completed,2023-07-15
5345,5345,Credit Card,Completed,2025-01-10
5346,5346,Net Banking,Completed,2025-04-05
5347,5347,Wallet,Completed,2025-04-27
5348,5348,UPI,Completed,2023-10-02
5349,5349,Net Banking,Completed,2025-05-30
5350,5350,UPI,Completed,2024-03-20
5351,5351,Net Banking,Completed,2024-02-02
5352,5352,Credit Card,Completed,2024-01-31
5353,5353,Net Banking,Completed,2025-05-15
5354,5354,Net Banking,Refunded,2023-11-22
5355,5355,UPI,Completed,2024-10-24
5356,5356,Debit Card,Completed,2023-11-01
5357,5357,Net Banking,Completed,2023-08-29
5358,5358,UPI,Completed,2024-02-05
5359,5359,COD,Completed,2025-06-13
5360,5360,Credit Card,Completed,2023-10-27
5361,5361,Wallet,Completed,2024-03-31
5362,5362,Net Banking,Completed,2024-07-02
5363,5363,Net Banking,Completed,2024-11-25
5364,5364,Credit Card,Completed,2024-05-22
5365,5365,UPI,Completed,2024-07-16
5366,5366,Net Banking,Completed,2024-05-29
5367,5367,COD,Completed,2023-01-27
5368,5368,Credit Card,Completed,2023-04-09
5369,5369,Debit Card,Completed,2025-05-14
5370,5370,Debit Card,Completed,2024-01-27
5371,5371,UPI,Completed,2024-02-27
5372,5372,UPI,Completed,2023-08-25
5373,5373,Debit Card,Completed,2024-05-01
5374,5374,Wallet,Completed,2023-08-24
5375,5375,Debit Card,Completed,2023-02-04
5376,5376,Debit Card,Completed,2023-09-15
5377,5377,Credit Card,Completed,2023-02-19
5378,5378,UPI,Completed,2023-08-23
5379,5379,Wallet,Refunded,2025-03-12
5380,5380,COD,Refunded,2023-11-07
5381,5381,Debit Card,Completed,2025-05-24
5382,5382,Credit Card,Completed,2023-08-13
5383,5383,Net Banking,Completed,2025-03-16
5384,5384,UPI,Completed,2024-03-21
5385,5385,Wallet,Completed,2025-05-29
5386,5386,Net Banking,Completed,2024-03-31
5387,5387,Credit Card,Completed,2024-12-18
5388,5388,Wallet,Completed,2023-12-19
5389,5389,Debit Card,Completed,2024-11-02
5390,5390,Wallet,Completed,2024-12-23
5391,5391,Debit Card,Completed,2025-04-16
5392,5392,UPI,Completed,2024-06-08
5393,5393,UPI,Completed,2023-08-05
5394,5394,Wallet,Completed,2023-05-29
5395,5395,Net Banking,Completed,2023-01-18
5396,5396,Debit Card,Completed,2023-11-23
5397,5397,UPI,Completed,2024-03-13
5398,5398,Credit Card,Completed,2024-03-16
5399,5399,Wallet,Completed,2023-05-25
5400,5400,COD,Completed,2025-05-17
5401,5401,COD,Completed,2024-07-31
5402,5402,Net Banking,Completed,2024-09-27
5403,5403,Credit Card,Refunded,2024-07-29
5404,5404,Net Banking,Completed,2024-09-19
5405,5405,Net Banking,Refunded,2025-04-05
5406,5406,Net Banking,Completed,2024-07-17
5407,5407,Debit Card,Completed,2024-10-10
5408,5408,UPI,Completed,2023-08-04
5409,5409,Debit Card,Refunded,2024-11-11
5410,5410,Credit Card,Completed,2024-02-01
5411,5411,Debit Card,Completed,2024-02-18
5412,5412,Net Banking,Completed,2023-12-03
5413,5413,Credit Card,Completed,2025-05-25
5414,5414,Wallet,Completed,2023-09-14
5415,5415,Credit Card,Completed,2023-11-30
5416,5416,COD,Completed,2024-02-21
5417,5417,UPI,Completed,2023-11-07
5418,5418,Credit Card,Completed,2025-01-01
5419,5419,Credit Card,Completed,2024-05-12
5420,5420,Credit Card,Completed,2024-01-09
5421,5421,COD,Completed,2023-11-11
5422,5422,Debit Card,Completed,2023-08-07
5423,5423,UPI,Completed,2023-04-07
5424,5424,Net Banking,Completed,2023-08-15
5425,5425,UPI,Completed,2024-06-10
5426,5426,Wallet,Completed,2024-02-25
5427,5427,Net Banking,Completed,2025-03-19
5428,5428,Wallet,Completed,2023-08-11
5429,5429,Net Banking,Completed,2024-03-15
5430,5430,Net Banking,Completed,2024-06-08
5431,5431,Net Banking,Refunded,2024-04-04
5432,5432,UPI,Completed,2025-01-01
5433,5433,UPI,Completed,2024-08-30
5434,5434,Net Banking,Completed,2025-02-13
5435,5435,Wallet,Completed,2024-05-25
5436,5436,COD,Completed,2024-06-25
5437,5437,Wallet,Completed,2023-04-17
5438,5438,Debit Card,Completed,2024-02-27
5439,5439,COD,Completed,2024-02-23
5440,5440,Wallet,Completed,2025-06-15
5441,5441,Net Banking,Completed,2023-02-06
5442,5442,Net Banking,Completed,2025-06-10
5443,5443,Credit Card,Completed,2024-10-28
5444,5444,UPI,Completed,2023-12-06
5445,5445,Net Banking,Completed,2023-10-13
5446,5446,Wallet,Completed,2024-05-18
5447,5447,Net Banking,Completed,2024-09-09
5448,5448,COD,Completed,2024-09-18
5449,5449,Wallet,Completed,2024-05-11
5450,5450,Debit Card,Completed,2023-07-21
5451,5451,Net Banking,Completed,2024-09-27
5452,5452,Net Banking,Completed,2023-04-15
5453,5453,UPI,Completed,2023-10-29
5454,5454,Net Banking,Completed,2023-07-21
5455,5455,Debit Card,Completed,2025-03-31
5456,5456,Net Banking,Completed,2023-09-07
5457,5457,Debit Card,Completed,2023-02-11
5458,5458,Wallet,Completed,2024-07-24
5459,5459,Credit Card,Completed,2023-01-09
5460,5460,Net Banking,Completed,2023-02-08
5461,5461,Wallet,Completed,2023-05-30
5462,5462,UPI,Completed,2023-08-10
5463,5463,Net Banking,Completed,2025-01-12
5464,5464,COD,Completed,2024-08-30
5465,5465,Net Banking,Completed,2024-04-08
5466,5466,COD,Completed,2023-05-05
5467,5467,UPI,Completed,2024-01-21
5468,5468,Wallet,Completed,2024-11-23
5469,5469,Wallet,Completed,2024-10-24
5470,5470,Credit Card,Completed,2023-02-07
5471,5471,Debit Card,Completed,2023-04-03
5472,5472,Debit Card,Completed,2024-01-31
5473,5473,Wallet,Refunded,2024-11-02
5474,5474,Credit Card,Completed,2025-05-05
5475,5475,Net Banking,Completed,2024-07-16
5476,5476,Wallet,Completed,2023-05-16
5477,5477,Debit Card,Completed,2024-10-06
5478,5478,Debit Card,Completed,2025-02-19
5479,5479,Debit Card,Completed,2024-06-18
5480,5480,Credit Card,Completed,2023-02-04
5481,5481,Debit Card,Completed,2025-02-07
5482,5482,Wallet,Completed,2024-09-15
5483,5483,Net Banking,Completed,2023-01-25
5484,5484,Credit Card,Completed,2024-08-28
5485,5485,Credit Card,Completed,2023-11-07
5486,5486,Debit Card,Completed,2024-05-06
5487,5487,UPI,Completed,2024-02-11
5488,5488,Net Banking,Completed,2024-07-20
5489,5489,COD,Completed,2025-05-15
5490,5490,Net Banking,Refunded,2025-02-27
5491,5491,Credit Card,Completed,2023-12-12
5492,5492,Credit Card,Completed,2025-05-02
5493,5493,Credit Card,Completed,2023-07-15
5494,5494,UPI,Completed,2024-02-05
5495,5495,Wallet,Completed,2024-08-29
5496,5496,Debit Card,Completed,2025-04-17
5497,5497,Net Banking,Completed,2025-01-24
5498,5498,Net Banking,Completed,2023-08-02
5499,5499,UPI,Completed,2025-01-12
5500,5500,Debit Card,Completed,2025-03-25
5501,5501,UPI,Completed,2023-10-03
5502,5502,Net Banking,Completed,2023-02-05
5503,5503,Net Banking,Refunded,2023-08-11
5504,5504,Credit Card,Completed,2025-02-28
5505,5505,Debit Card,Completed,2023-04-18
5506,5506,UPI,Completed,2023-01-25
5507,5507,Wallet,Completed,2023-10-17
5508,5508,UPI,Completed,2023-07-19
5509,5509,Credit Card,Completed,2025-05-25
5510,5510,Debit Card,Completed,2023-12-02
5511,5511,UPI,Completed,2023-08-17
5512,5512,Credit Card,Completed,2024-04-22
5513,5513,Net Banking,Completed,2024-03-31
5514,5514,Credit Card,Completed,2023-02-28
5515,5515,COD,Completed,2024-03-11
5516,5516,COD,Completed,2023-10-28
5517,5517,Net Banking,Completed,2023-12-27
5518,5518,COD,Completed,2025-03-25
5519,5519,UPI,Completed,2023-10-09
5520,5520,Credit Card,Completed,2024-11-28
5521,5521,Debit Card,Completed,2023-12-31
5522,5522,Credit Card,Completed,2023-01-19
5523,5523,Wallet,Completed,2024-06-21
5524,5524,Wallet,Completed,2024-08-23
5525,5525,Credit Card,Completed,2024-02-04
5526,5526,UPI,Completed,2024-05-14
5527,5527,Wallet,Completed,2024-12-21
5528,5528,Debit Card,Completed,2025-05-10
5529,5529,COD,Completed,2024-12-27
5530,5530,Net Banking,Completed,2023-02-10
5531,5531,Net Banking,Completed,2024-12-17
5532,5532,Credit Card,Completed,2023-08-31
5533,5533,Wallet,Completed,2024-08-03
5534,5534,Debit Card,Completed,2024-05-14
5535,5535,Debit Card,Completed,2023-04-09
5536,5536,UPI,Completed,2024-12-29
5537,5537,Net Banking,Completed,2024-11-07
5538,5538,UPI,Completed,2024-09-01
5539,5539,Debit Card,Completed,2023-01-23
5540,5540,Wallet,Completed,2023-01-20
5541,5541,Debit Card,Completed,2024-01-06
5542,5542,Net Banking,Completed,2024-10-02
5543,5543,Net Banking,Completed,2025-06-05
5544,5544,Debit Card,Completed,2023-02-19
5545,5545,Credit Card,Completed,2025-01-03
5546,5546,COD,Completed,2023-07-23
5547,5547,Wallet,Completed,2023-03-05
5548,5548,UPI,Completed,2025-03-27
5549,5549,UPI,Completed,2023-02-08
5550,5550,Credit Card,Completed,2024-01-05
5551,5551,Net Banking,Completed,2023-12-02
5552,5552,UPI,Completed,2023-05-24
5553,5553,COD,Completed,2023-08-02
5554,5554,Net Banking,Completed,2024-04-17
5555,5555,Net Banking,Completed,2024-12-30
5556,5556,Net Banking,Completed,2023-04-30
5557,5557,Credit Card,Completed,2024-06-30
5558,5558,Wallet,Completed,2023-11-22
5559,5559,Credit Card,Completed,2025-06-14
5560,5560,Wallet,Completed,2023-02-01
5561,5561,Wallet,Completed,2025-02-07
5562,5562,Credit Card,Completed,2025-05-12
5563,5563,Debit Card,Completed,2024-07-07
5564,5564,Credit Card,Refunded,2024-01-31
5565,5565,UPI,Completed,2024-05-29
5566,5566,Debit Card,Completed,2023-02-21
5567,5567,Wallet,Completed,2025-02-01
5568,5568,UPI,Completed,2025-01-16
5569,5569,COD,Completed,2023-08-05
5570,5570,Debit Card,Completed,2024-02-02
5571,5571,Wallet,Completed,2023-07-02
5572,5572,Wallet,Completed,2024-10-13
5573,5573,Credit Card,Completed,2024-08-05
5574,5574,Debit Card,Completed,2024-04-10
5575,5575,COD,Completed,2023-06-15
5576,5576,Debit Card,Completed,2023-08-24
5577,5577,Wallet,Completed,2024-05-04
5578,5578,COD,Completed,2023-01-25
5579,5579,Net Banking,Completed,2024-07-03
5580,5580,Net Banking,Completed,2025-06-04
5581,5581,Credit Card,Completed,2023-05-21
5582,5582,Wallet,Completed,2025-06-15
5583,5583,Debit Card,Completed,2023-08-16
5584,5584,COD,Completed,2025-03-06
5585,5585,UPI,Completed,2023-11-24
5586,5586,UPI,Completed,2023-09-02
5587,5587,Credit Card,Completed,2024-05-07
5588,5588,Wallet,Completed,2024-06-27
5589,5589,Net Banking,Completed,2024-04-30
5590,5590,Wallet,Completed,2023-02-09
5591,5591,Net Banking,Completed,2023-10-24
5592,5592,UPI,Completed,2024-12-01
5593,5593,Credit Card,Completed,2024-04-13
5594,5594,UPI,Completed,2025-05-27
5595,5595,COD,Completed,2023-06-30
5596,5596,Credit Card,Completed,2025-05-19
5597,5597,Credit Card,Completed,2024-04-17
5598,5598,UPI,Completed,2023-07-29
5599,5599,Debit Card,Completed,2023-10-14
5600,5600,Net Banking,Refunded,2023-04-15
5601,5601,Net Banking,Completed,2023-03-13
5602,5602,Net Banking,Completed,2024-08-21
5603,5603,Credit Card,Completed,2025-01-05
5604,5604,Debit Card,Completed,2023-11-08
5605,5605,Net Banking,Completed,2023-12-18
5606,5606,Net Banking,Completed,2024-10-02
5607,5607,Debit Card,Completed,2024-11-06
5608,5608,Net Banking,Completed,2025-02-27
5609,5609,Net Banking,Completed,2024-06-17
5610,5610,COD,Completed,2024-07-23
5611,5611,Net Banking,Completed,2024-10-24
5612,5612,Debit Card,Completed,2025-02-20
5613,5613,Wallet,Completed,2023-10-19
5614,5614,UPI,Completed,2025-05-19
5615,5615,Debit Card,Completed,2024-02-19
5616,5616,Debit Card,Completed,2023-07-25
5617,5617,Credit Card,Completed,2024-03-12
5618,5618,UPI,Completed,2023-01-22
5619,5619,Debit Card,Completed,2024-07-25
5620,5620,Wallet,Completed,2025-05-08
5621,5621,Wallet,Completed,2024-03-30
5622,5622,Debit Card,Completed,2024-11-02
5623,5623,UPI,Completed,2024-08-14
5624,5624,Wallet,Completed,2023-12-05
5625,5625,Credit Card,Completed,2024-07-08
5626,5626,Wallet,Completed,2024-01-13
5627,5627,UPI,Completed,2023-09-17
5628,5628,COD,Refunded,2023-10-19
5629,5629,UPI,Completed,2024-05-16
5630,5630,Debit Card,Completed,2025-01-07
5631,5631,UPI,Completed,2024-07-10
5632,5632,COD,Completed,2025-02-16
5633,5633,Debit Card,Completed,2025-02-16
5634,5634,COD,Completed,2024-04-28
5635,5635,Credit Card,Completed,2023-05-22
5636,5636,UPI,Completed,2024-05-06
5637,5637,Net Banking,Completed,2024-11-25
5638,5638,COD,Completed,2024-03-30
5639,5639,Wallet,Completed,2024-03-09
5640,5640,Wallet,Completed,2025-02-21
5641,5641,Wallet,Refunded,2024-01-28
5642,5642,Credit Card,Completed,2023-05-13
5643,5643,Debit Card,Completed,2023-04-02
5644,5644,Debit Card,Completed,2025-04-29
5645,5645,Wallet,Completed,2024-02-08
5646,5646,Debit Card,Completed,2023-03-24
5647,5647,COD,Completed,2024-08-25
5648,5648,UPI,Refunded,2024-03-26
5649,5649,Net Banking,Completed,2024-09-26
5650,5650,Wallet,Completed,2024-12-25
5651,5651,Net Banking,Completed,2024-07-19
5652,5652,Net Banking,Completed,2025-02-28
5653,5653,Debit Card,Completed,2024-04-27
5654,5654,Credit Card,Completed,2023-10-25
5655,5655,COD,Completed,2023-04-27
5656,5656,Credit Card,Completed,2024-07-22
5657,5657,Debit Card,Refunded,2023-11-23
5658,5658,COD,Completed,2024-12-09
5659,5659,Net Banking,Completed,2024-03-16
5660,5660,Debit Card,Completed,2024-07-30
5661,5661,COD,Completed,2025-03-23
5662,5662,Net Banking,Completed,2024-06-23
5663,5663,Debit Card,Completed,2025-05-28
5664,5664,Debit Card,Completed,2024-05-30
5665,5665,COD,Completed,2024-06-08
5666,5666,Credit Card,Completed,2024-07-05
5667,5667,Credit Card,Completed,2023-02-19
5668,5668,Wallet,Completed,2024-05-14
5669,5669,UPI,Completed,2023-09-27
5670,5670,Debit Card,Completed,2025-05-14
5671,5671,Debit Card,Completed,2024-01-02
5672,5672,Net Banking,Completed,2025-04-13
5673,5673,Net Banking,Completed,2023-01-26
5674,5674,Net Banking,Completed,2025-04-07
5675,5675,UPI,Completed,2024-05-09
5676,5676,UPI,Completed,2023-01-05
5677,5677,COD,Completed,2024-10-19
5678,5678,COD,Completed,2023-01-27
5679,5679,UPI,Completed,2023-05-10
5680,5680,Wallet,Completed,2024-05-04
5681,5681,Credit Card,Completed,2023-01-21
5682,5682,Debit Card,Completed,2023-05-21
5683,5683,Wallet,Completed,2024-04-05
5684,5684,Net Banking,Completed,2024-01-04
5685,5685,COD,Completed,2025-04-13
5686,5686,COD,Completed,2024-08-02
5687,5687,Debit Card,Completed,2024-08-02
5688,5688,Wallet,Completed,2025-03-08
5689,5689,Credit Card,Completed,2023-10-13
5690,5690,Wallet,Completed,2024-08-04
5691,5691,Wallet,Completed,2024-05-04
5692,5692,Credit Card,Completed,2023-01-08
5693,5693,UPI,Completed,2025-04-15
5694,5694,UPI,Completed,2023-05-18
5695,5695,Wallet,Refunded,2023-07-21
5696,5696,Credit Card,Completed,2025-04-13
5697,5697,Wallet,Completed,2024-10-17
5698,5698,COD,Completed,2025-01-05
5699,5699,COD,Completed,2023-09-15
5700,5700,Wallet,Completed,2023-04-29
5701,5701,COD,Completed,2023-02-17
5702,5702,Credit Card,Completed,2023-12-04
5703,5703,UPI,Completed,2025-04-01
5704,5704,Wallet,Completed,2023-06-15
5705,5705,Debit Card,Completed,2023-09-12
5706,5706,Wallet,Completed,2023-06-10
5707,5707,Wallet,Completed,2024-02-21
5708,5708,Credit Card,Completed,2023-07-31
5709,5709,Credit Card,Completed,2024-07-23
5710,5710,UPI,Completed,2023-03-04
5711,5711,Wallet,Completed,2024-02-09
5712,5712,Debit Card,Completed,2025-05-22
5713,5713,UPI,Completed,2023-01-21
5714,5714,Debit Card,Completed,2024-05-15
5715,5715,Credit Card,Completed,2023-08-08
5716,5716,Credit Card,Completed,2025-04-22
5717,5717,Credit Card,Refunded,2023-05-26
5718,5718,UPI,Completed,2023-04-07
5719,5719,Net Banking,Completed,2024-09-06
5720,5720,Net Banking,Refunded,2024-09-08
5721,5721,Credit Card,Completed,2025-02-08
5722,5722,UPI,Completed,2024-03-27
5723,5723,Credit Card,Completed,2023-07-31
5724,5724,UPI,Completed,2025-04-16
5725,5725,Credit Card,Refunded,2024-10-01
5726,5726,Credit Card,Completed,2023-02-21
5727,5727,Net Banking,Completed,2025-04-27
5728,5728,UPI,Completed,2024-11-20
5729,5729,COD,Completed,2024-03-20
5730,5730,Credit Card,Completed,2024-03-08
5731,5731,COD,Completed,2025-05-11
5732,5732,Wallet,Refunded,2024-10-28
5733,5733,Net Banking,Completed,2023-04-20
5734,5734,Credit Card,Completed,2023-10-29
5735,5735,Credit Card,Completed,2023-01-30
5736,5736,Wallet,Completed,2024-06-25
5737,5737,UPI,Completed,2025-05-24
5738,5738,Debit Card,Completed,2025-01-13
5739,5739,Credit Card,Completed,2023-01-20
5740,5740,COD,Completed,2025-06-08
5741,5741,COD,Completed,2024-07-03
5742,5742,UPI,Completed,2025-03-20
5743,5743,COD,Completed,2024-03-13
5744,5744,Net Banking,Completed,2025-01-05
5745,5745,Debit Card,Completed,2023-09-30
5746,5746,Net Banking,Completed,2023-03-07
5747,5747,Net Banking,Completed,2024-02-15
5748,5748,Credit Card,Completed,2023-08-08
5749,5749,Debit Card,Completed,2024-10-22
5750,5750,Net Banking,Completed,2023-05-11
5751,5751,Debit Card,Completed,2024-07-22
5752,5752,Debit Card,Completed,2023-04-20
5753,5753,COD,Completed,2025-02-10
5754,5754,Wallet,Completed,2024-02-21
5755,5755,Credit Card,Completed,2024-07-06
5756,5756,Credit Card,Completed,2023-08-04
5757,5757,Debit Card,Completed,2024-11-27
5758,5758,COD,Completed,2023-08-19
5759,5759,COD,Completed,2025-05-09
5760,5760,COD,Completed,2023-05-08
5761,5761,UPI,Completed,2023-04-18
5762,5762,Debit Card,Completed,2024-11-16
5763,5763,Credit Card,Completed,2023-01-06
5764,5764,Credit Card,Completed,2024-04-15
5765,5765,UPI,Completed,2025-06-18
5766,5766,Debit Card,Completed,2025-04-22
5767,5767,UPI,Completed,2023-04-02
5768,5768,Debit Card,Completed,2023-12-02
5769,5769,Net Banking,Completed,2025-01-14
5770,5770,UPI,Completed,2024-08-05
5771,5771,Credit Card,Completed,2024-07-10
5772,5772,COD,Completed,2025-04-07
5773,5773,Net Banking,Completed,2023-08-31
5774,5774,Debit Card,Completed,2023-06-10
5775,5775,Debit Card,Completed,2024-07-05
5776,5776,Credit Card,Completed,2023-08-05
5777,5777,COD,Completed,2023-05-12
5778,5778,Debit Card,Completed,2024-04-20
5779,5779,Net Banking,Completed,2024-09-12
5780,5780,UPI,Refunded,2023-08-23
5781,5781,COD,Completed,2023-01-12
5782,5782,Wallet,Completed,2023-06-25
5783,5783,Debit Card,Completed,2024-12-01
5784,5784,Credit Card,Completed,2024-10-13
5785,5785,Wallet,Completed,2024-02-09
5786,5786,Credit Card,Completed,2024-03-26
5787,5787,UPI,Refunded,2024-09-26
5788,5788,Credit Card,Completed,2025-06-12
5789,5789,Credit Card,Completed,2024-10-19
5790,5790,Debit Card,Completed,2025-04-02
5791,5791,Credit Card,Completed,2024-06-20
5792,5792,Credit Card,Refunded,2023-05-19
5793,5793,Debit Card,Completed,2023-07-17
5794,5794,COD,Completed,2023-10-21
5795,5795,Debit Card,Completed,2023-03-23
5796,5796,Net Banking,Completed,2023-11-26
5797,5797,COD,Refunded,2023-10-10
5798,5798,Credit Card,Completed,2024-08-21
5799,5799,Debit Card,Refunded,2025-03-22
5800,5800,Credit Card,Completed,2023-03-02
5801,5801,Debit Card,Completed,2023-08-04
5802,5802,UPI,Completed,2024-09-13
5803,5803,Debit Card,Completed,2023-04-25
5804,5804,Wallet,Completed,2023-11-10
5805,5805,COD,Completed,2024-07-24
5806,5806,Credit Card,Completed,2024-04-19
5807,5807,Debit Card,Completed,2023-10-05
5808,5808,Wallet,Completed,2024-05-05
5809,5809,UPI,Completed,2024-05-29
5810,5810,Wallet,Completed,2024-12-05
5811,5811,Debit Card,Completed,2024-04-28
5812,5812,UPI,Completed,2024-04-14
5813,5813,Net Banking,Completed,2024-11-22
5814,5814,Wallet,Completed,2023-10-06
5815,5815,UPI,Completed,2023-07-30
5816,5816,Debit Card,Completed,2023-11-15
5817,5817,COD,Completed,2024-10-02
5818,5818,Credit Card,Completed,2024-05-21
5819,5819,Net Banking,Completed,2025-05-08
5820,5820,UPI,Refunded,2024-06-06
5821,5821,COD,Completed,2024-10-28
5822,5822,Wallet,Completed,2025-06-17
5823,5823,Wallet,Completed,2024-11-24
5824,5824,Credit Card,Completed,2023-09-08
5825,5825,Wallet,Completed,2024-12-21
5826,5826,Debit Card,Completed,2023-08-03
5827,5827,Debit Card,Completed,2023-01-29
5828,5828,Wallet,Completed,2023-05-26
5829,5829,UPI,Completed,2024-02-14
5830,5830,Wallet,Completed,2024-02-21
5831,5831,Net Banking,Completed,2024-11-02
5832,5832,Debit Card,Completed,2023-10-28
5833,5833,Net Banking,Completed,2025-01-06
5834,5834,Debit Card,Completed,2025-05-28
5835,5835,Wallet,Completed,2023-11-27
5836,5836,UPI,Completed,2024-06-12
5837,5837,Net Banking,Completed,2024-12-15
5838,5838,Credit Card,Completed,2023-06-20
5839,5839,Debit Card,Completed,2023-07-09
5840,5840,Credit Card,Completed,2024-06-25
5841,5841,Net Banking,Completed,2025-05-26
5842,5842,Debit Card,Completed,2024-12-08
5843,5843,COD,Completed,2025-05-10
5844,5844,Wallet,Completed,2025-06-12
5845,5845,COD,Refunded,2023-11-28
5846,5846,Net Banking,Completed,2024-12-16
5847,5847,Net Banking,Completed,2024-03-27
5848,5848,Net Banking,Refunded,2024-01-04
5849,5849,Net Banking,Completed,2025-05-31
5850,5850,Net Banking,Completed,2023-10-04
5851,5851,Wallet,Completed,2023-12-05
5852,5852,UPI,Completed,2024-06-18
5853,5853,Net Banking,Completed,2023-05-26
5854,5854,Credit Card,Refunded,2023-07-28
5855,5855,Debit Card,Completed,2023-04-25
5856,5856,Credit Card,Completed,2024-02-04
5857,5857,Net Banking,Completed,2023-01-01
5858,5858,Wallet,Completed,2024-05-01
5859,5859,COD,Completed,2024-03-26
5860,5860,COD,Completed,2024-11-07
5861,5861,Credit Card,Completed,2025-03-06
5862,5862,Wallet,Completed,2025-05-09
5863,5863,Debit Card,Completed,2024-08-17
5864,5864,Net Banking,Completed,2024-09-30
5865,5865,Credit Card,Completed,2023-07-15
5866,5866,Net Banking,Completed,2024-08-26
5867,5867,Wallet,Completed,2025-04-27
5868,5868,COD,Completed,2024-10-04
5869,5869,Net Banking,Completed,2024-01-18
5870,5870,UPI,Completed,2025-03-14
5871,5871,Credit Card,Completed,2024-02-28
5872,5872,Net Banking,Refunded,2023-12-27
5873,5873,Wallet,Completed,2025-03-14
5874,5874,UPI,Completed,2023-07-23
5875,5875,COD,Completed,2025-05-01
5876,5876,UPI,Completed,2024-05-20
5877,5877,UPI,Completed,2024-03-09
5878,5878,COD,Completed,2024-06-12
5879,5879,UPI,Completed,2023-03-12
5880,5880,Wallet,Completed,2024-11-12
5881,5881,COD,Completed,2024-10-22
5882,5882,COD,Completed,2024-04-20
5883,5883,COD,Completed,2023-10-20
5884,5884,UPI,Completed,2023-07-13
5885,5885,COD,Completed,2023-06-23
5886,5886,Wallet,Completed,2025-04-18
5887,5887,COD,Completed,2023-10-03
5888,5888,COD,Refunded,2024-04-30
5889,5889,Credit Card,Completed,2024-08-04
5890,5890,Debit Card,Completed,2025-02-15
5891,5891,Net Banking,Completed,2023-11-06
5892,5892,Debit Card,Completed,2023-05-10
5893,5893,Debit Card,Completed,2024-12-06
5894,5894,Wallet,Completed,2024-05-03
5895,5895,UPI,Refunded,2024-09-14
5896,5896,Net Banking,Completed,2024-03-30
5897,5897,COD,Completed,2023-02-05
5898,5898,Wallet,Completed,2024-08-11
5899,5899,COD,Completed,2023-09-24
5900,5900,Net Banking,Completed,2023-10-17
5901,5901,Wallet,Completed,2024-04-24
5902,5902,UPI,Completed,2025-04-28
5903,5903,UPI,Completed,2023-11-12
5904,5904,COD,Completed,2023-05-13
5905,5905,COD,Completed,2024-08-17
5906,5906,Wallet,Completed,2023-10-27
5907,5907,Net Banking,Completed,2023-12-06
5908,5908,UPI,Completed,2024-06-13
5909,5909,UPI,Completed,2023-07-16
5910,5910,COD,Completed,2024-09-15
5911,5911,Wallet,Completed,2025-05-03
5912,5912,Credit Card,Completed,2025-02-01
5913,5913,Wallet,Completed,2024-09-28
5914,5914,Net Banking,Completed,2023-12-01
5915,5915,Credit Card,Completed,2024-07-01
5916,5916,Debit Card,Completed,2024-06-21
5917,5917,Credit Card,Completed,2023-08-27
5918,5918,COD,Completed,2024-09-24
5919,5919,Debit Card,Completed,2023-03-05
5920,5920,Wallet,Completed,2025-04-12
5921,5921,COD,Completed,2024-11-25
5922,5922,Credit Card,Completed,2024-10-11
5923,5923,UPI,Completed,2024-10-11
5924,5924,Wallet,Completed,2024-03-03
5925,5925,Credit Card,Completed,2023-06-25
5926,5926,UPI,Completed,2024-10-07
5927,5927,Credit Card,Completed,2023-01-14
5928,5928,Net Banking,Completed,2024-08-27
5929,5929,Wallet,Completed,2024-03-08
5930,5930,Debit Card,Completed,2024-05-22
5931,5931,UPI,Completed,2023-05-13
5932,5932,Debit Card,Completed,2024-05-01
5933,5933,COD,Completed,2023-04-09
5934,5934,Wallet,Completed,2025-05-29
5935,5935,COD,Completed,2024-01-22
5936,5936,UPI,Completed,2024-07-09
5937,5937,Credit Card,Completed,2024-10-17
5938,5938,COD,Completed,2023-09-08
5939,5939,UPI,Completed,2024-04-04
5940,5940,COD,Completed,2024-12-12
5941,5941,COD,Completed,2023-11-30
5942,5942,UPI,Completed,2024-07-21
5943,5943,Wallet,Completed,2024-10-20
5944,5944,COD,Completed,2024-06-28
5945,5945,Wallet,Completed,2023-12-04
5946,5946,COD,Refunded,2025-02-07
5947,5947,COD,Completed,2025-06-06
5948,5948,Debit Card,Completed,2023-04-24
5949,5949,Wallet,Completed,2023-01-26
5950,5950,UPI,Refunded,2024-04-09
5951,5951,Debit Card,Completed,2024-07-18
5952,5952,Credit Card,Completed,2024-03-12
5953,5953,Credit Card,Completed,2024-03-31
5954,5954,Wallet,Completed,2023-02-06
5955,5955,Debit Card,Completed,2023-03-14
5956,5956,Net Banking,Completed,2023-07-01
5957,5957,UPI,Completed,2025-05-29
5958,5958,UPI,Completed,2023-12-11
5959,5959,Wallet,Completed,2025-04-18
5960,5960,Debit Card,Completed,2023-04-29
5961,5961,UPI,Completed,2024-01-27
5962,5962,COD,Completed,2023-12-26
5963,5963,COD,Completed,2024-06-02
5964,5964,UPI,Completed,2023-02-27
5965,5965,Credit Card,Completed,2023-04-07
5966,5966,Net Banking,Completed,2023-12-27
5967,5967,UPI,Completed,2024-12-20
5968,5968,UPI,Completed,2023-02-23
5969,5969,Net Banking,Completed,2024-10-28
5970,5970,Wallet,Completed,2025-05-27
5971,5971,Debit Card,Completed,2024-10-13
5972,5972,Wallet,Completed,2023-07-14
5973,5973,Wallet,Completed,2023-03-29
5974,5974,UPI,Refunded,2024-12-31
5975,5975,Credit Card,Completed,2023-01-21
5976,5976,UPI,Completed,2025-01-31
5977,5977,Credit Card,Completed,2025-01-22
5978,5978,Wallet,Completed,2023-10-09
5979,5979,COD,Completed,2023-01-05
5980,5980,Credit Card,Completed,2024-11-02
5981,5981,Net Banking,Completed,2023-10-30
5982,5982,Debit Card,Completed,2023-10-25
5983,5983,Debit Card,Completed,2024-11-17
5984,5984,Net Banking,Completed,2023-07-08
5985,5985,Credit Card,Completed,2023-05-17
5986,5986,COD,Completed,2023-12-28
5987,5987,Wallet,Completed,2023-04-21
5988,5988,Net Banking,Completed,2024-12-04
5989,5989,Net Banking,Completed,2024-09-17
5990,5990,Debit Card,Completed,2023-05-15
5991,5991,UPI,Completed,2023-03-05
5992,5992,Net Banking,Completed,2024-05-18
5993,5993,UPI,Completed,2024-08-14
5994,5994,Credit Card,Completed,2024-11-20
5995,5995,Debit Card,Completed,2023-09-23
5996,5996,COD,Completed,2024-03-30
5997,5997,Wallet,Completed,2025-02-20
5998,5998,Net Banking,Completed,2025-02-25
5999,5999,Wallet,Completed,2024-03-23
6000,6000,Debit Card,Completed,2025-05-21
6001,6001,Wallet,Completed,2023-12-14
6002,6002,Wallet,Completed,2023-08-10
6003,6003,Net Banking,Completed,2023-11-06
6004,6004,Credit Card,Refunded,2023-03-28
6005,6005,COD,Completed,2024-03-27
6006,6006,Net Banking,Refunded,2024-05-20
6007,6007,Debit Card,Completed,2023-11-13
6008,6008,Net Banking,Completed,2023-04-16
6009,6009,COD,Completed,2024-06-11
6010,6010,Credit Card,Completed,2023-11-16
6011,6011,Net Banking,Completed,2025-04-12
6012,6012,Net Banking,Completed,2025-04-18
6013,6013,UPI,Completed,2024-02-07
6014,6014,Credit Card,Completed,2024-01-18
6015,6015,UPI,Completed,2024-10-16
6016,6016,Net Banking,Completed,2024-11-09
6017,6017,Credit Card,Completed,2024-01-31
6018,6018,Credit Card,Completed,2023-12-15
6019,6019,COD,Completed,2023-06-07
6020,6020,COD,Completed,2024-07-12
6021,6021,Credit Card,Completed,2024-03-09
6022,6022,Credit Card,Completed,2023-12-25
6023,6023,COD,Completed,2023-10-28
6024,6024,Wallet,Completed,2023-01-27
6025,6025,Credit Card,Completed,2025-05-12
6026,6026,Credit Card,Completed,2025-06-03
6027,6027,UPI,Refunded,2024-11-02
6028,6028,Credit Card,Completed,2024-10-06
6029,6029,Wallet,Completed,2024-02-12
6030,6030,Debit Card,Completed,2023-09-03
6031,6031,Net Banking,Completed,2023-04-09
6032,6032,COD,Completed,2024-04-22
6033,6033,Wallet,Completed,2023-04-14
6034,6034,Wallet,Completed,2024-10-04
6035,6035,UPI,Completed,2023-11-02
6036,6036,UPI,Completed,2024-04-18
6037,6037,COD,Completed,2024-07-26
6038,6038,COD,Completed,2025-03-14
6039,6039,UPI,Completed,2024-08-14
6040,6040,UPI,Completed,2024-07-04
6041,6041,UPI,Completed,2024-06-20
6042,6042,COD,Completed,2023-12-04
6043,6043,Credit Card,Completed,2025-01-14
6044,6044,Debit Card,Completed,2025-04-17
6045,6045,Debit Card,Completed,2024-09-02
6046,6046,COD,Completed,2024-09-22
6047,6047,Net Banking,Refunded,2024-06-23
6048,6048,UPI,Completed,2024-08-18
6049,6049,Debit Card,Completed,2024-09-20
6050,6050,Debit Card,Completed,2024-06-06
6051,6051,Net Banking,Completed,2025-01-09
6052,6052,COD,Completed,2023-06-15
6053,6053,UPI,Completed,2025-02-22
6054,6054,UPI,Completed,2024-02-15
6055,6055,Credit Card,Completed,2024-11-30
6056,6056,Net Banking,Completed,2023-09-24
6057,6057,COD,Completed,2024-09-01
6058,6058,Net Banking,Refunded,2025-05-31
6059,6059,Net Banking,Completed,2023-10-29
6060,6060,UPI,Completed,2024-05-01
6061,6061,Net Banking,Completed,2025-01-17
6062,6062,Wallet,Completed,2023-06-25
6063,6063,Wallet,Completed,2025-01-27
6064,6064,COD,Completed,2023-11-15
6065,6065,COD,Completed,2024-10-11
6066,6066,Wallet,Completed,2024-10-11
6067,6067,COD,Completed,2023-11-18
6068,6068,Credit Card,Completed,2025-04-26
6069,6069,Wallet,Completed,2023-10-02
6070,6070,Credit Card,Completed,2023-01-24
6071,6071,COD,Completed,2024-02-24
6072,6072,Wallet,Completed,2024-01-01
6073,6073,Wallet,Completed,2024-10-16
6074,6074,Net Banking,Completed,2024-09-16
6075,6075,Wallet,Completed,2024-04-27
6076,6076,Net Banking,Completed,2025-06-13
6077,6077,UPI,Completed,2024-09-12
6078,6078,Debit Card,Completed,2023-04-11
6079,6079,Net Banking,Completed,2024-03-06
6080,6080,Wallet,Completed,2024-07-24
6081,6081,UPI,Completed,2023-05-07
6082,6082,UPI,Completed,2024-09-11
6083,6083,COD,Completed,2024-06-28
6084,6084,Wallet,Completed,2023-08-25
6085,6085,COD,Completed,2023-09-12
6086,6086,Debit Card,Completed,2025-04-18
6087,6087,UPI,Completed,2025-04-21
6088,6088,Debit Card,Completed,2023-06-11
6089,6089,COD,Completed,2025-04-17
6090,6090,Wallet,Completed,2025-04-23
6091,6091,Debit Card,Completed,2024-03-09
6092,6092,Net Banking,Completed,2024-04-29
6093,6093,Net Banking,Completed,2023-07-26
6094,6094,Credit Card,Completed,2024-05-08
6095,6095,Debit Card,Refunded,2024-01-27
6096,6096,Debit Card,Completed,2024-12-25
6097,6097,Debit Card,Completed,2023-04-03
6098,6098,COD,Completed,2023-08-12
6099,6099,Credit Card,Completed,2025-03-12
6100,6100,Wallet,Completed,2024-02-23
6101,6101,Credit Card,Completed,2025-05-24
6102,6102,UPI,Completed,2024-04-30
6103,6103,Credit Card,Completed,2024-04-10
6104,6104,COD,Refunded,2024-01-24
6105,6105,Wallet,Completed,2024-02-07
6106,6106,UPI,Completed,2025-03-11
6107,6107,Net Banking,Completed,2025-05-25
6108,6108,Debit Card,Completed,2025-02-28
6109,6109,COD,Completed,2024-03-30
6110,6110,Credit Card,Completed,2024-06-05
6111,6111,Debit Card,Completed,2025-03-16
6112,6112,Debit Card,Completed,2023-11-30
6113,6113,Debit Card,Completed,2023-04-26
6114,6114,Credit Card,Completed,2023-09-27
6115,6115,COD,Completed,2023-10-18
6116,6116,Credit Card,Completed,2024-11-01
6117,6117,Credit Card,Refunded,2024-11-29
6118,6118,Wallet,Completed,2025-06-16
6119,6119,COD,Completed,2023-10-28
6120,6120,Debit Card,Completed,2023-02-24
6121,6121,Net Banking,Completed,2024-06-16
6122,6122,COD,Completed,2024-11-19
6123,6123,UPI,Completed,2023-10-05
6124,6124,Credit Card,Completed,2025-06-15
6125,6125,COD,Completed,2023-06-25
6126,6126,Wallet,Completed,2023-03-27
6127,6127,COD,Completed,2023-12-07
6128,6128,Wallet,Completed,2024-07-25
6129,6129,COD,Completed,2024-02-21
6130,6130,UPI,Completed,2024-10-30
6131,6131,Credit Card,Completed,2024-04-26
6132,6132,UPI,Completed,2024-08-26
6133,6133,Wallet,Completed,2024-09-28
6134,6134,Debit Card,Completed,2024-04-27
6135,6135,COD,Completed,2023-01-07
6136,6136,Debit Card,Completed,2023-05-19
6137,6137,Debit Card,Completed,2023-05-24
6138,6138,Net Banking,Completed,2023-06-26
6139,6139,Net Banking,Refunded,2023-01-18
6140,6140,Debit Card,Completed,2023-05-04
6141,6141,Wallet,Completed,2023-07-14
6142,6142,Net Banking,Completed,2023-02-21
6143,6143,Debit Card,Completed,2023-02-19
6144,6144,UPI,Completed,2024-09-14
6145,6145,UPI,Completed,2023-04-25
6146,6146,Wallet,Completed,2023-01-11
6147,6147,COD,Completed,2023-10-12
6148,6148,Credit Card,Completed,2025-02-01
6149,6149,Wallet,Completed,2024-04-22
6150,6150,COD,Completed,2023-05-27
6151,6151,Credit Card,Completed,2023-02-15
6152,6152,UPI,Completed,2024-11-09
6153,6153,Debit Card,Completed,2023-01-09
6154,6154,Credit Card,Completed,2024-04-21
6155,6155,Wallet,Completed,2023-07-07
6156,6156,COD,Completed,2024-07-13
6157,6157,COD,Completed,2025-04-25
6158,6158,UPI,Completed,2025-02-22
6159,6159,Net Banking,Completed,2024-09-30
6160,6160,Credit Card,Completed,2024-07-07
6161,6161,UPI,Completed,2023-11-22
6162,6162,Wallet,Completed,2025-01-31
6163,6163,UPI,Completed,2023-03-07
6164,6164,UPI,Completed,2024-02-26
6165,6165,COD,Completed,2024-12-22
6166,6166,Net Banking,Completed,2023-03-09
6167,6167,Credit Card,Completed,2024-05-29
6168,6168,Net Banking,Completed,2025-05-30
6169,6169,Credit Card,Completed,2023-11-17
6170,6170,UPI,Completed,2024-06-02
6171,6171,Credit Card,Completed,2024-04-08
6172,6172,UPI,Completed,2023-08-01
6173,6173,Wallet,Completed,2024-07-17
6174,6174,COD,Completed,2023-10-19
6175,6175,Wallet,Completed,2024-03-07
6176,6176,UPI,Completed,2024-06-09
6177,6177,UPI,Completed,2023-06-28
6178,6178,Debit Card,Completed,2024-03-14
6179,6179,COD,Completed,2023-05-21
6180,6180,UPI,Completed,2024-03-23
6181,6181,Wallet,Completed,2025-04-07
6182,6182,Credit Card,Completed,2024-10-29
6183,6183,COD,Completed,2023-03-04
6184,6184,Debit Card,Completed,2024-09-28
6185,6185,Net Banking,Completed,2023-09-14
6186,6186,Credit Card,Completed,2024-10-12
6187,6187,Wallet,Completed,2023-10-13
6188,6188,Debit Card,Completed,2023-02-26
6189,6189,UPI,Completed,2023-11-02
6190,6190,UPI,Completed,2023-05-04
6191,6191,Net Banking,Completed,2024-11-19
6192,6192,Wallet,Completed,2024-09-22
6193,6193,Debit Card,Completed,2025-02-14
6194,6194,Credit Card,Completed,2025-03-17
6195,6195,Debit Card,Completed,2025-01-19
6196,6196,UPI,Completed,2023-06-02
6197,6197,UPI,Completed,2024-12-21
6198,6198,UPI,Completed,2024-05-28
6199,6199,Debit Card,Completed,2024-02-22
6200,6200,Net Banking,Completed,2025-01-22
6201,6201,Net Banking,Completed,2024-07-23
6202,6202,UPI,Completed,2025-02-03
6203,6203,Net Banking,Completed,2024-02-13
6204,6204,Net Banking,Completed,2023-05-09
6205,6205,Wallet,Completed,2024-05-09
6206,6206,Wallet,Refunded,2024-08-15
6207,6207,Debit Card,Completed,2024-09-24
6208,6208,Wallet,Completed,2023-12-28
6209,6209,Credit Card,Completed,2024-09-20
6210,6210,Credit Card,Completed,2025-01-28
6211,6211,COD,Completed,2023-08-24
6212,6212,UPI,Completed,2023-04-17
6213,6213,Debit Card,Completed,2024-08-09
6214,6214,Debit Card,Completed,2025-01-01
6215,6215,COD,Completed,2023-05-25
6216,6216,COD,Completed,2023-02-25
6217,6217,Credit Card,Completed,2024-03-23
6218,6218,Debit Card,Completed,2025-01-10
6219,6219,Wallet,Completed,2023-12-11
6220,6220,Credit Card,Completed,2024-03-29
6221,6221,Credit Card,Completed,2023-10-01
6222,6222,COD,Completed,2025-06-07
6223,6223,Wallet,Refunded,2023-03-27
6224,6224,Wallet,Completed,2023-02-06
6225,6225,Credit Card,Completed,2025-04-18
6226,6226,Wallet,Completed,2024-05-29
6227,6227,COD,Completed,2023-06-08
6228,6228,Wallet,Completed,2024-06-23
6229,6229,Credit Card,Completed,2023-02-03
6230,6230,Net Banking,Completed,2024-07-03
6231,6231,Credit Card,Completed,2023-04-06
6232,6232,Credit Card,Completed,2023-09-17
6233,6233,Wallet,Completed,2024-10-12
6234,6234,COD,Refunded,2023-06-21
6235,6235,UPI,Completed,2023-04-05
6236,6236,Net Banking,Completed,2024-01-05
6237,6237,Debit Card,Completed,2024-06-21
6238,6238,COD,Completed,2024-10-29
6239,6239,Credit Card,Completed,2024-11-11
6240,6240,Credit Card,Completed,2025-06-13
6241,6241,COD,Completed,2023-01-30
6242,6242,COD,Completed,2025-05-30
6243,6243,Wallet,Refunded,2025-01-18
6244,6244,Wallet,Completed,2023-03-10
6245,6245,Net Banking,Completed,2024-02-07
6246,6246,COD,Completed,2025-02-21
6247,6247,Net Banking,Completed,2025-01-21
6248,6248,Credit Card,Completed,2025-01-02
6249,6249,Credit Card,Completed,2024-09-28
6250,6250,Net Banking,Completed,2023-05-19
6251,6251,UPI,Completed,2023-03-14
6252,6252,Debit Card,Completed,2024-11-18
6253,6253,UPI,Completed,2025-02-02
6254,6254,Credit Card,Completed,2024-05-21
6255,6255,Debit Card,Completed,2025-04-08
6256,6256,UPI,Completed,2023-12-14
6257,6257,Wallet,Completed,2024-02-15
6258,6258,Net Banking,Completed,2024-04-23
6259,6259,Debit Card,Completed,2024-03-07
6260,6260,Net Banking,Completed,2024-10-06
6261,6261,COD,Completed,2023-10-14
6262,6262,COD,Completed,2023-11-16
6263,6263,Wallet,Completed,2023-06-21
6264,6264,Credit Card,Completed,2023-08-01
6265,6265,Wallet,Completed,2023-08-11
6266,6266,Wallet,Completed,2025-03-13
6267,6267,Net Banking,Completed,2023-02-20
6268,6268,Debit Card,Completed,2023-02-07
6269,6269,Credit Card,Completed,2024-08-05
6270,6270,COD,Completed,2023-04-24
6271,6271,COD,Completed,2024-02-11
6272,6272,COD,Completed,2024-03-21
6273,6273,UPI,Completed,2024-12-22
6274,6274,COD,Completed,2025-05-04
6275,6275,COD,Completed,2023-04-10
6276,6276,COD,Completed,2024-01-30
6277,6277,Wallet,Completed,2025-03-16
6278,6278,Wallet,Completed,2024-01-28
6279,6279,Debit Card,Completed,2024-05-02
6280,6280,Wallet,Completed,2024-09-23
6281,6281,Net Banking,Completed,2023-12-01
6282,6282,Wallet,Completed,2025-04-09
6283,6283,Debit Card,Completed,2024-07-07
6284,6284,Net Banking,Completed,2025-01-05
6285,6285,Credit Card,Completed,2024-10-29
6286,6286,Wallet,Completed,2024-11-11
6287,6287,Debit Card,Completed,2024-08-14
6288,6288,Net Banking,Completed,2023-12-30
6289,6289,UPI,Completed,2023-09-26
6290,6290,Credit Card,Completed,2025-04-23
6291,6291,Net Banking,Completed,2025-03-02
6292,6292,Debit Card,Completed,2023-07-15
6293,6293,Credit Card,Refunded,2024-05-17
6294,6294,COD,Completed,2025-06-01
6295,6295,UPI,Completed,2023-01-31
6296,6296,Credit Card,Completed,2025-04-06
6297,6297,Wallet,Completed,2023-07-21
6298,6298,Wallet,Completed,2023-09-15
6299,6299,Net Banking,Completed,2025-03-17
6300,6300,Credit Card,Completed,2023-10-01
6301,6301,Wallet,Completed,2024-07-16
6302,6302,Debit Card,Completed,2025-01-31
6303,6303,Net Banking,Completed,2024-06-27
6304,6304,UPI,Completed,2023-09-20
6305,6305,Wallet,Completed,2024-12-10
6306,6306,UPI,Refunded,2023-04-30
6307,6307,Wallet,Completed,2023-03-29
6308,6308,Wallet,Completed,2024-04-17
6309,6309,COD,Completed,2024-01-18
6310,6310,Wallet,Completed,2024-03-01
6311,6311,Debit Card,Completed,2025-01-25
6312,6312,Net Banking,Completed,2023-07-11
6313,6313,Wallet,Completed,2023-12-24
6314,6314,Net Banking,Completed,2023-05-14
6315,6315,UPI,Completed,2023-08-24
6316,6316,Credit Card,Completed,2024-10-27
6317,6317,UPI,Refunded,2025-05-06
6318,6318,Wallet,Completed,2023-10-30
6319,6319,Credit Card,Completed,2024-12-17
6320,6320,Wallet,Completed,2024-07-10
6321,6321,Credit Card,Completed,2023-10-11
6322,6322,COD,Completed,2025-04-26
6323,6323,Credit Card,Completed,2024-01-25
6324,6324,Debit Card,Completed,2023-09-15
6325,6325,COD,Completed,2023-08-19
6326,6326,Net Banking,Completed,2024-02-07
6327,6327,Wallet,Completed,2024-03-05
6328,6328,Wallet,Completed,2024-11-30
6329,6329,Credit Card,Completed,2023-08-21
6330,6330,COD,Completed,2023-06-04
6331,6331,Debit Card,Refunded,2025-04-28
6332,6332,Net Banking,Completed,2023-04-16
6333,6333,COD,Completed,2024-03-03
6334,6334,Wallet,Completed,2024-02-08
6335,6335,Net Banking,Completed,2024-05-15
6336,6336,Wallet,Completed,2024-04-03
6337,6337,Wallet,Completed,2023-01-01
6338,6338,Wallet,Completed,2024-02-04
6339,6339,Net Banking,Completed,2024-08-17
6340,6340,Net Banking,Completed,2023-10-01
6341,6341,Wallet,Completed,2023-04-16
6342,6342,Credit Card,Completed,2025-03-12
6343,6343,UPI,Completed,2023-09-25
6344,6344,Credit Card,Completed,2024-05-18
6345,6345,COD,Completed,2025-03-03
6346,6346,Net Banking,Completed,2025-06-06
6347,6347,UPI,Refunded,2024-05-11
6348,6348,UPI,Completed,2025-03-02
6349,6349,Credit Card,Completed,2023-05-04
6350,6350,Credit Card,Completed,2024-05-20
6351,6351,UPI,Completed,2023-06-16
6352,6352,UPI,Refunded,2024-06-23
6353,6353,UPI,Completed,2023-12-13
6354,6354,COD,Completed,2024-03-15
6355,6355,UPI,Completed,2023-09-05
6356,6356,Debit Card,Completed,2024-01-20
6357,6357,Credit Card,Completed,2023-06-01
6358,6358,COD,Completed,2025-04-07
6359,6359,UPI,Completed,2024-06-02
6360,6360,Net Banking,Completed,2024-01-17
6361,6361,UPI,Completed,2024-02-12
6362,6362,Debit Card,Completed,2023-02-09
6363,6363,Wallet,Completed,2023-11-05
6364,6364,UPI,Completed,2024-12-12
6365,6365,COD,Completed,2023-08-15
6366,6366,UPI,Completed,2025-05-13
6367,6367,UPI,Completed,2023-03-19
6368,6368,Debit Card,Completed,2025-02-15
6369,6369,Wallet,Completed,2024-05-28
6370,6370,Credit Card,Completed,2023-02-18
6371,6371,COD,Completed,2025-05-25
6372,6372,Credit Card,Completed,2024-04-13
6373,6373,Debit Card,Completed,2023-01-06
6374,6374,Net Banking,Completed,2023-09-27
6375,6375,Credit Card,Completed,2023-12-30
6376,6376,Net Banking,Completed,2023-04-12
6377,6377,UPI,Completed,2025-03-02
6378,6378,Credit Card,Completed,2024-12-23
6379,6379,Wallet,Completed,2024-07-24
6380,6380,Wallet,Completed,2023-12-01
6381,6381,Net Banking,Completed,2023-11-08
6382,6382,Debit Card,Completed,2024-07-29
6383,6383,Wallet,Completed,2023-08-26
6384,6384,Credit Card,Completed,2023-06-28
6385,6385,Debit Card,Completed,2023-12-18
6386,6386,Net Banking,Completed,2023-10-28
6387,6387,Wallet,Completed,2024-07-14
6388,6388,Debit Card,Completed,2023-03-11
6389,6389,Debit Card,Completed,2025-06-10
6390,6390,Net Banking,Completed,2023-10-30
6391,6391,COD,Completed,2024-05-10
6392,6392,Net Banking,Completed,2024-10-27
6393,6393,Debit Card,Refunded,2025-05-15
6394,6394,COD,Completed,2023-07-13
6395,6395,Wallet,Completed,2024-12-25
6396,6396,Debit Card,Completed,2024-04-04
6397,6397,UPI,Completed,2023-04-06
6398,6398,Debit Card,Completed,2024-08-05
6399,6399,COD,Completed,2024-05-09
6400,6400,Net Banking,Completed,2024-07-23
6401,6401,Credit Card,Completed,2023-06-03
6402,6402,Net Banking,Completed,2024-10-27
6403,6403,Credit Card,Refunded,2023-11-18
6404,6404,Wallet,Completed,2024-08-10
6405,6405,Credit Card,Completed,2023-05-01
6406,6406,Net Banking,Completed,2023-01-21
6407,6407,COD,Completed,2023-10-23
6408,6408,Debit Card,Completed,2025-03-07
6409,6409,COD,Completed,2023-07-24
6410,6410,Credit Card,Completed,2023-07-26
6411,6411,Credit Card,Completed,2024-02-21
6412,6412,Credit Card,Completed,2023-04-03
6413,6413,Wallet,Completed,2024-04-05
6414,6414,Wallet,Completed,2025-06-14
6415,6415,Wallet,Completed,2023-05-19
6416,6416,COD,Completed,2024-05-06
6417,6417,COD,Completed,2024-11-13
6418,6418,Wallet,Completed,2024-11-21
6419,6419,UPI,Completed,2025-04-14
6420,6420,Net Banking,Completed,2025-04-08
6421,6421,UPI,Completed,2025-05-28
6422,6422,Net Banking,Completed,2024-10-11
6423,6423,Net Banking,Completed,2023-01-29
6424,6424,Wallet,Completed,2025-01-28
6425,6425,Wallet,Completed,2023-04-21
6426,6426,Net Banking,Completed,2025-05-11
6427,6427,COD,Completed,2025-04-07
6428,6428,COD,Completed,2024-03-20
6429,6429,UPI,Completed,2023-09-03
6430,6430,COD,Completed,2023-01-30
6431,6431,UPI,Completed,2023-02-26
6432,6432,Credit Card,Completed,2025-06-18
6433,6433,UPI,Completed,2023-01-06
6434,6434,UPI,Completed,2023-02-12
6435,6435,Net Banking,Completed,2025-04-24
6436,6436,Wallet,Completed,2024-07-18
6437,6437,Debit Card,Completed,2024-03-14
6438,6438,COD,Completed,2023-09-16
6439,6439,COD,Completed,2024-03-19
6440,6440,Wallet,Completed,2023-10-17
6441,6441,COD,Completed,2025-02-16
6442,6442,COD,Completed,2023-03-18
6443,6443,COD,Completed,2025-02-17
6444,6444,Debit Card,Completed,2024-01-19
6445,6445,Debit Card,Completed,2025-05-14
6446,6446,Wallet,Completed,2025-02-18
6447,6447,Credit Card,Completed,2023-10-20
6448,6448,Credit Card,Completed,2025-06-08
6449,6449,Debit Card,Completed,2025-04-10
6450,6450,Debit Card,Completed,2023-12-06
6451,6451,Wallet,Completed,2023-09-27
6452,6452,Debit Card,Completed,2024-01-01
6453,6453,COD,Completed,2023-05-20
6454,6454,Credit Card,Completed,2024-11-25
6455,6455,Debit Card,Completed,2023-11-05
6456,6456,Debit Card,Completed,2025-05-13
6457,6457,Wallet,Completed,2025-06-01
6458,6458,Net Banking,Completed,2024-01-29
6459,6459,Debit Card,Completed,2023-11-05
6460,6460,Credit Card,Completed,2024-12-14
6461,6461,Debit Card,Completed,2023-03-02
6462,6462,Net Banking,Completed,2024-01-07
6463,6463,COD,Completed,2023-10-27
6464,6464,Wallet,Completed,2024-04-29
6465,6465,Net Banking,Completed,2025-05-07
6466,6466,COD,Completed,2023-06-17
6467,6467,COD,Completed,2023-06-05
6468,6468,Debit Card,Completed,2025-05-15
6469,6469,COD,Completed,2024-08-17
6470,6470,Wallet,Completed,2024-02-05
6471,6471,Wallet,Completed,2023-08-19
6472,6472,Credit Card,Completed,2023-12-17
6473,6473,Net Banking,Completed,2023-03-06
6474,6474,Credit Card,Completed,2023-10-14
6475,6475,Net Banking,Completed,2024-05-13
6476,6476,Net Banking,Completed,2023-08-06
6477,6477,COD,Completed,2024-12-14
6478,6478,COD,Completed,2024-06-01
6479,6479,Debit Card,Completed,2024-06-11
6480,6480,Credit Card,Completed,2023-02-02
6481,6481,Credit Card,Completed,2023-12-05
6482,6482,Credit Card,Completed,2025-05-06
6483,6483,COD,Completed,2023-10-30
6484,6484,Credit Card,Completed,2025-04-21
6485,6485,COD,Completed,2023-04-06
6486,6486,Credit Card,Completed,2024-07-26
6487,6487,Debit Card,Completed,2023-06-10
6488,6488,Wallet,Completed,2024-06-29
6489,6489,COD,Completed,2023-02-06
6490,6490,UPI,Completed,2023-03-05
6491,6491,Net Banking,Completed,2023-02-11
6492,6492,Net Banking,Completed,2023-08-17
6493,6493,COD,Completed,2023-05-12
6494,6494,UPI,Completed,2023-12-10
6495,6495,UPI,Completed,2024-01-07
6496,6496,Debit Card,Completed,2023-05-11
6497,6497,COD,Completed,2024-03-07
6498,6498,Wallet,Completed,2023-12-08
6499,6499,Credit Card,Completed,2023-04-27
6500,6500,Wallet,Completed,2023-08-20
6501,6501,Net Banking,Completed,2024-08-16
6502,6502,Debit Card,Completed,2023-06-26
6503,6503,COD,Completed,2024-10-13
6504,6504,Net Banking,Completed,2025-01-12
6505,6505,COD,Refunded,2023-11-26
6506,6506,COD,Completed,2023-11-28
6507,6507,COD,Completed,2023-08-24
6508,6508,UPI,Completed,2025-05-12
6509,6509,Credit Card,Completed,2023-03-12
6510,6510,Debit Card,Completed,2024-01-09
6511,6511,Credit Card,Completed,2023-02-13
6512,6512,UPI,Completed,2024-04-20
6513,6513,COD,Completed,2025-01-08
6514,6514,Debit Card,Completed,2023-03-25
6515,6515,Debit Card,Completed,2024-03-05
6516,6516,Wallet,Completed,2025-01-18
6517,6517,Credit Card,Completed,2024-05-08
6518,6518,UPI,Completed,2024-11-16
6519,6519,Credit Card,Completed,2023-05-31
6520,6520,Debit Card,Completed,2023-12-09
6521,6521,Net Banking,Completed,2024-10-03
6522,6522,UPI,Completed,2023-06-25
6523,6523,Net Banking,Completed,2024-04-13
6524,6524,Credit Card,Completed,2023-11-04
6525,6525,Debit Card,Completed,2024-03-28
6526,6526,Wallet,Completed,2023-04-12
6527,6527,Wallet,Completed,2024-08-11
6528,6528,Credit Card,Completed,2024-09-11
6529,6529,Net Banking,Completed,2024-07-11
6530,6530,Debit Card,Completed,2025-04-19
6531,6531,Net Banking,Completed,2023-08-22
6532,6532,UPI,Completed,2024-02-05
6533,6533,COD,Refunded,2023-03-08
6534,6534,Wallet,Refunded,2023-06-22
6535,6535,COD,Completed,2024-08-18
6536,6536,Debit Card,Completed,2023-10-12
6537,6537,Net Banking,Completed,2023-03-15
6538,6538,COD,Completed,2023-05-04
6539,6539,COD,Completed,2023-07-30
6540,6540,UPI,Refunded,2023-01-06
6541,6541,Wallet,Completed,2025-06-13
6542,6542,Net Banking,Completed,2024-12-01
6543,6543,COD,Refunded,2025-04-06
6544,6544,UPI,Completed,2025-06-16
6545,6545,Wallet,Completed,2024-10-24
6546,6546,Net Banking,Completed,2024-04-22
6547,6547,Net Banking,Completed,2023-04-20
6548,6548,COD,Completed,2023-01-29
6549,6549,UPI,Completed,2023-03-10
6550,6550,Debit Card,Completed,2024-10-03
6551,6551,UPI,Completed,2024-10-06
6552,6552,UPI,Completed,2024-06-26
6553,6553,Net Banking,Completed,2023-07-01
6554,6554,Credit Card,Completed,2024-12-25
6555,6555,COD,Completed,2023-08-21
6556,6556,Net Banking,Completed,2024-09-16
6557,6557,Credit Card,Completed,2024-07-29
6558,6558,Credit Card,Completed,2025-05-10
6559,6559,Debit Card,Completed,2024-10-10
6560,6560,UPI,Completed,2023-12-26
6561,6561,UPI,Completed,2024-04-16
6562,6562,UPI,Completed,2024-05-11
6563,6563,Wallet,Completed,2023-02-04
6564,6564,Wallet,Completed,2024-07-31
6565,6565,UPI,Completed,2025-06-05
6566,6566,Net Banking,Completed,2024-08-06
6567,6567,Credit Card,Completed,2023-08-30
6568,6568,Credit Card,Completed,2025-03-07
6569,6569,Debit Card,Completed,2023-04-27
6570,6570,Net Banking,Completed,2023-11-02
6571,6571,Credit Card,Completed,2025-04-25
6572,6572,COD,Completed,2023-03-28
6573,6573,Debit Card,Completed,2024-02-29
6574,6574,Debit Card,Completed,2024-10-26
6575,6575,Net Banking,Completed,2024-01-17
6576,6576,Wallet,Completed,2023-03-12
6577,6577,UPI,Completed,2024-03-23
6578,6578,UPI,Completed,2025-01-10
6579,6579,COD,Completed,2025-04-15
6580,6580,Credit Card,Completed,2024-10-02
6581,6581,Wallet,Completed,2025-02-23
6582,6582,Credit Card,Completed,2023-08-14
6583,6583,Debit Card,Completed,2023-03-21
6584,6584,UPI,Completed,2024-06-02
6585,6585,Credit Card,Completed,2024-08-26
6586,6586,UPI,Completed,2024-04-21
6587,6587,Wallet,Completed,2023-10-21
6588,6588,Net Banking,Completed,2025-01-27
6589,6589,Debit Card,Completed,2024-03-28
6590,6590,UPI,Completed,2024-09-07
6591,6591,Net Banking,Completed,2023-08-12
6592,6592,COD,Completed,2024-06-16
6593,6593,UPI,Completed,2023-10-20
6594,6594,Net Banking,Completed,2023-11-18
6595,6595,Net Banking,Completed,2023-03-24
6596,6596,Debit Card,Completed,2024-11-26
6597,6597,Debit Card,Completed,2023-11-01
6598,6598,Debit Card,Completed,2024-04-19
6599,6599,UPI,Completed,2024-06-30
6600,6600,COD,Completed,2024-01-13
6601,6601,Net Banking,Completed,2023-11-27
6602,6602,Wallet,Completed,2024-07-17
6603,6603,COD,Completed,2025-01-11
6604,6604,Debit Card,Refunded,2023-06-11
6605,6605,Net Banking,Completed,2024-06-27
6606,6606,Debit Card,Completed,2023-04-19
6607,6607,Wallet,Completed,2023-03-01
6608,6608,Debit Card,Completed,2024-05-01
6609,6609,UPI,Refunded,2023-02-27
6610,6610,COD,Completed,2025-06-08
6611,6611,UPI,Completed,2024-08-15
6612,6612,UPI,Completed,2024-06-16
6613,6613,Wallet,Completed,2023-01-04
6614,6614,COD,Completed,2024-04-28
6615,6615,Credit Card,Completed,2025-05-25
6616,6616,Credit Card,Completed,2023-10-08
6617,6617,Credit Card,Completed,2024-09-16
6618,6618,COD,Completed,2025-06-01
6619,6619,Credit Card,Completed,2023-07-29
6620,6620,Debit Card,Completed,2024-06-13
6621,6621,Wallet,Completed,2023-12-06
6622,6622,Net Banking,Refunded,2024-04-21
6623,6623,Wallet,Completed,2023-11-14
6624,6624,UPI,Completed,2025-01-29
6625,6625,Debit Card,Refunded,2025-04-12
6626,6626,UPI,Completed,2023-02-12
6627,6627,Debit Card,Completed,2023-09-13
6628,6628,Debit Card,Completed,2024-03-31
6629,6629,Credit Card,Completed,2023-01-23
6630,6630,Net Banking,Completed,2023-06-17
6631,6631,Wallet,Completed,2023-02-16
6632,6632,UPI,Completed,2024-06-21
6633,6633,Debit Card,Completed,2023-07-09
6634,6634,Wallet,Completed,2023-11-15
6635,6635,COD,Completed,2024-12-26
6636,6636,Debit Card,Completed,2025-01-13
6637,6637,UPI,Completed,2023-04-18
6638,6638,Credit Card,Completed,2023-02-26
6639,6639,Credit Card,Completed,2023-08-18
6640,6640,COD,Completed,2024-07-17
6641,6641,Debit Card,Completed,2025-06-19
6642,6642,Net Banking,Refunded,2024-01-01
6643,6643,Debit Card,Completed,2024-07-30
6644,6644,Net Banking,Completed,2025-03-18
6645,6645,Net Banking,Completed,2023-11-09
6646,6646,COD,Completed,2023-07-10
6647,6647,Net Banking,Completed,2024-01-17
6648,6648,Net Banking,Refunded,2023-02-10
6649,6649,Credit Card,Completed,2024-06-14
6650,6650,Credit Card,Completed,2023-12-10
6651,6651,Net Banking,Completed,2023-07-27
6652,6652,Debit Card,Completed,2025-02-03
6653,6653,UPI,Completed,2024-12-10
6654,6654,Debit Card,Completed,2024-12-08
6655,6655,Debit Card,Completed,2025-02-10
6656,6656,Wallet,Completed,2024-01-28
6657,6657,Credit Card,Completed,2024-01-25
6658,6658,Debit Card,Completed,2023-08-31
6659,6659,Net Banking,Completed,2024-01-18
6660,6660,COD,Refunded,2023-02-13
6661,6661,Net Banking,Completed,2024-01-27
6662,6662,UPI,Completed,2024-02-10
6663,6663,Wallet,Completed,2023-05-21
6664,6664,Wallet,Completed,2024-11-04
6665,6665,Credit Card,Completed,2025-01-02
6666,6666,COD,Completed,2024-09-22
6667,6667,Wallet,Completed,2023-02-11
6668,6668,Credit Card,Completed,2024-07-01
6669,6669,Wallet,Completed,2023-05-16
6670,6670,UPI,Refunded,2024-02-15
6671,6671,COD,Completed,2024-08-16
6672,6672,UPI,Completed,2023-06-09
6673,6673,Wallet,Completed,2023-04-14
6674,6674,Credit Card,Completed,2025-03-01
6675,6675,COD,Completed,2025-03-12
6676,6676,Credit Card,Completed,2024-09-04
6677,6677,UPI,Completed,2024-12-08
6678,6678,UPI,Completed,2023-06-03
6679,6679,UPI,Completed,2025-02-18
6680,6680,Credit Card,Completed,2024-02-15
6681,6681,Credit Card,Completed,2023-04-24
6682,6682,Credit Card,Completed,2023-01-14
6683,6683,Net Banking,Completed,2023-02-11
6684,6684,Credit Card,Refunded,2023-12-18
6685,6685,COD,Completed,2023-10-23
6686,6686,UPI,Completed,2024-03-20
6687,6687,Debit Card,Completed,2025-01-16
6688,6688,Debit Card,Completed,2023-01-14
6689,6689,UPI,Completed,2023-03-26
6690,6690,Debit Card,Completed,2024-08-01
6691,6691,COD,Completed,2024-01-07
6692,6692,Debit Card,Completed,2024-05-17
6693,6693,UPI,Completed,2025-04-16
6694,6694,Wallet,Completed,2024-01-01
6695,6695,Net Banking,Completed,2023-02-26
6696,6696,Credit Card,Completed,2024-04-30
6697,6697,Wallet,Completed,2023-03-09
6698,6698,COD,Completed,2025-01-30
6699,6699,Net Banking,Completed,2024-08-07
6700,6700,Credit Card,Completed,2023-07-17
6701,6701,Wallet,Completed,2023-03-01
6702,6702,Net Banking,Completed,2025-03-26
6703,6703,COD,Completed,2024-11-17
6704,6704,Credit Card,Completed,2024-01-08
6705,6705,Debit Card,Completed,2023-10-26
6706,6706,UPI,Completed,2024-08-16
6707,6707,Credit Card,Completed,2023-12-15
6708,6708,Debit Card,Refunded,2024-12-01
6709,6709,COD,Completed,2024-11-12
6710,6710,Net Banking,Completed,2023-10-06
6711,6711,COD,Refunded,2025-05-20
6712,6712,Net Banking,Completed,2024-10-20
6713,6713,Wallet,Completed,2025-02-28
6714,6714,Debit Card,Completed,2023-05-13
6715,6715,Wallet,Completed,2023-04-24
6716,6716,Net Banking,Completed,2023-11-17
6717,6717,Net Banking,Refunded,2023-03-29
6718,6718,Wallet,Completed,2023-05-18
6719,6719,Wallet,Completed,2025-01-21
6720,6720,COD,Completed,2025-06-03
6721,6721,Wallet,Completed,2023-06-18
6722,6722,Wallet,Refunded,2024-08-20
6723,6723,Wallet,Completed,2024-03-18
6724,6724,Credit Card,Completed,2024-06-12
6725,6725,Debit Card,Completed,2024-02-16
6726,6726,Debit Card,Completed,2025-04-21
6727,6727,Net Banking,Completed,2024-12-16
6728,6728,Credit Card,Completed,2023-08-29
6729,6729,Debit Card,Completed,2025-02-25
6730,6730,Credit Card,Completed,2024-06-22
6731,6731,Wallet,Completed,2024-02-06
6732,6732,Net Banking,Completed,2024-02-24
6733,6733,Wallet,Completed,2025-05-24
6734,6734,COD,Completed,2024-01-17
6735,6735,Debit Card,Completed,2024-09-07
6736,6736,Debit Card,Completed,2023-06-27
6737,6737,Wallet,Completed,2024-05-26
6738,6738,Credit Card,Completed,2024-10-16
6739,6739,Credit Card,Completed,2024-11-27
6740,6740,UPI,Refunded,2023-01-20
6741,6741,Net Banking,Completed,2023-07-24
6742,6742,Wallet,Completed,2023-06-11
6743,6743,Wallet,Completed,2024-09-18
6744,6744,UPI,Completed,2023-03-21
6745,6745,Credit Card,Completed,2024-02-05
6746,6746,Debit Card,Refunded,2024-09-20
6747,6747,Credit Card,Completed,2023-06-05
6748,6748,Net Banking,Completed,2023-08-23
6749,6749,Credit Card,Completed,2024-10-24
6750,6750,Credit Card,Completed,2024-11-05
6751,6751,Debit Card,Completed,2024-12-23
6752,6752,COD,Completed,2024-11-24
6753,6753,Net Banking,Completed,2023-09-01
6754,6754,Wallet,Completed,2024-05-02
6755,6755,Credit Card,Completed,2023-02-08
6756,6756,Net Banking,Completed,2024-02-17
6757,6757,Credit Card,Completed,2024-05-03
6758,6758,COD,Completed,2025-03-20
6759,6759,Net Banking,Completed,2024-12-16
6760,6760,Wallet,Completed,2024-04-24
6761,6761,COD,Completed,2025-05-12
6762,6762,Debit Card,Completed,2023-10-30
6763,6763,Debit Card,Completed,2023-10-31
6764,6764,Credit Card,Completed,2024-01-23
6765,6765,Wallet,Completed,2025-05-05
6766,6766,Debit Card,Completed,2024-03-04
6767,6767,Net Banking,Completed,2025-05-31
6768,6768,Credit Card,Completed,2024-07-31
6769,6769,UPI,Completed,2023-01-26
6770,6770,UPI,Completed,2023-12-18
6771,6771,Debit Card,Completed,2024-07-26
6772,6772,Debit Card,Refunded,2023-10-05
6773,6773,COD,Completed,2025-04-07
6774,6774,Wallet,Completed,2025-02-12
6775,6775,Credit Card,Completed,2025-03-08
6776,6776,Debit Card,Completed,2024-05-31
6777,6777,Credit Card,Completed,2023-05-27
6778,6778,Wallet,Completed,2023-02-27
6779,6779,Net Banking,Completed,2024-03-24
6780,6780,Debit Card,Completed,2024-11-28
6781,6781,UPI,Refunded,2024-12-25
6782,6782,Net Banking,Completed,2023-06-16
6783,6783,Wallet,Completed,2024-02-25
6784,6784,Net Banking,Completed,2024-05-26
6785,6785,Debit Card,Completed,2025-02-17
6786,6786,Net Banking,Completed,2024-06-08
6787,6787,Debit Card,Completed,2023-06-07
6788,6788,Net Banking,Completed,2023-10-28
6789,6789,COD,Completed,2024-01-11
6790,6790,UPI,Completed,2024-04-24
6791,6791,Credit Card,Completed,2024-07-05
6792,6792,Debit Card,Completed,2024-08-16
6793,6793,Debit Card,Completed,2024-05-04
6794,6794,Net Banking,Completed,2024-03-01
6795,6795,Credit Card,Completed,2023-06-27
6796,6796,Credit Card,Completed,2025-06-19
6797,6797,Wallet,Completed,2023-01-03
6798,6798,Net Banking,Completed,2023-09-25
6799,6799,Net Banking,Completed,2024-03-25
6800,6800,Wallet,Completed,2023-08-24
6801,6801,Debit Card,Completed,2024-05-16
6802,6802,Wallet,Completed,2023-01-06
6803,6803,COD,Refunded,2023-06-13
6804,6804,UPI,Completed,2023-03-22
6805,6805,Wallet,Completed,2024-08-13
6806,6806,Wallet,Completed,2025-05-04
6807,6807,Net Banking,Completed,2023-06-09
6808,6808,Credit Card,Completed,2024-03-01
6809,6809,Credit Card,Completed,2024-12-02
6810,6810,UPI,Completed,2024-10-11
6811,6811,Wallet,Completed,2023-06-16
6812,6812,UPI,Completed,2024-06-16
6813,6813,COD,Completed,2024-07-02
6814,6814,Wallet,Completed,2025-02-14
6815,6815,Wallet,Completed,2024-07-08
6816,6816,Credit Card,Completed,2023-01-02
6817,6817,Net Banking,Completed,2024-04-02
6818,6818,Net Banking,Completed,2024-11-22
6819,6819,Net Banking,Completed,2024-05-09
6820,6820,Debit Card,Completed,2023-02-12
6821,6821,Net Banking,Completed,2025-05-12
6822,6822,Net Banking,Completed,2023-05-26
6823,6823,Debit Card,Completed,2024-04-21
6824,6824,Net Banking,Completed,2023-07-14
6825,6825,COD,Completed,2024-02-05
6826,6826,Credit Card,Refunded,2024-12-04
6827,6827,UPI,Completed,2024-06-03
6828,6828,Wallet,Completed,2025-05-10
6829,6829,Debit Card,Completed,2024-04-27
6830,6830,Credit Card,Completed,2024-01-26
6831,6831,UPI,Completed,2024-02-01
6832,6832,Credit Card,Completed,2023-10-25
6833,6833,Net Banking,Completed,2024-12-15
6834,6834,Credit Card,Completed,2023-08-03
6835,6835,UPI,Completed,2024-07-20
6836,6836,COD,Completed,2023-09-21
6837,6837,Credit Card,Completed,2024-03-31
6838,6838,COD,Completed,2024-06-23
6839,6839,UPI,Completed,2023-08-27
6840,6840,Wallet,Completed,2024-01-07
6841,6841,COD,Completed,2024-11-29
6842,6842,Credit Card,Completed,2025-03-24
6843,6843,Credit Card,Completed,2023-06-11
6844,6844,Credit Card,Completed,2024-01-05
6845,6845,Debit Card,Completed,2024-04-12
6846,6846,Net Banking,Completed,2025-06-05
6847,6847,Credit Card,Completed,2024-05-21
6848,6848,UPI,Completed,2023-01-22
6849,6849,COD,Completed,2024-10-13
6850,6850,Credit Card,Completed,2024-03-11
6851,6851,COD,Completed,2024-12-03
6852,6852,COD,Completed,2024-02-15
6853,6853,Wallet,Completed,2024-08-17
6854,6854,COD,Completed,2024-03-21
6855,6855,Net Banking,Completed,2024-07-22
6856,6856,UPI,Refunded,2023-07-27
6857,6857,Wallet,Refunded,2023-11-03
6858,6858,Debit Card,Completed,2023-02-08
6859,6859,COD,Completed,2023-10-22
6860,6860,UPI,Refunded,2023-12-04
6861,6861,Wallet,Completed,2023-03-05
6862,6862,UPI,Completed,2023-04-14
6863,6863,Credit Card,Completed,2023-10-02
6864,6864,COD,Completed,2024-05-22
6865,6865,Wallet,Completed,2024-08-18
6866,6866,UPI,Completed,2023-03-28
6867,6867,UPI,Completed,2025-04-24
6868,6868,Wallet,Completed,2023-07-20
6869,6869,Net Banking,Completed,2023-05-20
6870,6870,Wallet,Completed,2023-03-25
6871,6871,Debit Card,Completed,2023-10-30
6872,6872,UPI,Completed,2024-11-12
6873,6873,Wallet,Completed,2025-06-19
6874,6874,Net Banking,Completed,2023-02-10
6875,6875,Debit Card,Completed,2024-10-17
6876,6876,Credit Card,Refunded,2023-05-10
6877,6877,COD,Completed,2025-05-26
6878,6878,UPI,Completed,2023-05-12
6879,6879,Credit Card,Completed,2023-04-25
6880,6880,Debit Card,Completed,2024-07-11
6881,6881,Net Banking,Completed,2024-04-08
6882,6882,COD,Completed,2025-04-23
6883,6883,Net Banking,Completed,2024-05-12
6884,6884,Debit Card,Completed,2023-10-13
6885,6885,COD,Completed,2025-02-14
6886,6886,Net Banking,Refunded,2025-02-03
6887,6887,Credit Card,Completed,2024-09-16
6888,6888,Wallet,Completed,2024-09-30
6889,6889,Debit Card,Completed,2023-12-11
6890,6890,Debit Card,Completed,2024-01-28
6891,6891,COD,Completed,2025-05-03
6892,6892,Net Banking,Refunded,2025-03-14
6893,6893,UPI,Completed,2024-12-07
6894,6894,Net Banking,Completed,2024-05-30
6895,6895,Credit Card,Completed,2023-09-19
6896,6896,Credit Card,Completed,2025-01-21
6897,6897,Net Banking,Completed,2024-04-11
6898,6898,Net Banking,Completed,2024-03-18
6899,6899,Debit Card,Completed,2023-10-20
6900,6900,Credit Card,Completed,2023-04-07
6901,6901,Credit Card,Completed,2025-05-23
6902,6902,UPI,Completed,2023-12-16
6903,6903,Net Banking,Completed,2023-09-16
6904,6904,Debit Card,Completed,2024-07-16
6905,6905,Net Banking,Completed,2023-05-25
6906,6906,Debit Card,Completed,2025-02-27
6907,6907,Net Banking,Refunded,2023-09-11
6908,6908,Debit Card,Completed,2024-12-09
6909,6909,Wallet,Completed,2024-11-09
6910,6910,COD,Completed,2024-04-30
6911,6911,Net Banking,Completed,2023-08-24
6912,6912,Net Banking,Completed,2023-09-08
6913,6913,Credit Card,Completed,2024-05-02
6914,6914,Credit Card,Completed,2025-01-04
6915,6915,Debit Card,Completed,2024-11-19
6916,6916,Debit Card,Completed,2024-08-05
6917,6917,COD,Completed,2024-03-17
6918,6918,Credit Card,Refunded,2025-05-26
6919,6919,Debit Card,Completed,2023-03-25
6920,6920,Wallet,Completed,2023-10-23
6921,6921,Credit Card,Completed,2023-05-07
6922,6922,COD,Completed,2023-06-29
6923,6923,UPI,Completed,2024-09-15
6924,6924,COD,Completed,2023-02-09
6925,6925,COD,Completed,2023-08-03
6926,6926,Credit Card,Completed,2025-03-24
6927,6927,Wallet,Completed,2024-11-02
6928,6928,UPI,Completed,2023-08-11
6929,6929,Debit Card,Completed,2023-01-12
6930,6930,Debit Card,Completed,2023-12-09
6931,6931,COD,Completed,2024-02-11
6932,6932,Net Banking,Completed,2024-07-29
6933,6933,Net Banking,Completed,2025-01-15
6934,6934,COD,Completed,2024-08-23
6935,6935,Credit Card,Completed,2024-12-31
6936,6936,Credit Card,Completed,2025-04-10
6937,6937,Debit Card,Refunded,2025-01-29
6938,6938,Wallet,Completed,2025-01-31
6939,6939,COD,Completed,2025-02-26
6940,6940,UPI,Completed,2023-03-28
6941,6941,UPI,Completed,2024-09-05
6942,6942,Wallet,Completed,2024-09-05
6943,6943,COD,Completed,2024-09-17
6944,6944,Wallet,Completed,2023-09-14
6945,6945,Credit Card,Completed,2023-04-01
6946,6946,Net Banking,Completed,2023-08-21
6947,6947,COD,Completed,2023-04-20
6948,6948,Net Banking,Completed,2023-02-14
6949,6949,UPI,Refunded,2024-11-26
6950,6950,Net Banking,Refunded,2023-06-17
6951,6951,UPI,Completed,2023-04-03
6952,6952,UPI,Completed,2024-09-21
6953,6953,COD,Completed,2024-09-25
6954,6954,Wallet,Completed,2025-04-25
6955,6955,COD,Completed,2023-05-08
6956,6956,UPI,Completed,2024-08-25
6957,6957,Debit Card,Completed,2024-10-31
6958,6958,Wallet,Completed,2024-05-25
6959,6959,Debit Card,Completed,2024-11-12
6960,6960,Debit Card,Completed,2025-04-07
6961,6961,Net Banking,Completed,2023-04-16
6962,6962,UPI,Completed,2024-06-06
6963,6963,Debit Card,Completed,2024-09-18
6964,6964,COD,Completed,2023-10-09
6965,6965,Wallet,Completed,2023-06-09
6966,6966,Wallet,Completed,2025-05-23
6967,6967,Debit Card,Completed,2024-05-07
6968,6968,Net Banking,Completed,2025-04-16
6969,6969,UPI,Completed,2023-04-21
6970,6970,COD,Completed,2025-04-25
6971,6971,COD,Completed,2024-05-04
6972,6972,Debit Card,Completed,2024-02-24
6973,6973,Net Banking,Completed,2025-03-05
6974,6974,Wallet,Completed,2025-04-14
6975,6975,COD,Completed,2023-12-26
6976,6976,Credit Card,Completed,2023-01-13
6977,6977,Wallet,Refunded,2023-06-14
6978,6978,Debit Card,Completed,2025-05-18
6979,6979,Wallet,Completed,2023-01-17
6980,6980,Net Banking,Completed,2024-02-13
6981,6981,Wallet,Completed,2025-01-25
6982,6982,COD,Completed,2024-11-20
6983,6983,Credit Card,Completed,2023-08-29
6984,6984,Wallet,Completed,2023-08-10
6985,6985,Debit Card,Completed,2024-06-28
6986,6986,UPI,Completed,2024-09-01
6987,6987,UPI,Completed,2025-04-22
6988,6988,Net Banking,Completed,2023-02-11
6989,6989,Credit Card,Completed,2023-10-07
6990,6990,Net Banking,Completed,2023-01-20
6991,6991,Credit Card,Completed,2025-03-14
6992,6992,COD,Completed,2023-03-06
6993,6993,Debit Card,Completed,2024-05-07
6994,6994,Credit Card,Completed,2025-02-20
6995,6995,UPI,Completed,2023-11-26
6996,6996,Debit Card,Completed,2023-06-28
6997,6997,Credit Card,Completed,2024-04-03
6998,6998,Wallet,Completed,2023-05-01
6999,6999,Debit Card,Completed,2025-06-08
7000,7000,Net Banking,Completed,2024-10-14
7001,7001,Wallet,Refunded,2025-01-03
7002,7002,Wallet,Completed,2024-12-30
7003,7003,Debit Card,Completed,2023-02-13
7004,7004,UPI,Completed,2025-02-23
7005,7005,Credit Card,Completed,2024-01-30
7006,7006,Net Banking,Completed,2024-08-21
7007,7007,Debit Card,Completed,2025-04-28
7008,7008,UPI,Completed,2024-07-25
7009,7009,Wallet,Completed,2025-04-29
7010,7010,COD,Completed,2025-03-08
7011,7011,Credit Card,Completed,2023-04-05
7012,7012,Debit Card,Completed,2023-08-28
7013,7013,Wallet,Completed,2023-12-26
7014,7014,Credit Card,Completed,2023-11-01
7015,7015,Net Banking,Completed,2023-04-14
7016,7016,Wallet,Completed,2024-12-02
7017,7017,Credit Card,Completed,2023-04-08
7018,7018,Wallet,Completed,2025-05-29
7019,7019,Debit Card,Completed,2024-09-29
7020,7020,Credit Card,Completed,2025-03-18
7021,7021,Debit Card,Completed,2024-08-02
7022,7022,UPI,Completed,2024-04-04
7023,7023,UPI,Completed,2023-05-31
7024,7024,Credit Card,Completed,2025-05-06
7025,7025,Wallet,Completed,2025-02-08
7026,7026,COD,Completed,2024-11-25
7027,7027,Credit Card,Completed,2023-09-18
7028,7028,Net Banking,Completed,2025-05-19
7029,7029,Net Banking,Completed,2024-08-03
7030,7030,Debit Card,Completed,2024-01-17
7031,7031,Net Banking,Completed,2024-08-18
7032,7032,Wallet,Completed,2023-08-03
7033,7033,Credit Card,Completed,2023-10-06
7034,7034,Debit Card,Completed,2024-12-29
7035,7035,Debit Card,Completed,2024-11-04
7036,7036,Wallet,Completed,2025-03-18
7037,7037,COD,Completed,2024-02-16
7038,7038,Credit Card,Completed,2024-02-25
7039,7039,COD,Completed,2023-04-13
7040,7040,Credit Card,Completed,2023-02-10
7041,7041,UPI,Completed,2024-11-01
7042,7042,Debit Card,Completed,2023-02-19
7043,7043,Net Banking,Completed,2023-01-26
7044,7044,Debit Card,Completed,2024-07-31
7045,7045,COD,Completed,2024-04-13
7046,7046,Debit Card,Completed,2025-05-07
7047,7047,Debit Card,Completed,2023-10-12
7048,7048,Credit Card,Refunded,2024-02-28
7049,7049,Net Banking,Completed,2023-02-03
7050,7050,COD,Completed,2023-05-30
7051,7051,Net Banking,Completed,2025-04-05
7052,7052,Net Banking,Refunded,2024-08-30
7053,7053,Debit Card,Completed,2024-12-01
7054,7054,COD,Completed,2024-03-30
7055,7055,Wallet,Completed,2023-10-25
7056,7056,Credit Card,Completed,2023-01-02
7057,7057,Debit Card,Completed,2023-08-20
7058,7058,Net Banking,Completed,2023-08-07
7059,7059,UPI,Completed,2023-07-21
7060,7060,COD,Completed,2023-02-23
7061,7061,Credit Card,Completed,2024-08-24
7062,7062,Wallet,Completed,2024-10-09
7063,7063,Credit Card,Completed,2024-07-28
7064,7064,Credit Card,Completed,2023-01-09
7065,7065,Wallet,Completed,2024-07-12
7066,7066,Wallet,Completed,2023-09-28
7067,7067,Wallet,Completed,2024-08-26
7068,7068,COD,Completed,2023-01-06
7069,7069,UPI,Completed,2025-01-01
7070,7070,Net Banking,Completed,2024-03-03
7071,7071,UPI,Completed,2023-07-09
7072,7072,Credit Card,Completed,2023-04-07
7073,7073,COD,Completed,2023-08-22
7074,7074,COD,Completed,2023-04-02
7075,7075,UPI,Completed,2025-06-02
7076,7076,Credit Card,Completed,2024-10-30
7077,7077,Debit Card,Completed,2023-11-12
7078,7078,Debit Card,Completed,2023-10-05
7079,7079,Debit Card,Completed,2025-06-15
7080,7080,UPI,Completed,2024-01-08
7081,7081,COD,Completed,2023-09-14
7082,7082,Net Banking,Completed,2024-02-27
7083,7083,Net Banking,Completed,2023-11-29
7084,7084,UPI,Completed,2023-01-08
7085,7085,Debit Card,Completed,2024-06-23
7086,7086,Debit Card,Completed,2024-07-18
7087,7087,Credit Card,Completed,2024-02-29
7088,7088,UPI,Completed,2023-05-14
7089,7089,Net Banking,Completed,2023-01-25
7090,7090,Debit Card,Completed,2023-06-10
7091,7091,Wallet,Completed,2023-07-03
7092,7092,Credit Card,Completed,2024-02-12
7093,7093,Credit Card,Completed,2024-10-21
7094,7094,UPI,Completed,2024-11-08
7095,7095,Debit Card,Completed,2023-08-01
7096,7096,UPI,Completed,2024-09-11
7097,7097,UPI,Completed,2025-03-21
7098,7098,UPI,Completed,2025-05-15
7099,7099,Credit Card,Completed,2023-02-16
7100,7100,Net Banking,Completed,2023-06-07
7101,7101,Net Banking,Completed,2024-10-04
7102,7102,Wallet,Completed,2023-11-29
7103,7103,Debit Card,Completed,2024-11-22
7104,7104,UPI,Completed,2024-02-19
7105,7105,Debit Card,Completed,2024-04-14
7106,7106,Debit Card,Completed,2023-06-04
7107,7107,Credit Card,Completed,2023-09-01
7108,7108,Debit Card,Completed,2024-11-06
7109,7109,Net Banking,Completed,2023-05-12
7110,7110,Credit Card,Completed,2025-04-28
7111,7111,UPI,Completed,2023-03-16
7112,7112,Net Banking,Completed,2024-03-22
7113,7113,Wallet,Completed,2024-12-25
7114,7114,COD,Completed,2024-10-01
7115,7115,Debit Card,Completed,2023-08-01
7116,7116,Net Banking,Completed,2025-02-06
7117,7117,Credit Card,Refunded,2024-01-29
7118,7118,Net Banking,Completed,2024-09-06
7119,7119,Debit Card,Completed,2024-10-27
7120,7120,Wallet,Completed,2023-09-16
7121,7121,COD,Completed,2023-03-01
7122,7122,Credit Card,Completed,2024-02-21
7123,7123,Wallet,Completed,2024-12-04
7124,7124,UPI,Completed,2023-07-06
7125,7125,UPI,Completed,2024-07-22
7126,7126,Credit Card,Completed,2023-07-17
7127,7127,Net Banking,Completed,2023-07-30
7128,7128,Debit Card,Refunded,2024-04-29
7129,7129,Wallet,Completed,2023-04-29
7130,7130,Wallet,Completed,2023-03-11
7131,7131,Credit Card,Completed,2025-04-20
7132,7132,Credit Card,Completed,2024-04-29
7133,7133,Credit Card,Completed,2024-08-19
7134,7134,COD,Completed,2023-06-06
7135,7135,Credit Card,Completed,2024-09-17
7136,7136,Debit Card,Completed,2025-04-21
7137,7137,Credit Card,Completed,2025-05-27
7138,7138,Wallet,Completed,2025-05-18
7139,7139,UPI,Completed,2023-10-06
7140,7140,Credit Card,Completed,2024-04-26
7141,7141,Credit Card,Completed,2024-07-19
7142,7142,Credit Card,Completed,2024-09-12
7143,7143,UPI,Completed,2023-01-09
7144,7144,Debit Card,Completed,2024-07-13
7145,7145,Debit Card,Completed,2024-05-28
7146,7146,Wallet,Refunded,2023-11-16
7147,7147,Wallet,Completed,2024-12-29
7148,7148,Credit Card,Completed,2024-11-20
7149,7149,UPI,Completed,2025-02-08
7150,7150,Wallet,Completed,2024-06-04
7151,7151,Wallet,Completed,2023-07-23
7152,7152,Wallet,Completed,2024-12-12
7153,7153,UPI,Completed,2024-07-18
7154,7154,COD,Completed,2023-09-15
7155,7155,Credit Card,Completed,2024-03-17
7156,7156,Wallet,Completed,2024-04-04
7157,7157,COD,Completed,2025-01-08
7158,7158,UPI,Completed,2024-03-23
7159,7159,COD,Completed,2024-05-19
7160,7160,UPI,Completed,2023-12-13
7161,7161,Debit Card,Completed,2025-05-21
7162,7162,Debit Card,Completed,2023-07-31
7163,7163,Wallet,Completed,2023-11-09
7164,7164,Credit Card,Completed,2023-04-02
7165,7165,UPI,Completed,2023-06-18
7166,7166,Credit Card,Completed,2023-05-11
7167,7167,Credit Card,Completed,2023-01-24
7168,7168,UPI,Completed,2024-05-02
7169,7169,COD,Completed,2023-10-30
7170,7170,Credit Card,Completed,2023-11-23
7171,7171,Wallet,Completed,2024-11-09
7172,7172,COD,Completed,2023-05-01
7173,7173,UPI,Completed,2023-11-27
7174,7174,Net Banking,Refunded,2024-11-18
7175,7175,UPI,Completed,2024-02-09
7176,7176,Net Banking,Completed,2023-11-12
7177,7177,Debit Card,Completed,2025-03-04
7178,7178,COD,Completed,2024-10-18
7179,7179,Credit Card,Completed,2025-06-15
7180,7180,Net Banking,Completed,2023-11-24
7181,7181,Debit Card,Completed,2024-04-21
7182,7182,Credit Card,Completed,2024-01-22
7183,7183,Wallet,Completed,2023-03-25
7184,7184,Wallet,Completed,2025-04-02
7185,7185,Credit Card,Completed,2025-02-06
7186,7186,Net Banking,Completed,2023-11-28
7187,7187,Net Banking,Completed,2024-11-10
7188,7188,COD,Completed,2023-02-19
7189,7189,Wallet,Completed,2023-04-15
7190,7190,Credit Card,Refunded,2024-04-07
7191,7191,Net Banking,Completed,2024-05-11
7192,7192,Credit Card,Completed,2023-10-14
7193,7193,Credit Card,Completed,2024-05-27
7194,7194,COD,Completed,2023-01-24
7195,7195,UPI,Completed,2024-01-28
7196,7196,Net Banking,Completed,2025-03-18
7197,7197,Credit Card,Completed,2023-03-26
7198,7198,COD,Completed,2023-06-01
7199,7199,Debit Card,Completed,2023-06-28
7200,7200,Debit Card,Completed,2023-06-23
7201,7201,Wallet,Refunded,2025-01-26
7202,7202,Debit Card,Completed,2025-05-11
7203,7203,Credit Card,Completed,2024-07-26
7204,7204,Debit Card,Completed,2023-09-15
7205,7205,Debit Card,Completed,2024-03-08
7206,7206,Net Banking,Completed,2025-03-11
7207,7207,Wallet,Completed,2023-03-14
7208,7208,UPI,Completed,2025-04-18
7209,7209,UPI,Completed,2024-01-03
7210,7210,Net Banking,Completed,2025-01-23
7211,7211,COD,Completed,2024-04-12
7212,7212,COD,Completed,2024-06-03
7213,7213,Wallet,Completed,2024-10-13
7214,7214,Net Banking,Completed,2023-03-31
7215,7215,UPI,Completed,2024-05-06
7216,7216,Wallet,Completed,2023-04-27
7217,7217,UPI,Completed,2025-01-05
7218,7218,Wallet,Completed,2024-10-20
7219,7219,Net Banking,Completed,2024-11-16
7220,7220,COD,Completed,2024-08-28
7221,7221,Credit Card,Refunded,2023-02-16
7222,7222,COD,Completed,2023-08-12
7223,7223,COD,Completed,2025-05-08
7224,7224,Debit Card,Completed,2024-04-09
7225,7225,COD,Completed,2023-03-07
7226,7226,Debit Card,Completed,2023-07-29
7227,7227,Debit Card,Completed,2023-07-08
7228,7228,COD,Completed,2023-09-16
7229,7229,Wallet,Completed,2025-02-01
7230,7230,UPI,Completed,2023-05-03
7231,7231,COD,Completed,2023-03-03
7232,7232,COD,Completed,2025-02-23
7233,7233,Wallet,Completed,2023-06-04
7234,7234,Net Banking,Completed,2024-12-14
7235,7235,Wallet,Completed,2024-10-10
7236,7236,Net Banking,Completed,2024-10-16
7237,7237,Wallet,Completed,2024-01-14
7238,7238,Net Banking,Completed,2024-05-08
7239,7239,Credit Card,Completed,2024-12-23
7240,7240,Credit Card,Completed,2024-03-31
7241,7241,UPI,Completed,2023-09-24
7242,7242,UPI,Completed,2023-01-08
7243,7243,Net Banking,Refunded,2023-07-21
7244,7244,Wallet,Completed,2023-02-17
7245,7245,UPI,Completed,2024-01-27
7246,7246,Net Banking,Refunded,2024-09-04
7247,7247,Credit Card,Completed,2025-05-29
7248,7248,UPI,Completed,2023-06-27
7249,7249,UPI,Completed,2024-09-09
7250,7250,COD,Completed,2023-11-07
7251,7251,UPI,Completed,2024-11-02
7252,7252,Wallet,Completed,2023-07-05
7253,7253,Debit Card,Completed,2025-02-26
7254,7254,Debit Card,Completed,2024-03-20
7255,7255,Credit Card,Completed,2025-03-30
7256,7256,UPI,Completed,2023-04-11
7257,7257,Net Banking,Completed,2025-04-07
7258,7258,UPI,Completed,2025-03-28
7259,7259,Credit Card,Completed,2023-01-16
7260,7260,Debit Card,Completed,2023-06-09
7261,7261,Debit Card,Completed,2025-03-29
7262,7262,Wallet,Completed,2023-11-17
7263,7263,Net Banking,Completed,2023-05-19
7264,7264,COD,Completed,2024-06-28
7265,7265,Debit Card,Completed,2024-09-27
7266,7266,Wallet,Completed,2025-05-16
7267,7267,Net Banking,Completed,2023-07-13
7268,7268,COD,Completed,2023-09-30
7269,7269,Wallet,Completed,2023-02-01
7270,7270,Wallet,Completed,2023-04-21
7271,7271,Credit Card,Completed,2023-04-30
7272,7272,UPI,Completed,2024-03-18
7273,7273,Credit Card,Completed,2025-02-16
7274,7274,Wallet,Completed,2023-01-28
7275,7275,Wallet,Completed,2025-03-09
7276,7276,Credit Card,Completed,2024-03-01
7277,7277,Credit Card,Completed,2023-01-11
7278,7278,Debit Card,Completed,2024-09-11
7279,7279,Credit Card,Completed,2023-09-13
7280,7280,COD,Completed,2023-02-20
7281,7281,Debit Card,Completed,2023-09-04
7282,7282,Wallet,Completed,2023-01-18
7283,7283,COD,Refunded,2024-07-14
7284,7284,UPI,Completed,2023-12-22
7285,7285,UPI,Completed,2025-01-01
7286,7286,Net Banking,Refunded,2023-03-19
7287,7287,COD,Completed,2024-10-14
7288,7288,Net Banking,Completed,2024-02-12
7289,7289,Debit Card,Completed,2024-09-24
7290,7290,UPI,Completed,2023-03-31
7291,7291,UPI,Completed,2023-03-24
7292,7292,Wallet,Completed,2024-08-27
7293,7293,Net Banking,Completed,2023-04-24
7294,7294,Net Banking,Completed,2024-05-31
7295,7295,Credit Card,Completed,2025-06-19
7296,7296,COD,Completed,2023-02-24
7297,7297,Wallet,Completed,2023-03-22
7298,7298,Wallet,Completed,2024-03-18
7299,7299,Net Banking,Completed,2025-04-14
7300,7300,Net Banking,Completed,2024-01-18
7301,7301,Debit Card,Completed,2024-10-21
7302,7302,Credit Card,Completed,2023-09-05
7303,7303,Net Banking,Completed,2024-02-05
7304,7304,Net Banking,Completed,2024-08-27
7305,7305,Net Banking,Completed,2025-05-12
7306,7306,UPI,Completed,2024-08-08
7307,7307,COD,Completed,2023-07-18
7308,7308,Debit Card,Completed,2025-01-18
7309,7309,Wallet,Completed,2024-03-24
7310,7310,UPI,Completed,2023-07-27
7311,7311,Wallet,Completed,2025-05-15
7312,7312,Debit Card,Completed,2024-08-31
7313,7313,UPI,Completed,2025-04-11
7314,7314,UPI,Completed,2023-07-22
7315,7315,UPI,Completed,2024-10-17
7316,7316,Net Banking,Completed,2023-02-04
7317,7317,Wallet,Completed,2024-03-12
7318,7318,Credit Card,Completed,2023-06-25
7319,7319,Credit Card,Completed,2024-08-27
7320,7320,Credit Card,Completed,2023-04-19
7321,7321,Net Banking,Completed,2023-07-26
7322,7322,Debit Card,Completed,2023-10-14
7323,7323,Net Banking,Completed,2023-11-26
7324,7324,UPI,Completed,2023-01-13
7325,7325,Debit Card,Completed,2023-08-27
7326,7326,COD,Completed,2023-12-21
7327,7327,Net Banking,Completed,2025-01-04
7328,7328,COD,Completed,2024-05-13
7329,7329,Net Banking,Completed,2025-04-08
7330,7330,Credit Card,Completed,2025-02-20
7331,7331,UPI,Completed,2023-09-08
7332,7332,Net Banking,Completed,2025-04-01
7333,7333,Wallet,Completed,2023-10-30
7334,7334,Wallet,Completed,2023-09-19
7335,7335,Wallet,Completed,2025-01-13
7336,7336,UPI,Completed,2023-11-11
7337,7337,UPI,Completed,2024-08-01
7338,7338,UPI,Completed,2025-01-14
7339,7339,Debit Card,Completed,2024-11-02
7340,7340,Net Banking,Completed,2024-07-06
7341,7341,Wallet,Completed,2023-04-04
7342,7342,Debit Card,Completed,2023-05-19
7343,7343,Credit Card,Completed,2023-08-02
7344,7344,Net Banking,Completed,2024-11-16
7345,7345,UPI,Completed,2025-03-01
7346,7346,Credit Card,Completed,2023-03-10
7347,7347,Net Banking,Completed,2023-11-28
7348,7348,Net Banking,Completed,2024-04-19
7349,7349,Wallet,Completed,2025-05-04
7350,7350,Credit Card,Completed,2024-02-02
7351,7351,Credit Card,Completed,2025-03-24
7352,7352,Wallet,Refunded,2024-04-16
7353,7353,COD,Completed,2024-02-16
7354,7354,Credit Card,Completed,2024-01-02
7355,7355,Wallet,Completed,2024-11-08
7356,7356,Wallet,Completed,2023-04-03
7357,7357,COD,Completed,2025-03-24
7358,7358,Wallet,Completed,2023-06-09
7359,7359,Net Banking,Completed,2023-11-10
7360,7360,UPI,Completed,2025-04-20
7361,7361,COD,Completed,2023-08-18
7362,7362,COD,Completed,2023-03-19
7363,7363,Net Banking,Completed,2024-07-02
7364,7364,Debit Card,Completed,2023-01-30
7365,7365,Net Banking,Completed,2023-12-15
7366,7366,COD,Completed,2025-06-04
7367,7367,UPI,Completed,2024-05-03
7368,7368,Debit Card,Completed,2023-03-11
7369,7369,Wallet,Completed,2024-12-28
7370,7370,COD,Completed,2023-02-01
7371,7371,COD,Completed,2023-05-23
7372,7372,COD,Completed,2024-06-21
7373,7373,UPI,Completed,2024-03-05
7374,7374,Credit Card,Completed,2023-06-21
7375,7375,UPI,Completed,2024-08-14
7376,7376,Net Banking,Completed,2023-09-18
7377,7377,Net Banking,Completed,2024-04-14
7378,7378,Debit Card,Completed,2024-07-11
7379,7379,Debit Card,Completed,2025-05-18
7380,7380,Debit Card,Completed,2024-02-13
7381,7381,Wallet,Completed,2024-03-24
7382,7382,Debit Card,Completed,2024-06-22
7383,7383,Wallet,Completed,2023-07-31
7384,7384,Net Banking,Completed,2024-11-22
7385,7385,Net Banking,Completed,2025-01-04
7386,7386,Net Banking,Completed,2024-11-17
7387,7387,Wallet,Completed,2023-12-09
7388,7388,Wallet,Completed,2023-03-01
7389,7389,COD,Completed,2023-05-06
7390,7390,Credit Card,Refunded,2024-05-14
7391,7391,Wallet,Completed,2024-08-27
7392,7392,Wallet,Refunded,2024-08-03
7393,7393,Wallet,Completed,2023-10-15
7394,7394,COD,Completed,2023-10-29
7395,7395,Net Banking,Completed,2024-08-01
7396,7396,UPI,Completed,2024-11-13
7397,7397,Credit Card,Completed,2023-09-05
7398,7398,UPI,Completed,2023-03-17
7399,7399,UPI,Refunded,2025-03-05
7400,7400,Credit Card,Completed,2025-03-27
7401,7401,COD,Completed,2024-01-27
7402,7402,UPI,Completed,2023-06-15
7403,7403,Net Banking,Completed,2023-03-01
7404,7404,UPI,Completed,2024-07-15
7405,7405,Net Banking,Completed,2023-10-12
7406,7406,Debit Card,Completed,2023-06-28
7407,7407,UPI,Completed,2024-08-29
7408,7408,COD,Completed,2023-04-11
7409,7409,Credit Card,Completed,2024-07-06
7410,7410,Net Banking,Completed,2025-05-05
7411,7411,Credit Card,Completed,2023-06-17
7412,7412,Net Banking,Completed,2025-02-05
7413,7413,Credit Card,Completed,2023-01-31
7414,7414,Credit Card,Completed,2024-04-09
7415,7415,UPI,Completed,2024-05-16
7416,7416,Debit Card,Completed,2023-08-28
7417,7417,Wallet,Completed,2023-06-15
7418,7418,UPI,Completed,2024-10-01
7419,7419,UPI,Completed,2023-12-30
7420,7420,UPI,Completed,2024-06-07
7421,7421,Credit Card,Completed,2024-11-02
7422,7422,Credit Card,Completed,2025-05-13
7423,7423,Debit Card,Completed,2023-12-16
7424,7424,Debit Card,Completed,2024-06-18
7425,7425,UPI,Completed,2024-09-03
7426,7426,Net Banking,Completed,2025-01-02
7427,7427,COD,Completed,2024-05-13
7428,7428,Wallet,Completed,2023-08-16
7429,7429,Debit Card,Completed,2024-07-11
7430,7430,Credit Card,Completed,2025-05-07
7431,7431,Debit Card,Completed,2023-04-19
7432,7432,UPI,Completed,2024-06-21
7433,7433,Credit Card,Completed,2024-06-12
7434,7434,UPI,Completed,2025-01-31
7435,7435,Wallet,Completed,2023-04-27
7436,7436,Debit Card,Completed,2024-06-29
7437,7437,UPI,Completed,2024-04-06
7438,7438,Credit Card,Completed,2024-06-23
7439,7439,Debit Card,Completed,2023-11-09
7440,7440,UPI,Completed,2024-12-16
7441,7441,COD,Completed,2023-05-01
7442,7442,Debit Card,Completed,2024-05-22
7443,7443,UPI,Completed,2025-01-26
7444,7444,UPI,Completed,2024-10-01
7445,7445,Credit Card,Completed,2023-07-09
7446,7446,Credit Card,Completed,2023-03-04
7447,7447,Debit Card,Completed,2023-10-09
7448,7448,Credit Card,Completed,2025-05-03
7449,7449,Credit Card,Completed,2023-09-02
7450,7450,UPI,Completed,2024-10-14
7451,7451,Net Banking,Completed,2024-02-08
7452,7452,Debit Card,Completed,2024-05-21
7453,7453,Net Banking,Refunded,2024-02-24
7454,7454,Net Banking,Completed,2024-09-15
7455,7455,COD,Completed,2023-06-18
7456,7456,Debit Card,Completed,2023-06-23
7457,7457,Debit Card,Completed,2024-10-05
7458,7458,Credit Card,Completed,2023-06-01
7459,7459,Wallet,Completed,2024-04-30
7460,7460,UPI,Completed,2024-12-03
7461,7461,UPI,Completed,2023-02-11
7462,7462,Debit Card,Completed,2025-06-17
7463,7463,Net Banking,Completed,2024-06-20
7464,7464,Wallet,Completed,2024-01-21
7465,7465,Wallet,Completed,2024-09-26
7466,7466,COD,Completed,2024-12-25
7467,7467,Credit Card,Completed,2023-05-10
7468,7468,COD,Completed,2025-06-05
7469,7469,Credit Card,Completed,2024-07-29
7470,7470,UPI,Completed,2023-12-11
7471,7471,Wallet,Completed,2023-03-28
7472,7472,Credit Card,Completed,2023-04-09
7473,7473,Net Banking,Completed,2023-08-21
7474,7474,Net Banking,Completed,2025-06-02
7475,7475,COD,Completed,2023-05-18
7476,7476,Net Banking,Completed,2024-04-02
7477,7477,COD,Completed,2023-09-05
7478,7478,COD,Completed,2024-07-03
7479,7479,Wallet,Completed,2024-11-06
7480,7480,Credit Card,Completed,2023-09-07
7481,7481,Credit Card,Completed,2023-12-16
7482,7482,UPI,Completed,2024-12-16
7483,7483,Credit Card,Completed,2024-06-03
7484,7484,Net Banking,Completed,2025-03-01
7485,7485,Wallet,Completed,2023-08-14
7486,7486,Net Banking,Completed,2023-07-13
7487,7487,Wallet,Completed,2023-06-21
7488,7488,Net Banking,Refunded,2025-02-03
7489,7489,Wallet,Refunded,2023-09-22
7490,7490,UPI,Completed,2023-06-05
7491,7491,Debit Card,Completed,2024-08-03
7492,7492,Net Banking,Completed,2023-09-22
7493,7493,Net Banking,Completed,2024-11-26
7494,7494,UPI,Completed,2024-04-18
7495,7495,COD,Completed,2025-06-16
7496,7496,Wallet,Completed,2023-03-24
7497,7497,COD,Completed,2024-10-31
7498,7498,UPI,Completed,2024-04-19
7499,7499,Net Banking,Completed,2023-11-14
7500,7500,Credit Card,Completed,2023-08-12
7501,7501,Credit Card,Completed,2024-04-07
7502,7502,Net Banking,Completed,2023-05-12
7503,7503,UPI,Refunded,2024-08-31
7504,7504,Wallet,Completed,2023-05-06
7505,7505,Net Banking,Completed,2024-07-08
7506,7506,Debit Card,Completed,2024-06-05
7507,7507,Credit Card,Completed,2024-05-13
7508,7508,Debit Card,Completed,2023-04-09
7509,7509,Credit Card,Refunded,2024-12-01
7510,7510,UPI,Completed,2025-01-30
7511,7511,UPI,Completed,2024-08-17
7512,7512,Debit Card,Completed,2023-06-15
7513,7513,Credit Card,Completed,2025-02-21
7514,7514,UPI,Completed,2023-02-17
7515,7515,COD,Completed,2023-08-11
7516,7516,UPI,Refunded,2023-09-25
7517,7517,Debit Card,Completed,2024-01-01
7518,7518,COD,Completed,2024-09-30
7519,7519,UPI,Completed,2023-12-11
7520,7520,COD,Completed,2023-06-20
7521,7521,COD,Completed,2023-08-08
7522,7522,UPI,Completed,2023-01-02
7523,7523,Debit Card,Completed,2023-05-25
7524,7524,UPI,Completed,2025-03-07
7525,7525,UPI,Completed,2023-12-04
7526,7526,UPI,Completed,2024-09-28
7527,7527,Debit Card,Completed,2024-09-11
7528,7528,UPI,Completed,2023-10-25
7529,7529,COD,Completed,2025-05-29
7530,7530,UPI,Completed,2024-11-26
7531,7531,Net Banking,Completed,2025-02-05
7532,7532,Credit Card,Completed,2025-02-27
7533,7533,Net Banking,Completed,2024-08-02
7534,7534,UPI,Completed,2024-01-05
7535,7535,Debit Card,Refunded,2023-03-14
7536,7536,Credit Card,Completed,2025-04-29
7537,7537,Credit Card,Completed,2025-04-17
7538,7538,Credit Card,Completed,2025-05-07
7539,7539,Wallet,Completed,2023-07-15
7540,7540,Credit Card,Completed,2025-03-07
7541,7541,COD,Completed,2023-11-28
7542,7542,UPI,Completed,2024-10-15
7543,7543,Wallet,Completed,2024-09-30
7544,7544,UPI,Refunded,2023-08-28
7545,7545,Credit Card,Completed,2023-06-11
7546,7546,Net Banking,Completed,2024-06-06
7547,7547,Wallet,Completed,2023-05-06
7548,7548,Wallet,Completed,2024-08-09
7549,7549,Credit Card,Completed,2024-10-28
7550,7550,Credit Card,Completed,2023-01-23
7551,7551,Net Banking,Completed,2024-03-30
7552,7552,Wallet,Completed,2023-12-30
7553,7553,Credit Card,Completed,2024-10-29
7554,7554,Net Banking,Completed,2024-08-19
7555,7555,COD,Completed,2024-09-03
7556,7556,Net Banking,Completed,2024-09-18
7557,7557,Wallet,Completed,2023-06-27
7558,7558,Net Banking,Completed,2024-12-16
7559,7559,Wallet,Completed,2023-10-31
7560,7560,COD,Completed,2023-09-06
7561,7561,Net Banking,Completed,2024-09-24
7562,7562,Debit Card,Completed,2025-06-02
7563,7563,COD,Completed,2023-01-13
7564,7564,UPI,Completed,2023-12-12
7565,7565,UPI,Completed,2024-08-05
7566,7566,Credit Card,Completed,2024-09-29
7567,7567,COD,Completed,2023-04-19
7568,7568,UPI,Completed,2025-02-13
7569,7569,Net Banking,Completed,2023-07-04
7570,7570,Net Banking,Completed,2023-08-29
7571,7571,Credit Card,Completed,2024-06-26
7572,7572,UPI,Completed,2024-02-12
7573,7573,UPI,Completed,2024-01-22
7574,7574,Wallet,Completed,2025-03-10
7575,7575,UPI,Completed,2024-08-12
7576,7576,Credit Card,Completed,2023-05-04
7577,7577,Credit Card,Completed,2023-02-05
7578,7578,Credit Card,Completed,2025-02-19
7579,7579,Net Banking,Completed,2025-04-02
7580,7580,Wallet,Completed,2023-12-23
7581,7581,Wallet,Completed,2024-04-13
7582,7582,Debit Card,Completed,2023-03-20
7583,7583,UPI,Completed,2023-03-29
7584,7584,COD,Completed,2025-03-12
7585,7585,Debit Card,Completed,2024-02-21
7586,7586,Credit Card,Completed,2025-03-14
7587,7587,Wallet,Completed,2023-12-22
7588,7588,Debit Card,Completed,2024-08-03
7589,7589,Net Banking,Completed,2023-04-15
7590,7590,Wallet,Completed,2023-04-28
7591,7591,Net Banking,Completed,2024-06-02
7592,7592,Wallet,Completed,2023-06-23
7593,7593,Wallet,Completed,2024-09-12
7594,7594,Wallet,Completed,2025-01-31
7595,7595,COD,Completed,2024-04-05
7596,7596,UPI,Refunded,2023-08-15
7597,7597,Credit Card,Completed,2023-05-09
7598,7598,Debit Card,Completed,2024-04-17
7599,7599,Wallet,Completed,2025-05-22
7600,7600,Net Banking,Completed,2024-09-19
7601,7601,Credit Card,Completed,2024-02-08
7602,7602,Credit Card,Refunded,2023-01-16
7603,7603,COD,Completed,2023-11-09
7604,7604,Wallet,Completed,2023-11-14
7605,7605,Wallet,Completed,2025-06-18
7606,7606,UPI,Completed,2023-11-11
7607,7607,Debit Card,Completed,2023-04-25
7608,7608,Credit Card,Completed,2024-10-05
7609,7609,Debit Card,Completed,2025-02-07
7610,7610,Credit Card,Completed,2024-07-28
7611,7611,COD,Completed,2023-02-21
7612,7612,COD,Completed,2025-05-28
7613,7613,UPI,Completed,2023-02-25
7614,7614,Wallet,Completed,2023-09-22
7615,7615,Credit Card,Completed,2025-04-10
7616,7616,Net Banking,Completed,2023-09-17
7617,7617,Net Banking,Completed,2024-11-06
7618,7618,Wallet,Completed,2025-04-05
7619,7619,Wallet,Completed,2024-10-10
7620,7620,Credit Card,Completed,2024-05-24
7621,7621,Credit Card,Completed,2025-02-26
7622,7622,COD,Completed,2023-06-30
7623,7623,Credit Card,Completed,2023-05-30
7624,7624,Wallet,Completed,2023-08-02
7625,7625,Debit Card,Completed,2023-05-06
7626,7626,Debit Card,Completed,2025-05-12
7627,7627,COD,Refunded,2024-06-20
7628,7628,Debit Card,Completed,2023-03-23
7629,7629,Debit Card,Completed,2024-09-04
7630,7630,UPI,Completed,2023-04-21
7631,7631,COD,Completed,2024-01-01
7632,7632,Debit Card,Completed,2023-10-17
7633,7633,Net Banking,Completed,2023-07-24
7634,7634,UPI,Completed,2023-02-13
7635,7635,Net Banking,Completed,2024-10-30
7636,7636,UPI,Completed,2023-06-17
7637,7637,Credit Card,Completed,2023-12-05
7638,7638,Wallet,Completed,2024-03-26
7639,7639,Net Banking,Completed,2024-10-01
7640,7640,Credit Card,Completed,2023-03-02
7641,7641,Wallet,Completed,2024-06-09
7642,7642,Debit Card,Completed,2024-08-07
7643,7643,COD,Completed,2024-08-26
7644,7644,Debit Card,Completed,2024-03-16
7645,7645,UPI,Completed,2023-12-10
7646,7646,Credit Card,Completed,2025-04-16
7647,7647,Credit Card,Completed,2023-01-19
7648,7648,COD,Completed,2023-05-03
7649,7649,UPI,Completed,2023-01-23
7650,7650,Wallet,Completed,2024-11-14
7651,7651,Net Banking,Completed,2024-10-19
7652,7652,Credit Card,Completed,2023-12-25
7653,7653,Wallet,Completed,2025-04-10
7654,7654,Credit Card,Completed,2024-07-18
7655,7655,Net Banking,Completed,2023-02-16
7656,7656,Debit Card,Completed,2024-06-14
7657,7657,COD,Completed,2024-06-22
7658,7658,Credit Card,Completed,2023-01-24
7659,7659,Debit Card,Completed,2024-12-15
7660,7660,Debit Card,Completed,2023-10-06
7661,7661,UPI,Completed,2024-01-14
7662,7662,Wallet,Completed,2024-03-02
7663,7663,Net Banking,Completed,2024-05-09
7664,7664,Credit Card,Completed,2025-02-03
7665,7665,Net Banking,Completed,2023-02-02
7666,7666,UPI,Completed,2024-03-12
7667,7667,COD,Completed,2023-02-09
7668,7668,Debit Card,Completed,2025-05-29
7669,7669,Net Banking,Completed,2024-05-11
7670,7670,Net Banking,Completed,2025-01-23
7671,7671,Credit Card,Completed,2023-05-19
7672,7672,COD,Completed,2023-12-29
7673,7673,Credit Card,Completed,2025-03-12
7674,7674,Debit Card,Completed,2023-02-23
7675,7675,Wallet,Completed,2023-03-08
7676,7676,Net Banking,Completed,2023-04-03
7677,7677,UPI,Completed,2025-05-11
7678,7678,Wallet,Completed,2025-05-31
7679,7679,Wallet,Completed,2023-06-03
7680,7680,Wallet,Completed,2024-12-21
7681,7681,Debit Card,Completed,2024-08-15
7682,7682,Credit Card,Completed,2024-08-28
7683,7683,COD,Refunded,2024-08-06
7684,7684,Wallet,Completed,2025-02-15
7685,7685,Wallet,Completed,2024-07-02
7686,7686,COD,Completed,2024-07-04
7687,7687,COD,Completed,2023-03-09
7688,7688,COD,Completed,2024-05-10
7689,7689,Net Banking,Completed,2025-01-29
7690,7690,COD,Completed,2025-06-16
7691,7691,Net Banking,Completed,2023-01-02
7692,7692,Debit Card,Completed,2023-01-21
7693,7693,Debit Card,Completed,2023-11-02
7694,7694,UPI,Completed,2024-05-24
7695,7695,Net Banking,Completed,2025-02-13
7696,7696,COD,Completed,2023-03-08
7697,7697,Debit Card,Completed,2025-04-03
7698,7698,UPI,Completed,2024-02-01
7699,7699,UPI,Completed,2023-03-27
7700,7700,Credit Card,Completed,2025-02-28
7701,7701,UPI,Completed,2025-05-10
7702,7702,Credit Card,Completed,2023-05-06
7703,7703,UPI,Completed,2023-12-29
7704,7704,Wallet,Completed,2024-11-27
7705,7705,Net Banking,Completed,2025-03-17
7706,7706,Credit Card,Completed,2025-05-24
7707,7707,Debit Card,Completed,2024-11-08
7708,7708,Credit Card,Completed,2023-10-10
7709,7709,Wallet,Completed,2024-04-19
7710,7710,UPI,Completed,2024-07-03
7711,7711,Net Banking,Completed,2023-06-29
7712,7712,COD,Completed,2023-05-05
7713,7713,Debit Card,Completed,2024-08-05
7714,7714,Wallet,Completed,2024-06-14
7715,7715,Debit Card,Completed,2025-03-23
7716,7716,Wallet,Completed,2024-12-06
7717,7717,COD,Completed,2023-02-11
7718,7718,Wallet,Completed,2025-03-08
7719,7719,COD,Completed,2023-01-12
7720,7720,Credit Card,Completed,2023-12-13
7721,7721,Wallet,Completed,2023-08-10
7722,7722,Credit Card,Completed,2023-04-19
7723,7723,Debit Card,Completed,2024-08-17
7724,7724,Wallet,Completed,2024-06-21
7725,7725,Credit Card,Completed,2024-04-03
7726,7726,UPI,Completed,2023-02-18
7727,7727,UPI,Completed,2023-02-18
7728,7728,Net Banking,Completed,2024-07-06
7729,7729,Net Banking,Completed,2023-08-12
7730,7730,Net Banking,Completed,2024-11-30
7731,7731,Wallet,Completed,2025-01-06
7732,7732,Debit Card,Completed,2023-01-30
7733,7733,COD,Completed,2024-03-22
7734,7734,Wallet,Completed,2023-10-31
7735,7735,Debit Card,Completed,2023-09-14
7736,7736,UPI,Completed,2023-07-19
7737,7737,UPI,Completed,2023-08-14
7738,7738,Debit Card,Completed,2024-10-30
7739,7739,Debit Card,Completed,2023-10-23
7740,7740,Wallet,Completed,2023-03-25
7741,7741,COD,Completed,2025-01-01
7742,7742,COD,Completed,2024-06-08
7743,7743,COD,Completed,2024-04-23
7744,7744,Debit Card,Completed,2024-03-25
7745,7745,Debit Card,Completed,2023-06-15
7746,7746,Wallet,Completed,2023-09-23
7747,7747,Wallet,Completed,2025-06-05
7748,7748,Wallet,Completed,2023-09-06
7749,7749,COD,Completed,2023-07-19
7750,7750,COD,Completed,2024-07-17
7751,7751,UPI,Refunded,2025-05-22
7752,7752,Debit Card,Completed,2025-01-26
7753,7753,Credit Card,Completed,2024-10-30
7754,7754,COD,Completed,2023-05-09
7755,7755,Debit Card,Completed,2023-12-20
7756,7756,UPI,Completed,2023-10-07
7757,7757,Debit Card,Completed,2025-02-16
7758,7758,Net Banking,Refunded,2025-06-15
7759,7759,UPI,Completed,2023-01-29
7760,7760,Wallet,Completed,2024-12-26
7761,7761,Debit Card,Completed,2023-09-05
7762,7762,COD,Completed,2024-09-15
7763,7763,Net Banking,Completed,2024-04-23
7764,7764,Debit Card,Completed,2023-07-18
7765,7765,UPI,Completed,2024-06-06
7766,7766,UPI,Completed,2024-02-18
7767,7767,Debit Card,Completed,2023-06-01
7768,7768,UPI,Refunded,2024-05-26
7769,7769,Credit Card,Completed,2023-04-22
7770,7770,COD,Completed,2025-05-14
7771,7771,UPI,Completed,2023-08-03
7772,7772,COD,Completed,2023-10-18
7773,7773,Wallet,Completed,2024-01-02
7774,7774,Wallet,Completed,2024-11-02
7775,7775,UPI,Completed,2023-09-21
7776,7776,Net Banking,Completed,2023-06-23
7777,7777,COD,Completed,2024-02-12
7778,7778,Debit Card,Completed,2025-02-23
7779,7779,COD,Completed,2023-11-14
7780,7780,UPI,Completed,2025-01-10
7781,7781,Net Banking,Completed,2023-11-23
7782,7782,Wallet,Completed,2024-03-03
7783,7783,Credit Card,Completed,2023-07-11
7784,7784,Net Banking,Completed,2024-03-14
7785,7785,UPI,Completed,2025-02-19
7786,7786,COD,Completed,2023-03-04
7787,7787,COD,Completed,2024-03-01
7788,7788,COD,Completed,2023-07-01
7789,7789,COD,Completed,2025-03-19
7790,7790,COD,Completed,2025-03-06
7791,7791,Debit Card,Completed,2025-04-03
7792,7792,Net Banking,Completed,2025-01-24
7793,7793,COD,Completed,2023-08-27
7794,7794,Debit Card,Completed,2025-06-13
7795,7795,Net Banking,Completed,2023-12-27
7796,7796,Debit Card,Completed,2023-10-27
7797,7797,COD,Completed,2023-12-01
7798,7798,COD,Completed,2024-03-15
7799,7799,COD,Completed,2024-04-11
7800,7800,Debit Card,Completed,2025-05-02
7801,7801,Debit Card,Completed,2023-08-05
7802,7802,Net Banking,Completed,2024-04-11
7803,7803,Wallet,Completed,2023-05-14
7804,7804,Debit Card,Completed,2024-11-15
7805,7805,Net Banking,Completed,2024-10-19
7806,7806,COD,Completed,2023-08-21
7807,7807,Wallet,Completed,2023-05-10
7808,7808,UPI,Completed,2025-05-08
7809,7809,UPI,Completed,2023-07-30
7810,7810,Wallet,Completed,2023-07-22
7811,7811,Credit Card,Completed,2025-05-20
7812,7812,UPI,Completed,2023-06-26
7813,7813,Wallet,Completed,2023-05-02
7814,7814,COD,Completed,2024-01-06
7815,7815,Net Banking,Completed,2025-06-07
7816,7816,Wallet,Completed,2023-01-12
7817,7817,Net Banking,Completed,2024-08-05
7818,7818,UPI,Refunded,2023-05-13
7819,7819,Debit Card,Completed,2023-08-11
7820,7820,Net Banking,Completed,2024-01-21
7821,7821,COD,Completed,2023-04-24
7822,7822,Debit Card,Completed,2024-05-11
7823,7823,UPI,Completed,2025-02-18
7824,7824,COD,Completed,2024-04-22
7825,7825,COD,Completed,2025-02-10
7826,7826,Credit Card,Completed,2023-08-03
7827,7827,UPI,Completed,2024-01-14
7828,7828,Debit Card,Completed,2023-11-22
7829,7829,COD,Completed,2025-05-14
7830,7830,Net Banking,Completed,2025-03-05
7831,7831,Wallet,Completed,2024-03-13
7832,7832,Credit Card,Completed,2023-05-02
7833,7833,COD,Completed,2024-05-27
7834,7834,UPI,Completed,2023-04-20
7835,7835,Net Banking,Completed,2023-08-22
7836,7836,Net Banking,Completed,2024-11-25
7837,7837,Credit Card,Completed,2023-02-06
7838,7838,COD,Completed,2024-02-09
7839,7839,Wallet,Completed,2023-10-05
7840,7840,UPI,Completed,2025-04-03
7841,7841,Net Banking,Completed,2025-04-10
7842,7842,Wallet,Completed,2023-04-15
7843,7843,COD,Completed,2023-04-19
7844,7844,Debit Card,Completed,2024-05-08
7845,7845,Credit Card,Completed,2023-01-10
7846,7846,UPI,Completed,2025-06-01
7847,7847,Wallet,Completed,2025-01-29
7848,7848,Wallet,Completed,2023-06-18
7849,7849,Credit Card,Completed,2023-10-10
7850,7850,Wallet,Completed,2023-10-09
7851,7851,UPI,Refunded,2025-04-28
7852,7852,UPI,Completed,2024-01-20
7853,7853,Net Banking,Completed,2025-01-18
7854,7854,Wallet,Completed,2023-05-07
7855,7855,Net Banking,Completed,2023-04-10
7856,7856,UPI,Completed,2024-07-30
7857,7857,Wallet,Completed,2025-02-12
7858,7858,Net Banking,Completed,2024-03-26
7859,7859,Credit Card,Completed,2023-11-11
7860,7860,COD,Completed,2025-05-22
7861,7861,Debit Card,Refunded,2024-03-29
7862,7862,UPI,Completed,2023-10-08
7863,7863,Net Banking,Completed,2024-12-28
7864,7864,COD,Completed,2025-04-05
7865,7865,Credit Card,Completed,2023-07-05
7866,7866,Net Banking,Completed,2023-04-05
7867,7867,Wallet,Refunded,2024-01-09
7868,7868,Net Banking,Completed,2025-01-15
7869,7869,COD,Completed,2024-01-10
7870,7870,COD,Completed,2024-05-07
7871,7871,Debit Card,Completed,2024-09-03
7872,7872,Wallet,Completed,2023-09-02
7873,7873,Net Banking,Completed,2023-09-20
7874,7874,Credit Card,Completed,2025-06-17
7875,7875,Wallet,Completed,2023-04-04
7876,7876,Debit Card,Completed,2023-09-14
7877,7877,Wallet,Completed,2024-05-08
7878,7878,UPI,Refunded,2024-07-12
7879,7879,COD,Completed,2025-05-16
7880,7880,Net Banking,Completed,2023-05-14
7881,7881,Credit Card,Completed,2024-07-18
7882,7882,Debit Card,Completed,2024-07-20
7883,7883,Credit Card,Completed,2023-07-13
7884,7884,Wallet,Refunded,2023-08-04
7885,7885,Net Banking,Completed,2024-08-14
7886,7886,Net Banking,Completed,2025-02-02
7887,7887,Net Banking,Refunded,2023-03-28
7888,7888,Net Banking,Completed,2023-04-24
7889,7889,Credit Card,Completed,2024-07-20
7890,7890,Credit Card,Completed,2024-02-25
7891,7891,Wallet,Completed,2023-05-26
7892,7892,Wallet,Completed,2023-12-23
7893,7893,Net Banking,Completed,2024-01-15
7894,7894,COD,Completed,2024-05-28
7895,7895,Debit Card,Completed,2023-01-02
7896,7896,UPI,Completed,2023-07-15
7897,7897,Net Banking,Completed,2025-03-09
7898,7898,COD,Completed,2024-10-22
7899,7899,Net Banking,Refunded,2024-02-09
7900,7900,COD,Completed,2024-04-19
7901,7901,UPI,Completed,2025-06-05
7902,7902,COD,Completed,2023-02-27
7903,7903,Wallet,Completed,2023-02-21
7904,7904,Net Banking,Completed,2023-06-03
7905,7905,COD,Completed,2025-01-28
7906,7906,COD,Completed,2024-06-22
7907,7907,COD,Completed,2024-10-25
7908,7908,Wallet,Completed,2023-06-03
7909,7909,Debit Card,Completed,2024-10-18
7910,7910,COD,Completed,2024-07-12
7911,7911,UPI,Completed,2024-04-25
7912,7912,Net Banking,Completed,2024-03-24
7913,7913,Wallet,Completed,2023-11-01
7914,7914,Net Banking,Completed,2023-07-13
7915,7915,Credit Card,Completed,2025-05-26
7916,7916,Debit Card,Completed,2023-07-15
7917,7917,Debit Card,Completed,2023-11-26
7918,7918,UPI,Completed,2024-03-15
7919,7919,Wallet,Refunded,2024-04-04
7920,7920,Net Banking,Completed,2024-08-03
7921,7921,Credit Card,Completed,2025-05-06
7922,7922,Credit Card,Completed,2023-04-19
7923,7923,Credit Card,Completed,2023-06-29
7924,7924,Debit Card,Completed,2024-09-14
7925,7925,Debit Card,Completed,2023-07-02
7926,7926,Debit Card,Completed,2023-12-07
7927,7927,Debit Card,Completed,2023-12-25
7928,7928,COD,Completed,2024-05-03
7929,7929,Wallet,Completed,2023-10-16
7930,7930,COD,Completed,2024-08-06
7931,7931,COD,Completed,2025-04-26
7932,7932,Credit Card,Completed,2025-02-20
7933,7933,Wallet,Completed,2023-06-05
7934,7934,Wallet,Completed,2023-10-24
7935,7935,Net Banking,Completed,2025-02-24
7936,7936,Credit Card,Completed,2023-01-05
7937,7937,UPI,Completed,2023-06-25
7938,7938,UPI,Completed,2023-05-28
7939,7939,Wallet,Refunded,2024-12-28
7940,7940,Net Banking,Completed,2025-06-02
7941,7941,UPI,Completed,2023-12-04
7942,7942,Credit Card,Completed,2024-09-05
7943,7943,Wallet,Completed,2024-04-22
7944,7944,Credit Card,Refunded,2024-11-06
7945,7945,COD,Completed,2024-11-30
7946,7946,Wallet,Completed,2024-05-21
7947,7947,COD,Completed,2023-02-23
7948,7948,UPI,Completed,2023-09-04
7949,7949,UPI,Completed,2023-07-08
7950,7950,COD,Completed,2024-04-20
7951,7951,Net Banking,Completed,2023-08-03
7952,7952,COD,Completed,2025-03-25
7953,7953,UPI,Completed,2023-10-21
7954,7954,UPI,Completed,2024-11-21
7955,7955,Debit Card,Completed,2023-12-23
7956,7956,Debit Card,Completed,2025-01-12
7957,7957,UPI,Completed,2023-05-29
7958,7958,COD,Completed,2023-03-17
7959,7959,Wallet,Completed,2023-11-27
7960,7960,Credit Card,Completed,2025-04-03
7961,7961,Credit Card,Completed,2024-11-27
7962,7962,Debit Card,Completed,2024-10-21
7963,7963,UPI,Completed,2024-03-30
7964,7964,Net Banking,Completed,2023-10-16
7965,7965,Net Banking,Completed,2024-05-23
7966,7966,COD,Completed,2024-12-30
7967,7967,Credit Card,Completed,2024-09-20
7968,7968,Net Banking,Completed,2023-07-20
7969,7969,COD,Completed,2023-10-11
7970,7970,UPI,Refunded,2024-11-16
7971,7971,Debit Card,Completed,2025-04-09
7972,7972,Wallet,Completed,2024-09-08
7973,7973,UPI,Completed,2025-05-15
7974,7974,UPI,Completed,2023-10-04
7975,7975,Wallet,Completed,2024-04-14
7976,7976,UPI,Completed,2024-08-22
7977,7977,COD,Completed,2024-07-27
7978,7978,Wallet,Completed,2024-09-16
7979,7979,Wallet,Completed,2025-01-30
7980,7980,COD,Completed,2023-07-31
7981,7981,Credit Card,Completed,2023-04-21
7982,7982,Debit Card,Completed,2023-01-27
7983,7983,UPI,Completed,2025-01-25
7984,7984,Wallet,Completed,2025-04-05
7985,7985,Net Banking,Completed,2024-05-08
7986,7986,COD,Completed,2023-04-10
7987,7987,UPI,Completed,2024-09-18
7988,7988,Credit Card,Completed,2024-11-28
7989,7989,UPI,Completed,2024-10-14
7990,7990,Wallet,Completed,2023-01-27
7991,7991,UPI,Completed,2024-02-06
7992,7992,Wallet,Completed,2025-01-11
7993,7993,COD,Completed,2023-07-15
7994,7994,Net Banking,Completed,2023-12-01
7995,7995,COD,Refunded,2024-01-17
7996,7996,Net Banking,Completed,2023-09-09
7997,7997,UPI,Completed,2025-02-15
7998,7998,COD,Completed,2024-11-11
7999,7999,Credit Card,Completed,2024-12-29
8000,8000,Wallet,Completed,2024-01-05
8001,8001,COD,Completed,2025-01-04
8002,8002,Debit Card,Completed,2023-06-16
8003,8003,Net Banking,Completed,2023-04-04
8004,8004,COD,Completed,2025-02-26
8005,8005,UPI,Completed,2023-03-23
8006,8006,COD,Completed,2023-12-17
8007,8007,COD,Completed,2023-06-17
8008,8008,Debit Card,Completed,2025-03-18
8009,8009,UPI,Completed,2023-03-31
8010,8010,COD,Completed,2023-07-02
8011,8011,Debit Card,Completed,2025-02-22
8012,8012,COD,Completed,2025-01-06
8013,8013,Debit Card,Completed,2024-02-16
8014,8014,UPI,Completed,2024-06-19
8015,8015,UPI,Completed,2025-06-07
8016,8016,Debit Card,Completed,2023-05-21
8017,8017,Wallet,Completed,2024-08-16
8018,8018,UPI,Completed,2023-09-23
8019,8019,Net Banking,Completed,2023-03-23
8020,8020,UPI,Completed,2024-01-02
8021,8021,UPI,Refunded,2024-05-23
8022,8022,Net Banking,Completed,2023-12-24
8023,8023,UPI,Completed,2023-05-20
8024,8024,COD,Completed,2024-06-19
8025,8025,Debit Card,Refunded,2023-03-28
8026,8026,Wallet,Completed,2023-12-07
8027,8027,Debit Card,Refunded,2023-10-04
8028,8028,Credit Card,Completed,2025-02-26
8029,8029,Wallet,Completed,2023-07-11
8030,8030,COD,Completed,2023-03-31
8031,8031,UPI,Completed,2024-09-03
8032,8032,Debit Card,Completed,2023-05-19
8033,8033,UPI,Completed,2025-04-18
8034,8034,Net Banking,Completed,2023-01-13
8035,8035,UPI,Completed,2025-06-13
8036,8036,Debit Card,Completed,2023-09-06
8037,8037,Credit Card,Completed,2023-11-21
8038,8038,Credit Card,Completed,2023-04-04
8039,8039,Credit Card,Completed,2024-09-25
8040,8040,UPI,Completed,2023-03-31
8041,8041,Debit Card,Completed,2023-04-29
8042,8042,Debit Card,Completed,2024-07-07
8043,8043,Credit Card,Completed,2024-01-04
8044,8044,COD,Completed,2023-12-05
8045,8045,UPI,Completed,2023-08-02
8046,8046,COD,Completed,2023-06-29
8047,8047,COD,Completed,2023-12-14
8048,8048,Wallet,Completed,2024-06-01
8049,8049,Credit Card,Completed,2025-06-16
8050,8050,Debit Card,Completed,2024-06-21
8051,8051,Wallet,Completed,2023-09-26
8052,8052,Debit Card,Completed,2024-08-05
8053,8053,Wallet,Completed,2023-10-14
8054,8054,UPI,Completed,2023-03-20
8055,8055,UPI,Completed,2023-05-24
8056,8056,COD,Completed,2023-12-12
8057,8057,Wallet,Completed,2024-04-24
8058,8058,Debit Card,Completed,2024-12-24
8059,8059,COD,Completed,2024-06-01
8060,8060,COD,Completed,2023-05-06
8061,8061,Net Banking,Refunded,2025-05-15
8062,8062,UPI,Completed,2025-02-22
8063,8063,Debit Card,Completed,2024-08-06
8064,8064,Net Banking,Completed,2023-07-04
8065,8065,Debit Card,Completed,2023-03-24
8066,8066,Credit Card,Completed,2024-08-16
8067,8067,Debit Card,Completed,2023-06-16
8068,8068,Wallet,Completed,2023-06-16
8069,8069,Wallet,Completed,2025-04-21
8070,8070,COD,Completed,2023-09-25
8071,8071,UPI,Completed,2024-03-24
8072,8072,Wallet,Completed,2024-12-15
8073,8073,Net Banking,Completed,2025-04-14
8074,8074,Wallet,Completed,2025-02-11
8075,8075,COD,Completed,2023-06-19
8076,8076,Wallet,Completed,2023-03-08
8077,8077,UPI,Completed,2025-05-29
8078,8078,Wallet,Completed,2023-03-21
8079,8079,Wallet,Completed,2023-01-11
8080,8080,Wallet,Completed,2024-03-15
8081,8081,Wallet,Completed,2024-12-27
8082,8082,Debit Card,Completed,2024-05-26
8083,8083,Credit Card,Completed,2024-04-02
8084,8084,Wallet,Completed,2024-01-21
8085,8085,COD,Completed,2023-05-05
8086,8086,Net Banking,Completed,2023-08-15
8087,8087,COD,Completed,2023-11-16
8088,8088,Net Banking,Completed,2024-09-15
8089,8089,Credit Card,Completed,2024-05-27
8090,8090,Debit Card,Completed,2023-04-10
8091,8091,Credit Card,Completed,2023-07-17
8092,8092,Debit Card,Completed,2024-05-01
8093,8093,COD,Completed,2023-01-26
8094,8094,Credit Card,Refunded,2025-01-02
8095,8095,Wallet,Completed,2025-03-10
8096,8096,Wallet,Completed,2023-12-26
8097,8097,Net Banking,Completed,2023-02-05
8098,8098,COD,Refunded,2024-06-28
8099,8099,Wallet,Completed,2024-11-24
8100,8100,UPI,Completed,2023-09-23
8101,8101,Debit Card,Completed,2024-10-31
8102,8102,Wallet,Completed,2023-10-31
8103,8103,COD,Completed,2024-10-22
8104,8104,Debit Card,Completed,2023-02-25
8105,8105,UPI,Completed,2023-01-15
8106,8106,UPI,Completed,2024-07-13
8107,8107,UPI,Completed,2024-03-15
8108,8108,UPI,Completed,2024-08-30
8109,8109,Debit Card,Completed,2023-08-28
8110,8110,Debit Card,Completed,2023-02-05
8111,8111,UPI,Completed,2023-12-16
8112,8112,Credit Card,Refunded,2023-04-23
8113,8113,COD,Completed,2024-05-22
8114,8114,Credit Card,Refunded,2024-07-17
8115,8115,Wallet,Completed,2024-06-16
8116,8116,Debit Card,Completed,2023-09-25
8117,8117,Wallet,Completed,2025-05-02
8118,8118,Credit Card,Completed,2024-09-03
8119,8119,COD,Completed,2023-03-07
8120,8120,COD,Completed,2025-03-11
8121,8121,Credit Card,Completed,2024-01-17
8122,8122,Credit Card,Completed,2024-06-25
8123,8123,UPI,Completed,2023-10-12
8124,8124,UPI,Completed,2024-07-24
8125,8125,Net Banking,Refunded,2024-09-14
8126,8126,UPI,Completed,2025-05-30
8127,8127,Wallet,Completed,2023-06-20
8128,8128,COD,Completed,2023-08-06
8129,8129,UPI,Completed,2024-06-09
8130,8130,UPI,Completed,2025-03-10
8131,8131,COD,Completed,2024-04-10
8132,8132,UPI,Completed,2024-10-15
8133,8133,Credit Card,Completed,2025-01-10
8134,8134,Credit Card,Refunded,2023-06-20
8135,8135,Credit Card,Completed,2024-03-25
8136,8136,Debit Card,Completed,2023-04-07
8137,8137,Wallet,Completed,2025-03-13
8138,8138,Wallet,Refunded,2025-05-22
8139,8139,Credit Card,Completed,2024-07-20
8140,8140,Debit Card,Completed,2024-01-09
8141,8141,Net Banking,Completed,2025-01-05
8142,8142,Net Banking,Completed,2023-03-26
8143,8143,Net Banking,Completed,2024-09-28
8144,8144,Credit Card,Completed,2023-06-13
8145,8145,Net Banking,Completed,2024-10-10
8146,8146,Credit Card,Completed,2024-08-16
8147,8147,Wallet,Completed,2023-01-10
8148,8148,Credit Card,Completed,2023-11-04
8149,8149,Credit Card,Completed,2024-12-14
8150,8150,UPI,Completed,2023-03-23
8151,8151,COD,Completed,2023-03-29
8152,8152,Debit Card,Completed,2025-02-14
8153,8153,UPI,Completed,2025-06-01
8154,8154,Wallet,Completed,2024-06-23
8155,8155,UPI,Completed,2025-03-05
8156,8156,Credit Card,Completed,2023-06-27
8157,8157,COD,Completed,2023-02-14
8158,8158,Debit Card,Completed,2023-05-31
8159,8159,Net Banking,Completed,2023-04-18
8160,8160,Wallet,Completed,2024-11-25
8161,8161,COD,Completed,2023-01-28
8162,8162,Debit Card,Completed,2023-02-24
8163,8163,Credit Card,Completed,2024-01-19
8164,8164,Net Banking,Completed,2025-01-23
8165,8165,Wallet,Completed,2023-12-26
8166,8166,Net Banking,Completed,2025-06-07
8167,8167,Debit Card,Completed,2023-07-29
8168,8168,UPI,Completed,2025-06-19
8169,8169,Debit Card,Refunded,2024-08-07
8170,8170,Debit Card,Completed,2024-10-04
8171,8171,Debit Card,Completed,2023-07-21
8172,8172,Wallet,Completed,2024-09-01
8173,8173,Debit Card,Completed,2023-10-24
8174,8174,UPI,Completed,2024-07-15
8175,8175,Credit Card,Completed,2023-05-17
8176,8176,COD,Completed,2025-05-21
8177,8177,UPI,Completed,2024-03-11
8178,8178,Credit Card,Completed,2023-04-19
8179,8179,Debit Card,Completed,2023-07-13
8180,8180,Wallet,Completed,2024-06-08
8181,8181,Net Banking,Completed,2023-11-29
8182,8182,UPI,Completed,2024-02-10
8183,8183,Net Banking,Completed,2024-03-20
8184,8184,UPI,Completed,2025-04-09
8185,8185,Debit Card,Completed,2023-12-03
8186,8186,Net Banking,Completed,2024-08-16
8187,8187,Credit Card,Completed,2024-11-20
8188,8188,Net Banking,Completed,2025-03-09
8189,8189,Credit Card,Completed,2025-03-07
8190,8190,COD,Completed,2023-01-29
8191,8191,Net Banking,Completed,2023-12-10
8192,8192,COD,Completed,2024-04-26
8193,8193,Credit Card,Completed,2023-04-07
8194,8194,UPI,Completed,2024-09-11
8195,8195,COD,Completed,2023-01-22
8196,8196,Net Banking,Completed,2023-01-02
8197,8197,Wallet,Completed,2023-08-14
8198,8198,Credit Card,Completed,2023-12-04
8199,8199,Net Banking,Completed,2023-06-17
8200,8200,COD,Completed,2024-03-11
8201,8201,Wallet,Completed,2024-12-05
8202,8202,Net Banking,Completed,2023-08-22
8203,8203,UPI,Completed,2024-09-14
8204,8204,COD,Completed,2024-10-09
8205,8205,Net Banking,Completed,2023-10-17
8206,8206,Credit Card,Completed,2024-04-15
8207,8207,Debit Card,Completed,2024-09-11
8208,8208,COD,Completed,2025-03-21
8209,8209,Net Banking,Completed,2023-04-01
8210,8210,Debit Card,Completed,2024-07-13
8211,8211,UPI,Completed,2024-10-01
8212,8212,UPI,Completed,2024-11-09
8213,8213,Wallet,Completed,2024-07-17
8214,8214,Credit Card,Completed,2024-05-03
8215,8215,Debit Card,Completed,2023-12-01
8216,8216,UPI,Completed,2024-08-30
8217,8217,Credit Card,Completed,2023-08-02
8218,8218,Wallet,Refunded,2023-01-06
8219,8219,Debit Card,Completed,2024-08-04
8220,8220,Net Banking,Completed,2024-04-14
8221,8221,Credit Card,Completed,2025-04-29
8222,8222,COD,Completed,2025-02-09
8223,8223,Wallet,Completed,2023-04-30
8224,8224,Net Banking,Completed,2023-02-24
8225,8225,COD,Completed,2023-06-24
8226,8226,UPI,Completed,2023-02-24
8227,8227,Credit Card,Completed,2025-03-12
8228,8228,UPI,Completed,2023-06-11
8229,8229,Net Banking,Refunded,2025-05-06
8230,8230,Net Banking,Completed,2023-07-05
8231,8231,Debit Card,Completed,2024-04-01
8232,8232,Net Banking,Completed,2024-07-17
8233,8233,Net Banking,Completed,2024-11-14
8234,8234,Debit Card,Refunded,2023-10-30
8235,8235,UPI,Completed,2023-09-10
8236,8236,Wallet,Completed,2023-12-09
8237,8237,UPI,Completed,2024-03-15
8238,8238,COD,Refunded,2023-08-01
8239,8239,Wallet,Completed,2024-10-21
8240,8240,COD,Completed,2024-12-13
8241,8241,UPI,Completed,2023-08-27
8242,8242,Net Banking,Completed,2024-07-05
8243,8243,COD,Completed,2023-07-31
8244,8244,Credit Card,Completed,2023-09-01
8245,8245,UPI,Completed,2024-09-09
8246,8246,Net Banking,Completed,2025-04-20
8247,8247,COD,Completed,2025-05-07
8248,8248,COD,Completed,2024-01-01
8249,8249,Net Banking,Completed,2025-05-11
8250,8250,Net Banking,Completed,2023-06-16
8251,8251,COD,Completed,2024-10-05
8252,8252,Net Banking,Completed,2024-07-01
8253,8253,COD,Completed,2024-01-31
8254,8254,Wallet,Completed,2025-02-25
8255,8255,Debit Card,Completed,2025-05-25
8256,8256,COD,Completed,2025-02-22
8257,8257,UPI,Completed,2024-05-30
8258,8258,UPI,Completed,2024-03-21
8259,8259,Net Banking,Completed,2023-07-20
8260,8260,Debit Card,Completed,2024-03-28
8261,8261,Debit Card,Completed,2024-10-15
8262,8262,Net Banking,Completed,2025-06-02
8263,8263,Credit Card,Completed,2024-07-09
8264,8264,UPI,Completed,2024-05-08
8265,8265,UPI,Completed,2023-10-09
8266,8266,COD,Completed,2024-05-01
8267,8267,Debit Card,Completed,2025-03-26
8268,8268,Debit Card,Completed,2024-03-29
8269,8269,Net Banking,Completed,2024-08-17
8270,8270,Debit Card,Completed,2023-08-07
8271,8271,UPI,Completed,2025-02-25
8272,8272,UPI,Completed,2024-02-12
8273,8273,UPI,Completed,2023-02-09
8274,8274,COD,Completed,2024-03-22
8275,8275,Net Banking,Completed,2025-04-22
8276,8276,Debit Card,Completed,2023-07-04
8277,8277,Credit Card,Completed,2024-12-26
8278,8278,Wallet,Completed,2024-02-13
8279,8279,Net Banking,Completed,2024-01-27
8280,8280,COD,Completed,2023-06-18
8281,8281,Credit Card,Completed,2024-01-16
8282,8282,UPI,Completed,2023-03-24
8283,8283,Credit Card,Completed,2023-12-30
8284,8284,UPI,Completed,2024-02-28
8285,8285,COD,Completed,2024-06-14
8286,8286,Credit Card,Completed,2023-11-17
8287,8287,Net Banking,Completed,2023-01-02
8288,8288,Net Banking,Completed,2024-02-13
8289,8289,Net Banking,Completed,2024-02-05
8290,8290,Net Banking,Completed,2024-10-21
8291,8291,Wallet,Completed,2025-04-05
8292,8292,Credit Card,Completed,2023-10-30
8293,8293,Net Banking,Completed,2024-07-13
8294,8294,UPI,Completed,2024-06-30
8295,8295,COD,Completed,2025-04-17
8296,8296,COD,Completed,2024-02-23
8297,8297,Credit Card,Completed,2023-10-14
8298,8298,Debit Card,Completed,2023-12-23
8299,8299,Net Banking,Completed,2023-02-19
8300,8300,Net Banking,Completed,2023-01-05
8301,8301,Net Banking,Completed,2025-03-14
8302,8302,Wallet,Completed,2024-11-04
8303,8303,UPI,Completed,2024-11-03
8304,8304,Net Banking,Completed,2025-03-08
8305,8305,Debit Card,Completed,2023-02-21
8306,8306,COD,Completed,2025-04-13
8307,8307,Credit Card,Completed,2023-05-02
8308,8308,Debit Card,Completed,2024-02-20
8309,8309,Wallet,Completed,2023-12-03
8310,8310,Net Banking,Completed,2024-03-07
8311,8311,Wallet,Completed,2024-10-25
8312,8312,UPI,Completed,2024-01-01
8313,8313,UPI,Completed,2023-09-20
8314,8314,Wallet,Completed,2024-09-19
8315,8315,Net Banking,Completed,2024-04-14
8316,8316,Net Banking,Completed,2025-06-18
8317,8317,Wallet,Completed,2023-07-05
8318,8318,Debit Card,Completed,2024-01-06
8319,8319,Wallet,Completed,2024-07-03
8320,8320,Wallet,Completed,2024-09-27
8321,8321,COD,Completed,2023-07-18
8322,8322,COD,Completed,2023-11-15
8323,8323,Net Banking,Completed,2023-03-16
8324,8324,COD,Completed,2024-07-12
8325,8325,Wallet,Completed,2025-06-05
8326,8326,Credit Card,Completed,2025-03-06
8327,8327,UPI,Completed,2023-09-15
8328,8328,Debit Card,Completed,2023-05-08
8329,8329,UPI,Completed,2024-09-22
8330,8330,Wallet,Completed,2023-05-22
8331,8331,Credit Card,Completed,2024-06-09
8332,8332,Credit Card,Completed,2023-10-12
8333,8333,COD,Completed,2024-09-08
8334,8334,COD,Completed,2025-03-15
8335,8335,UPI,Completed,2024-02-26
8336,8336,Debit Card,Completed,2024-08-11
8337,8337,COD,Completed,2024-11-04
8338,8338,Credit Card,Completed,2024-12-05
8339,8339,Wallet,Completed,2023-09-13
8340,8340,Net Banking,Completed,2023-05-12
8341,8341,Wallet,Completed,2024-02-07
8342,8342,COD,Completed,2024-02-12
8343,8343,COD,Completed,2024-10-16
8344,8344,Wallet,Completed,2024-12-23
8345,8345,Credit Card,Completed,2024-05-07
8346,8346,Net Banking,Completed,2024-11-20
8347,8347,UPI,Completed,2024-02-20
8348,8348,Debit Card,Completed,2024-05-30
8349,8349,Net Banking,Completed,2025-05-04
8350,8350,UPI,Completed,2024-08-17
8351,8351,Debit Card,Completed,2025-03-29
8352,8352,Wallet,Completed,2024-10-20
8353,8353,Debit Card,Completed,2023-03-23
8354,8354,COD,Completed,2025-01-31
8355,8355,Net Banking,Completed,2023-06-19
8356,8356,Credit Card,Completed,2024-11-11
8357,8357,UPI,Completed,2023-09-29
8358,8358,Debit Card,Completed,2023-08-08
8359,8359,Wallet,Completed,2025-02-26
8360,8360,COD,Completed,2023-11-22
8361,8361,Net Banking,Completed,2023-08-28
8362,8362,UPI,Completed,2024-10-15
8363,8363,Net Banking,Completed,2023-12-24
8364,8364,Debit Card,Completed,2025-01-06
8365,8365,Debit Card,Completed,2023-08-25
8366,8366,COD,Completed,2024-03-27
8367,8367,Wallet,Completed,2024-07-08
8368,8368,UPI,Completed,2023-12-24
8369,8369,UPI,Completed,2023-05-04
8370,8370,UPI,Completed,2024-04-15
8371,8371,Net Banking,Completed,2023-07-03
8372,8372,Credit Card,Completed,2023-08-04
8373,8373,Debit Card,Completed,2024-07-13
8374,8374,COD,Completed,2024-07-13
8375,8375,Net Banking,Completed,2024-11-22
8376,8376,Wallet,Completed,2024-06-29
8377,8377,UPI,Completed,2024-06-10
8378,8378,UPI,Completed,2024-04-06
8379,8379,COD,Refunded,2025-05-07
8380,8380,Net Banking,Completed,2023-07-30
8381,8381,Wallet,Completed,2024-02-28
8382,8382,Wallet,Completed,2024-05-21
8383,8383,Wallet,Completed,2024-08-15
8384,8384,UPI,Completed,2023-06-10
8385,8385,Debit Card,Completed,2023-06-07
8386,8386,UPI,Completed,2024-01-14
8387,8387,UPI,Completed,2023-06-11
8388,8388,Debit Card,Completed,2023-02-10
8389,8389,COD,Completed,2023-05-04
8390,8390,Wallet,Completed,2023-01-24
8391,8391,UPI,Completed,2024-04-04
8392,8392,Credit Card,Completed,2024-05-06
8393,8393,Net Banking,Refunded,2024-01-08
8394,8394,COD,Completed,2024-07-20
8395,8395,COD,Completed,2024-12-17
8396,8396,Debit Card,Completed,2023-02-07
8397,8397,UPI,Completed,2024-12-22
8398,8398,UPI,Completed,2025-03-14
8399,8399,Credit Card,Completed,2024-05-18
8400,8400,UPI,Completed,2023-09-12
8401,8401,COD,Completed,2024-08-05
8402,8402,Credit Card,Completed,2024-09-28
8403,8403,Wallet,Completed,2024-10-20
8404,8404,Wallet,Completed,2024-07-20
8405,8405,Net Banking,Refunded,2024-04-07
8406,8406,Credit Card,Refunded,2025-02-21
8407,8407,UPI,Completed,2023-07-13
8408,8408,Net Banking,Completed,2024-07-24
8409,8409,UPI,Completed,2024-02-18
8410,8410,UPI,Completed,2024-11-08
8411,8411,Credit Card,Completed,2023-12-06
8412,8412,Debit Card,Completed,2025-03-29
8413,8413,Debit Card,Completed,2023-01-24
8414,8414,Debit Card,Completed,2023-03-14
8415,8415,Net Banking,Completed,2024-08-17
8416,8416,Debit Card,Completed,2023-09-27
8417,8417,Credit Card,Completed,2024-08-26
8418,8418,COD,Completed,2024-11-11
8419,8419,Net Banking,Completed,2025-03-14
8420,8420,Net Banking,Completed,2024-04-24
8421,8421,UPI,Completed,2024-05-07
8422,8422,UPI,Completed,2024-05-12
8423,8423,Credit Card,Completed,2024-12-13
8424,8424,Credit Card,Completed,2024-01-24
8425,8425,Wallet,Completed,2024-02-15
8426,8426,Debit Card,Completed,2024-07-09
8427,8427,Credit Card,Completed,2023-07-17
8428,8428,Credit Card,Completed,2023-12-27
8429,8429,Debit Card,Completed,2023-04-10
8430,8430,Debit Card,Completed,2023-04-05
8431,8431,Credit Card,Completed,2023-06-11
8432,8432,Wallet,Completed,2023-12-24
8433,8433,Net Banking,Completed,2024-08-27
8434,8434,Debit Card,Completed,2024-01-13
8435,8435,Net Banking,Completed,2023-11-23
8436,8436,UPI,Completed,2024-11-17
8437,8437,Net Banking,Completed,2023-05-03
8438,8438,Debit Card,Completed,2024-01-21
8439,8439,Credit Card,Completed,2024-08-14
8440,8440,COD,Completed,2023-01-03
8441,8441,COD,Completed,2023-02-09
8442,8442,Credit Card,Completed,2024-02-09
8443,8443,UPI,Completed,2023-01-03
8444,8444,Wallet,Completed,2023-12-01
8445,8445,Debit Card,Completed,2023-12-26
8446,8446,COD,Completed,2025-03-01
8447,8447,Wallet,Completed,2023-07-26
8448,8448,Wallet,Completed,2024-10-16
8449,8449,COD,Completed,2024-05-26
8450,8450,Debit Card,Completed,2025-05-21
8451,8451,COD,Completed,2024-07-08
8452,8452,Net Banking,Completed,2025-03-10
8453,8453,Net Banking,Completed,2023-01-14
8454,8454,Wallet,Completed,2023-01-08
8455,8455,Net Banking,Completed,2025-04-30
8456,8456,Debit Card,Completed,2023-10-30
8457,8457,Wallet,Completed,2024-07-13
8458,8458,UPI,Completed,2023-08-19
8459,8459,UPI,Completed,2024-04-03
8460,8460,UPI,Completed,2024-08-19
8461,8461,Credit Card,Completed,2024-09-06
8462,8462,COD,Completed,2023-10-08
8463,8463,Credit Card,Completed,2024-08-06
8464,8464,Wallet,Completed,2023-01-20
8465,8465,Wallet,Completed,2024-12-23
8466,8466,Net Banking,Completed,2023-05-22
8467,8467,Debit Card,Completed,2025-02-06
8468,8468,Net Banking,Completed,2024-02-13
8469,8469,UPI,Completed,2024-08-07
8470,8470,Debit Card,Completed,2023-09-13
8471,8471,COD,Completed,2023-07-18
8472,8472,COD,Completed,2024-01-16
8473,8473,Net Banking,Completed,2024-12-30
8474,8474,Net Banking,Completed,2024-06-28
8475,8475,Net Banking,Completed,2023-05-07
8476,8476,Debit Card,Completed,2023-01-22
8477,8477,COD,Completed,2023-11-21
8478,8478,COD,Completed,2023-03-17
8479,8479,COD,Completed,2024-03-12
8480,8480,Credit Card,Refunded,2024-10-06
8481,8481,Wallet,Completed,2025-06-05
8482,8482,UPI,Completed,2023-09-29
8483,8483,UPI,Completed,2025-02-11
8484,8484,Debit Card,Completed,2023-05-08
8485,8485,UPI,Completed,2024-01-26
8486,8486,Net Banking,Completed,2024-10-09
8487,8487,Net Banking,Completed,2025-01-10
8488,8488,UPI,Completed,2023-10-21
8489,8489,UPI,Completed,2023-12-05
8490,8490,Wallet,Completed,2024-07-11
8491,8491,COD,Completed,2024-08-05
8492,8492,Debit Card,Completed,2023-04-19
8493,8493,Wallet,Completed,2024-08-06
8494,8494,COD,Completed,2024-12-09
8495,8495,UPI,Completed,2025-03-31
8496,8496,Net Banking,Completed,2024-07-24
8497,8497,COD,Completed,2024-01-30
8498,8498,UPI,Completed,2023-11-17
8499,8499,COD,Completed,2025-04-06
8500,8500,Wallet,Completed,2023-12-02
8501,8501,Credit Card,Completed,2024-03-18
8502,8502,Credit Card,Completed,2023-04-27
8503,8503,Wallet,Completed,2024-09-07
8504,8504,Debit Card,Completed,2025-02-14
8505,8505,COD,Completed,2023-05-23
8506,8506,Credit Card,Completed,2023-09-16
8507,8507,UPI,Completed,2025-01-05
8508,8508,COD,Completed,2024-02-15
8509,8509,Net Banking,Completed,2023-01-22
8510,8510,UPI,Completed,2024-06-30
8511,8511,UPI,Completed,2025-01-03
8512,8512,Credit Card,Completed,2024-02-22
8513,8513,Net Banking,Completed,2023-06-10
8514,8514,Debit Card,Completed,2024-04-10
8515,8515,Debit Card,Completed,2023-04-13
8516,8516,Wallet,Completed,2025-06-09
8517,8517,Debit Card,Completed,2023-12-03
8518,8518,Net Banking,Completed,2023-02-02
8519,8519,COD,Completed,2025-01-16
8520,8520,UPI,Completed,2023-12-26
8521,8521,Credit Card,Completed,2024-07-04
8522,8522,Net Banking,Completed,2023-02-25
8523,8523,Debit Card,Completed,2023-07-07
8524,8524,Debit Card,Completed,2025-06-16
8525,8525,COD,Completed,2024-03-08
8526,8526,Credit Card,Completed,2024-05-13
8527,8527,UPI,Completed,2023-10-10
8528,8528,Credit Card,Refunded,2024-05-19
8529,8529,COD,Completed,2024-05-31
8530,8530,COD,Completed,2024-01-09
8531,8531,COD,Completed,2024-10-26
8532,8532,Debit Card,Completed,2023-10-24
8533,8533,UPI,Completed,2023-04-25
8534,8534,COD,Completed,2024-10-23
8535,8535,Debit Card,Completed,2023-06-06
8536,8536,Wallet,Completed,2024-07-07
8537,8537,Net Banking,Completed,2023-04-03
8538,8538,Debit Card,Completed,2024-08-22
8539,8539,UPI,Completed,2023-01-28
8540,8540,COD,Completed,2024-11-03
8541,8541,UPI,Completed,2023-03-03
8542,8542,Credit Card,Refunded,2024-04-28
8543,8543,Net Banking,Completed,2024-07-15
8544,8544,Wallet,Completed,2023-04-28
8545,8545,COD,Completed,2024-10-16
8546,8546,Wallet,Completed,2025-04-05
8547,8547,Credit Card,Completed,2024-10-04
8548,8548,COD,Completed,2024-12-02
8549,8549,Wallet,Completed,2024-05-23
8550,8550,Net Banking,Completed,2025-01-29
8551,8551,Debit Card,Completed,2024-02-16
8552,8552,Credit Card,Completed,2023-11-12
8553,8553,Wallet,Completed,2023-07-18
8554,8554,UPI,Completed,2023-06-22
8555,8555,Net Banking,Completed,2024-05-23
8556,8556,Debit Card,Completed,2023-03-24
8557,8557,Net Banking,Completed,2024-03-13
8558,8558,Debit Card,Completed,2023-06-01
8559,8559,UPI,Completed,2023-02-24
8560,8560,Debit Card,Completed,2023-07-21
8561,8561,Credit Card,Completed,2023-03-12
8562,8562,COD,Completed,2024-01-30
8563,8563,UPI,Completed,2024-02-27
8564,8564,Net Banking,Completed,2023-12-28
8565,8565,UPI,Completed,2024-03-22
8566,8566,Debit Card,Completed,2025-04-23
8567,8567,COD,Completed,2023-01-21
8568,8568,Wallet,Completed,2023-04-17
8569,8569,Credit Card,Completed,2024-11-06
8570,8570,Debit Card,Completed,2023-02-05
8571,8571,COD,Completed,2025-05-20
8572,8572,COD,Completed,2024-04-09
8573,8573,Credit Card,Completed,2025-01-20
8574,8574,Credit Card,Completed,2024-08-03
8575,8575,COD,Completed,2024-05-29
8576,8576,Debit Card,Completed,2024-01-24
8577,8577,Wallet,Completed,2024-01-14
8578,8578,Net Banking,Completed,2024-10-02
8579,8579,Wallet,Completed,2024-01-08
8580,8580,COD,Refunded,2023-08-26
8581,8581,Wallet,Completed,2023-05-22
8582,8582,Debit Card,Completed,2023-07-30
8583,8583,UPI,Completed,2023-01-13
8584,8584,Net Banking,Completed,2024-09-07
8585,8585,Net Banking,Completed,2023-09-24
8586,8586,UPI,Completed,2024-06-25
8587,8587,Wallet,Completed,2023-09-12
8588,8588,Credit Card,Completed,2023-09-23
8589,8589,COD,Completed,2023-10-12
8590,8590,COD,Completed,2024-03-01
8591,8591,Net Banking,Completed,2024-01-12
8592,8592,Wallet,Refunded,2023-10-11
8593,8593,Debit Card,Completed,2025-05-09
8594,8594,COD,Completed,2023-10-13
8595,8595,Debit Card,Completed,2025-03-19
8596,8596,Net Banking,Completed,2025-05-17
8597,8597,Wallet,Completed,2025-01-30
8598,8598,Net Banking,Completed,2025-01-02
8599,8599,COD,Completed,2025-01-25
8600,8600,Net Banking,Completed,2024-05-31
8601,8601,COD,Completed,2024-11-05
8602,8602,UPI,Refunded,2024-10-11
8603,8603,COD,Completed,2024-02-11
8604,8604,Credit Card,Completed,2023-09-12
8605,8605,Credit Card,Completed,2023-06-20
8606,8606,Net Banking,Completed,2024-10-28
8607,8607,UPI,Completed,2025-05-28
8608,8608,UPI,Completed,2024-07-05
8609,8609,Wallet,Completed,2025-01-10
8610,8610,COD,Completed,2023-03-15
8611,8611,Wallet,Completed,2023-03-16
8612,8612,UPI,Completed,2023-08-20
8613,8613,Credit Card,Completed,2023-09-05
8614,8614,Net Banking,Completed,2023-11-09
8615,8615,UPI,Completed,2024-04-11
8616,8616,Net Banking,Completed,2023-08-15
8617,8617,Debit Card,Completed,2023-01-02
8618,8618,Credit Card,Completed,2025-04-04
8619,8619,COD,Completed,2024-12-27
8620,8620,UPI,Completed,2023-09-15
8621,8621,Wallet,Completed,2024-03-06
8622,8622,Wallet,Completed,2024-05-08
8623,8623,Credit Card,Completed,2023-03-29
8624,8624,Debit Card,Completed,2025-01-08
8625,8625,COD,Completed,2024-11-05
8626,8626,Net Banking,Completed,2025-03-21
8627,8627,COD,Completed,2023-06-07
8628,8628,COD,Completed,2024-05-29
8629,8629,UPI,Completed,2023-12-07
8630,8630,Debit Card,Completed,2024-01-02
8631,8631,Debit Card,Completed,2024-06-11
8632,8632,Net Banking,Completed,2024-03-28
8633,8633,COD,Completed,2024-10-24
8634,8634,Wallet,Completed,2024-12-06
8635,8635,COD,Refunded,2023-02-05
8636,8636,Net Banking,Completed,2024-05-30
8637,8637,Wallet,Completed,2025-02-27
8638,8638,UPI,Completed,2024-09-10
8639,8639,UPI,Completed,2023-06-03
8640,8640,COD,Completed,2024-05-20
8641,8641,Wallet,Completed,2023-08-14
8642,8642,COD,Refunded,2024-10-22
8643,8643,UPI,Refunded,2024-08-03
8644,8644,Credit Card,Completed,2023-10-18
8645,8645,Debit Card,Completed,2025-05-22
8646,8646,Wallet,Completed,2025-05-19
8647,8647,COD,Completed,2023-06-11
8648,8648,COD,Completed,2024-04-27
8649,8649,Debit Card,Completed,2024-06-01
8650,8650,Debit Card,Completed,2025-06-07
8651,8651,Wallet,Completed,2023-03-22
8652,8652,UPI,Completed,2024-01-12
8653,8653,Wallet,Completed,2024-01-24
8654,8654,UPI,Completed,2024-07-31
8655,8655,Debit Card,Completed,2025-03-09
8656,8656,Net Banking,Completed,2024-03-24
8657,8657,Debit Card,Completed,2024-10-02
8658,8658,Debit Card,Completed,2025-03-15
8659,8659,Wallet,Completed,2024-04-06
8660,8660,Credit Card,Completed,2023-05-04
8661,8661,Net Banking,Completed,2024-09-24
8662,8662,UPI,Completed,2023-03-21
8663,8663,Debit Card,Completed,2025-05-17
8664,8664,Wallet,Completed,2023-05-30
8665,8665,Net Banking,Completed,2025-04-23
8666,8666,UPI,Completed,2023-04-23
8667,8667,COD,Completed,2024-06-03
8668,8668,Debit Card,Completed,2024-04-04
8669,8669,Wallet,Completed,2025-03-02
8670,8670,UPI,Completed,2023-05-05
8671,8671,Credit Card,Completed,2025-03-07
8672,8672,Credit Card,Completed,2024-10-21
8673,8673,Wallet,Completed,2023-05-11
8674,8674,UPI,Completed,2025-01-16
8675,8675,UPI,Completed,2023-09-04
8676,8676,Net Banking,Completed,2024-06-18
8677,8677,Debit Card,Completed,2024-12-19
8678,8678,COD,Completed,2023-01-09
8679,8679,UPI,Completed,2025-03-06
8680,8680,Wallet,Completed,2025-01-25
8681,8681,Debit Card,Completed,2023-08-25
8682,8682,Debit Card,Completed,2023-07-07
8683,8683,COD,Completed,2025-01-30
8684,8684,COD,Completed,2024-06-02
8685,8685,Net Banking,Completed,2023-03-12
8686,8686,UPI,Completed,2024-08-30
8687,8687,UPI,Completed,2024-11-01
8688,8688,COD,Completed,2023-11-29
8689,8689,Debit Card,Completed,2025-06-15
8690,8690,UPI,Completed,2023-01-01
8691,8691,UPI,Completed,2024-08-11
8692,8692,Net Banking,Completed,2024-01-05
8693,8693,COD,Completed,2024-12-19
8694,8694,UPI,Completed,2024-02-07
8695,8695,COD,Completed,2025-03-20
8696,8696,COD,Completed,2025-04-10
8697,8697,Credit Card,Completed,2023-05-28
8698,8698,COD,Completed,2023-01-01
8699,8699,Net Banking,Completed,2023-10-27
8700,8700,COD,Completed,2023-05-29
8701,8701,Wallet,Completed,2023-05-23
8702,8702,Net Banking,Completed,2023-06-05
8703,8703,Net Banking,Completed,2023-07-27
8704,8704,COD,Completed,2023-12-21
8705,8705,UPI,Completed,2024-08-13
8706,8706,Wallet,Completed,2023-07-16
8707,8707,Debit Card,Completed,2024-09-06
8708,8708,Credit Card,Completed,2024-07-01
8709,8709,COD,Completed,2023-03-03
8710,8710,Credit Card,Completed,2025-03-31
8711,8711,UPI,Completed,2024-12-30
8712,8712,UPI,Completed,2024-03-23
8713,8713,Wallet,Completed,2024-10-31
8714,8714,COD,Completed,2024-10-27
8715,8715,COD,Refunded,2025-05-02
8716,8716,UPI,Completed,2023-03-06
8717,8717,Debit Card,Completed,2024-07-26
8718,8718,COD,Completed,2025-03-22
8719,8719,Wallet,Completed,2024-06-02
8720,8720,Credit Card,Completed,2025-03-17
8721,8721,Net Banking,Completed,2024-04-01
8722,8722,Net Banking,Completed,2024-04-15
8723,8723,COD,Completed,2025-04-05
8724,8724,Debit Card,Completed,2025-02-14
8725,8725,Credit Card,Completed,2024-10-09
8726,8726,Debit Card,Completed,2023-04-21
8727,8727,Net Banking,Completed,2024-01-14
8728,8728,Net Banking,Completed,2024-12-31
8729,8729,Net Banking,Completed,2024-03-01
8730,8730,UPI,Completed,2025-06-04
8731,8731,UPI,Completed,2023-02-16
8732,8732,Net Banking,Completed,2024-06-03
8733,8733,COD,Completed,2023-09-23
8734,8734,Debit Card,Refunded,2024-10-29
8735,8735,Net Banking,Completed,2023-01-25
8736,8736,Debit Card,Completed,2024-02-04
8737,8737,Debit Card,Completed,2023-03-15
8738,8738,UPI,Completed,2023-04-14
8739,8739,Credit Card,Completed,2025-05-02
8740,8740,Wallet,Completed,2025-04-15
8741,8741,Credit Card,Completed,2024-02-25
8742,8742,COD,Completed,2023-08-13
8743,8743,Debit Card,Completed,2025-02-14
8744,8744,Net Banking,Completed,2025-04-17
8745,8745,COD,Completed,2023-09-10
8746,8746,Wallet,Completed,2023-03-17
8747,8747,Credit Card,Completed,2024-04-15
8748,8748,UPI,Completed,2024-02-19
8749,8749,COD,Refunded,2025-02-13
8750,8750,UPI,Completed,2025-05-16
8751,8751,Net Banking,Completed,2024-10-20
8752,8752,Debit Card,Completed,2023-12-29
8753,8753,Debit Card,Completed,2024-08-25
8754,8754,Wallet,Completed,2024-07-04
8755,8755,Wallet,Completed,2024-12-22
8756,8756,Wallet,Completed,2024-08-07
8757,8757,Credit Card,Completed,2023-08-05
8758,8758,COD,Refunded,2023-09-19
8759,8759,Net Banking,Completed,2023-01-26
8760,8760,Credit Card,Completed,2025-03-25
8761,8761,Net Banking,Completed,2023-04-14
8762,8762,Credit Card,Completed,2025-04-21
8763,8763,Credit Card,Completed,2025-03-17
8764,8764,Net Banking,Completed,2023-08-26
8765,8765,Wallet,Completed,2023-01-31
8766,8766,Wallet,Completed,2025-05-23
8767,8767,UPI,Completed,2023-11-05
8768,8768,UPI,Completed,2025-05-18
8769,8769,UPI,Completed,2023-12-12
8770,8770,Wallet,Completed,2023-07-17
8771,8771,COD,Completed,2024-05-25
8772,8772,Wallet,Completed,2023-06-12
8773,8773,COD,Completed,2023-12-01
8774,8774,Wallet,Completed,2024-04-21
8775,8775,Debit Card,Completed,2025-04-22
8776,8776,Wallet,Completed,2024-06-11
8777,8777,Wallet,Completed,2025-02-28
8778,8778,Debit Card,Completed,2024-06-17
8779,8779,Net Banking,Completed,2024-10-15
8780,8780,Credit Card,Completed,2024-02-17
8781,8781,Debit Card,Completed,2023-03-02
8782,8782,COD,Completed,2023-09-26
8783,8783,Credit Card,Completed,2023-03-13
8784,8784,Wallet,Completed,2024-02-08
8785,8785,Wallet,Completed,2024-11-02
8786,8786,Net Banking,Completed,2025-03-20
8787,8787,UPI,Completed,2024-12-15
8788,8788,Credit Card,Completed,2023-05-26
8789,8789,Net Banking,Completed,2024-05-04
8790,8790,Credit Card,Completed,2023-11-09
8791,8791,Net Banking,Completed,2023-02-10
8792,8792,Credit Card,Completed,2024-12-16
8793,8793,Credit Card,Completed,2023-09-05
8794,8794,UPI,Completed,2023-02-23
8795,8795,Wallet,Completed,2024-01-02
8796,8796,Credit Card,Completed,2024-11-30
8797,8797,Wallet,Completed,2023-10-11
8798,8798,COD,Completed,2024-02-26
8799,8799,Net Banking,Completed,2025-01-31
8800,8800,Wallet,Completed,2024-07-29
8801,8801,Net Banking,Completed,2025-02-16
8802,8802,Credit Card,Completed,2023-09-27
8803,8803,Wallet,Completed,2024-06-19
8804,8804,Credit Card,Completed,2023-08-08
8805,8805,Wallet,Completed,2025-06-07
8806,8806,Credit Card,Completed,2023-04-22
8807,8807,COD,Completed,2025-01-22
8808,8808,COD,Completed,2024-06-17
8809,8809,UPI,Completed,2023-03-16
8810,8810,UPI,Completed,2025-03-01
8811,8811,Net Banking,Completed,2023-02-22
8812,8812,Credit Card,Completed,2023-08-27
8813,8813,UPI,Completed,2024-05-12
8814,8814,Credit Card,Completed,2023-06-11
8815,8815,COD,Completed,2023-07-22
8816,8816,Credit Card,Completed,2024-07-10
8817,8817,Net Banking,Completed,2025-05-11
8818,8818,Wallet,Completed,2024-08-06
8819,8819,Net Banking,Completed,2023-10-31
8820,8820,Net Banking,Completed,2023-07-08
8821,8821,UPI,Completed,2024-08-07
8822,8822,Wallet,Completed,2023-05-19
8823,8823,Credit Card,Completed,2024-08-21
8824,8824,Debit Card,Completed,2025-03-15
8825,8825,Net Banking,Refunded,2023-07-21
8826,8826,Wallet,Completed,2024-07-04
8827,8827,Net Banking,Completed,2025-01-25
8828,8828,Net Banking,Completed,2025-03-09
8829,8829,Wallet,Completed,2023-09-18
8830,8830,COD,Completed,2025-05-03
8831,8831,Net Banking,Completed,2023-05-12
8832,8832,UPI,Completed,2024-02-27
8833,8833,Net Banking,Completed,2024-06-25
8834,8834,UPI,Completed,2023-06-12
8835,8835,Wallet,Completed,2023-12-27
8836,8836,Debit Card,Completed,2024-01-13
8837,8837,Credit Card,Completed,2023-06-25
8838,8838,UPI,Completed,2023-04-03
8839,8839,Wallet,Completed,2024-10-17
8840,8840,COD,Completed,2025-04-19
8841,8841,Credit Card,Completed,2023-01-11
8842,8842,UPI,Completed,2023-09-24
8843,8843,Wallet,Completed,2023-08-22
8844,8844,Wallet,Completed,2023-08-26
8845,8845,Wallet,Completed,2023-01-24
8846,8846,Net Banking,Completed,2023-08-05
8847,8847,Credit Card,Completed,2024-10-30
8848,8848,Wallet,Completed,2025-05-16
8849,8849,Credit Card,Completed,2024-02-06
8850,8850,Debit Card,Completed,2023-12-16
8851,8851,COD,Completed,2024-09-21
8852,8852,Credit Card,Completed,2024-01-01
8853,8853,UPI,Completed,2024-01-11
8854,8854,Net Banking,Completed,2024-07-10
8855,8855,Net Banking,Refunded,2023-08-09
8856,8856,Debit Card,Completed,2024-03-06
8857,8857,Net Banking,Completed,2025-01-19
8858,8858,COD,Completed,2024-11-30
8859,8859,Wallet,Refunded,2023-03-20
8860,8860,Credit Card,Completed,2024-11-24
8861,8861,Credit Card,Completed,2024-07-09
8862,8862,Net Banking,Completed,2023-07-19
8863,8863,Debit Card,Completed,2023-11-10
8864,8864,Debit Card,Completed,2024-03-20
8865,8865,Wallet,Completed,2023-12-01
8866,8866,Net Banking,Completed,2023-09-22
8867,8867,UPI,Completed,2025-05-29
8868,8868,Wallet,Completed,2023-06-29
8869,8869,COD,Completed,2024-09-09
8870,8870,COD,Completed,2025-02-14
8871,8871,Credit Card,Completed,2024-06-13
8872,8872,Net Banking,Completed,2024-08-16
8873,8873,COD,Completed,2024-07-05
8874,8874,COD,Completed,2023-01-08
8875,8875,Debit Card,Refunded,2024-03-30
8876,8876,Wallet,Completed,2024-05-12
8877,8877,Wallet,Completed,2023-08-22
8878,8878,Wallet,Completed,2024-07-12
8879,8879,Wallet,Completed,2024-11-09
8880,8880,Net Banking,Completed,2024-02-07
8881,8881,Credit Card,Completed,2023-03-31
8882,8882,Debit Card,Completed,2023-08-11
8883,8883,Credit Card,Completed,2025-01-24
8884,8884,Credit Card,Completed,2024-12-17
8885,8885,Debit Card,Completed,2024-07-16
8886,8886,COD,Completed,2024-07-16
8887,8887,Credit Card,Completed,2024-02-24
8888,8888,Credit Card,Completed,2023-07-08
8889,8889,Debit Card,Refunded,2023-11-22
8890,8890,UPI,Completed,2023-11-16
8891,8891,UPI,Completed,2024-01-03
8892,8892,COD,Completed,2024-09-23
8893,8893,COD,Completed,2025-03-08
8894,8894,Debit Card,Completed,2023-10-31
8895,8895,Net Banking,Completed,2024-08-20
8896,8896,Credit Card,Completed,2025-01-24
8897,8897,COD,Completed,2024-08-13
8898,8898,Credit Card,Completed,2023-05-29
8899,8899,UPI,Completed,2024-09-06
8900,8900,UPI,Completed,2024-07-06
8901,8901,Debit Card,Completed,2023-02-12
8902,8902,Debit Card,Completed,2023-11-07
8903,8903,Debit Card,Completed,2024-06-10
8904,8904,UPI,Completed,2025-03-21
8905,8905,COD,Completed,2024-06-13
8906,8906,Net Banking,Completed,2025-01-25
8907,8907,UPI,Completed,2024-02-15
8908,8908,Credit Card,Refunded,2023-02-15
8909,8909,Credit Card,Completed,2024-11-14
8910,8910,UPI,Completed,2024-06-18
8911,8911,Net Banking,Completed,2023-08-03
8912,8912,UPI,Completed,2025-06-05
8913,8913,Debit Card,Completed,2023-04-27
8914,8914,Debit Card,Completed,2025-03-16
8915,8915,UPI,Completed,2024-12-20
8916,8916,Wallet,Completed,2024-08-05
8917,8917,UPI,Completed,2024-05-07
8918,8918,Debit Card,Refunded,2023-02-03
8919,8919,Net Banking,Completed,2023-08-26
8920,8920,COD,Completed,2024-11-15
8921,8921,Wallet,Completed,2024-03-14
8922,8922,Wallet,Completed,2023-10-26
8923,8923,Net Banking,Completed,2023-09-19
8924,8924,Net Banking,Completed,2023-11-23
8925,8925,Debit Card,Completed,2024-07-07
8926,8926,Credit Card,Completed,2023-03-22
8927,8927,Debit Card,Completed,2024-10-11
8928,8928,Net Banking,Completed,2023-06-15
8929,8929,UPI,Completed,2023-12-16
8930,8930,Wallet,Completed,2024-07-14
8931,8931,Debit Card,Completed,2023-01-26
8932,8932,UPI,Completed,2023-05-06
8933,8933,Wallet,Completed,2023-08-06
8934,8934,Debit Card,Completed,2024-07-15
8935,8935,Wallet,Completed,2024-07-25
8936,8936,Debit Card,Completed,2025-04-07
8937,8937,Wallet,Completed,2024-08-23
8938,8938,UPI,Completed,2024-02-14
8939,8939,Wallet,Completed,2023-11-08
8940,8940,Credit Card,Completed,2023-01-01
8941,8941,Debit Card,Completed,2024-02-21
8942,8942,Credit Card,Completed,2023-07-07
8943,8943,UPI,Completed,2024-06-21
8944,8944,Credit Card,Completed,2024-07-24
8945,8945,Debit Card,Completed,2024-07-26
8946,8946,UPI,Completed,2024-12-28
8947,8947,Wallet,Completed,2024-11-29
8948,8948,Wallet,Completed,2024-03-06
8949,8949,Credit Card,Completed,2023-09-25
8950,8950,UPI,Completed,2023-08-07
8951,8951,COD,Completed,2023-10-14
8952,8952,Credit Card,Completed,2023-06-18
8953,8953,COD,Completed,2025-03-29
8954,8954,Credit Card,Completed,2023-05-24
8955,8955,UPI,Completed,2023-05-20
8956,8956,Debit Card,Completed,2024-05-16
8957,8957,Wallet,Completed,2025-01-05
8958,8958,COD,Completed,2025-03-14
8959,8959,UPI,Completed,2023-08-20
8960,8960,Wallet,Completed,2023-02-02
8961,8961,Wallet,Completed,2023-08-07
8962,8962,Debit Card,Completed,2024-10-04
8963,8963,COD,Completed,2024-02-07
8964,8964,Credit Card,Completed,2024-07-19
8965,8965,Debit Card,Completed,2024-06-13
8966,8966,UPI,Completed,2024-02-04
8967,8967,Wallet,Completed,2023-07-05
8968,8968,COD,Refunded,2025-05-08
8969,8969,UPI,Completed,2025-02-06
8970,8970,UPI,Completed,2023-08-22
8971,8971,Credit Card,Completed,2024-11-26
8972,8972,Net Banking,Completed,2023-07-30
8973,8973,Wallet,Completed,2024-06-08
8974,8974,Debit Card,Completed,2024-12-02
8975,8975,Debit Card,Completed,2024-04-22
8976,8976,Debit Card,Completed,2023-03-05
8977,8977,Wallet,Completed,2024-01-01
8978,8978,Debit Card,Completed,2023-08-04
8979,8979,COD,Completed,2024-03-03
8980,8980,UPI,Completed,2023-09-10
8981,8981,Net Banking,Completed,2023-09-25
8982,8982,Credit Card,Completed,2024-08-03
8983,8983,COD,Completed,2023-11-21
8984,8984,COD,Completed,2024-09-08
8985,8985,COD,Completed,2025-04-22
8986,8986,UPI,Completed,2023-02-03
8987,8987,Debit Card,Refunded,2025-03-07
8988,8988,UPI,Completed,2024-01-10
8989,8989,UPI,Completed,2025-02-19
8990,8990,UPI,Completed,2024-02-13
8991,8991,Wallet,Completed,2023-12-17
8992,8992,Credit Card,Refunded,2023-08-24
8993,8993,UPI,Completed,2023-08-19
8994,8994,COD,Completed,2024-07-26
8995,8995,COD,Completed,2024-08-15
8996,8996,COD,Completed,2023-08-22
8997,8997,Credit Card,Completed,2023-12-05
8998,8998,Debit Card,Completed,2023-11-09
8999,8999,Wallet,Completed,2024-09-04
9000,9000,Wallet,Completed,2025-05-06
9001,9001,UPI,Completed,2024-10-25
9002,9002,Debit Card,Completed,2023-03-04
9003,9003,COD,Completed,2023-05-02
9004,9004,Wallet,Completed,2024-09-06
9005,9005,Credit Card,Completed,2023-12-07
9006,9006,UPI,Refunded,2023-06-28
9007,9007,COD,Completed,2025-06-16
9008,9008,Wallet,Completed,2024-11-06
9009,9009,Net Banking,Completed,2024-12-12
9010,9010,Wallet,Completed,2023-04-24
9011,9011,Debit Card,Completed,2023-10-17
9012,9012,COD,Completed,2023-10-08
9013,9013,COD,Completed,2024-09-30
9014,9014,COD,Completed,2023-09-22
9015,9015,Net Banking,Completed,2025-05-14
9016,9016,Net Banking,Completed,2024-02-16
9017,9017,Credit Card,Completed,2024-11-23
9018,9018,Net Banking,Completed,2023-05-13
9019,9019,Wallet,Completed,2023-12-12
9020,9020,COD,Completed,2024-06-26
9021,9021,COD,Completed,2023-03-17
9022,9022,Wallet,Completed,2025-02-21
9023,9023,Wallet,Completed,2024-10-15
9024,9024,Wallet,Completed,2024-12-13
9025,9025,Wallet,Completed,2023-02-27
9026,9026,Credit Card,Completed,2024-05-04
9027,9027,COD,Refunded,2023-12-01
9028,9028,Net Banking,Completed,2024-08-25
9029,9029,UPI,Completed,2025-01-04
9030,9030,Wallet,Completed,2023-05-30
9031,9031,UPI,Completed,2023-12-09
9032,9032,Debit Card,Completed,2023-01-31
9033,9033,Credit Card,Completed,2023-04-07
9034,9034,UPI,Completed,2024-09-24
9035,9035,COD,Completed,2023-09-08
9036,9036,COD,Completed,2023-07-30
9037,9037,Net Banking,Completed,2023-04-18
9038,9038,Wallet,Completed,2024-12-12
9039,9039,UPI,Completed,2025-03-13
9040,9040,Wallet,Completed,2024-08-17
9041,9041,Credit Card,Completed,2023-05-19
9042,9042,Credit Card,Completed,2023-07-29
9043,9043,COD,Completed,2023-01-24
9044,9044,COD,Completed,2024-05-03
9045,9045,Net Banking,Completed,2024-10-15
9046,9046,Debit Card,Completed,2023-09-18
9047,9047,Debit Card,Completed,2024-09-18
9048,9048,Wallet,Completed,2023-04-11
9049,9049,Wallet,Completed,2024-05-09
9050,9050,Net Banking,Completed,2024-02-28
9051,9051,UPI,Completed,2025-05-18
9052,9052,Net Banking,Completed,2024-11-06
9053,9053,UPI,Completed,2024-06-17
9054,9054,COD,Completed,2023-07-11
9055,9055,Credit Card,Completed,2025-04-19
9056,9056,Net Banking,Completed,2025-05-29
9057,9057,Net Banking,Completed,2025-02-07
9058,9058,Credit Card,Completed,2024-03-08
9059,9059,Debit Card,Completed,2025-04-23
9060,9060,Debit Card,Completed,2023-02-19
9061,9061,Wallet,Completed,2024-09-07
9062,9062,Debit Card,Completed,2024-05-22
9063,9063,Net Banking,Completed,2023-11-07
9064,9064,COD,Completed,2025-03-16
9065,9065,Credit Card,Completed,2024-10-07
9066,9066,COD,Completed,2024-10-16
9067,9067,COD,Completed,2024-03-05
9068,9068,Net Banking,Completed,2023-02-04
9069,9069,Credit Card,Completed,2025-03-16
9070,9070,Wallet,Completed,2024-06-06
9071,9071,Wallet,Refunded,2024-09-10
9072,9072,UPI,Refunded,2024-03-30
9073,9073,Net Banking,Completed,2024-04-01
9074,9074,Net Banking,Completed,2025-03-29
9075,9075,Debit Card,Completed,2025-06-01
9076,9076,UPI,Completed,2024-04-04
9077,9077,Wallet,Completed,2025-03-12
9078,9078,Credit Card,Completed,2023-01-12
9079,9079,UPI,Completed,2023-04-29
9080,9080,COD,Completed,2024-11-15
9081,9081,COD,Completed,2025-03-14
9082,9082,Debit Card,Completed,2023-10-10
9083,9083,Credit Card,Completed,2023-09-04
9084,9084,UPI,Completed,2023-04-29
9085,9085,Debit Card,Completed,2023-12-21
9086,9086,UPI,Completed,2024-11-26
9087,9087,Credit Card,Completed,2024-09-05
9088,9088,UPI,Completed,2025-01-09
9089,9089,COD,Completed,2024-10-02
9090,9090,Wallet,Completed,2023-08-16
9091,9091,Debit Card,Completed,2025-01-31
9092,9092,Net Banking,Completed,2023-09-27
9093,9093,Wallet,Completed,2024-08-13
9094,9094,COD,Completed,2024-06-08
9095,9095,Net Banking,Completed,2024-10-10
9096,9096,Wallet,Refunded,2023-10-23
9097,9097,COD,Completed,2023-08-30
9098,9098,Net Banking,Refunded,2023-01-31
9099,9099,Credit Card,Completed,2024-05-17
9100,9100,Wallet,Completed,2023-12-04
9101,9101,UPI,Completed,2024-04-24
9102,9102,UPI,Completed,2025-01-13
9103,9103,UPI,Completed,2023-07-29
9104,9104,COD,Completed,2023-11-01
9105,9105,UPI,Completed,2024-02-02
9106,9106,COD,Completed,2024-07-09
9107,9107,COD,Completed,2023-11-28
9108,9108,Debit Card,Completed,2023-08-29
9109,9109,COD,Completed,2024-11-29
9110,9110,Debit Card,Completed,2023-09-10
9111,9111,Net Banking,Completed,2023-01-18
9112,9112,Wallet,Refunded,2023-08-03
9113,9113,Credit Card,Completed,2023-11-29
9114,9114,Credit Card,Completed,2023-01-15
9115,9115,Wallet,Completed,2025-05-11
9116,9116,UPI,Completed,2023-01-16
9117,9117,Debit Card,Completed,2023-09-10
9118,9118,Credit Card,Completed,2025-01-07
9119,9119,Credit Card,Completed,2023-08-04
9120,9120,Net Banking,Completed,2025-03-20
9121,9121,Net Banking,Completed,2023-09-27
9122,9122,Wallet,Completed,2023-03-27
9123,9123,Wallet,Completed,2025-05-12
9124,9124,Wallet,Completed,2025-02-18
9125,9125,Credit Card,Completed,2024-03-29
9126,9126,Wallet,Completed,2025-01-31
9127,9127,COD,Completed,2023-10-07
9128,9128,Credit Card,Completed,2023-06-20
9129,9129,UPI,Completed,2023-04-01
9130,9130,UPI,Completed,2025-01-24
9131,9131,COD,Completed,2024-03-14
9132,9132,COD,Completed,2024-02-11
9133,9133,Net Banking,Completed,2023-08-05
9134,9134,Wallet,Completed,2023-10-07
9135,9135,UPI,Completed,2023-01-21
9136,9136,Net Banking,Completed,2024-12-31
9137,9137,COD,Completed,2024-04-29
9138,9138,Wallet,Completed,2024-07-09
9139,9139,Credit Card,Completed,2024-01-01
9140,9140,COD,Completed,2024-06-16
9141,9141,Net Banking,Completed,2024-09-20
9142,9142,Credit Card,Completed,2024-06-09
9143,9143,Net Banking,Completed,2023-11-18
9144,9144,UPI,Completed,2023-12-10
9145,9145,Wallet,Completed,2023-06-11
9146,9146,Net Banking,Completed,2024-08-23
9147,9147,Net Banking,Completed,2024-08-05
9148,9148,Credit Card,Completed,2024-11-12
9149,9149,Debit Card,Refunded,2023-08-25
9150,9150,Wallet,Completed,2025-03-02
9151,9151,Net Banking,Completed,2023-11-06
9152,9152,UPI,Completed,2023-01-11
9153,9153,Wallet,Completed,2023-11-28
9154,9154,Credit Card,Completed,2025-04-30
9155,9155,Wallet,Completed,2024-05-20
9156,9156,Wallet,Completed,2023-07-12
9157,9157,Net Banking,Completed,2023-03-18
9158,9158,Wallet,Completed,2025-05-02
9159,9159,Wallet,Completed,2024-09-03
9160,9160,Net Banking,Completed,2023-06-13
9161,9161,Debit Card,Completed,2025-01-25
9162,9162,Net Banking,Completed,2025-02-13
9163,9163,Credit Card,Completed,2024-06-13
9164,9164,Wallet,Completed,2025-02-26
9165,9165,Net Banking,Completed,2024-11-26
9166,9166,Credit Card,Completed,2024-04-22
9167,9167,Net Banking,Completed,2024-10-31
9168,9168,Credit Card,Completed,2024-01-10
9169,9169,Credit Card,Refunded,2024-05-03
9170,9170,UPI,Completed,2024-01-06
9171,9171,Net Banking,Completed,2023-11-06
9172,9172,UPI,Completed,2025-04-03
9173,9173,Net Banking,Completed,2023-04-14
9174,9174,COD,Completed,2023-06-29
9175,9175,UPI,Completed,2025-05-04
9176,9176,Wallet,Completed,2025-02-12
9177,9177,Debit Card,Completed,2024-02-03
9178,9178,UPI,Completed,2023-07-08
9179,9179,UPI,Completed,2024-05-17
9180,9180,COD,Completed,2025-06-01
9181,9181,Wallet,Completed,2024-05-19
9182,9182,COD,Completed,2024-12-09
9183,9183,Credit Card,Completed,2025-06-01
9184,9184,Debit Card,Completed,2025-05-13
9185,9185,Net Banking,Completed,2025-03-18
9186,9186,Debit Card,Completed,2024-12-31
9187,9187,Wallet,Completed,2023-05-06
9188,9188,Credit Card,Completed,2025-06-05
9189,9189,Debit Card,Completed,2024-04-17
9190,9190,COD,Completed,2025-02-03
9191,9191,UPI,Completed,2024-04-07
9192,9192,Debit Card,Completed,2024-08-13
9193,9193,Net Banking,Completed,2024-01-29
9194,9194,Wallet,Completed,2025-06-05
9195,9195,Credit Card,Completed,2023-09-13
9196,9196,COD,Completed,2024-04-14
9197,9197,COD,Completed,2025-05-11
9198,9198,Net Banking,Completed,2025-02-11
9199,9199,UPI,Completed,2023-03-09
9200,9200,Debit Card,Completed,2023-03-23
9201,9201,COD,Completed,2023-02-16
9202,9202,Credit Card,Completed,2023-09-15
9203,9203,COD,Completed,2024-04-07
9204,9204,COD,Completed,2024-02-23
9205,9205,Wallet,Completed,2024-06-17
9206,9206,Wallet,Completed,2025-02-24
9207,9207,Wallet,Completed,2023-10-31
9208,9208,Net Banking,Completed,2024-02-12
9209,9209,Net Banking,Completed,2025-01-08
9210,9210,Debit Card,Completed,2024-07-20
9211,9211,Credit Card,Completed,2024-01-19
9212,9212,Debit Card,Refunded,2024-07-31
9213,9213,Net Banking,Completed,2023-05-01
9214,9214,Debit Card,Completed,2024-10-29
9215,9215,UPI,Completed,2023-12-27
9216,9216,Wallet,Completed,2025-01-20
9217,9217,Net Banking,Refunded,2025-06-01
9218,9218,Credit Card,Completed,2023-12-24
9219,9219,UPI,Completed,2023-06-25
9220,9220,COD,Completed,2024-04-27
9221,9221,Net Banking,Completed,2024-10-29
9222,9222,Wallet,Completed,2024-09-15
9223,9223,UPI,Completed,2023-08-13
9224,9224,Net Banking,Completed,2024-11-22
9225,9225,COD,Completed,2023-04-20
9226,9226,Credit Card,Completed,2025-05-19
9227,9227,Wallet,Completed,2024-08-17
9228,9228,UPI,Completed,2023-06-10
9229,9229,COD,Completed,2025-06-04
9230,9230,Debit Card,Completed,2024-04-04
9231,9231,Wallet,Completed,2025-02-02
9232,9232,Debit Card,Completed,2024-11-02
9233,9233,COD,Completed,2024-05-29
9234,9234,Wallet,Completed,2024-02-24
9235,9235,Net Banking,Completed,2023-10-31
9236,9236,Net Banking,Completed,2025-04-23
9237,9237,Debit Card,Completed,2024-07-11
9238,9238,Wallet,Completed,2024-11-21
9239,9239,Wallet,Completed,2024-06-30
9240,9240,Net Banking,Completed,2023-11-07
9241,9241,Net Banking,Completed,2023-07-28
9242,9242,Credit Card,Completed,2023-06-22
9243,9243,Debit Card,Completed,2023-07-27
9244,9244,Wallet,Completed,2024-01-25
9245,9245,UPI,Completed,2025-04-15
9246,9246,Wallet,Completed,2025-01-11
9247,9247,Wallet,Completed,2023-01-30
9248,9248,Net Banking,Completed,2023-09-30
9249,9249,Debit Card,Completed,2023-05-13
9250,9250,Debit Card,Completed,2023-02-17
9251,9251,UPI,Completed,2023-02-24
9252,9252,UPI,Completed,2023-06-11
9253,9253,Wallet,Completed,2024-08-24
9254,9254,COD,Completed,2025-01-11
9255,9255,UPI,Completed,2025-01-26
9256,9256,COD,Completed,2024-10-05
9257,9257,Debit Card,Completed,2024-02-15
9258,9258,Credit Card,Completed,2024-06-15
9259,9259,COD,Completed,2024-03-12
9260,9260,COD,Completed,2023-02-24
9261,9261,Debit Card,Completed,2024-04-08
9262,9262,Debit Card,Completed,2025-04-07
9263,9263,COD,Completed,2023-12-09
9264,9264,UPI,Completed,2024-09-13
9265,9265,Net Banking,Completed,2024-10-20
9266,9266,Wallet,Completed,2024-04-10
9267,9267,Debit Card,Completed,2023-06-09
9268,9268,Debit Card,Completed,2024-04-09
9269,9269,COD,Completed,2024-02-24
9270,9270,COD,Completed,2023-02-26
9271,9271,Net Banking,Completed,2024-08-27
9272,9272,COD,Completed,2023-06-16
9273,9273,Debit Card,Completed,2024-08-04
9274,9274,Credit Card,Completed,2023-05-02
9275,9275,UPI,Completed,2024-04-26
9276,9276,Debit Card,Completed,2023-06-15
9277,9277,Credit Card,Completed,2023-05-27
9278,9278,Net Banking,Completed,2024-02-12
9279,9279,Wallet,Completed,2024-09-27
9280,9280,Wallet,Refunded,2024-09-29
9281,9281,UPI,Completed,2025-01-04
9282,9282,COD,Completed,2024-04-13
9283,9283,Credit Card,Completed,2023-10-18
9284,9284,UPI,Completed,2023-02-12
9285,9285,Net Banking,Completed,2023-01-23
9286,9286,Debit Card,Completed,2024-06-06
9287,9287,Net Banking,Completed,2023-04-10
9288,9288,UPI,Completed,2024-10-29
9289,9289,Credit Card,Completed,2023-02-24
9290,9290,COD,Completed,2023-09-24
9291,9291,Wallet,Completed,2023-07-18
9292,9292,Wallet,Completed,2023-04-30
9293,9293,COD,Completed,2024-01-23
9294,9294,Credit Card,Completed,2023-11-20
9295,9295,COD,Completed,2024-02-07
9296,9296,Debit Card,Completed,2023-12-05
9297,9297,Wallet,Completed,2024-06-16
9298,9298,Wallet,Completed,2024-10-27
9299,9299,UPI,Completed,2024-07-05
9300,9300,Net Banking,Completed,2024-07-28
9301,9301,Net Banking,Completed,2024-04-28
9302,9302,UPI,Completed,2024-11-15
9303,9303,UPI,Completed,2024-12-06
9304,9304,Credit Card,Completed,2024-02-29
9305,9305,Net Banking,Completed,2024-09-19
9306,9306,Credit Card,Refunded,2025-02-26
9307,9307,Debit Card,Completed,2024-08-24
9308,9308,Debit Card,Completed,2023-04-24
9309,9309,Net Banking,Completed,2024-11-25
9310,9310,Wallet,Completed,2023-09-18
9311,9311,Debit Card,Completed,2023-04-07
9312,9312,UPI,Completed,2023-08-27
9313,9313,Net Banking,Completed,2024-06-05
9314,9314,Net Banking,Completed,2023-07-22
9315,9315,Net Banking,Completed,2024-09-09
9316,9316,Credit Card,Completed,2024-08-30
9317,9317,Wallet,Completed,2023-05-28
9318,9318,COD,Completed,2024-04-14
9319,9319,Credit Card,Completed,2023-09-19
9320,9320,Net Banking,Refunded,2023-01-29
9321,9321,Wallet,Completed,2025-05-01
9322,9322,COD,Completed,2023-12-28
9323,9323,Credit Card,Completed,2025-03-04
9324,9324,Wallet,Completed,2023-11-09
9325,9325,Credit Card,Completed,2023-08-10
9326,9326,Net Banking,Completed,2025-02-10
9327,9327,UPI,Completed,2025-06-10
9328,9328,Net Banking,Completed,2023-06-13
9329,9329,Credit Card,Refunded,2024-07-24
9330,9330,UPI,Completed,2024-06-29
9331,9331,Wallet,Refunded,2023-06-24
9332,9332,Wallet,Completed,2024-12-30
9333,9333,COD,Completed,2024-07-01
9334,9334,COD,Completed,2024-11-20
9335,9335,Wallet,Completed,2024-12-12
9336,9336,Wallet,Completed,2024-11-10
9337,9337,Net Banking,Completed,2023-02-21
9338,9338,Debit Card,Completed,2024-12-23
9339,9339,Net Banking,Completed,2024-03-08
9340,9340,Net Banking,Completed,2023-07-29
9341,9341,Debit Card,Completed,2025-03-12
9342,9342,UPI,Completed,2025-06-05
9343,9343,UPI,Completed,2025-04-15
9344,9344,Net Banking,Completed,2024-09-10
9345,9345,COD,Completed,2023-07-06
9346,9346,Debit Card,Refunded,2025-04-22
9347,9347,Wallet,Completed,2023-01-21
9348,9348,Credit Card,Completed,2023-12-27
9349,9349,Debit Card,Completed,2024-11-26
9350,9350,Debit Card,Completed,2025-01-23
9351,9351,Wallet,Completed,2025-05-11
9352,9352,Net Banking,Completed,2023-05-19
9353,9353,COD,Completed,2024-07-08
9354,9354,COD,Completed,2024-03-25
9355,9355,UPI,Completed,2023-02-28
9356,9356,Credit Card,Completed,2024-04-18
9357,9357,Net Banking,Completed,2023-09-14
9358,9358,UPI,Completed,2024-05-23
9359,9359,COD,Completed,2023-10-14
9360,9360,Net Banking,Completed,2024-03-16
9361,9361,Wallet,Completed,2023-11-12
9362,9362,Net Banking,Completed,2024-08-28
9363,9363,Net Banking,Completed,2023-08-29
9364,9364,Debit Card,Completed,2025-02-28
9365,9365,Wallet,Completed,2025-05-20
9366,9366,Credit Card,Completed,2024-08-06
9367,9367,Net Banking,Completed,2024-07-14
9368,9368,Net Banking,Completed,2023-10-02
9369,9369,UPI,Completed,2024-01-07
9370,9370,Wallet,Completed,2024-03-17
9371,9371,UPI,Completed,2025-03-14
9372,9372,Debit Card,Completed,2024-01-04
9373,9373,Net Banking,Completed,2025-05-01
9374,9374,Credit Card,Completed,2025-02-21
9375,9375,UPI,Completed,2024-10-22
9376,9376,COD,Completed,2023-08-11
9377,9377,Credit Card,Completed,2023-09-23
9378,9378,Debit Card,Refunded,2024-06-02
9379,9379,Wallet,Completed,2023-10-15
9380,9380,Wallet,Completed,2024-06-09
9381,9381,Net Banking,Completed,2023-06-15
9382,9382,COD,Completed,2023-06-23
9383,9383,Credit Card,Completed,2024-05-12
9384,9384,COD,Completed,2024-04-14
9385,9385,Net Banking,Completed,2025-02-14
9386,9386,Wallet,Completed,2023-10-18
9387,9387,UPI,Completed,2024-02-24
9388,9388,Credit Card,Completed,2023-09-14
9389,9389,UPI,Completed,2024-01-23
9390,9390,Net Banking,Completed,2023-11-20
9391,9391,Wallet,Completed,2023-02-14
9392,9392,UPI,Completed,2024-05-19
9393,9393,UPI,Completed,2023-09-27
9394,9394,Credit Card,Completed,2023-08-29
9395,9395,UPI,Completed,2023-07-04
9396,9396,Net Banking,Completed,2024-07-29
9397,9397,COD,Completed,2023-03-19
9398,9398,Credit Card,Completed,2023-02-27
9399,9399,Credit Card,Completed,2024-09-04
9400,9400,UPI,Completed,2023-04-17
9401,9401,Debit Card,Completed,2024-10-05
9402,9402,Net Banking,Completed,2023-01-02
9403,9403,Credit Card,Completed,2025-03-23
9404,9404,Wallet,Completed,2023-10-19
9405,9405,Debit Card,Completed,2024-11-30
9406,9406,Net Banking,Completed,2024-09-10
9407,9407,UPI,Completed,2024-04-02
9408,9408,UPI,Completed,2025-03-12
9409,9409,Credit Card,Completed,2025-03-11
9410,9410,Wallet,Completed,2023-02-24
9411,9411,COD,Completed,2024-09-12
9412,9412,Net Banking,Completed,2023-11-25
9413,9413,Net Banking,Completed,2024-05-25
9414,9414,Credit Card,Completed,2025-04-07
9415,9415,Wallet,Completed,2024-11-27
9416,9416,Credit Card,Completed,2023-09-16
9417,9417,Credit Card,Completed,2024-06-09
9418,9418,Net Banking,Completed,2025-05-19
9419,9419,Credit Card,Completed,2024-03-25
9420,9420,UPI,Completed,2023-12-03
9421,9421,Debit Card,Completed,2025-02-13
9422,9422,Debit Card,Completed,2023-08-11
9423,9423,COD,Completed,2025-05-27
9424,9424,Credit Card,Completed,2023-01-04
9425,9425,Net Banking,Completed,2025-04-24
9426,9426,Net Banking,Completed,2024-09-02
9427,9427,Wallet,Completed,2024-09-12
9428,9428,UPI,Completed,2025-05-16
9429,9429,Credit Card,Completed,2023-02-19
9430,9430,COD,Completed,2023-12-13
9431,9431,Debit Card,Completed,2023-07-12
9432,9432,COD,Completed,2024-03-04
9433,9433,Net Banking,Completed,2023-04-26
9434,9434,COD,Completed,2023-06-09
9435,9435,UPI,Completed,2025-04-01
9436,9436,Wallet,Completed,2023-08-26
9437,9437,COD,Completed,2023-08-06
9438,9438,Debit Card,Completed,2024-11-26
9439,9439,Debit Card,Completed,2024-12-30
9440,9440,Wallet,Completed,2023-08-12
9441,9441,Net Banking,Completed,2023-07-17
9442,9442,UPI,Completed,2025-06-09
9443,9443,UPI,Completed,2023-03-04
9444,9444,Wallet,Completed,2023-02-09
9445,9445,Debit Card,Completed,2023-10-24
9446,9446,Wallet,Completed,2024-11-14
9447,9447,COD,Completed,2024-07-27
9448,9448,Debit Card,Completed,2024-06-02
9449,9449,UPI,Completed,2025-02-07
9450,9450,Debit Card,Completed,2023-08-06
9451,9451,Credit Card,Completed,2024-12-06
9452,9452,UPI,Completed,2024-02-08
9453,9453,Wallet,Completed,2023-08-31
9454,9454,Debit Card,Completed,2023-12-28
9455,9455,Debit Card,Completed,2023-10-16
9456,9456,Credit Card,Completed,2023-10-21
9457,9457,COD,Completed,2023-01-02
9458,9458,COD,Completed,2023-03-02
9459,9459,Debit Card,Completed,2023-05-17
9460,9460,Credit Card,Completed,2024-02-13
9461,9461,UPI,Completed,2023-11-06
9462,9462,Wallet,Completed,2024-04-14
9463,9463,UPI,Completed,2023-06-06
9464,9464,Credit Card,Completed,2024-09-04
9465,9465,UPI,Completed,2024-01-31
9466,9466,Net Banking,Completed,2025-05-22
9467,9467,COD,Completed,2025-04-04
9468,9468,Net Banking,Completed,2023-08-20
9469,9469,Debit Card,Completed,2023-11-04
9470,9470,COD,Refunded,2023-03-28
9471,9471,Net Banking,Completed,2024-05-05
9472,9472,UPI,Completed,2023-08-15
9473,9473,Credit Card,Completed,2025-03-08
9474,9474,Net Banking,Completed,2024-09-24
9475,9475,Net Banking,Completed,2024-12-26
9476,9476,COD,Completed,2024-04-11
9477,9477,UPI,Completed,2023-03-24
9478,9478,COD,Completed,2023-08-13
9479,9479,UPI,Completed,2023-10-20
9480,9480,Credit Card,Completed,2025-02-20
9481,9481,Credit Card,Completed,2024-08-02
9482,9482,COD,Completed,2024-11-15
9483,9483,COD,Completed,2023-02-20
9484,9484,Debit Card,Completed,2024-10-15
9485,9485,Wallet,Completed,2025-06-18
9486,9486,Credit Card,Completed,2025-04-03
9487,9487,Wallet,Completed,2024-08-07
9488,9488,COD,Completed,2024-05-23
9489,9489,COD,Refunded,2023-09-18
9490,9490,Wallet,Completed,2024-04-03
9491,9491,COD,Completed,2024-03-15
9492,9492,COD,Completed,2024-04-05
9493,9493,Credit Card,Completed,2023-12-11
9494,9494,Wallet,Refunded,2024-10-16
9495,9495,Wallet,Completed,2025-04-22
9496,9496,Debit Card,Completed,2025-02-27
9497,9497,Net Banking,Completed,2023-07-09
9498,9498,Debit Card,Completed,2024-05-17
9499,9499,UPI,Completed,2023-07-06
9500,9500,Credit Card,Completed,2024-07-20
9501,9501,UPI,Completed,2023-10-09
9502,9502,Net Banking,Completed,2024-02-14
9503,9503,Debit Card,Completed,2023-11-12
9504,9504,Credit Card,Completed,2024-03-26
9505,9505,Debit Card,Completed,2023-05-03
9506,9506,COD,Completed,2024-01-24
9507,9507,Wallet,Completed,2024-10-04
9508,9508,COD,Completed,2023-04-04
9509,9509,Credit Card,Completed,2025-05-22
9510,9510,Net Banking,Completed,2023-10-15
9511,9511,Credit Card,Completed,2024-06-13
9512,9512,Debit Card,Completed,2024-09-10
9513,9513,UPI,Completed,2024-08-01
9514,9514,UPI,Completed,2023-12-12
9515,9515,COD,Completed,2023-10-15
9516,9516,Credit Card,Completed,2023-01-08
9517,9517,Debit Card,Completed,2023-01-09
9518,9518,COD,Completed,2024-12-13
9519,9519,Net Banking,Completed,2024-01-29
9520,9520,UPI,Completed,2023-01-03
9521,9521,UPI,Completed,2024-10-17
9522,9522,Wallet,Completed,2024-01-08
9523,9523,UPI,Completed,2024-01-25
9524,9524,Credit Card,Completed,2024-06-25
9525,9525,COD,Completed,2024-04-22
9526,9526,Net Banking,Completed,2024-01-15
9527,9527,Net Banking,Completed,2025-05-05
9528,9528,COD,Completed,2025-03-21
9529,9529,Net Banking,Completed,2025-02-03
9530,9530,UPI,Completed,2024-03-17
9531,9531,COD,Refunded,2023-07-25
9532,9532,Wallet,Completed,2024-11-22
9533,9533,Net Banking,Completed,2025-01-28
9534,9534,Wallet,Completed,2023-11-07
9535,9535,Wallet,Completed,2024-12-30
9536,9536,COD,Completed,2023-04-07
9537,9537,COD,Completed,2023-01-02
9538,9538,COD,Completed,2024-04-09
9539,9539,Net Banking,Completed,2024-06-19
9540,9540,Credit Card,Completed,2024-06-28
9541,9541,Wallet,Completed,2024-03-22
9542,9542,Debit Card,Completed,2024-04-10
9543,9543,Wallet,Completed,2023-03-10
9544,9544,Credit Card,Completed,2023-07-25
9545,9545,UPI,Completed,2023-01-16
9546,9546,COD,Completed,2023-06-29
9547,9547,COD,Completed,2023-10-05
9548,9548,Credit Card,Completed,2023-10-18
9549,9549,Wallet,Completed,2024-05-15
9550,9550,Credit Card,Completed,2023-08-06
9551,9551,COD,Completed,2023-04-28
9552,9552,Credit Card,Refunded,2025-04-23
9553,9553,Wallet,Refunded,2023-08-18
9554,9554,Debit Card,Completed,2024-01-19
9555,9555,Wallet,Completed,2024-12-24
9556,9556,Debit Card,Completed,2023-04-24
9557,9557,Net Banking,Completed,2023-09-11
9558,9558,COD,Completed,2023-09-23
9559,9559,UPI,Completed,2025-05-02
9560,9560,Debit Card,Refunded,2024-11-30
9561,9561,UPI,Completed,2025-03-11
9562,9562,Debit Card,Completed,2024-10-28
9563,9563,Debit Card,Completed,2023-05-15
9564,9564,Net Banking,Completed,2023-12-11
9565,9565,UPI,Completed,2024-12-31
9566,9566,UPI,Completed,2024-07-06
9567,9567,Wallet,Completed,2024-11-11
9568,9568,UPI,Completed,2023-02-23
9569,9569,Net Banking,Completed,2023-08-06
9570,9570,Credit Card,Completed,2023-10-21
9571,9571,Debit Card,Completed,2024-08-08
9572,9572,Wallet,Completed,2024-05-26
9573,9573,Net Banking,Completed,2024-06-10
9574,9574,Debit Card,Completed,2024-06-18
9575,9575,COD,Completed,2024-08-10
9576,9576,Wallet,Completed,2024-11-07
9577,9577,Credit Card,Completed,2024-05-16
9578,9578,Credit Card,Completed,2025-03-01
9579,9579,COD,Completed,2024-04-15
9580,9580,Wallet,Completed,2025-02-02
9581,9581,Wallet,Completed,2024-09-05
9582,9582,Net Banking,Completed,2025-01-05
9583,9583,Credit Card,Completed,2024-06-14
9584,9584,UPI,Completed,2024-09-03
9585,9585,Debit Card,Completed,2024-10-28
9586,9586,UPI,Completed,2024-11-11
9587,9587,Wallet,Completed,2023-08-08
9588,9588,Credit Card,Completed,2024-09-07
9589,9589,Net Banking,Completed,2024-01-10
9590,9590,COD,Completed,2023-09-06
9591,9591,UPI,Completed,2024-09-07
9592,9592,Net Banking,Completed,2025-05-31
9593,9593,Debit Card,Completed,2025-01-13
9594,9594,COD,Completed,2024-03-08
9595,9595,Net Banking,Completed,2025-06-15
9596,9596,Net Banking,Completed,2023-02-23
9597,9597,Debit Card,Completed,2024-07-31
9598,9598,COD,Completed,2023-06-21
9599,9599,UPI,Completed,2024-05-15
9600,9600,Wallet,Completed,2024-09-21
9601,9601,COD,Completed,2025-02-19
9602,9602,Net Banking,Completed,2023-11-04
9603,9603,Credit Card,Completed,2023-08-26
9604,9604,Debit Card,Completed,2023-08-27
9605,9605,Wallet,Completed,2023-06-23
9606,9606,Wallet,Completed,2023-11-06
9607,9607,Net Banking,Completed,2023-06-03
9608,9608,Debit Card,Completed,2023-01-13
9609,9609,UPI,Completed,2023-04-06
9610,9610,Net Banking,Completed,2025-02-21
9611,9611,Credit Card,Completed,2024-05-12
9612,9612,Debit Card,Completed,2023-10-22
9613,9613,Debit Card,Completed,2025-02-23
9614,9614,Wallet,Completed,2023-08-19
9615,9615,Debit Card,Refunded,2023-10-21
9616,9616,Debit Card,Completed,2024-11-08
9617,9617,Net Banking,Completed,2025-04-07
9618,9618,COD,Completed,2024-01-13
9619,9619,COD,Completed,2024-12-20
9620,9620,Wallet,Completed,2023-08-01
9621,9621,COD,Completed,2024-07-27
9622,9622,Net Banking,Completed,2024-04-05
9623,9623,Net Banking,Completed,2025-05-17
9624,9624,Wallet,Completed,2024-10-29
9625,9625,Credit Card,Completed,2023-01-02
9626,9626,COD,Completed,2024-02-08
9627,9627,COD,Completed,2024-02-19
9628,9628,Debit Card,Completed,2024-09-18
9629,9629,UPI,Completed,2024-02-17
9630,9630,UPI,Completed,2024-03-30
9631,9631,Wallet,Completed,2023-03-04
9632,9632,Credit Card,Completed,2024-01-23
9633,9633,UPI,Completed,2023-04-10
9634,9634,COD,Completed,2024-05-15
9635,9635,COD,Completed,2024-01-18
9636,9636,Debit Card,Completed,2023-01-03
9637,9637,Wallet,Completed,2024-03-24
9638,9638,Debit Card,Completed,2023-07-20
9639,9639,Credit Card,Completed,2025-02-23
9640,9640,Net Banking,Completed,2025-01-28
9641,9641,Wallet,Completed,2023-02-02
9642,9642,COD,Completed,2023-11-23
9643,9643,Debit Card,Completed,2023-06-28
9644,9644,Wallet,Completed,2023-08-11
9645,9645,Net Banking,Completed,2024-12-15
9646,9646,Debit Card,Completed,2023-09-14
9647,9647,Wallet,Completed,2023-01-29
9648,9648,Debit Card,Completed,2025-01-05
9649,9649,Net Banking,Completed,2023-12-07
9650,9650,Net Banking,Completed,2025-05-05
9651,9651,UPI,Completed,2023-11-06
9652,9652,Credit Card,Completed,2024-03-13
9653,9653,Wallet,Completed,2023-12-16
9654,9654,Net Banking,Completed,2023-04-02
9655,9655,Net Banking,Completed,2024-05-14
9656,9656,Wallet,Completed,2023-03-15
9657,9657,Net Banking,Completed,2023-04-28
9658,9658,UPI,Completed,2023-04-05
9659,9659,UPI,Completed,2024-06-17
9660,9660,Net Banking,Completed,2024-07-09
9661,9661,Wallet,Completed,2023-12-14
9662,9662,Wallet,Completed,2023-03-25
9663,9663,Debit Card,Completed,2023-05-22
9664,9664,COD,Completed,2024-05-14
9665,9665,Net Banking,Completed,2024-08-01
9666,9666,Net Banking,Completed,2023-09-15
9667,9667,Wallet,Completed,2023-02-03
9668,9668,COD,Completed,2025-01-28
9669,9669,Credit Card,Completed,2023-11-23
9670,9670,COD,Completed,2024-07-19
9671,9671,Net Banking,Completed,2024-09-11
9672,9672,Wallet,Completed,2023-03-07
9673,9673,Credit Card,Refunded,2024-10-28
9674,9674,COD,Completed,2024-07-01
9675,9675,COD,Completed,2023-11-16
9676,9676,COD,Completed,2023-06-17
9677,9677,COD,Completed,2023-03-11
9678,9678,Net Banking,Completed,2023-03-15
9679,9679,COD,Refunded,2023-05-20
9680,9680,UPI,Completed,2024-01-17
9681,9681,COD,Completed,2024-05-06
9682,9682,Credit Card,Completed,2025-01-05
9683,9683,UPI,Completed,2024-03-17
9684,9684,UPI,Completed,2024-09-20
9685,9685,Credit Card,Completed,2023-06-23
9686,9686,COD,Completed,2024-06-28
9687,9687,Net Banking,Completed,2023-04-10
9688,9688,Debit Card,Completed,2024-03-24
9689,9689,Credit Card,Completed,2024-09-24
9690,9690,COD,Completed,2024-12-24
9691,9691,COD,Completed,2025-02-14
9692,9692,Debit Card,Completed,2025-03-01
9693,9693,Debit Card,Completed,2024-03-10
9694,9694,Net Banking,Completed,2023-08-17
9695,9695,Credit Card,Completed,2025-03-24
9696,9696,Credit Card,Completed,2023-09-02
9697,9697,Credit Card,Completed,2024-12-23
9698,9698,Net Banking,Refunded,2024-03-11
9699,9699,Wallet,Completed,2024-03-06
9700,9700,UPI,Completed,2024-08-31
9701,9701,Debit Card,Completed,2024-01-21
9702,9702,Debit Card,Completed,2024-02-27
9703,9703,Credit Card,Completed,2025-03-02
9704,9704,Wallet,Refunded,2024-10-31
9705,9705,UPI,Completed,2023-03-25
9706,9706,COD,Completed,2023-08-16
9707,9707,Net Banking,Completed,2023-10-02
9708,9708,COD,Completed,2025-01-22
9709,9709,Wallet,Completed,2023-01-09
9710,9710,Wallet,Completed,2023-11-20
9711,9711,Debit Card,Completed,2023-12-16
9712,9712,COD,Completed,2023-08-02
9713,9713,Debit Card,Completed,2024-01-01
9714,9714,Net Banking,Completed,2023-07-29
9715,9715,Net Banking,Completed,2023-06-20
9716,9716,Net Banking,Completed,2023-03-09
9717,9717,COD,Completed,2023-05-06
9718,9718,Credit Card,Completed,2024-04-21
9719,9719,Wallet,Completed,2024-02-09
9720,9720,Credit Card,Completed,2024-06-01
9721,9721,COD,Completed,2023-07-04
9722,9722,UPI,Completed,2024-10-07
9723,9723,UPI,Completed,2023-01-09
9724,9724,Net Banking,Completed,2025-04-21
9725,9725,Debit Card,Completed,2025-01-02
9726,9726,UPI,Completed,2023-12-11
9727,9727,Wallet,Completed,2025-05-29
9728,9728,Credit Card,Completed,2024-03-11
9729,9729,UPI,Completed,2024-11-08
9730,9730,UPI,Completed,2024-12-29
9731,9731,COD,Completed,2025-06-04
9732,9732,Credit Card,Completed,2023-03-16
9733,9733,Debit Card,Completed,2023-12-14
9734,9734,Wallet,Completed,2024-09-16
9735,9735,Credit Card,Refunded,2023-12-10
9736,9736,COD,Completed,2024-06-27
9737,9737,COD,Completed,2025-01-30
9738,9738,Credit Card,Completed,2023-07-22
9739,9739,Net Banking,Completed,2024-04-20
9740,9740,Net Banking,Completed,2024-07-27
9741,9741,Debit Card,Completed,2023-07-03
9742,9742,Credit Card,Completed,2024-04-26
9743,9743,Wallet,Completed,2023-12-31
9744,9744,Wallet,Completed,2024-01-25
9745,9745,Wallet,Completed,2024-12-16
9746,9746,UPI,Completed,2025-04-17
9747,9747,Net Banking,Completed,2024-12-17
9748,9748,COD,Completed,2024-05-15
9749,9749,UPI,Completed,2023-06-16
9750,9750,Credit Card,Refunded,2023-12-04
9751,9751,Debit Card,Completed,2023-11-25
9752,9752,UPI,Completed,2024-12-26
9753,9753,Debit Card,Completed,2023-11-11
9754,9754,UPI,Completed,2025-01-03
9755,9755,Net Banking,Completed,2023-03-15
9756,9756,Credit Card,Completed,2023-12-13
9757,9757,Credit Card,Completed,2024-07-14
9758,9758,Wallet,Completed,2023-09-15
9759,9759,Net Banking,Completed,2023-03-25
9760,9760,Net Banking,Completed,2025-02-04
9761,9761,Net Banking,Completed,2023-05-15
9762,9762,Credit Card,Completed,2023-01-11
9763,9763,Net Banking,Completed,2025-03-07
9764,9764,COD,Completed,2025-03-31
9765,9765,UPI,Completed,2024-09-19
9766,9766,UPI,Completed,2023-10-14
9767,9767,UPI,Completed,2024-08-03
9768,9768,UPI,Completed,2024-04-17
9769,9769,COD,Completed,2024-01-16
9770,9770,Credit Card,Completed,2025-01-08
9771,9771,Credit Card,Completed,2024-03-25
9772,9772,Credit Card,Completed,2023-08-08
9773,9773,Net Banking,Completed,2023-07-20
9774,9774,Credit Card,Completed,2025-03-24
9775,9775,Net Banking,Completed,2025-05-26
9776,9776,Debit Card,Completed,2024-12-07
9777,9777,COD,Completed,2024-07-18
9778,9778,Debit Card,Completed,2024-07-28
9779,9779,Debit Card,Completed,2025-05-19
9780,9780,Wallet,Completed,2024-06-06
9781,9781,Debit Card,Completed,2023-12-27
9782,9782,Wallet,Completed,2025-06-09
9783,9783,Net Banking,Completed,2025-02-05
9784,9784,Credit Card,Completed,2023-08-08
9785,9785,UPI,Completed,2024-10-28
9786,9786,Credit Card,Completed,2023-02-05
9787,9787,COD,Completed,2024-09-25
9788,9788,COD,Completed,2023-08-03
9789,9789,COD,Completed,2024-06-04
9790,9790,UPI,Completed,2023-04-06
9791,9791,Credit Card,Completed,2024-02-19
9792,9792,Debit Card,Completed,2023-11-04
9793,9793,COD,Completed,2024-08-29
9794,9794,Wallet,Completed,2025-05-12
9795,9795,COD,Completed,2024-05-04
9796,9796,UPI,Completed,2025-05-20
9797,9797,Debit Card,Completed,2024-12-21
9798,9798,Credit Card,Refunded,2023-12-11
9799,9799,Wallet,Completed,2024-01-20
9800,9800,Wallet,Completed,2023-04-28
9801,9801,Net Banking,Completed,2023-10-15
9802,9802,COD,Completed,2023-06-27
9803,9803,UPI,Completed,2025-06-04
9804,9804,UPI,Completed,2024-05-20
9805,9805,Wallet,Completed,2024-03-01
9806,9806,COD,Completed,2024-06-29
9807,9807,Net Banking,Completed,2023-02-01
9808,9808,COD,Completed,2024-02-19
9809,9809,COD,Completed,2024-10-20
9810,9810,Wallet,Completed,2023-10-28
9811,9811,Net Banking,Completed,2024-11-14
9812,9812,COD,Completed,2023-05-19
9813,9813,Wallet,Completed,2023-12-11
9814,9814,Credit Card,Completed,2024-08-30
9815,9815,Debit Card,Refunded,2025-01-14
9816,9816,Wallet,Completed,2024-08-06
9817,9817,Wallet,Completed,2023-10-21
9818,9818,UPI,Completed,2023-09-14
9819,9819,Debit Card,Completed,2023-09-12
9820,9820,Net Banking,Completed,2023-12-18
9821,9821,Debit Card,Completed,2024-07-25
9822,9822,Net Banking,Completed,2025-05-08
9823,9823,Wallet,Completed,2024-10-25
9824,9824,COD,Completed,2024-12-23
9825,9825,Credit Card,Completed,2024-01-21
9826,9826,Credit Card,Completed,2025-04-06
9827,9827,Credit Card,Completed,2024-08-11
9828,9828,Debit Card,Completed,2024-04-19
9829,9829,UPI,Completed,2024-05-15
9830,9830,COD,Completed,2025-03-08
9831,9831,Net Banking,Completed,2023-07-06
9832,9832,Net Banking,Completed,2024-08-28
9833,9833,Credit Card,Completed,2024-03-25
9834,9834,Credit Card,Completed,2023-04-03
9835,9835,UPI,Completed,2024-01-30
9836,9836,Debit Card,Completed,2024-05-12
9837,9837,Credit Card,Completed,2024-01-06
9838,9838,UPI,Completed,2023-05-01
9839,9839,UPI,Completed,2023-03-14
9840,9840,Wallet,Completed,2025-06-02
9841,9841,Debit Card,Completed,2023-06-19
9842,9842,UPI,Completed,2025-02-24
9843,9843,Debit Card,Completed,2023-09-16
9844,9844,COD,Completed,2024-05-03
9845,9845,Credit Card,Completed,2025-02-23
9846,9846,Wallet,Completed,2023-04-13
9847,9847,Wallet,Completed,2025-05-07
9848,9848,Net Banking,Completed,2024-06-21
9849,9849,Credit Card,Completed,2023-06-22
9850,9850,UPI,Completed,2023-04-26
9851,9851,UPI,Completed,2023-07-19
9852,9852,Wallet,Completed,2024-07-20
9853,9853,Debit Card,Completed,2025-01-09
9854,9854,COD,Completed,2024-03-05
9855,9855,Net Banking,Completed,2024-07-13
9856,9856,COD,Completed,2024-06-16
9857,9857,Debit Card,Completed,2025-05-29
9858,9858,COD,Completed,2023-03-13
9859,9859,UPI,Completed,2023-07-30
9860,9860,COD,Completed,2025-01-02
9861,9861,COD,Completed,2025-01-16
9862,9862,Wallet,Completed,2023-08-03
9863,9863,Debit Card,Completed,2023-09-27
9864,9864,Net Banking,Completed,2023-12-16
9865,9865,UPI,Completed,2023-04-22
9866,9866,UPI,Completed,2023-01-28
9867,9867,Net Banking,Completed,2023-10-29
9868,9868,Debit Card,Completed,2023-09-15
9869,9869,Wallet,Completed,2025-03-31
9870,9870,Net Banking,Completed,2023-05-02
9871,9871,Credit Card,Completed,2025-03-18
9872,9872,UPI,Completed,2024-09-22
9873,9873,Credit Card,Completed,2023-03-12
9874,9874,Net Banking,Completed,2025-05-29
9875,9875,COD,Completed,2023-12-21
9876,9876,Credit Card,Completed,2024-01-25
9877,9877,Wallet,Completed,2025-01-01
9878,9878,Net Banking,Completed,2024-09-23
9879,9879,Wallet,Completed,2024-07-15
9880,9880,Net Banking,Completed,2025-04-17
9881,9881,Wallet,Completed,2024-08-13
9882,9882,Wallet,Completed,2024-11-18
9883,9883,Wallet,Completed,2023-11-15
9884,9884,Net Banking,Completed,2024-05-08
9885,9885,UPI,Completed,2023-11-27
9886,9886,Net Banking,Refunded,2025-06-05
9887,9887,COD,Completed,2023-08-29
9888,9888,Net Banking,Completed,2024-01-12
9889,9889,UPI,Completed,2023-04-10
9890,9890,Debit Card,Completed,2023-09-23
9891,9891,COD,Completed,2024-09-26
9892,9892,COD,Completed,2024-03-23
9893,9893,Debit Card,Completed,2023-12-23
9894,9894,Credit Card,Completed,2025-04-25
9895,9895,COD,Completed,2024-06-03
9896,9896,Debit Card,Completed,2023-03-17
9897,9897,Wallet,Completed,2024-03-14
9898,9898,COD,Completed,2023-10-18
9899,9899,Credit Card,Completed,2024-01-04
9900,9900,UPI,Completed,2023-01-12
9901,9901,UPI,Completed,2023-11-09
9902,9902,Credit Card,Completed,2024-05-06
9903,9903,Debit Card,Completed,2025-06-02
9904,9904,Net Banking,Completed,2023-12-25
9905,9905,UPI,Completed,2023-02-26
9906,9906,Net Banking,Completed,2023-07-25
9907,9907,UPI,Completed,2024-06-20
9908,9908,Net Banking,Completed,2025-06-02
9909,9909,COD,Completed,2023-08-21
9910,9910,Credit Card,Completed,2023-06-26
9911,9911,COD,Completed,2023-01-27
9912,9912,Net Banking,Completed,2023-03-13
9913,9913,Net Banking,Completed,2023-07-19
9914,9914,Debit Card,Completed,2025-03-27
9915,9915,Wallet,Completed,2024-06-09
9916,9916,Net Banking,Completed,2023-07-01
9917,9917,COD,Completed,2023-05-14
9918,9918,Credit Card,Completed,2023-10-06
9919,9919,Debit Card,Completed,2023-12-16
9920,9920,Debit Card,Completed,2023-01-14
9921,9921,Credit Card,Completed,2024-02-02
9922,9922,COD,Completed,2023-09-11
9923,9923,Net Banking,Completed,2023-01-07
9924,9924,UPI,Completed,2023-08-25
9925,9925,COD,Completed,2025-03-30
9926,9926,Wallet,Completed,2023-06-19
9927,9927,Net Banking,Refunded,2023-03-20
9928,9928,Debit Card,Completed,2023-07-30
9929,9929,Credit Card,Completed,2023-03-29
9930,9930,UPI,Completed,2023-12-07
9931,9931,Debit Card,Completed,2023-08-12
9932,9932,Net Banking,Refunded,2025-02-22
9933,9933,Wallet,Completed,2023-10-14
9934,9934,Wallet,Completed,2024-06-29
9935,9935,Debit Card,Completed,2024-11-28
9936,9936,Wallet,Completed,2023-12-10
9937,9937,Debit Card,Completed,2025-05-05
9938,9938,Credit Card,Completed,2024-05-02
9939,9939,Net Banking,Completed,2025-01-16
9940,9940,Debit Card,Completed,2024-11-24
9941,9941,Debit Card,Completed,2024-02-25
9942,9942,Wallet,Completed,2024-11-20
9943,9943,Debit Card,Completed,2025-01-14
9944,9944,Wallet,Completed,2024-06-16
9945,9945,Credit Card,Completed,2024-04-26
9946,9946,UPI,Completed,2024-01-30
9947,9947,UPI,Completed,2023-03-16
9948,9948,Credit Card,Completed,2024-09-29
9949,9949,Debit Card,Completed,2024-11-23
9950,9950,UPI,Completed,2024-01-28
9951,9951,UPI,Completed,2025-05-06
9952,9952,Wallet,Completed,2023-07-09
9953,9953,UPI,Completed,2024-02-21
9954,9954,Wallet,Completed,2023-03-27
9955,9955,Debit Card,Completed,2025-03-10
9956,9956,UPI,Completed,2023-09-17
9957,9957,Credit Card,Completed,2024-12-01
9958,9958,COD,Completed,2023-05-02
9959,9959,COD,Completed,2025-03-27
9960,9960,Debit Card,Completed,2023-05-16
9961,9961,Credit Card,Completed,2024-11-01
9962,9962,COD,Completed,2025-02-13
9963,9963,Debit Card,Completed,2023-06-18
9964,9964,Net Banking,Completed,2023-04-07
9965,9965,Debit Card,Completed,2024-07-23
9966,9966,COD,Completed,2023-06-03
9967,9967,Debit Card,Completed,2024-10-19
9968,9968,COD,Completed,2023-04-23
9969,9969,UPI,Completed,2024-04-16
9970,9970,Debit Card,Completed,2025-04-01
9971,9971,UPI,Completed,2023-04-06
9972,9972,UPI,Completed,2024-07-26
9973,9973,Net Banking,Completed,2024-08-18
9974,9974,Credit Card,Completed,2025-01-02
9975,9975,Debit Card,Completed,2024-10-26
9976,9976,Credit Card,Completed,2023-11-18
9977,9977,Net Banking,Completed,2024-10-06
9978,9978,Net Banking,Completed,2024-06-27
9979,9979,Credit Card,Completed,2023-09-17
9980,9980,UPI,Completed,2023-08-08
9981,9981,COD,Completed,2023-11-07
9982,9982,COD,Completed,2023-07-29
9983,9983,Credit Card,Completed,2024-11-07
9984,9984,Debit Card,Completed,2025-01-26
9985,9985,Net Banking,Completed,2023-01-21
9986,9986,Wallet,Refunded,2024-04-23
9987,9987,UPI,Completed,2024-06-01
9988,9988,COD,Completed,2025-04-09
9989,9989,UPI,Completed,2024-09-09
9990,9990,COD,Completed,2024-08-20
9991,9991,COD,Completed,2024-08-19
9992,9992,Debit Card,Completed,2024-01-24
9993,9993,COD,Completed,2024-01-27
9994,9994,Wallet,Completed,2025-01-25
9995,9995,Credit Card,Completed,2023-04-18
9996,9996,COD,Completed,2023-02-10
9997,9997,Credit Card,Refunded,2024-02-05
9998,9998,UPI,Completed,2023-01-05
9999,9999,Debit Card,Completed,2024-01-13
10000,10000,Net Banking,Completed,2024-04-24
10001,10001,COD,Completed,2025-05-05
10002,10002,Credit Card,Completed,2023-08-14
10003,10003,Wallet,Completed,2024-05-24
10004,10004,Debit Card,Completed,2023-04-09
10005,10005,Net Banking,Completed,2024-06-04
10006,10006,COD,Completed,2025-01-25
10007,10007,Credit Card,Completed,2024-09-14
10008,10008,Debit Card,Completed,2023-08-24
10009,10009,COD,Completed,2024-06-29
10010,10010,UPI,Completed,2024-09-15
10011,10011,Debit Card,Completed,2025-04-03
10012,10012,Credit Card,Completed,2023-04-01
10013,10013,Wallet,Completed,2023-06-04
10014,10014,Credit Card,Completed,2023-09-21
10015,10015,COD,Completed,2024-05-29
10016,10016,UPI,Completed,2024-06-22
10017,10017,UPI,Completed,2024-09-12
10018,10018,UPI,Completed,2024-08-06
10019,10019,Net Banking,Completed,2023-07-26
10020,10020,Net Banking,Completed,2024-08-26
10021,10021,Wallet,Completed,2024-03-30
10022,10022,Wallet,Completed,2024-11-11
10023,10023,Net Banking,Completed,2025-01-25
10024,10024,Wallet,Completed,2023-09-11
10025,10025,Debit Card,Refunded,2023-10-27
10026,10026,COD,Completed,2024-09-30
10027,10027,Debit Card,Completed,2024-06-29
10028,10028,UPI,Completed,2024-12-25
10029,10029,Credit Card,Completed,2024-07-01
10030,10030,Debit Card,Completed,2023-06-11
10031,10031,Net Banking,Completed,2024-11-28
10032,10032,COD,Completed,2023-11-09
10033,10033,Credit Card,Completed,2023-01-14
10034,10034,Net Banking,Completed,2023-02-03
10035,10035,UPI,Completed,2023-11-15
10036,10036,UPI,Completed,2024-07-28
10037,10037,Wallet,Completed,2023-01-12
10038,10038,Debit Card,Completed,2024-12-09
10039,10039,UPI,Completed,2024-11-21
10040,10040,UPI,Completed,2025-05-07
10041,10041,Credit Card,Completed,2023-07-30
10042,10042,Wallet,Completed,2025-04-01
10043,10043,UPI,Completed,2023-04-16
10044,10044,Net Banking,Completed,2024-04-23
10045,10045,Net Banking,Completed,2024-08-27
10046,10046,Credit Card,Refunded,2024-12-11
10047,10047,COD,Completed,2023-09-07
10048,10048,Wallet,Completed,2025-06-08
10049,10049,Wallet,Completed,2024-08-13
10050,10050,Credit Card,Completed,2023-01-11
10051,10051,Net Banking,Completed,2023-06-21
10052,10052,Debit Card,Completed,2024-05-29
10053,10053,UPI,Completed,2024-03-07
10054,10054,Wallet,Completed,2024-08-12
10055,10055,Wallet,Completed,2023-01-18
10056,10056,Credit Card,Completed,2023-05-11
10057,10057,Wallet,Completed,2025-01-13
10058,10058,Debit Card,Completed,2023-03-01
10059,10059,Net Banking,Completed,2025-05-04
10060,10060,COD,Completed,2025-02-02
10061,10061,UPI,Completed,2023-11-03
10062,10062,UPI,Completed,2023-10-06
10063,10063,COD,Completed,2023-11-03
10064,10064,Net Banking,Completed,2025-02-11
10065,10065,UPI,Completed,2024-04-01
10066,10066,Wallet,Completed,2024-10-06
10067,10067,Net Banking,Completed,2023-05-02
10068,10068,Credit Card,Completed,2024-04-12
10069,10069,Credit Card,Completed,2023-03-21
10070,10070,COD,Refunded,2023-09-04
10071,10071,Credit Card,Completed,2023-05-12
10072,10072,UPI,Completed,2025-04-02
10073,10073,Debit Card,Completed,2024-05-18
10074,10074,Credit Card,Completed,2023-02-13
10075,10075,Debit Card,Completed,2023-03-25
10076,10076,COD,Completed,2023-12-10
10077,10077,Wallet,Completed,2024-07-01
10078,10078,UPI,Completed,2024-08-14
10079,10079,COD,Completed,2025-03-28
10080,10080,Debit Card,Completed,2023-09-04
10081,10081,UPI,Completed,2024-05-22
10082,10082,Wallet,Completed,2023-08-25
10083,10083,Credit Card,Completed,2023-05-25
10084,10084,Credit Card,Completed,2024-06-01
10085,10085,COD,Completed,2024-04-21
10086,10086,COD,Completed,2025-05-12
10087,10087,Credit Card,Completed,2023-03-22
10088,10088,COD,Completed,2024-05-26
10089,10089,Debit Card,Completed,2024-09-25
10090,10090,Net Banking,Completed,2023-03-22
10091,10091,Credit Card,Completed,2024-04-01
10092,10092,Net Banking,Completed,2025-01-07
10093,10093,Wallet,Completed,2024-07-12
10094,10094,COD,Completed,2024-02-18
10095,10095,Wallet,Completed,2024-01-30
10096,10096,COD,Completed,2025-03-07
10097,10097,Debit Card,Completed,2024-07-27
10098,10098,Wallet,Completed,2023-06-03
10099,10099,Credit Card,Completed,2025-06-18
10100,10100,Wallet,Completed,2024-03-02
10101,10101,Net Banking,Completed,2025-02-24
10102,10102,Credit Card,Completed,2023-12-27
10103,10103,Wallet,Completed,2023-09-22
10104,10104,Net Banking,Refunded,2024-02-04
10105,10105,Net Banking,Completed,2024-04-15
10106,10106,Net Banking,Completed,2024-06-30
10107,10107,Net Banking,Completed,2025-03-27
10108,10108,Debit Card,Completed,2024-08-12
10109,10109,UPI,Completed,2023-07-25
10110,10110,Credit Card,Completed,2024-10-15
10111,10111,Net Banking,Completed,2024-08-03
10112,10112,Credit Card,Completed,2024-05-04
10113,10113,Wallet,Completed,2024-09-13
10114,10114,Credit Card,Completed,2025-05-15
10115,10115,UPI,Completed,2024-07-30
10116,10116,COD,Completed,2024-06-23
10117,10117,Net Banking,Completed,2023-06-07
10118,10118,Debit Card,Completed,2024-12-10
10119,10119,Credit Card,Completed,2023-11-12
10120,10120,Debit Card,Completed,2024-08-31
10121,10121,Net Banking,Completed,2025-04-24
10122,10122,UPI,Completed,2023-04-13
10123,10123,Net Banking,Completed,2023-07-15
10124,10124,COD,Completed,2023-07-07
10125,10125,Debit Card,Completed,2023-11-01
10126,10126,Net Banking,Completed,2024-05-20
10127,10127,Debit Card,Completed,2023-05-13
10128,10128,Credit Card,Completed,2024-09-22
10129,10129,Credit Card,Completed,2024-07-12
10130,10130,Credit Card,Completed,2023-07-21
10131,10131,Credit Card,Completed,2025-01-31
10132,10132,UPI,Completed,2025-04-25
10133,10133,Wallet,Completed,2023-08-02
10134,10134,Wallet,Completed,2024-11-01
10135,10135,UPI,Completed,2024-09-03
10136,10136,Credit Card,Completed,2023-06-27
10137,10137,UPI,Completed,2025-02-19
10138,10138,Debit Card,Completed,2024-01-15
10139,10139,Net Banking,Completed,2025-03-28
10140,10140,Credit Card,Completed,2025-06-14
10141,10141,UPI,Completed,2025-05-25
10142,10142,COD,Completed,2025-04-23
10143,10143,COD,Completed,2023-12-04
10144,10144,UPI,Completed,2024-08-13
10145,10145,UPI,Completed,2023-04-19
10146,10146,UPI,Completed,2023-11-06
10147,10147,Credit Card,Completed,2025-02-16
10148,10148,Credit Card,Completed,2024-05-08
10149,10149,Debit Card,Completed,2025-05-13
10150,10150,Wallet,Completed,2024-10-15
10151,10151,Debit Card,Completed,2024-04-01
10152,10152,Credit Card,Completed,2024-02-17
10153,10153,Credit Card,Refunded,2024-09-09
10154,10154,COD,Completed,2023-01-02
10155,10155,Net Banking,Completed,2023-07-03
10156,10156,Wallet,Completed,2025-06-11
10157,10157,Credit Card,Completed,2023-09-11
10158,10158,Wallet,Completed,2024-04-18
10159,10159,UPI,Completed,2024-02-15
10160,10160,UPI,Completed,2023-12-15
10161,10161,Wallet,Completed,2023-03-28
10162,10162,Credit Card,Refunded,2023-12-15
10163,10163,COD,Completed,2024-08-29
10164,10164,COD,Completed,2023-02-04
10165,10165,Debit Card,Completed,2023-07-19
10166,10166,Debit Card,Completed,2023-08-29
10167,10167,Debit Card,Completed,2023-04-13
10168,10168,Net Banking,Completed,2024-09-10
10169,10169,COD,Completed,2023-03-08
10170,10170,Debit Card,Completed,2024-05-03
10171,10171,Wallet,Completed,2025-04-17
10172,10172,Credit Card,Completed,2023-11-22
10173,10173,Credit Card,Completed,2023-12-20
10174,10174,Wallet,Completed,2024-02-16
10175,10175,COD,Completed,2025-05-02
10176,10176,Credit Card,Completed,2025-04-29
10177,10177,Credit Card,Completed,2025-02-20
10178,10178,UPI,Refunded,2024-07-14
10179,10179,COD,Completed,2023-06-05
10180,10180,Credit Card,Completed,2025-05-22
10181,10181,Debit Card,Completed,2023-04-02
10182,10182,Wallet,Completed,2024-10-22
10183,10183,Credit Card,Completed,2023-06-19
10184,10184,Debit Card,Completed,2023-12-31
10185,10185,Wallet,Completed,2023-12-30
10186,10186,Net Banking,Completed,2023-07-14
10187,10187,UPI,Completed,2025-03-02
10188,10188,Wallet,Completed,2024-01-31
10189,10189,Net Banking,Completed,2023-03-27
10190,10190,UPI,Completed,2024-06-13
10191,10191,UPI,Completed,2024-11-21
10192,10192,Net Banking,Completed,2025-04-15
10193,10193,UPI,Completed,2023-09-01
10194,10194,Debit Card,Completed,2025-02-03
10195,10195,Debit Card,Completed,2024-09-20
10196,10196,Credit Card,Completed,2025-02-13
10197,10197,Debit Card,Completed,2024-08-16
10198,10198,Debit Card,Completed,2024-01-04
10199,10199,Net Banking,Completed,2025-05-06
10200,10200,COD,Completed,2024-03-02
10201,10201,Credit Card,Completed,2025-03-18
10202,10202,UPI,Completed,2025-05-05
10203,10203,Credit Card,Completed,2023-10-10
10204,10204,Debit Card,Completed,2024-02-03
10205,10205,Debit Card,Completed,2023-02-12
10206,10206,UPI,Completed,2024-11-06
10207,10207,Net Banking,Refunded,2025-03-01
10208,10208,Net Banking,Completed,2023-12-13
10209,10209,Wallet,Completed,2023-02-15
10210,10210,Debit Card,Completed,2025-01-19
10211,10211,Credit Card,Completed,2024-09-19
10212,10212,Credit Card,Completed,2025-03-11
10213,10213,Debit Card,Completed,2025-02-09
10214,10214,Credit Card,Completed,2023-08-28
10215,10215,Debit Card,Completed,2023-07-04
10216,10216,Debit Card,Completed,2024-02-13
10217,10217,UPI,Completed,2025-05-09
10218,10218,Wallet,Completed,2025-05-30
10219,10219,Wallet,Completed,2024-10-30
10220,10220,UPI,Completed,2024-10-07
10221,10221,Debit Card,Completed,2024-02-09
10222,10222,COD,Completed,2024-09-02
10223,10223,Net Banking,Completed,2024-10-02
10224,10224,Wallet,Completed,2023-01-31
10225,10225,Net Banking,Completed,2025-01-22
10226,10226,UPI,Completed,2025-01-18
10227,10227,Wallet,Completed,2025-01-11
10228,10228,Debit Card,Completed,2024-12-04
10229,10229,Net Banking,Completed,2024-02-08
10230,10230,UPI,Completed,2025-03-17
10231,10231,Wallet,Completed,2023-08-05
10232,10232,Credit Card,Completed,2023-08-01
10233,10233,Debit Card,Completed,2024-08-03
10234,10234,UPI,Completed,2023-06-21
10235,10235,Debit Card,Completed,2024-10-29
10236,10236,Credit Card,Completed,2025-05-06
10237,10237,Wallet,Refunded,2024-12-01
10238,10238,COD,Completed,2024-11-17
10239,10239,COD,Completed,2023-04-07
10240,10240,UPI,Completed,2023-01-09
10241,10241,COD,Completed,2023-01-05
10242,10242,UPI,Completed,2025-03-12
10243,10243,Net Banking,Completed,2023-06-02
10244,10244,Credit Card,Completed,2023-11-23
10245,10245,UPI,Completed,2023-11-13
10246,10246,Debit Card,Completed,2024-12-12
10247,10247,Debit Card,Completed,2024-02-06
10248,10248,UPI,Completed,2024-05-01
10249,10249,UPI,Completed,2025-02-23
10250,10250,Credit Card,Completed,2023-07-31
10251,10251,UPI,Refunded,2024-08-28
10252,10252,Debit Card,Completed,2024-11-09
10253,10253,Debit Card,Completed,2025-05-24
10254,10254,Wallet,Refunded,2025-03-11
10255,10255,Debit Card,Completed,2023-06-30
10256,10256,Net Banking,Completed,2025-01-05
10257,10257,Net Banking,Completed,2023-10-27
10258,10258,UPI,Completed,2025-01-03
10259,10259,Debit Card,Completed,2023-11-25
10260,10260,Debit Card,Completed,2024-02-07
10261,10261,Net Banking,Refunded,2024-10-15
10262,10262,Debit Card,Completed,2024-04-11
10263,10263,Credit Card,Completed,2023-04-02
10264,10264,Credit Card,Completed,2023-03-21
10265,10265,Wallet,Completed,2024-01-30
10266,10266,Debit Card,Completed,2025-04-20
10267,10267,Wallet,Completed,2023-08-12
10268,10268,Net Banking,Completed,2024-02-02
10269,10269,Debit Card,Completed,2024-09-06
10270,10270,COD,Completed,2024-09-16
10271,10271,Credit Card,Completed,2024-09-18
10272,10272,Credit Card,Completed,2025-04-08
10273,10273,Net Banking,Completed,2023-05-10
10274,10274,Net Banking,Completed,2024-12-02
10275,10275,Net Banking,Completed,2023-09-10
10276,10276,Credit Card,Completed,2023-02-26
10277,10277,COD,Completed,2023-03-04
10278,10278,COD,Refunded,2023-09-03
10279,10279,Net Banking,Completed,2025-01-31
10280,10280,Net Banking,Completed,2025-05-29
10281,10281,Wallet,Completed,2023-08-03
10282,10282,UPI,Completed,2024-04-10
10283,10283,Net Banking,Completed,2025-01-09
10284,10284,Net Banking,Completed,2023-02-10
10285,10285,Wallet,Completed,2024-06-28
10286,10286,COD,Completed,2024-11-24
10287,10287,Credit Card,Completed,2024-04-27
10288,10288,Net Banking,Completed,2024-03-19
10289,10289,COD,Completed,2024-07-26
10290,10290,Wallet,Completed,2025-02-23
10291,10291,COD,Completed,2023-11-29
10292,10292,Net Banking,Completed,2023-03-30
10293,10293,Net Banking,Completed,2024-03-22
10294,10294,Credit Card,Completed,2024-08-14
10295,10295,Net Banking,Refunded,2025-02-28
10296,10296,Debit Card,Completed,2025-04-26
10297,10297,Net Banking,Completed,2024-09-28
10298,10298,Credit Card,Refunded,2025-03-19
10299,10299,UPI,Refunded,2023-04-17
10300,10300,Debit Card,Completed,2024-09-05
10301,10301,Debit Card,Completed,2023-11-01
10302,10302,UPI,Completed,2023-02-09
10303,10303,Wallet,Completed,2023-05-28
10304,10304,Net Banking,Completed,2023-05-23
10305,10305,Debit Card,Refunded,2024-12-28
10306,10306,Credit Card,Completed,2024-04-04
10307,10307,Credit Card,Completed,2025-06-12
10308,10308,Credit Card,Completed,2024-06-29
10309,10309,Net Banking,Completed,2024-08-26
10310,10310,COD,Completed,2023-07-22
10311,10311,Wallet,Completed,2024-11-27
10312,10312,UPI,Completed,2025-06-03
10313,10313,Wallet,Completed,2024-01-07
10314,10314,Credit Card,Completed,2024-11-15
10315,10315,Debit Card,Completed,2023-06-01
10316,10316,COD,Completed,2024-01-07
10317,10317,Wallet,Completed,2023-12-30
10318,10318,COD,Completed,2024-02-13
10319,10319,Debit Card,Completed,2024-01-17
10320,10320,Wallet,Completed,2024-12-08
10321,10321,UPI,Completed,2024-05-28
10322,10322,Wallet,Completed,2023-04-17
10323,10323,Wallet,Completed,2024-06-08
10324,10324,UPI,Completed,2024-05-10
10325,10325,Wallet,Completed,2023-02-23
10326,10326,Credit Card,Completed,2023-12-13
10327,10327,Credit Card,Completed,2023-06-28
10328,10328,COD,Completed,2024-07-31
10329,10329,UPI,Refunded,2025-06-07
10330,10330,Wallet,Completed,2023-12-10
10331,10331,Debit Card,Completed,2024-07-02
10332,10332,Wallet,Completed,2023-01-31
10333,10333,Net Banking,Completed,2024-05-25
10334,10334,UPI,Completed,2025-06-01
10335,10335,Wallet,Completed,2024-09-29
10336,10336,UPI,Completed,2023-07-06
10337,10337,Credit Card,Completed,2024-10-18
10338,10338,UPI,Completed,2025-04-20
10339,10339,COD,Completed,2024-01-03
10340,10340,Debit Card,Completed,2025-04-07
10341,10341,Debit Card,Completed,2024-07-20
10342,10342,Wallet,Completed,2024-07-26
10343,10343,Credit Card,Completed,2024-08-21
10344,10344,Net Banking,Completed,2025-04-09
10345,10345,Net Banking,Completed,2023-04-03
10346,10346,Wallet,Completed,2025-06-17
10347,10347,Net Banking,Completed,2024-08-14
10348,10348,Credit Card,Completed,2024-03-01
10349,10349,Net Banking,Completed,2023-09-30
10350,10350,Net Banking,Refunded,2023-12-25
10351,10351,Net Banking,Completed,2024-07-28
10352,10352,Debit Card,Completed,2024-11-10
10353,10353,Wallet,Completed,2023-08-04
10354,10354,COD,Completed,2024-03-07
10355,10355,COD,Completed,2023-05-06
10356,10356,Debit Card,Completed,2023-11-22
10357,10357,Wallet,Completed,2023-01-16
10358,10358,Wallet,Completed,2024-12-10
10359,10359,COD,Completed,2024-03-22
10360,10360,Wallet,Completed,2024-06-18
10361,10361,UPI,Completed,2023-05-11
10362,10362,Net Banking,Refunded,2023-10-15
10363,10363,Net Banking,Completed,2023-05-26
10364,10364,COD,Completed,2023-12-18
10365,10365,Debit Card,Completed,2024-11-21
10366,10366,Net Banking,Completed,2023-07-11
10367,10367,Net Banking,Completed,2023-11-16
10368,10368,UPI,Completed,2025-04-07
10369,10369,Net Banking,Completed,2024-01-10
10370,10370,COD,Completed,2025-03-04
10371,10371,UPI,Completed,2025-05-13
10372,10372,Net Banking,Completed,2023-06-23
10373,10373,COD,Completed,2023-09-26
10374,10374,UPI,Refunded,2024-02-12
10375,10375,Credit Card,Completed,2024-03-05
10376,10376,COD,Completed,2024-06-29
10377,10377,UPI,Completed,2023-09-30
10378,10378,Wallet,Completed,2025-05-10
10379,10379,Wallet,Completed,2025-05-16
10380,10380,Debit Card,Completed,2023-06-12
10381,10381,UPI,Completed,2024-12-26
10382,10382,Wallet,Completed,2024-05-31
10383,10383,COD,Completed,2023-06-25
10384,10384,Wallet,Completed,2024-08-17
10385,10385,Credit Card,Completed,2023-02-21
10386,10386,COD,Completed,2023-02-28
10387,10387,Net Banking,Completed,2024-07-02
10388,10388,Wallet,Completed,2025-04-29
10389,10389,Credit Card,Refunded,2023-09-24
10390,10390,Credit Card,Completed,2024-05-01
10391,10391,Credit Card,Completed,2023-10-19
10392,10392,Credit Card,Completed,2024-03-03
10393,10393,Net Banking,Completed,2023-06-20
10394,10394,Wallet,Completed,2024-12-07
10395,10395,Net Banking,Completed,2023-10-16
10396,10396,Net Banking,Completed,2025-03-02
10397,10397,COD,Refunded,2023-01-23
10398,10398,Credit Card,Completed,2025-01-06
10399,10399,Debit Card,Completed,2023-08-15
10400,10400,Net Banking,Completed,2024-12-20
10401,10401,Debit Card,Completed,2025-06-09
10402,10402,UPI,Completed,2023-12-23
10403,10403,COD,Completed,2025-06-16
10404,10404,COD,Completed,2024-01-21
10405,10405,Credit Card,Completed,2025-04-21
10406,10406,UPI,Completed,2024-08-17
10407,10407,Credit Card,Completed,2025-01-10
10408,10408,COD,Completed,2025-02-20
10409,10409,Wallet,Completed,2025-01-04
10410,10410,Net Banking,Completed,2023-04-24
10411,10411,Net Banking,Completed,2024-01-22
10412,10412,UPI,Completed,2023-07-06
10413,10413,UPI,Completed,2024-09-10
10414,10414,COD,Completed,2023-12-14
10415,10415,COD,Completed,2025-01-05
10416,10416,Wallet,Completed,2023-11-12
10417,10417,Net Banking,Completed,2023-04-02
10418,10418,Wallet,Refunded,2024-01-14
10419,10419,Wallet,Completed,2023-06-23
10420,10420,Credit Card,Completed,2023-02-28
10421,10421,Credit Card,Completed,2024-11-02
10422,10422,Debit Card,Completed,2024-03-03
10423,10423,Credit Card,Completed,2023-02-14
10424,10424,Net Banking,Completed,2023-09-03
10425,10425,COD,Completed,2025-05-26
10426,10426,Net Banking,Refunded,2023-01-20
10427,10427,UPI,Completed,2023-01-06
10428,10428,Credit Card,Completed,2025-05-18
10429,10429,COD,Completed,2025-03-12
10430,10430,Credit Card,Completed,2023-04-21
10431,10431,Credit Card,Completed,2023-12-23
10432,10432,Credit Card,Completed,2025-03-08
10433,10433,COD,Completed,2025-03-14
10434,10434,COD,Completed,2025-01-30
10435,10435,Wallet,Completed,2023-01-30
10436,10436,Debit Card,Completed,2024-05-06
10437,10437,COD,Completed,2023-12-25
10438,10438,UPI,Completed,2024-04-17
10439,10439,Debit Card,Completed,2024-09-17
10440,10440,UPI,Completed,2023-08-03
10441,10441,Net Banking,Completed,2024-11-10
10442,10442,Debit Card,Completed,2023-09-02
10443,10443,UPI,Completed,2024-06-25
10444,10444,COD,Refunded,2023-10-15
10445,10445,COD,Completed,2025-03-01
10446,10446,Net Banking,Completed,2023-08-22
10447,10447,Wallet,Completed,2024-04-16
10448,10448,Net Banking,Completed,2024-09-08
10449,10449,Wallet,Completed,2023-11-13
10450,10450,Debit Card,Completed,2024-05-19
10451,10451,Debit Card,Completed,2024-06-27
10452,10452,Credit Card,Completed,2025-02-21
10453,10453,Net Banking,Completed,2023-09-29
10454,10454,UPI,Completed,2023-08-08
10455,10455,Wallet,Completed,2023-11-23
10456,10456,COD,Completed,2024-08-01
10457,10457,Wallet,Completed,2023-09-02
10458,10458,Credit Card,Completed,2023-03-30
10459,10459,Debit Card,Completed,2023-06-14
10460,10460,Debit Card,Completed,2024-08-27
10461,10461,Wallet,Completed,2024-12-10
10462,10462,COD,Completed,2023-12-20
10463,10463,Credit Card,Completed,2025-02-13
10464,10464,Credit Card,Completed,2023-05-13
10465,10465,UPI,Refunded,2023-02-19
10466,10466,Wallet,Completed,2024-02-25
10467,10467,UPI,Completed,2024-12-26
10468,10468,UPI,Completed,2023-05-27
10469,10469,COD,Completed,2025-01-14
10470,10470,UPI,Completed,2024-03-04
10471,10471,Net Banking,Completed,2024-02-23
10472,10472,UPI,Completed,2025-05-01
10473,10473,Credit Card,Completed,2024-05-30
10474,10474,Debit Card,Completed,2025-05-19
10475,10475,Net Banking,Completed,2025-02-27
10476,10476,Credit Card,Completed,2025-03-24
10477,10477,COD,Completed,2023-09-03
10478,10478,Debit Card,Completed,2024-07-11
10479,10479,Wallet,Completed,2023-06-15
10480,10480,Debit Card,Completed,2024-10-06
10481,10481,Debit Card,Completed,2023-06-17
10482,10482,COD,Completed,2023-03-25
10483,10483,COD,Completed,2023-06-17
10484,10484,COD,Completed,2025-01-27
10485,10485,Credit Card,Completed,2024-01-01
10486,10486,Wallet,Completed,2023-09-18
10487,10487,Credit Card,Completed,2024-12-13
10488,10488,COD,Completed,2025-05-30
10489,10489,COD,Completed,2023-12-19
10490,10490,Debit Card,Completed,2024-11-06
10491,10491,Credit Card,Completed,2024-01-06
10492,10492,Credit Card,Completed,2024-11-07
10493,10493,UPI,Completed,2024-04-12
10494,10494,Credit Card,Completed,2025-03-12
10495,10495,Wallet,Completed,2025-02-27
10496,10496,COD,Completed,2023-11-27
10497,10497,Wallet,Completed,2023-05-19
10498,10498,Wallet,Completed,2024-03-23
10499,10499,UPI,Completed,2025-01-27
10500,10500,UPI,Completed,2024-07-13
10501,10501,COD,Completed,2023-12-16
10502,10502,Wallet,Completed,2023-05-08
10503,10503,Debit Card,Completed,2024-05-14
10504,10504,Wallet,Completed,2023-12-02
10505,10505,Net Banking,Completed,2025-02-18
10506,10506,UPI,Completed,2024-11-16
10507,10507,Credit Card,Completed,2023-04-05
10508,10508,Debit Card,Completed,2023-03-22
10509,10509,COD,Completed,2024-05-04
10510,10510,Debit Card,Completed,2024-08-11
10511,10511,Debit Card,Refunded,2024-01-11
10512,10512,Credit Card,Refunded,2023-10-26
10513,10513,Net Banking,Completed,2025-05-13
10514,10514,Wallet,Completed,2024-01-01
10515,10515,Net Banking,Completed,2023-09-05
10516,10516,COD,Completed,2024-07-28
10517,10517,Debit Card,Completed,2025-04-30
10518,10518,UPI,Completed,2025-02-04
10519,10519,Debit Card,Completed,2023-06-17
10520,10520,COD,Completed,2025-03-12
10521,10521,UPI,Completed,2023-03-15
10522,10522,COD,Completed,2023-01-12
10523,10523,Debit Card,Completed,2024-04-27
10524,10524,Wallet,Completed,2025-01-29
10525,10525,Credit Card,Completed,2024-05-29
10526,10526,COD,Completed,2023-03-24
10527,10527,Debit Card,Completed,2024-06-18
10528,10528,Wallet,Completed,2024-03-12
10529,10529,Debit Card,Completed,2024-06-27
10530,10530,Debit Card,Completed,2025-01-18
10531,10531,Net Banking,Refunded,2023-04-10
10532,10532,Wallet,Completed,2023-09-16
10533,10533,Net Banking,Completed,2023-02-24
10534,10534,COD,Completed,2024-06-09
10535,10535,Credit Card,Completed,2024-01-23
10536,10536,Credit Card,Refunded,2024-11-02
10537,10537,Debit Card,Completed,2023-03-31
10538,10538,Debit Card,Completed,2023-01-03
10539,10539,COD,Completed,2023-06-23
10540,10540,Debit Card,Completed,2023-04-09
10541,10541,Credit Card,Completed,2024-09-21
10542,10542,Net Banking,Completed,2023-04-30
10543,10543,Wallet,Completed,2025-04-27
10544,10544,Credit Card,Completed,2023-11-11
10545,10545,UPI,Completed,2023-04-23
10546,10546,COD,Completed,2023-01-21
10547,10547,Wallet,Completed,2024-10-07
10548,10548,COD,Completed,2025-03-14
10549,10549,Credit Card,Completed,2023-10-13
10550,10550,Credit Card,Completed,2024-06-01
10551,10551,UPI,Completed,2024-06-09
10552,10552,UPI,Completed,2025-04-22
10553,10553,COD,Completed,2024-05-18
10554,10554,Credit Card,Completed,2023-02-22
10555,10555,Credit Card,Completed,2025-01-15
10556,10556,COD,Completed,2024-11-22
10557,10557,COD,Completed,2024-03-05
10558,10558,Debit Card,Completed,2023-10-14
10559,10559,COD,Completed,2023-09-12
10560,10560,Debit Card,Completed,2023-08-23
10561,10561,COD,Completed,2024-08-10
10562,10562,Wallet,Completed,2024-04-15
10563,10563,UPI,Completed,2024-05-11
10564,10564,Wallet,Completed,2024-04-17
10565,10565,Net Banking,Completed,2023-04-17
10566,10566,COD,Completed,2025-06-07
10567,10567,Debit Card,Completed,2023-04-09
10568,10568,Credit Card,Completed,2025-03-28
10569,10569,Wallet,Completed,2024-06-12
10570,10570,UPI,Completed,2024-10-24
10571,10571,COD,Completed,2023-07-02
10572,10572,Net Banking,Completed,2024-11-06
10573,10573,COD,Completed,2024-04-14
10574,10574,Credit Card,Completed,2023-04-03
10575,10575,Net Banking,Completed,2023-06-21
10576,10576,Net Banking,Completed,2024-09-25
10577,10577,Wallet,Completed,2023-09-18
10578,10578,Net Banking,Completed,2023-02-04
10579,10579,Credit Card,Completed,2024-08-07
10580,10580,Net Banking,Completed,2024-03-01
10581,10581,Debit Card,Refunded,2025-06-16
10582,10582,Credit Card,Completed,2024-10-16
10583,10583,COD,Completed,2023-04-22
10584,10584,COD,Completed,2024-08-10
10585,10585,Credit Card,Refunded,2024-03-27
10586,10586,Net Banking,Refunded,2024-02-21
10587,10587,Wallet,Completed,2024-02-08
10588,10588,COD,Completed,2024-12-15
10589,10589,UPI,Completed,2024-05-25
10590,10590,COD,Completed,2025-03-29
10591,10591,Net Banking,Completed,2024-06-08
10592,10592,Wallet,Completed,2023-12-07
10593,10593,Debit Card,Completed,2023-09-04
10594,10594,UPI,Completed,2024-08-30
10595,10595,Wallet,Completed,2025-04-30
10596,10596,Credit Card,Refunded,2024-12-19
10597,10597,Wallet,Completed,2024-01-12
10598,10598,UPI,Completed,2025-06-05
10599,10599,Debit Card,Completed,2023-07-12
10600,10600,UPI,Completed,2024-09-29
10601,10601,Debit Card,Completed,2024-01-20
10602,10602,Credit Card,Refunded,2024-07-20
10603,10603,UPI,Refunded,2024-07-25
10604,10604,COD,Completed,2024-10-04
10605,10605,Credit Card,Completed,2025-01-02
10606,10606,Net Banking,Completed,2023-08-04
10607,10607,COD,Completed,2024-07-11
10608,10608,Net Banking,Completed,2025-02-25
10609,10609,UPI,Completed,2023-07-29
10610,10610,Wallet,Completed,2023-11-29
10611,10611,UPI,Completed,2023-05-23
10612,10612,Wallet,Completed,2023-07-18
10613,10613,Debit Card,Completed,2024-03-23
10614,10614,Debit Card,Completed,2024-06-07
10615,10615,COD,Completed,2024-08-02
10616,10616,Wallet,Completed,2023-05-19
10617,10617,Net Banking,Completed,2023-12-13
10618,10618,Wallet,Completed,2023-04-04
10619,10619,COD,Completed,2023-08-08
10620,10620,UPI,Completed,2025-03-16
10621,10621,COD,Completed,2024-05-25
10622,10622,Credit Card,Completed,2023-02-05
10623,10623,Credit Card,Completed,2024-02-09
10624,10624,Net Banking,Completed,2024-08-25
10625,10625,Net Banking,Completed,2024-10-19
10626,10626,UPI,Completed,2025-06-03
10627,10627,Net Banking,Completed,2024-07-05
10628,10628,Credit Card,Completed,2024-11-02
10629,10629,Credit Card,Completed,2023-12-28
10630,10630,Wallet,Completed,2023-03-14
10631,10631,Credit Card,Completed,2024-02-14
10632,10632,UPI,Completed,2025-05-19
10633,10633,Net Banking,Completed,2025-06-02
10634,10634,Net Banking,Completed,2023-01-11
10635,10635,Wallet,Completed,2025-06-01
10636,10636,Net Banking,Completed,2025-03-18
10637,10637,UPI,Completed,2024-09-12
10638,10638,COD,Completed,2023-04-07
10639,10639,Credit Card,Completed,2023-06-06
10640,10640,Wallet,Completed,2023-12-01
10641,10641,Net Banking,Completed,2023-11-08
10642,10642,Credit Card,Completed,2025-02-27
10643,10643,Debit Card,Completed,2023-12-15
10644,10644,Credit Card,Completed,2024-08-28
10645,10645,UPI,Completed,2023-07-08
10646,10646,COD,Completed,2023-07-29
10647,10647,UPI,Completed,2024-04-16
10648,10648,Wallet,Completed,2024-10-23
10649,10649,Credit Card,Completed,2025-02-11
10650,10650,Credit Card,Completed,2024-10-09
10651,10651,Net Banking,Completed,2024-11-18
10652,10652,Net Banking,Completed,2024-03-17
10653,10653,UPI,Completed,2023-10-11
10654,10654,Net Banking,Completed,2025-04-01
10655,10655,Credit Card,Completed,2023-01-08
10656,10656,Debit Card,Completed,2024-02-08
10657,10657,COD,Completed,2023-06-01
10658,10658,Credit Card,Completed,2024-07-16
10659,10659,UPI,Completed,2023-02-05
10660,10660,Wallet,Completed,2024-07-21
10661,10661,Wallet,Completed,2023-08-29
10662,10662,Debit Card,Completed,2023-07-18
10663,10663,Wallet,Completed,2023-10-09
10664,10664,COD,Completed,2024-09-10
10665,10665,UPI,Completed,2023-06-04
10666,10666,Credit Card,Completed,2024-09-07
10667,10667,Net Banking,Completed,2023-05-03
10668,10668,COD,Completed,2023-12-31
10669,10669,Net Banking,Completed,2024-12-13
10670,10670,Net Banking,Completed,2024-03-05
10671,10671,COD,Completed,2024-08-30
10672,10672,Credit Card,Completed,2023-07-26
10673,10673,Wallet,Refunded,2023-05-30
10674,10674,Net Banking,Completed,2023-11-02
10675,10675,Wallet,Completed,2023-08-18
10676,10676,Net Banking,Completed,2024-08-09
10677,10677,Debit Card,Refunded,2023-01-15
10678,10678,UPI,Completed,2023-06-14
10679,10679,Net Banking,Completed,2023-05-31
10680,10680,UPI,Completed,2024-07-31
10681,10681,COD,Completed,2025-03-29
10682,10682,UPI,Completed,2024-01-12
10683,10683,Wallet,Completed,2023-07-24
10684,10684,Credit Card,Completed,2023-04-06
10685,10685,COD,Completed,2024-11-21
10686,10686,Wallet,Refunded,2023-05-20
10687,10687,Credit Card,Completed,2023-09-13
10688,10688,UPI,Completed,2024-12-18
10689,10689,Wallet,Completed,2023-05-18
10690,10690,Credit Card,Completed,2025-06-12
10691,10691,COD,Completed,2024-07-19
10692,10692,Credit Card,Completed,2025-01-23
10693,10693,Debit Card,Completed,2024-06-25
10694,10694,Wallet,Completed,2024-06-13
10695,10695,Wallet,Completed,2025-03-25
10696,10696,COD,Completed,2025-05-24
10697,10697,UPI,Completed,2024-04-11
10698,10698,Wallet,Completed,2023-02-15
10699,10699,UPI,Completed,2024-04-20
10700,10700,COD,Completed,2023-09-04
10701,10701,UPI,Completed,2023-01-24
10702,10702,Net Banking,Completed,2025-01-16
10703,10703,Wallet,Completed,2023-09-21
10704,10704,UPI,Completed,2024-10-09
10705,10705,Debit Card,Refunded,2023-01-19
10706,10706,UPI,Completed,2024-10-13
10707,10707,COD,Completed,2023-01-18
10708,10708,Wallet,Completed,2023-02-10
10709,10709,Net Banking,Completed,2023-10-12
10710,10710,Credit Card,Completed,2025-04-15
10711,10711,Wallet,Completed,2025-01-31
10712,10712,Wallet,Completed,2023-03-15
10713,10713,COD,Completed,2023-12-09
10714,10714,UPI,Completed,2024-12-01
10715,10715,Debit Card,Completed,2024-04-06
10716,10716,Net Banking,Completed,2023-07-15
10717,10717,Net Banking,Completed,2023-12-25
10718,10718,UPI,Completed,2024-02-09
10719,10719,Wallet,Completed,2023-06-17
10720,10720,Net Banking,Completed,2023-03-29
10721,10721,Net Banking,Completed,2023-11-01
10722,10722,UPI,Completed,2023-11-27
10723,10723,Debit Card,Completed,2025-05-01
10724,10724,Wallet,Completed,2024-07-11
10725,10725,Net Banking,Completed,2023-03-12
10726,10726,Wallet,Completed,2024-03-10
10727,10727,Debit Card,Completed,2023-01-24
10728,10728,Wallet,Completed,2025-03-20
10729,10729,Credit Card,Completed,2024-04-15
10730,10730,UPI,Completed,2025-04-29
10731,10731,Net Banking,Completed,2023-05-02
10732,10732,Net Banking,Completed,2024-11-23
10733,10733,UPI,Completed,2024-05-14
10734,10734,Wallet,Refunded,2025-05-23
10735,10735,UPI,Completed,2024-07-25
10736,10736,UPI,Completed,2024-02-25
10737,10737,Net Banking,Completed,2024-06-13
10738,10738,Debit Card,Completed,2023-10-15
10739,10739,Credit Card,Completed,2023-09-19
10740,10740,COD,Completed,2023-04-15
10741,10741,Credit Card,Completed,2024-06-18
10742,10742,Credit Card,Completed,2023-01-08
10743,10743,COD,Completed,2025-04-23
10744,10744,Credit Card,Completed,2023-11-11
10745,10745,COD,Completed,2023-12-06
10746,10746,UPI,Completed,2023-04-12
10747,10747,Credit Card,Completed,2023-07-09
10748,10748,Net Banking,Completed,2023-04-25
10749,10749,Credit Card,Completed,2025-01-21
10750,10750,Credit Card,Completed,2023-06-03
10751,10751,COD,Completed,2023-11-08
10752,10752,Credit Card,Completed,2025-02-17
10753,10753,Wallet,Completed,2023-03-26
10754,10754,COD,Completed,2023-05-30
10755,10755,Debit Card,Completed,2023-05-08
10756,10756,Credit Card,Completed,2024-07-22
10757,10757,Debit Card,Completed,2024-02-11
10758,10758,Debit Card,Completed,2024-06-30
10759,10759,Wallet,Completed,2025-04-26
10760,10760,Credit Card,Completed,2023-09-13
10761,10761,Wallet,Completed,2024-01-30
10762,10762,COD,Completed,2024-10-31
10763,10763,COD,Completed,2023-10-12
10764,10764,Net Banking,Completed,2023-05-22
10765,10765,Net Banking,Completed,2024-06-26
10766,10766,UPI,Completed,2025-03-18
10767,10767,Debit Card,Completed,2024-09-23
10768,10768,Debit Card,Completed,2025-04-03
10769,10769,Wallet,Completed,2023-03-19
10770,10770,Debit Card,Completed,2023-01-20
10771,10771,Credit Card,Completed,2024-12-05
10772,10772,Debit Card,Completed,2023-08-01
10773,10773,COD,Completed,2023-06-18
10774,10774,UPI,Refunded,2023-07-04
10775,10775,Wallet,Completed,2023-09-11
10776,10776,Wallet,Completed,2023-01-29
10777,10777,Net Banking,Completed,2024-02-05
10778,10778,COD,Completed,2024-07-10
10779,10779,UPI,Completed,2024-09-10
10780,10780,Debit Card,Completed,2024-10-13
10781,10781,Net Banking,Completed,2023-07-06
10782,10782,UPI,Completed,2025-06-03
10783,10783,Wallet,Completed,2024-12-03
10784,10784,Wallet,Completed,2025-06-06
10785,10785,Credit Card,Completed,2023-07-15
10786,10786,Wallet,Completed,2023-12-04
10787,10787,Credit Card,Completed,2023-01-02
10788,10788,Credit Card,Completed,2024-07-22
10789,10789,Credit Card,Completed,2023-05-07
10790,10790,Debit Card,Completed,2024-07-18
10791,10791,Net Banking,Completed,2024-03-13
10792,10792,COD,Completed,2024-11-04
10793,10793,UPI,Completed,2025-03-13
10794,10794,Credit Card,Completed,2024-10-02
10795,10795,Net Banking,Completed,2023-09-25
10796,10796,Debit Card,Completed,2025-01-19
10797,10797,UPI,Completed,2024-09-06
10798,10798,Wallet,Completed,2024-01-02
10799,10799,UPI,Completed,2025-06-05
10800,10800,Credit Card,Completed,2023-07-08
10801,10801,UPI,Completed,2023-05-10
10802,10802,Wallet,Completed,2025-01-12
10803,10803,UPI,Completed,2024-08-25
10804,10804,Debit Card,Completed,2024-12-24
10805,10805,Net Banking,Completed,2024-01-31
10806,10806,Net Banking,Completed,2023-11-26
10807,10807,Debit Card,Completed,2023-10-13
10808,10808,COD,Completed,2024-07-31
10809,10809,COD,Completed,2024-05-03
10810,10810,UPI,Completed,2025-05-26
10811,10811,Net Banking,Completed,2024-10-18
10812,10812,Debit Card,Completed,2025-02-24
10813,10813,Net Banking,Completed,2023-08-11
10814,10814,Wallet,Completed,2025-01-13
10815,10815,Credit Card,Completed,2025-04-17
10816,10816,UPI,Completed,2023-05-21
10817,10817,Net Banking,Completed,2025-02-14
10818,10818,UPI,Completed,2023-02-04
10819,10819,Debit Card,Completed,2024-08-29
10820,10820,UPI,Completed,2023-08-21
10821,10821,Wallet,Completed,2023-09-04
10822,10822,Debit Card,Completed,2024-10-15
10823,10823,Credit Card,Completed,2023-09-23
10824,10824,UPI,Completed,2023-07-21
10825,10825,COD,Completed,2025-06-16
10826,10826,UPI,Completed,2024-12-24
10827,10827,Debit Card,Completed,2024-01-10
10828,10828,Net Banking,Completed,2023-08-02
10829,10829,Credit Card,Completed,2023-02-10
10830,10830,Net Banking,Completed,2025-05-30
10831,10831,UPI,Completed,2024-01-04
10832,10832,Debit Card,Completed,2024-03-04
10833,10833,UPI,Completed,2023-05-10
10834,10834,Credit Card,Completed,2025-01-19
10835,10835,Wallet,Completed,2023-10-13
10836,10836,Debit Card,Completed,2024-11-23
10837,10837,Credit Card,Completed,2024-07-23
10838,10838,Wallet,Completed,2023-09-18
10839,10839,Net Banking,Completed,2025-02-23
10840,10840,COD,Completed,2024-12-21
10841,10841,Net Banking,Completed,2023-07-07
10842,10842,COD,Completed,2024-03-15
10843,10843,Debit Card,Completed,2023-12-28
10844,10844,COD,Completed,2024-05-26
10845,10845,UPI,Completed,2025-04-17
10846,10846,UPI,Completed,2023-11-27
10847,10847,Debit Card,Completed,2023-02-06
10848,10848,Debit Card,Completed,2024-02-18
10849,10849,Debit Card,Completed,2025-01-30
10850,10850,Net Banking,Completed,2024-12-29
10851,10851,COD,Completed,2023-07-27
10852,10852,Net Banking,Completed,2025-04-01
10853,10853,COD,Completed,2024-10-08
10854,10854,COD,Completed,2024-03-15
10855,10855,Credit Card,Completed,2024-09-14
10856,10856,COD,Completed,2023-12-21
10857,10857,COD,Completed,2024-01-27
10858,10858,UPI,Refunded,2024-08-18
10859,10859,Debit Card,Completed,2023-03-13
10860,10860,UPI,Completed,2025-04-30
10861,10861,Wallet,Completed,2025-01-15
10862,10862,Wallet,Completed,2024-09-03
10863,10863,UPI,Completed,2023-10-20
10864,10864,Net Banking,Completed,2025-04-13
10865,10865,UPI,Completed,2023-04-21
10866,10866,UPI,Completed,2023-08-28
10867,10867,Wallet,Completed,2024-10-03
10868,10868,Wallet,Completed,2023-10-17
10869,10869,UPI,Completed,2024-02-02
10870,10870,COD,Completed,2024-04-04
10871,10871,Net Banking,Completed,2023-06-10
10872,10872,Net Banking,Completed,2023-07-23
10873,10873,UPI,Completed,2025-03-27
10874,10874,Debit Card,Completed,2024-12-10
10875,10875,Debit Card,Completed,2023-09-17
10876,10876,COD,Completed,2024-07-26
10877,10877,Net Banking,Completed,2023-07-24
10878,10878,UPI,Completed,2024-11-19
10879,10879,Credit Card,Completed,2023-09-28
10880,10880,Wallet,Completed,2024-03-08
10881,10881,COD,Completed,2023-06-12
10882,10882,Debit Card,Completed,2023-06-24
10883,10883,COD,Completed,2024-09-08
10884,10884,Net Banking,Completed,2025-06-03
10885,10885,Credit Card,Completed,2024-04-08
10886,10886,Credit Card,Completed,2023-03-18
10887,10887,COD,Completed,2023-09-15
10888,10888,COD,Completed,2025-04-30
10889,10889,Net Banking,Completed,2024-11-05
10890,10890,Credit Card,Completed,2024-08-30
10891,10891,Wallet,Completed,2023-06-11
10892,10892,UPI,Completed,2023-11-08
10893,10893,UPI,Completed,2024-02-10
10894,10894,Wallet,Completed,2023-08-12
10895,10895,Net Banking,Completed,2025-02-24
10896,10896,COD,Completed,2023-05-04
10897,10897,Wallet,Completed,2024-03-04
10898,10898,Wallet,Completed,2024-01-02
10899,10899,Net Banking,Completed,2024-12-30
10900,10900,UPI,Completed,2023-01-05
10901,10901,Wallet,Completed,2023-05-06
10902,10902,COD,Completed,2023-10-28
10903,10903,Debit Card,Completed,2024-12-11
10904,10904,UPI,Completed,2025-04-30
10905,10905,Net Banking,Completed,2023-03-28
10906,10906,Net Banking,Completed,2025-05-13
10907,10907,Wallet,Completed,2024-11-24
10908,10908,Credit Card,Completed,2024-10-08
10909,10909,COD,Completed,2023-05-08
10910,10910,Credit Card,Completed,2024-04-01
10911,10911,Debit Card,Completed,2023-05-03
10912,10912,UPI,Completed,2023-01-14
10913,10913,UPI,Completed,2024-03-26
10914,10914,Wallet,Completed,2024-02-23
10915,10915,Wallet,Completed,2023-08-16
10916,10916,UPI,Completed,2023-01-06
10917,10917,UPI,Refunded,2024-09-11
10918,10918,Credit Card,Completed,2025-04-13
10919,10919,Debit Card,Completed,2024-01-19
10920,10920,Net Banking,Refunded,2024-09-25
10921,10921,Debit Card,Completed,2024-04-14
10922,10922,Credit Card,Completed,2023-07-23
10923,10923,UPI,Completed,2024-06-13
10924,10924,Wallet,Completed,2024-09-23
10925,10925,Credit Card,Completed,2023-02-07
10926,10926,COD,Completed,2023-04-23
10927,10927,COD,Completed,2024-07-26
10928,10928,Credit Card,Completed,2024-10-07
10929,10929,Debit Card,Completed,2024-03-12
10930,10930,Debit Card,Completed,2023-05-07
10931,10931,Debit Card,Refunded,2025-04-25
10932,10932,Net Banking,Completed,2023-02-24
10933,10933,COD,Completed,2025-06-19
10934,10934,COD,Completed,2024-04-19
10935,10935,UPI,Completed,2024-03-02
10936,10936,COD,Completed,2024-11-03
10937,10937,Debit Card,Refunded,2024-03-08
10938,10938,Net Banking,Completed,2025-04-13
10939,10939,Net Banking,Refunded,2023-07-10
10940,10940,Credit Card,Completed,2024-01-11
10941,10941,Credit Card,Completed,2023-11-22
10942,10942,Wallet,Completed,2024-01-14
10943,10943,COD,Completed,2024-08-24
10944,10944,Net Banking,Completed,2024-07-30
10945,10945,Debit Card,Completed,2025-04-23
10946,10946,Wallet,Completed,2025-05-06
10947,10947,Debit Card,Completed,2023-01-06
10948,10948,Net Banking,Completed,2023-04-03
10949,10949,Credit Card,Completed,2023-07-26
10950,10950,Wallet,Completed,2025-01-24
10951,10951,COD,Completed,2023-09-24
10952,10952,Credit Card,Completed,2024-06-25
10953,10953,Credit Card,Completed,2024-07-09
10954,10954,Wallet,Completed,2023-07-12
10955,10955,Debit Card,Refunded,2024-05-04
10956,10956,Debit Card,Completed,2024-09-07
10957,10957,Net Banking,Completed,2024-12-30
10958,10958,UPI,Completed,2023-08-16
10959,10959,COD,Completed,2024-06-06
10960,10960,Net Banking,Completed,2025-05-03
10961,10961,Debit Card,Completed,2024-06-23
10962,10962,COD,Completed,2025-06-02
10963,10963,UPI,Completed,2024-01-18
10964,10964,UPI,Completed,2023-01-19
10965,10965,Debit Card,Completed,2023-10-28
10966,10966,Credit Card,Completed,2023-02-26
10967,10967,COD,Completed,2025-02-09
10968,10968,COD,Completed,2023-05-18
10969,10969,Wallet,Completed,2024-04-29
10970,10970,COD,Completed,2024-11-01
10971,10971,Net Banking,Completed,2024-11-26
10972,10972,COD,Completed,2023-07-01
10973,10973,Debit Card,Completed,2024-11-02
10974,10974,Credit Card,Completed,2024-01-30
10975,10975,Wallet,Completed,2023-02-11
10976,10976,Debit Card,Completed,2025-03-20
10977,10977,Wallet,Completed,2023-01-11
10978,10978,Debit Card,Completed,2024-01-11
10979,10979,Credit Card,Completed,2023-11-20
10980,10980,COD,Completed,2025-03-02
10981,10981,Wallet,Completed,2023-07-06
10982,10982,UPI,Completed,2023-08-21
10983,10983,Credit Card,Refunded,2024-08-04
10984,10984,UPI,Completed,2023-05-18
10985,10985,Debit Card,Completed,2023-03-15
10986,10986,UPI,Completed,2024-11-18
10987,10987,Wallet,Completed,2024-08-18
10988,10988,Credit Card,Completed,2024-12-05
10989,10989,Net Banking,Completed,2025-04-09
10990,10990,Net Banking,Completed,2024-04-30
10991,10991,Net Banking,Completed,2025-01-14
10992,10992,COD,Completed,2023-01-03
10993,10993,COD,Completed,2025-04-05
10994,10994,Debit Card,Completed,2023-07-04
10995,10995,UPI,Completed,2023-07-14
10996,10996,Net Banking,Completed,2025-04-11
10997,10997,Debit Card,Completed,2024-11-10
10998,10998,Net Banking,Completed,2024-10-14
10999,10999,Credit Card,Completed,2023-02-14
11000,11000,COD,Completed,2023-08-26
11001,11001,Net Banking,Completed,2024-12-18
11002,11002,Wallet,Completed,2023-01-16
11003,11003,Wallet,Completed,2023-10-28
11004,11004,Wallet,Completed,2024-12-15
11005,11005,Debit Card,Completed,2025-05-17
11006,11006,Net Banking,Completed,2024-05-10
11007,11007,Wallet,Refunded,2024-10-24
11008,11008,COD,Completed,2024-01-07
11009,11009,Credit Card,Completed,2023-03-09
11010,11010,Wallet,Completed,2023-07-22
11011,11011,Debit Card,Completed,2025-01-17
11012,11012,Wallet,Completed,2023-08-03
11013,11013,Debit Card,Completed,2024-05-12
11014,11014,COD,Completed,2023-03-02
11015,11015,Debit Card,Completed,2023-11-13
11016,11016,COD,Completed,2023-08-08
11017,11017,Debit Card,Completed,2024-07-23
11018,11018,Credit Card,Completed,2023-12-08
11019,11019,COD,Completed,2024-01-22
11020,11020,Debit Card,Completed,2024-03-06
11021,11021,Wallet,Refunded,2024-09-05
11022,11022,Credit Card,Completed,2024-05-21
11023,11023,COD,Completed,2023-09-24
11024,11024,UPI,Completed,2024-02-20
11025,11025,COD,Completed,2025-05-06
11026,11026,Wallet,Completed,2023-05-11
11027,11027,UPI,Completed,2023-03-29
11028,11028,Net Banking,Completed,2023-08-23
11029,11029,UPI,Completed,2023-04-23
11030,11030,Credit Card,Completed,2023-11-22
11031,11031,Net Banking,Completed,2023-04-08
11032,11032,Net Banking,Completed,2024-07-28
11033,11033,Debit Card,Completed,2024-10-16
11034,11034,UPI,Completed,2024-03-06
11035,11035,UPI,Completed,2025-05-13
11036,11036,Net Banking,Completed,2023-11-15
11037,11037,Wallet,Refunded,2024-10-01
11038,11038,COD,Completed,2023-02-26
11039,11039,Wallet,Completed,2024-10-27
11040,11040,Credit Card,Completed,2025-05-20
11041,11041,Wallet,Refunded,2025-04-10
11042,11042,Credit Card,Completed,2023-03-27
11043,11043,Net Banking,Completed,2023-11-05
11044,11044,Net Banking,Completed,2023-12-27
11045,11045,Wallet,Completed,2025-06-06
11046,11046,Wallet,Completed,2023-10-20
11047,11047,COD,Completed,2023-04-16
11048,11048,Wallet,Completed,2023-11-14
11049,11049,Net Banking,Completed,2023-09-04
11050,11050,UPI,Completed,2023-10-02
11051,11051,Net Banking,Completed,2025-01-30
11052,11052,Debit Card,Refunded,2025-02-08
11053,11053,COD,Completed,2024-03-10
11054,11054,Wallet,Completed,2023-02-03
11055,11055,Debit Card,Completed,2024-04-10
11056,11056,UPI,Completed,2024-11-05
11057,11057,COD,Completed,2024-09-21
11058,11058,Net Banking,Completed,2024-01-29
11059,11059,Credit Card,Completed,2023-02-24
11060,11060,Debit Card,Completed,2025-02-15
11061,11061,Debit Card,Completed,2024-05-25
11062,11062,Debit Card,Completed,2023-08-04
11063,11063,UPI,Completed,2024-04-26
11064,11064,UPI,Completed,2025-03-15
11065,11065,UPI,Completed,2023-04-28
11066,11066,Debit Card,Completed,2025-01-02
11067,11067,Debit Card,Refunded,2024-02-12
11068,11068,UPI,Completed,2024-03-01
11069,11069,Wallet,Completed,2024-06-24
11070,11070,Credit Card,Completed,2024-02-24
11071,11071,UPI,Completed,2023-07-25
11072,11072,Wallet,Refunded,2023-08-12
11073,11073,Net Banking,Completed,2024-05-19
11074,11074,UPI,Completed,2024-11-22
11075,11075,UPI,Completed,2023-04-30
11076,11076,Wallet,Completed,2024-08-14
11077,11077,Debit Card,Completed,2024-09-18
11078,11078,Wallet,Completed,2023-05-12
11079,11079,Credit Card,Completed,2025-03-06
11080,11080,Credit Card,Completed,2025-06-14
11081,11081,Credit Card,Completed,2025-05-29
11082,11082,Wallet,Completed,2024-05-21
11083,11083,Debit Card,Completed,2024-08-12
11084,11084,Debit Card,Completed,2023-09-27
11085,11085,COD,Completed,2023-04-08
11086,11086,Credit Card,Completed,2023-06-08
11087,11087,COD,Completed,2025-01-05
11088,11088,Wallet,Completed,2025-05-11
11089,11089,COD,Completed,2023-02-19
11090,11090,COD,Completed,2025-04-14
11091,11091,UPI,Completed,2023-03-12
11092,11092,UPI,Completed,2024-08-06
11093,11093,Wallet,Completed,2024-04-20
11094,11094,COD,Completed,2024-10-27
11095,11095,UPI,Completed,2024-03-20
11096,11096,Credit Card,Completed,2023-03-01
11097,11097,Credit Card,Completed,2025-05-01
11098,11098,UPI,Completed,2025-03-27
11099,11099,Wallet,Completed,2024-09-23
11100,11100,Debit Card,Completed,2023-05-19
11101,11101,Net Banking,Completed,2024-12-20
11102,11102,UPI,Completed,2024-08-09
11103,11103,Credit Card,Completed,2024-06-10
11104,11104,Net Banking,Refunded,2023-08-07
11105,11105,COD,Completed,2023-06-22
11106,11106,COD,Completed,2024-09-19
11107,11107,Debit Card,Completed,2024-01-27
11108,11108,COD,Completed,2025-04-26
11109,11109,Credit Card,Completed,2024-05-24
11110,11110,Net Banking,Completed,2024-03-26
11111,11111,Debit Card,Completed,2024-03-05
11112,11112,UPI,Completed,2024-03-07
11113,11113,UPI,Completed,2024-12-10
11114,11114,UPI,Completed,2023-06-24
11115,11115,UPI,Completed,2024-11-23
11116,11116,Net Banking,Completed,2024-05-22
11117,11117,UPI,Completed,2023-03-01
11118,11118,COD,Completed,2024-10-09
11119,11119,Credit Card,Completed,2023-06-06
11120,11120,Wallet,Completed,2024-05-02
11121,11121,Net Banking,Completed,2024-07-27
11122,11122,Net Banking,Completed,2024-11-07
11123,11123,Credit Card,Completed,2023-11-13
11124,11124,UPI,Completed,2023-08-31
11125,11125,UPI,Completed,2023-08-06
11126,11126,COD,Completed,2024-08-27
11127,11127,COD,Completed,2023-02-22
11128,11128,COD,Completed,2024-02-06
11129,11129,Net Banking,Refunded,2023-11-01
11130,11130,COD,Completed,2024-11-21
11131,11131,Net Banking,Completed,2024-11-20
11132,11132,Net Banking,Completed,2024-09-12
11133,11133,Wallet,Completed,2023-05-11
11134,11134,UPI,Completed,2025-06-07
11135,11135,COD,Completed,2023-11-20
11136,11136,Credit Card,Completed,2023-08-10
11137,11137,Net Banking,Completed,2023-02-18
11138,11138,Credit Card,Completed,2024-06-23
11139,11139,COD,Completed,2024-03-07
11140,11140,Debit Card,Completed,2023-04-16
11141,11141,UPI,Completed,2024-02-11
11142,11142,Debit Card,Completed,2024-12-04
11143,11143,COD,Completed,2023-03-14
11144,11144,Wallet,Completed,2024-07-11
11145,11145,Debit Card,Completed,2025-06-06
11146,11146,Wallet,Completed,2024-01-02
11147,11147,UPI,Completed,2024-09-05
11148,11148,Credit Card,Completed,2024-05-18
11149,11149,UPI,Completed,2024-03-03
11150,11150,UPI,Completed,2024-09-09
11151,11151,UPI,Completed,2023-05-06
11152,11152,Net Banking,Completed,2023-01-06
11153,11153,Wallet,Completed,2024-10-08
11154,11154,Net Banking,Completed,2024-03-09
11155,11155,UPI,Completed,2024-08-09
11156,11156,Debit Card,Completed,2025-03-28
11157,11157,Debit Card,Completed,2025-02-28
11158,11158,Debit Card,Completed,2025-02-20
11159,11159,Debit Card,Completed,2024-12-18
11160,11160,UPI,Completed,2024-12-08
11161,11161,UPI,Completed,2023-05-05
11162,11162,Debit Card,Refunded,2024-01-02
11163,11163,COD,Completed,2025-05-27
11164,11164,Wallet,Completed,2024-02-20
11165,11165,UPI,Completed,2023-04-19
11166,11166,Credit Card,Completed,2023-06-06
11167,11167,Debit Card,Completed,2024-09-22
11168,11168,UPI,Completed,2025-03-04
11169,11169,UPI,Completed,2024-08-11
11170,11170,Net Banking,Refunded,2023-11-03
11171,11171,Debit Card,Completed,2024-06-28
11172,11172,Debit Card,Completed,2024-12-10
11173,11173,Debit Card,Completed,2025-06-12
11174,11174,Wallet,Refunded,2023-04-20
11175,11175,UPI,Refunded,2023-09-09
11176,11176,Wallet,Completed,2024-04-06
11177,11177,Net Banking,Completed,2023-12-04
11178,11178,COD,Completed,2024-10-05
11179,11179,Credit Card,Completed,2024-04-07
11180,11180,Net Banking,Completed,2023-05-16
11181,11181,UPI,Completed,2024-02-13
11182,11182,Credit Card,Completed,2023-03-24
11183,11183,COD,Completed,2024-06-03
11184,11184,Debit Card,Completed,2023-09-18
11185,11185,COD,Completed,2023-02-05
11186,11186,UPI,Refunded,2024-09-04
11187,11187,Wallet,Completed,2023-01-20
11188,11188,UPI,Completed,2024-02-11
11189,11189,Wallet,Completed,2023-12-16
11190,11190,Net Banking,Completed,2025-01-13
11191,11191,Debit Card,Completed,2023-03-03
11192,11192,Wallet,Refunded,2024-09-12
11193,11193,COD,Completed,2024-07-24
11194,11194,Net Banking,Completed,2023-10-28
11195,11195,Wallet,Completed,2024-03-18
11196,11196,COD,Completed,2024-12-22
11197,11197,COD,Completed,2024-11-05
11198,11198,Debit Card,Refunded,2023-12-29
11199,11199,Credit Card,Completed,2024-07-29
11200,11200,Wallet,Completed,2023-05-01
11201,11201,UPI,Completed,2023-07-16
11202,11202,Net Banking,Completed,2023-05-13
11203,11203,Debit Card,Completed,2023-03-30
11204,11204,Credit Card,Completed,2023-09-19
11205,11205,Net Banking,Completed,2024-02-17
11206,11206,Debit Card,Refunded,2024-10-29
11207,11207,Net Banking,Refunded,2023-07-30
11208,11208,Wallet,Completed,2023-07-24
11209,11209,Wallet,Completed,2023-08-09
11210,11210,Debit Card,Completed,2024-01-14
11211,11211,Wallet,Completed,2023-08-20
11212,11212,Wallet,Completed,2024-03-22
11213,11213,Debit Card,Completed,2023-11-24
11214,11214,Credit Card,Completed,2024-06-06
11215,11215,Credit Card,Completed,2025-04-20
11216,11216,Net Banking,Completed,2024-10-18
11217,11217,Credit Card,Completed,2023-08-07
11218,11218,Wallet,Completed,2024-01-24
11219,11219,Credit Card,Completed,2024-10-23
11220,11220,Net Banking,Completed,2023-01-27
11221,11221,Net Banking,Completed,2024-07-03
11222,11222,Credit Card,Completed,2024-02-26
11223,11223,Wallet,Completed,2025-04-28
11224,11224,Credit Card,Completed,2024-03-18
11225,11225,Credit Card,Refunded,2023-07-09
11226,11226,Wallet,Completed,2024-09-01
11227,11227,Credit Card,Completed,2024-11-09
11228,11228,UPI,Completed,2024-11-04
11229,11229,UPI,Completed,2025-04-08
11230,11230,UPI,Completed,2023-01-06
11231,11231,COD,Completed,2024-02-18
11232,11232,COD,Completed,2025-04-24
11233,11233,Credit Card,Completed,2025-03-15
11234,11234,UPI,Completed,2024-05-24
11235,11235,UPI,Completed,2023-05-04
11236,11236,Net Banking,Completed,2023-10-03
11237,11237,UPI,Completed,2024-09-23
11238,11238,UPI,Completed,2025-04-10
11239,11239,Debit Card,Completed,2023-08-13
11240,11240,Debit Card,Completed,2024-06-28
11241,11241,Debit Card,Completed,2025-06-11
11242,11242,Wallet,Completed,2024-01-24
11243,11243,UPI,Completed,2023-07-13
11244,11244,Debit Card,Completed,2023-02-22
11245,11245,Debit Card,Completed,2023-01-10
11246,11246,Net Banking,Completed,2023-07-19
11247,11247,Net Banking,Completed,2024-03-27
11248,11248,Credit Card,Completed,2024-12-12
11249,11249,COD,Completed,2024-02-18
11250,11250,Credit Card,Completed,2024-06-23
11251,11251,COD,Completed,2025-01-05
11252,11252,Credit Card,Completed,2023-10-16
11253,11253,COD,Completed,2023-09-08
11254,11254,Credit Card,Completed,2025-03-08
11255,11255,Wallet,Completed,2023-05-30
11256,11256,Net Banking,Completed,2025-02-13
11257,11257,Net Banking,Refunded,2025-01-11
11258,11258,UPI,Completed,2024-01-12
11259,11259,Net Banking,Completed,2024-07-22
11260,11260,Wallet,Completed,2024-10-27
11261,11261,UPI,Completed,2025-01-14
11262,11262,Credit Card,Completed,2023-06-11
11263,11263,COD,Completed,2025-05-06
11264,11264,COD,Completed,2024-09-09
11265,11265,Debit Card,Completed,2023-10-12
11266,11266,Net Banking,Completed,2025-06-04
11267,11267,Credit Card,Completed,2025-01-15
11268,11268,Net Banking,Completed,2024-02-14
11269,11269,Debit Card,Completed,2023-04-22
11270,11270,Net Banking,Completed,2024-11-21
11271,11271,COD,Completed,2024-10-16
11272,11272,Debit Card,Completed,2024-12-21
11273,11273,UPI,Completed,2024-01-13
11274,11274,UPI,Completed,2025-02-09
11275,11275,UPI,Completed,2023-08-12
11276,11276,Debit Card,Refunded,2023-03-23
11277,11277,Debit Card,Completed,2024-02-10
11278,11278,UPI,Completed,2024-05-19
11279,11279,Credit Card,Completed,2024-10-14
11280,11280,Wallet,Completed,2023-01-19
11281,11281,Net Banking,Completed,2023-03-01
11282,11282,COD,Completed,2024-05-15
11283,11283,UPI,Completed,2023-09-15
11284,11284,Credit Card,Completed,2023-10-07
11285,11285,Wallet,Completed,2023-02-17
11286,11286,Net Banking,Completed,2025-03-28
11287,11287,Wallet,Completed,2024-04-25
11288,11288,Wallet,Completed,2025-04-02
11289,11289,UPI,Completed,2023-05-12
11290,11290,UPI,Completed,2023-03-02
11291,11291,UPI,Completed,2025-05-15
11292,11292,Debit Card,Completed,2024-07-03
11293,11293,Net Banking,Completed,2024-03-30
11294,11294,UPI,Completed,2025-02-10
11295,11295,UPI,Completed,2025-05-17
11296,11296,COD,Completed,2023-01-14
11297,11297,COD,Completed,2024-04-27
11298,11298,COD,Completed,2024-10-21
11299,11299,Debit Card,Completed,2023-12-08
11300,11300,COD,Completed,2024-06-29
11301,11301,Credit Card,Completed,2024-04-28
11302,11302,Debit Card,Completed,2024-11-20
11303,11303,Debit Card,Completed,2024-04-21
11304,11304,COD,Completed,2023-02-13
11305,11305,Debit Card,Completed,2025-04-07
11306,11306,COD,Completed,2023-02-26
11307,11307,Credit Card,Completed,2023-01-30
11308,11308,Credit Card,Completed,2023-03-11
11309,11309,UPI,Completed,2025-02-07
11310,11310,UPI,Completed,2024-01-24
11311,11311,Credit Card,Completed,2023-04-06
11312,11312,UPI,Completed,2025-01-04
11313,11313,Credit Card,Completed,2024-08-02
11314,11314,Credit Card,Completed,2024-06-04
11315,11315,Debit Card,Refunded,2025-04-22
11316,11316,Wallet,Completed,2025-01-07
11317,11317,Debit Card,Refunded,2024-01-10
11318,11318,COD,Completed,2025-03-07
11319,11319,UPI,Completed,2025-03-10
11320,11320,Debit Card,Completed,2025-05-18
11321,11321,UPI,Completed,2025-04-03
11322,11322,UPI,Completed,2024-04-27
11323,11323,Net Banking,Completed,2023-10-17
11324,11324,Wallet,Completed,2025-04-10
11325,11325,Credit Card,Completed,2024-04-04
11326,11326,Wallet,Completed,2025-03-25
11327,11327,Wallet,Completed,2025-02-28
11328,11328,Wallet,Completed,2023-12-28
11329,11329,Wallet,Completed,2025-03-02
11330,11330,COD,Completed,2024-03-12
11331,11331,Debit Card,Completed,2024-10-28
11332,11332,UPI,Refunded,2025-02-25
11333,11333,Debit Card,Completed,2023-09-12
11334,11334,Wallet,Completed,2023-04-20
11335,11335,Net Banking,Completed,2025-03-11
11336,11336,Credit Card,Refunded,2025-04-20
11337,11337,UPI,Completed,2025-01-08
11338,11338,Wallet,Completed,2024-04-01
11339,11339,UPI,Completed,2023-10-19
11340,11340,COD,Completed,2023-08-05
11341,11341,Debit Card,Refunded,2023-08-06
11342,11342,Credit Card,Completed,2023-11-24
11343,11343,Wallet,Refunded,2023-11-09
11344,11344,Debit Card,Completed,2024-12-22
11345,11345,Debit Card,Completed,2023-10-10
11346,11346,Net Banking,Completed,2024-11-12
11347,11347,COD,Completed,2025-01-14
11348,11348,Wallet,Completed,2023-04-16
11349,11349,COD,Completed,2023-07-25
11350,11350,Credit Card,Completed,2024-11-05
11351,11351,COD,Completed,2024-03-26
11352,11352,COD,Completed,2023-07-01
11353,11353,UPI,Completed,2023-04-13
11354,11354,Credit Card,Completed,2023-02-08
11355,11355,Wallet,Completed,2023-02-05
11356,11356,Credit Card,Completed,2023-07-06
11357,11357,COD,Completed,2024-09-22
11358,11358,Wallet,Completed,2023-07-29
11359,11359,Debit Card,Completed,2024-07-10
11360,11360,UPI,Completed,2024-07-04
11361,11361,COD,Refunded,2024-09-21
11362,11362,Net Banking,Completed,2024-02-25
11363,11363,Debit Card,Completed,2024-09-19
11364,11364,COD,Completed,2023-02-19
11365,11365,Wallet,Completed,2025-01-13
11366,11366,COD,Completed,2025-01-31
11367,11367,Credit Card,Completed,2024-10-31
11368,11368,Credit Card,Completed,2024-07-27
11369,11369,Credit Card,Completed,2023-04-16
11370,11370,Debit Card,Completed,2024-05-03
11371,11371,COD,Completed,2024-10-26
11372,11372,UPI,Completed,2023-01-12
11373,11373,COD,Completed,2024-05-14
11374,11374,Net Banking,Completed,2025-02-02
11375,11375,Credit Card,Completed,2024-02-02
11376,11376,Credit Card,Completed,2024-04-24
11377,11377,COD,Completed,2024-06-21
11378,11378,COD,Completed,2023-01-24
11379,11379,Wallet,Completed,2024-03-14
11380,11380,COD,Completed,2024-03-02
11381,11381,Credit Card,Completed,2024-12-08
11382,11382,Credit Card,Completed,2023-02-04
11383,11383,UPI,Completed,2025-01-30
11384,11384,Net Banking,Completed,2023-10-23
11385,11385,Wallet,Completed,2023-01-28
11386,11386,Debit Card,Completed,2023-07-14
11387,11387,UPI,Completed,2025-02-27
11388,11388,Net Banking,Completed,2024-11-03
11389,11389,Debit Card,Refunded,2024-06-19
11390,11390,Net Banking,Completed,2024-09-04
11391,11391,Credit Card,Completed,2025-04-03
11392,11392,Debit Card,Completed,2025-04-14
11393,11393,Wallet,Completed,2023-06-10
11394,11394,Credit Card,Completed,2023-09-05
11395,11395,Debit Card,Completed,2023-05-30
11396,11396,Wallet,Completed,2023-05-03
11397,11397,UPI,Completed,2024-06-12
11398,11398,Debit Card,Completed,2025-03-24
11399,11399,Net Banking,Completed,2023-03-29
11400,11400,Credit Card,Completed,2023-12-10
11401,11401,Net Banking,Completed,2024-07-20
11402,11402,UPI,Completed,2024-04-27
11403,11403,Wallet,Completed,2024-04-12
11404,11404,Credit Card,Completed,2023-05-14
11405,11405,COD,Completed,2024-10-23
11406,11406,Net Banking,Completed,2025-06-05
11407,11407,Debit Card,Completed,2023-02-26
11408,11408,Wallet,Completed,2023-05-13
11409,11409,Net Banking,Completed,2023-08-10
11410,11410,Debit Card,Completed,2024-12-18
11411,11411,Credit Card,Completed,2024-10-28
11412,11412,Debit Card,Completed,2024-05-07
11413,11413,UPI,Completed,2023-07-02
11414,11414,Net Banking,Completed,2024-03-26
11415,11415,Wallet,Refunded,2023-12-21
11416,11416,Net Banking,Completed,2024-07-07
11417,11417,Net Banking,Completed,2024-02-07
11418,11418,UPI,Completed,2024-11-09
11419,11419,Credit Card,Completed,2024-10-15
11420,11420,Net Banking,Completed,2023-04-20
11421,11421,COD,Completed,2024-05-05
11422,11422,Debit Card,Completed,2023-11-16
11423,11423,Wallet,Completed,2023-07-21
11424,11424,Wallet,Completed,2023-08-26
11425,11425,Wallet,Completed,2024-10-29
11426,11426,COD,Completed,2025-01-14
11427,11427,Wallet,Completed,2023-11-09
11428,11428,Credit Card,Completed,2023-10-18
11429,11429,Wallet,Completed,2023-11-05
11430,11430,Net Banking,Completed,2025-01-10
11431,11431,Credit Card,Completed,2025-01-06
11432,11432,Wallet,Completed,2023-11-22
11433,11433,UPI,Completed,2023-11-24
11434,11434,Net Banking,Completed,2025-02-03
11435,11435,Debit Card,Completed,2024-10-07
11436,11436,Wallet,Completed,2025-02-15
11437,11437,Net Banking,Completed,2023-07-08
11438,11438,UPI,Completed,2023-02-26
11439,11439,COD,Completed,2023-01-13
11440,11440,COD,Completed,2024-07-22
11441,11441,COD,Completed,2023-07-21
11442,11442,Debit Card,Completed,2024-08-15
11443,11443,UPI,Completed,2024-12-16
11444,11444,Wallet,Completed,2023-12-19
11445,11445,Credit Card,Completed,2023-05-20
11446,11446,Credit Card,Completed,2023-05-19
11447,11447,Credit Card,Completed,2024-01-04
11448,11448,COD,Completed,2023-05-04
11449,11449,Wallet,Completed,2025-05-09
11450,11450,Net Banking,Completed,2023-04-30
11451,11451,Debit Card,Completed,2024-09-03
11452,11452,UPI,Completed,2025-06-13
11453,11453,UPI,Completed,2025-01-19
11454,11454,COD,Completed,2023-08-20
11455,11455,Wallet,Completed,2025-05-21
11456,11456,COD,Completed,2025-03-29
11457,11457,COD,Completed,2025-06-02
11458,11458,Debit Card,Completed,2024-05-30
11459,11459,Debit Card,Completed,2023-03-08
11460,11460,UPI,Refunded,2024-03-15
11461,11461,Wallet,Completed,2023-02-07
11462,11462,Net Banking,Completed,2023-08-28
11463,11463,Credit Card,Completed,2023-05-09
11464,11464,Wallet,Completed,2023-04-24
11465,11465,UPI,Refunded,2025-04-17
11466,11466,Wallet,Completed,2023-08-25
11467,11467,COD,Completed,2024-10-26
11468,11468,Debit Card,Completed,2025-03-08
11469,11469,Net Banking,Completed,2024-02-19
11470,11470,UPI,Completed,2023-09-10
11471,11471,Debit Card,Refunded,2025-02-13
11472,11472,Wallet,Completed,2024-10-24
11473,11473,COD,Completed,2024-11-01
11474,11474,COD,Completed,2025-04-19
11475,11475,Wallet,Completed,2024-12-24
11476,11476,COD,Completed,2024-07-26
11477,11477,Wallet,Completed,2024-12-13
11478,11478,UPI,Completed,2023-11-29
11479,11479,Net Banking,Completed,2024-06-10
11480,11480,Net Banking,Completed,2024-07-31
11481,11481,Credit Card,Completed,2023-08-22
11482,11482,Wallet,Completed,2024-10-28
11483,11483,Credit Card,Completed,2023-07-16
11484,11484,Credit Card,Completed,2023-02-10
11485,11485,COD,Completed,2025-01-01
11486,11486,Wallet,Completed,2024-12-18
11487,11487,Credit Card,Completed,2023-02-27
11488,11488,UPI,Completed,2023-08-29
11489,11489,UPI,Completed,2023-08-14
11490,11490,Wallet,Completed,2023-10-25
11491,11491,UPI,Completed,2025-02-12
11492,11492,Wallet,Completed,2025-05-29
11493,11493,Wallet,Completed,2023-02-06
11494,11494,UPI,Completed,2023-10-08
11495,11495,COD,Completed,2025-04-10
11496,11496,Debit Card,Completed,2024-07-26
11497,11497,COD,Refunded,2024-11-20
11498,11498,COD,Completed,2023-10-22
11499,11499,Net Banking,Completed,2024-02-03
11500,11500,UPI,Completed,2024-06-21
11501,11501,Wallet,Completed,2024-09-16
11502,11502,UPI,Completed,2023-01-17
11503,11503,UPI,Completed,2023-12-19
11504,11504,Wallet,Completed,2024-12-10
11505,11505,UPI,Completed,2024-12-20
11506,11506,UPI,Completed,2023-10-29
11507,11507,Wallet,Completed,2023-08-16
11508,11508,Net Banking,Completed,2023-06-25
11509,11509,Debit Card,Completed,2024-12-09
11510,11510,UPI,Completed,2023-10-01
11511,11511,Debit Card,Completed,2024-05-15
11512,11512,Net Banking,Completed,2025-06-14
11513,11513,Wallet,Completed,2023-10-27
11514,11514,Credit Card,Completed,2023-12-01
11515,11515,UPI,Completed,2025-05-10
11516,11516,Net Banking,Completed,2023-08-02
11517,11517,COD,Completed,2023-09-08
11518,11518,COD,Completed,2023-07-12
11519,11519,COD,Refunded,2023-07-10
11520,11520,Net Banking,Completed,2023-10-17
11521,11521,Wallet,Completed,2025-01-10
11522,11522,UPI,Refunded,2024-11-25
11523,11523,COD,Completed,2023-07-22
11524,11524,COD,Completed,2023-01-31
11525,11525,Credit Card,Completed,2024-06-14
11526,11526,UPI,Completed,2024-08-25
11527,11527,Net Banking,Completed,2023-01-05
11528,11528,Wallet,Completed,2024-07-11
11529,11529,Credit Card,Completed,2024-11-11
11530,11530,Wallet,Completed,2023-04-29
11531,11531,Wallet,Completed,2025-04-09
11532,11532,Net Banking,Completed,2024-08-18
11533,11533,UPI,Refunded,2025-05-14
11534,11534,COD,Completed,2024-04-03
11535,11535,Net Banking,Completed,2024-02-27
11536,11536,Wallet,Completed,2023-11-27
11537,11537,Credit Card,Completed,2023-02-10
11538,11538,UPI,Refunded,2024-03-21
11539,11539,Net Banking,Completed,2024-08-16
11540,11540,COD,Completed,2023-02-18
11541,11541,Debit Card,Completed,2024-04-21
11542,11542,Net Banking,Completed,2025-04-10
11543,11543,Net Banking,Completed,2023-02-11
11544,11544,UPI,Completed,2023-12-22
11545,11545,COD,Completed,2024-05-16
11546,11546,Wallet,Completed,2025-01-13
11547,11547,Credit Card,Completed,2024-02-16
11548,11548,UPI,Completed,2024-12-09
11549,11549,Debit Card,Completed,2024-12-29
11550,11550,Debit Card,Completed,2024-03-27
11551,11551,Net Banking,Completed,2025-02-22
11552,11552,Net Banking,Completed,2024-09-28
11553,11553,COD,Completed,2023-06-05
11554,11554,Net Banking,Completed,2025-03-05
11555,11555,UPI,Completed,2025-02-21
11556,11556,Net Banking,Completed,2023-06-11
11557,11557,COD,Completed,2024-12-27
11558,11558,COD,Completed,2024-09-30
11559,11559,COD,Completed,2023-12-06
11560,11560,COD,Completed,2025-03-06
11561,11561,UPI,Completed,2023-04-08
11562,11562,Debit Card,Refunded,2023-04-14
11563,11563,COD,Completed,2025-01-21
11564,11564,COD,Completed,2025-01-01
11565,11565,COD,Completed,2023-12-05
11566,11566,Wallet,Completed,2025-04-02
11567,11567,UPI,Completed,2023-01-07
11568,11568,COD,Completed,2023-02-24
11569,11569,Wallet,Completed,2023-11-13
11570,11570,Wallet,Refunded,2024-11-10
11571,11571,Wallet,Completed,2024-07-04
11572,11572,Wallet,Refunded,2024-07-20
11573,11573,Wallet,Completed,2024-01-26
11574,11574,Net Banking,Completed,2024-12-12
11575,11575,Credit Card,Completed,2025-01-10
11576,11576,UPI,Completed,2024-04-01
11577,11577,UPI,Completed,2024-07-14
11578,11578,COD,Completed,2024-03-27
11579,11579,Credit Card,Completed,2024-01-28
11580,11580,Debit Card,Refunded,2023-04-11
11581,11581,Debit Card,Completed,2024-05-16
11582,11582,Credit Card,Completed,2025-01-08
11583,11583,COD,Completed,2024-03-01
11584,11584,Credit Card,Completed,2025-02-02
11585,11585,Wallet,Completed,2023-04-27
11586,11586,Wallet,Completed,2024-05-08
11587,11587,UPI,Completed,2024-03-24
11588,11588,Credit Card,Completed,2023-10-16
11589,11589,Net Banking,Completed,2024-04-12
11590,11590,COD,Completed,2024-10-21
11591,11591,Wallet,Completed,2024-03-03
11592,11592,Wallet,Completed,2024-03-07
11593,11593,COD,Completed,2025-01-18
11594,11594,Credit Card,Completed,2023-01-21
11595,11595,Net Banking,Completed,2023-04-09
11596,11596,UPI,Completed,2025-03-26
11597,11597,Debit Card,Completed,2025-03-22
11598,11598,Credit Card,Completed,2023-09-17
11599,11599,COD,Completed,2024-04-04
11600,11600,Wallet,Completed,2024-05-10
11601,11601,Credit Card,Completed,2024-01-10
11602,11602,Debit Card,Completed,2024-09-12
11603,11603,COD,Completed,2024-10-07
11604,11604,Credit Card,Completed,2024-07-29
11605,11605,Net Banking,Completed,2023-11-28
11606,11606,UPI,Completed,2023-10-22
11607,11607,Debit Card,Completed,2025-05-09
11608,11608,Net Banking,Completed,2023-01-24
11609,11609,COD,Completed,2023-02-22
11610,11610,Wallet,Completed,2025-06-18
11611,11611,Credit Card,Completed,2024-10-11
11612,11612,Wallet,Completed,2024-07-09
11613,11613,Wallet,Completed,2023-05-18
11614,11614,Wallet,Completed,2025-05-30
11615,11615,UPI,Completed,2024-12-24
11616,11616,Net Banking,Completed,2025-01-28
11617,11617,Credit Card,Completed,2025-02-20
11618,11618,Wallet,Completed,2023-08-09
11619,11619,UPI,Completed,2023-04-09
11620,11620,UPI,Completed,2025-01-12
11621,11621,Net Banking,Completed,2025-05-25
11622,11622,Debit Card,Completed,2025-04-29
11623,11623,Credit Card,Completed,2023-03-30
11624,11624,Wallet,Completed,2024-02-21
11625,11625,Net Banking,Completed,2024-06-30
11626,11626,Debit Card,Completed,2025-05-06
11627,11627,Wallet,Completed,2025-05-21
11628,11628,UPI,Completed,2024-11-03
11629,11629,UPI,Completed,2024-07-03
11630,11630,Debit Card,Completed,2024-06-26
11631,11631,Credit Card,Completed,2023-07-26
11632,11632,Credit Card,Completed,2023-01-21
11633,11633,COD,Completed,2023-12-22
11634,11634,COD,Completed,2025-05-08
11635,11635,UPI,Completed,2025-05-25
11636,11636,Credit Card,Completed,2024-09-30
11637,11637,Debit Card,Completed,2024-01-18
11638,11638,Net Banking,Completed,2023-10-08
11639,11639,Net Banking,Completed,2023-05-28
11640,11640,Net Banking,Completed,2023-11-11
11641,11641,COD,Completed,2024-10-12
11642,11642,Wallet,Completed,2024-07-21
11643,11643,Wallet,Completed,2025-02-23
11644,11644,Net Banking,Completed,2023-05-01
11645,11645,COD,Completed,2023-07-07
11646,11646,Net Banking,Completed,2024-06-06
11647,11647,Debit Card,Completed,2024-10-23
11648,11648,Net Banking,Completed,2023-03-22
11649,11649,Credit Card,Completed,2024-04-29
11650,11650,Net Banking,Completed,2023-02-19
11651,11651,UPI,Completed,2024-03-09
11652,11652,Credit Card,Refunded,2024-07-16
11653,11653,Wallet,Completed,2025-02-20
11654,11654,UPI,Completed,2025-03-10
11655,11655,Debit Card,Completed,2023-01-12
11656,11656,Credit Card,Completed,2024-05-22
11657,11657,Net Banking,Completed,2023-06-25
11658,11658,Net Banking,Completed,2023-04-28
11659,11659,Debit Card,Completed,2023-01-27
11660,11660,Wallet,Completed,2024-08-07
11661,11661,UPI,Completed,2024-04-24
11662,11662,Wallet,Completed,2023-12-08
11663,11663,Net Banking,Completed,2024-03-30
11664,11664,Wallet,Refunded,2023-12-17
11665,11665,Credit Card,Completed,2023-09-26
11666,11666,UPI,Completed,2024-03-05
11667,11667,Wallet,Completed,2024-03-27
11668,11668,UPI,Completed,2025-02-11
11669,11669,Credit Card,Completed,2025-04-06
11670,11670,Credit Card,Completed,2023-02-15
11671,11671,Credit Card,Completed,2023-07-08
11672,11672,UPI,Refunded,2024-08-29
11673,11673,COD,Completed,2024-12-31
11674,11674,Credit Card,Completed,2023-08-31
11675,11675,UPI,Completed,2023-02-26
11676,11676,Net Banking,Completed,2024-05-11
11677,11677,Credit Card,Completed,2024-09-20
11678,11678,Net Banking,Completed,2023-02-08
11679,11679,Net Banking,Completed,2023-02-11
11680,11680,UPI,Completed,2024-03-21
11681,11681,UPI,Completed,2023-02-20
11682,11682,Net Banking,Completed,2025-03-08
11683,11683,COD,Completed,2024-01-12
11684,11684,UPI,Completed,2024-04-22
11685,11685,COD,Completed,2024-06-19
11686,11686,UPI,Completed,2024-09-29
11687,11687,COD,Completed,2023-09-24
11688,11688,Wallet,Completed,2023-04-18
11689,11689,UPI,Completed,2024-08-04
11690,11690,UPI,Completed,2024-07-06
11691,11691,Credit Card,Completed,2023-04-08
11692,11692,Debit Card,Completed,2023-09-19
11693,11693,COD,Completed,2025-03-22
11694,11694,Debit Card,Completed,2024-01-08
11695,11695,Net Banking,Completed,2025-06-15
11696,11696,Wallet,Completed,2023-04-15
11697,11697,UPI,Completed,2023-08-18
11698,11698,UPI,Completed,2023-10-03
11699,11699,Debit Card,Completed,2024-04-19
11700,11700,COD,Completed,2025-05-11
11701,11701,UPI,Completed,2023-07-28
11702,11702,Wallet,Completed,2024-07-30
11703,11703,UPI,Completed,2023-07-05
11704,11704,Credit Card,Completed,2024-05-26
11705,11705,Wallet,Completed,2024-05-28
11706,11706,Credit Card,Completed,2025-04-16
11707,11707,Net Banking,Completed,2023-06-25
11708,11708,Wallet,Completed,2025-01-31
11709,11709,Wallet,Completed,2025-02-26
11710,11710,Net Banking,Completed,2025-04-12
11711,11711,Wallet,Completed,2023-03-29
11712,11712,Debit Card,Completed,2023-07-21
11713,11713,Wallet,Completed,2023-04-25
11714,11714,UPI,Completed,2023-12-07
11715,11715,Wallet,Refunded,2023-09-05
11716,11716,UPI,Completed,2024-10-18
11717,11717,UPI,Completed,2023-07-02
11718,11718,Net Banking,Refunded,2024-01-31
11719,11719,Credit Card,Completed,2023-09-05
11720,11720,Net Banking,Completed,2024-10-22
11721,11721,Credit Card,Completed,2024-01-28
11722,11722,UPI,Completed,2025-04-10
11723,11723,Credit Card,Completed,2023-05-10
11724,11724,UPI,Refunded,2023-09-14
11725,11725,Credit Card,Completed,2025-01-21
11726,11726,Wallet,Completed,2024-10-17
11727,11727,Debit Card,Completed,2024-02-21
11728,11728,Wallet,Completed,2024-11-21
11729,11729,Net Banking,Completed,2025-02-15
11730,11730,Debit Card,Completed,2024-06-12
11731,11731,Wallet,Completed,2024-09-24
11732,11732,UPI,Completed,2023-09-18
11733,11733,Wallet,Completed,2023-07-21
11734,11734,Wallet,Completed,2024-02-08
11735,11735,Credit Card,Completed,2025-04-13
11736,11736,Credit Card,Completed,2024-05-07
11737,11737,Wallet,Completed,2023-06-30
11738,11738,Debit Card,Completed,2023-03-31
11739,11739,Credit Card,Completed,2024-08-21
11740,11740,COD,Completed,2024-09-15
11741,11741,Wallet,Completed,2023-11-26
11742,11742,Net Banking,Completed,2024-01-11
11743,11743,COD,Completed,2023-08-27
11744,11744,Debit Card,Completed,2023-06-04
11745,11745,UPI,Completed,2023-11-29
11746,11746,UPI,Completed,2023-10-26
11747,11747,COD,Completed,2024-04-05
11748,11748,Net Banking,Completed,2023-12-02
11749,11749,Wallet,Refunded,2023-01-18
11750,11750,Wallet,Completed,2023-12-30
11751,11751,Debit Card,Completed,2024-09-16
11752,11752,Net Banking,Completed,2024-04-17
11753,11753,Net Banking,Completed,2024-11-19
11754,11754,Debit Card,Completed,2024-06-26
11755,11755,Net Banking,Completed,2023-06-07
11756,11756,COD,Completed,2024-11-28
11757,11757,COD,Completed,2023-03-22
11758,11758,Wallet,Completed,2025-05-11
11759,11759,Wallet,Completed,2023-03-16
11760,11760,UPI,Completed,2023-05-06
11761,11761,Debit Card,Refunded,2023-01-31
11762,11762,UPI,Completed,2023-11-13
11763,11763,Debit Card,Completed,2023-02-22
11764,11764,COD,Completed,2024-08-05
11765,11765,Credit Card,Completed,2025-02-28
11766,11766,COD,Completed,2023-09-06
11767,11767,Net Banking,Completed,2024-12-03
11768,11768,COD,Completed,2024-09-29
11769,11769,UPI,Completed,2024-01-04
11770,11770,Net Banking,Completed,2025-03-02
11771,11771,Wallet,Completed,2023-12-21
11772,11772,Net Banking,Completed,2023-06-10
11773,11773,Net Banking,Completed,2025-01-08
11774,11774,COD,Refunded,2025-05-14
11775,11775,Debit Card,Completed,2023-10-29
11776,11776,COD,Completed,2024-09-07
11777,11777,Wallet,Completed,2024-04-04
11778,11778,Debit Card,Completed,2023-06-24
11779,11779,Wallet,Completed,2023-12-01
11780,11780,COD,Completed,2023-09-14
11781,11781,UPI,Completed,2024-12-05
11782,11782,Net Banking,Completed,2023-05-04
11783,11783,Wallet,Completed,2024-05-11
11784,11784,UPI,Completed,2025-05-31
11785,11785,Wallet,Completed,2023-09-10
11786,11786,COD,Completed,2024-05-19
11787,11787,Credit Card,Completed,2025-05-16
11788,11788,UPI,Completed,2023-05-09
11789,11789,Debit Card,Completed,2025-02-05
11790,11790,Wallet,Completed,2025-03-12
11791,11791,Net Banking,Completed,2023-09-06
11792,11792,Credit Card,Refunded,2023-06-16
11793,11793,Credit Card,Completed,2023-02-01
11794,11794,Wallet,Completed,2025-01-24
11795,11795,Debit Card,Completed,2024-03-18
11796,11796,Wallet,Completed,2023-11-14
11797,11797,Wallet,Completed,2024-08-24
11798,11798,Net Banking,Completed,2023-07-10
11799,11799,Debit Card,Refunded,2023-10-26
11800,11800,Wallet,Completed,2024-12-15
11801,11801,COD,Completed,2024-10-28
11802,11802,Debit Card,Completed,2025-02-23
11803,11803,Debit Card,Completed,2024-07-05
11804,11804,Credit Card,Completed,2024-11-06
11805,11805,Debit Card,Completed,2024-09-05
11806,11806,Wallet,Completed,2025-05-24
11807,11807,Credit Card,Completed,2023-02-28
11808,11808,Net Banking,Completed,2023-12-17
11809,11809,UPI,Refunded,2024-07-09
11810,11810,Debit Card,Completed,2024-04-16
11811,11811,UPI,Completed,2024-11-14
11812,11812,Debit Card,Completed,2023-03-21
11813,11813,UPI,Completed,2023-03-27
11814,11814,Debit Card,Completed,2024-08-30
11815,11815,Credit Card,Completed,2023-08-25
11816,11816,Net Banking,Completed,2023-10-11
11817,11817,Debit Card,Completed,2023-07-19
11818,11818,Net Banking,Completed,2024-03-24
11819,11819,UPI,Completed,2023-04-11
11820,11820,Debit Card,Completed,2023-10-21
11821,11821,Net Banking,Completed,2025-02-12
11822,11822,UPI,Refunded,2025-04-22
11823,11823,Net Banking,Completed,2023-04-12
11824,11824,Debit Card,Completed,2024-04-10
11825,11825,Debit Card,Completed,2023-07-26
11826,11826,Debit Card,Refunded,2025-03-30
11827,11827,Debit Card,Completed,2023-09-09
11828,11828,COD,Completed,2024-05-28
11829,11829,Wallet,Completed,2024-08-14
11830,11830,Debit Card,Completed,2024-09-24
11831,11831,Debit Card,Completed,2023-01-05
11832,11832,COD,Completed,2023-01-27
11833,11833,COD,Completed,2024-03-01
11834,11834,Credit Card,Completed,2023-08-26
11835,11835,Net Banking,Completed,2024-10-16
11836,11836,Net Banking,Completed,2024-07-16
11837,11837,Net Banking,Completed,2024-09-16
11838,11838,Debit Card,Completed,2024-08-02
11839,11839,Debit Card,Completed,2024-03-06
11840,11840,Net Banking,Completed,2023-06-14
11841,11841,Debit Card,Completed,2023-11-11
11842,11842,UPI,Completed,2024-03-30
11843,11843,Debit Card,Completed,2025-04-25
11844,11844,Net Banking,Completed,2025-01-06
11845,11845,Debit Card,Completed,2023-03-01
11846,11846,COD,Completed,2025-03-02
11847,11847,Credit Card,Completed,2023-03-15
11848,11848,UPI,Completed,2023-06-30
11849,11849,Credit Card,Completed,2024-07-04
11850,11850,COD,Completed,2023-01-23
11851,11851,Debit Card,Completed,2023-07-22
11852,11852,Net Banking,Completed,2024-02-06
11853,11853,COD,Completed,2023-03-27
11854,11854,Wallet,Completed,2025-01-10
11855,11855,COD,Completed,2025-03-25
11856,11856,COD,Completed,2024-07-24
11857,11857,Net Banking,Completed,2025-05-12
11858,11858,Credit Card,Completed,2023-03-27
11859,11859,Net Banking,Completed,2023-10-06
11860,11860,Credit Card,Completed,2024-03-10
11861,11861,Wallet,Completed,2025-01-13
11862,11862,Credit Card,Completed,2023-10-03
11863,11863,COD,Completed,2023-10-01
11864,11864,Credit Card,Refunded,2025-06-05
11865,11865,Net Banking,Completed,2024-08-21
11866,11866,Wallet,Completed,2023-07-07
11867,11867,Credit Card,Completed,2023-04-11
11868,11868,COD,Completed,2025-04-11
11869,11869,UPI,Completed,2024-06-11
11870,11870,Net Banking,Completed,2023-07-04
11871,11871,UPI,Completed,2024-01-03
11872,11872,UPI,Completed,2024-05-04
11873,11873,COD,Completed,2023-01-14
11874,11874,COD,Completed,2024-03-28
11875,11875,Net Banking,Completed,2023-11-26
11876,11876,Net Banking,Completed,2023-01-15
11877,11877,Debit Card,Completed,2024-12-21
11878,11878,Wallet,Completed,2024-06-11
11879,11879,Net Banking,Completed,2023-11-09
11880,11880,Wallet,Completed,2024-08-18
11881,11881,Credit Card,Completed,2024-07-01
11882,11882,Debit Card,Completed,2024-04-18
11883,11883,Wallet,Completed,2025-04-20
11884,11884,COD,Completed,2024-04-12
11885,11885,Wallet,Completed,2023-11-07
11886,11886,Net Banking,Completed,2023-11-29
11887,11887,Credit Card,Completed,2023-01-26
11888,11888,Net Banking,Completed,2023-01-22
11889,11889,COD,Refunded,2024-06-08
11890,11890,Net Banking,Completed,2024-04-29
11891,11891,UPI,Completed,2024-12-03
11892,11892,Credit Card,Completed,2024-01-09
11893,11893,UPI,Completed,2024-10-02
11894,11894,Debit Card,Completed,2024-01-04
11895,11895,UPI,Completed,2024-12-24
11896,11896,UPI,Completed,2023-11-03
11897,11897,Wallet,Completed,2025-02-07
11898,11898,UPI,Completed,2024-04-03
11899,11899,Net Banking,Completed,2024-05-22
11900,11900,Credit Card,Completed,2024-01-13
11901,11901,UPI,Completed,2024-01-20
11902,11902,UPI,Completed,2023-08-02
11903,11903,COD,Completed,2025-04-07
11904,11904,Debit Card,Completed,2024-10-29
11905,11905,Net Banking,Refunded,2023-07-11
11906,11906,Credit Card,Completed,2024-12-11
11907,11907,Credit Card,Completed,2023-09-16
11908,11908,Credit Card,Completed,2024-01-07
11909,11909,Debit Card,Completed,2025-05-27
11910,11910,Debit Card,Completed,2023-08-15
11911,11911,Wallet,Completed,2024-11-18
11912,11912,Wallet,Completed,2023-03-22
11913,11913,Wallet,Completed,2024-06-14
11914,11914,UPI,Refunded,2024-03-18
11915,11915,COD,Completed,2023-02-20
11916,11916,Wallet,Completed,2025-06-05
11917,11917,Debit Card,Completed,2023-05-10
11918,11918,COD,Completed,2023-08-04
11919,11919,UPI,Completed,2025-02-23
11920,11920,Debit Card,Completed,2024-03-07
11921,11921,Net Banking,Completed,2023-03-04
11922,11922,COD,Completed,2025-06-10
11923,11923,Credit Card,Completed,2024-06-14
11924,11924,Debit Card,Refunded,2025-01-06
11925,11925,COD,Completed,2023-04-05
11926,11926,COD,Completed,2023-06-09
11927,11927,Debit Card,Completed,2024-10-29
11928,11928,Debit Card,Completed,2023-12-26
11929,11929,UPI,Completed,2024-02-01
11930,11930,Debit Card,Completed,2025-06-14
11931,11931,UPI,Completed,2024-12-04
11932,11932,Wallet,Completed,2024-06-02
11933,11933,COD,Completed,2025-05-03
11934,11934,Net Banking,Completed,2023-03-24
11935,11935,Debit Card,Completed,2023-10-14
11936,11936,COD,Completed,2024-05-18
11937,11937,UPI,Refunded,2023-10-20
11938,11938,UPI,Completed,2025-01-07
11939,11939,Debit Card,Completed,2024-06-16
11940,11940,Net Banking,Refunded,2023-12-10
11941,11941,Net Banking,Completed,2024-09-20
11942,11942,Wallet,Completed,2023-02-09
11943,11943,Credit Card,Completed,2023-01-16
11944,11944,Net Banking,Completed,2024-10-14
11945,11945,UPI,Refunded,2024-01-21
11946,11946,Credit Card,Completed,2023-10-31
11947,11947,Credit Card,Completed,2025-03-31
11948,11948,COD,Completed,2025-06-11
11949,11949,Debit Card,Completed,2023-11-28
11950,11950,Credit Card,Completed,2024-04-05
11951,11951,Net Banking,Completed,2025-01-28
11952,11952,Net Banking,Completed,2023-07-22
11953,11953,Wallet,Completed,2023-01-29
11954,11954,Net Banking,Completed,2023-08-25
11955,11955,UPI,Completed,2023-08-06
11956,11956,Debit Card,Completed,2023-05-15
11957,11957,Wallet,Completed,2023-02-17
11958,11958,COD,Completed,2024-06-09
11959,11959,Wallet,Completed,2023-09-08
11960,11960,Net Banking,Completed,2024-04-17
11961,11961,Wallet,Completed,2023-08-15
11962,11962,Net Banking,Completed,2024-09-11
11963,11963,Credit Card,Completed,2025-04-16
11964,11964,Debit Card,Completed,2024-03-18
11965,11965,COD,Completed,2025-03-08
11966,11966,UPI,Completed,2025-03-16
11967,11967,Wallet,Completed,2023-01-15
11968,11968,Credit Card,Completed,2024-08-19
11969,11969,Credit Card,Completed,2024-10-26
11970,11970,UPI,Completed,2023-04-11
11971,11971,Wallet,Completed,2023-03-09
11972,11972,Net Banking,Completed,2023-11-04
11973,11973,Credit Card,Completed,2024-03-16
11974,11974,Debit Card,Completed,2024-09-16
11975,11975,UPI,Completed,2023-12-31
11976,11976,UPI,Completed,2023-02-19
11977,11977,Credit Card,Completed,2023-04-11
11978,11978,Wallet,Completed,2023-09-26
11979,11979,Wallet,Completed,2025-03-22
11980,11980,UPI,Completed,2025-03-14
11981,11981,Net Banking,Refunded,2023-06-01
11982,11982,COD,Completed,2023-09-19
11983,11983,UPI,Completed,2025-04-01
11984,11984,Wallet,Completed,2024-07-24
11985,11985,Credit Card,Completed,2025-02-28
11986,11986,UPI,Completed,2025-06-19
11987,11987,Credit Card,Completed,2024-08-31
11988,11988,COD,Completed,2024-05-05
11989,11989,COD,Completed,2024-10-07
11990,11990,Debit Card,Completed,2023-08-24
11991,11991,Wallet,Completed,2023-03-28
11992,11992,Credit Card,Completed,2023-01-13
11993,11993,Net Banking,Completed,2025-04-07
11994,11994,UPI,Completed,2024-05-07
11995,11995,UPI,Completed,2025-06-08
11996,11996,Net Banking,Completed,2023-06-06
11997,11997,Credit Card,Completed,2025-02-01
11998,11998,Wallet,Completed,2023-05-20
11999,11999,COD,Completed,2023-06-28
12000,12000,UPI,Completed,2025-06-05
12001,12001,UPI,Completed,2023-11-05
12002,12002,COD,Completed,2024-06-12
12003,12003,Credit Card,Completed,2024-05-30
12004,12004,UPI,Completed,2024-08-02
12005,12005,Debit Card,Completed,2024-04-03
12006,12006,Wallet,Completed,2023-04-28
12007,12007,COD,Completed,2023-09-30
12008,12008,Credit Card,Completed,2024-11-20
12009,12009,Wallet,Completed,2024-11-08
12010,12010,Debit Card,Completed,2024-03-25
12011,12011,COD,Completed,2023-07-22
12012,12012,Net Banking,Completed,2023-04-08
12013,12013,COD,Completed,2025-03-31
12014,12014,Wallet,Completed,2025-04-07
12015,12015,Debit Card,Completed,2025-03-23
12016,12016,COD,Completed,2023-05-28
12017,12017,Credit Card,Completed,2023-06-12
12018,12018,COD,Completed,2024-09-24
12019,12019,UPI,Completed,2025-04-04
12020,12020,Credit Card,Completed,2025-04-01
12021,12021,Net Banking,Refunded,2025-03-14
12022,12022,UPI,Completed,2025-01-27
12023,12023,UPI,Completed,2025-03-04
12024,12024,Net Banking,Completed,2023-10-19
12025,12025,COD,Completed,2023-03-24
12026,12026,Net Banking,Refunded,2023-04-18
12027,12027,Net Banking,Completed,2025-01-24
12028,12028,Debit Card,Completed,2025-01-05
12029,12029,COD,Completed,2024-03-12
12030,12030,Debit Card,Completed,2023-02-10
12031,12031,Credit Card,Completed,2023-09-09
12032,12032,Credit Card,Completed,2023-05-15
12033,12033,Wallet,Completed,2024-12-18
12034,12034,Debit Card,Completed,2024-01-22
12035,12035,Credit Card,Completed,2023-05-21
12036,12036,Wallet,Completed,2024-11-10
12037,12037,Credit Card,Completed,2025-05-26
12038,12038,Net Banking,Completed,2024-09-13
12039,12039,Debit Card,Completed,2023-11-23
12040,12040,Credit Card,Completed,2023-04-25
12041,12041,Debit Card,Completed,2024-01-05
12042,12042,Net Banking,Completed,2023-07-26
12043,12043,COD,Completed,2024-06-09
12044,12044,Debit Card,Completed,2024-02-02
12045,12045,Debit Card,Completed,2024-10-02
12046,12046,UPI,Completed,2025-04-09
12047,12047,UPI,Completed,2025-03-23
12048,12048,COD,Completed,2024-04-12
12049,12049,Net Banking,Completed,2023-05-10
12050,12050,COD,Completed,2024-01-22
12051,12051,Wallet,Completed,2023-05-22
12052,12052,UPI,Completed,2024-07-27
12053,12053,Debit Card,Completed,2024-08-03
12054,12054,Debit Card,Completed,2024-12-19
12055,12055,COD,Completed,2023-02-05
12056,12056,Credit Card,Refunded,2024-09-09
12057,12057,Net Banking,Completed,2024-08-30
12058,12058,Net Banking,Completed,2025-02-22
12059,12059,UPI,Completed,2025-03-29
12060,12060,Net Banking,Completed,2023-09-17
12061,12061,COD,Completed,2023-09-11
12062,12062,Credit Card,Completed,2023-10-27
12063,12063,UPI,Completed,2023-05-07
12064,12064,Debit Card,Completed,2025-01-08
12065,12065,COD,Completed,2024-04-24
12066,12066,Credit Card,Completed,2024-02-11
12067,12067,Credit Card,Completed,2023-04-12
12068,12068,UPI,Completed,2024-09-09
12069,12069,Credit Card,Completed,2023-03-07
12070,12070,Credit Card,Completed,2023-05-07
12071,12071,COD,Completed,2023-04-10
12072,12072,Wallet,Completed,2023-06-20
12073,12073,Credit Card,Completed,2023-03-10
12074,12074,Net Banking,Completed,2023-05-20
12075,12075,Debit Card,Completed,2023-08-13
12076,12076,COD,Completed,2024-12-11
12077,12077,Wallet,Completed,2024-02-11
12078,12078,Wallet,Completed,2024-11-11
12079,12079,Wallet,Completed,2025-04-26
12080,12080,Credit Card,Completed,2023-04-01
12081,12081,Wallet,Completed,2023-08-19
12082,12082,Wallet,Completed,2024-10-20
12083,12083,Debit Card,Completed,2024-07-02
12084,12084,Net Banking,Completed,2023-08-25
12085,12085,UPI,Completed,2023-02-08
12086,12086,COD,Completed,2024-08-10
12087,12087,UPI,Completed,2024-03-21
12088,12088,Wallet,Completed,2024-08-04
12089,12089,Debit Card,Completed,2023-05-29
12090,12090,COD,Completed,2023-02-27
12091,12091,Wallet,Completed,2023-11-18
12092,12092,Credit Card,Completed,2023-11-07
12093,12093,UPI,Refunded,2024-03-28
12094,12094,Credit Card,Completed,2023-05-28
12095,12095,UPI,Completed,2025-02-21
12096,12096,UPI,Completed,2023-08-19
12097,12097,Wallet,Completed,2023-01-29
12098,12098,Credit Card,Completed,2024-09-14
12099,12099,COD,Completed,2023-05-21
12100,12100,UPI,Completed,2023-12-07
12101,12101,Net Banking,Completed,2023-07-07
12102,12102,COD,Completed,2024-09-24
12103,12103,Net Banking,Completed,2023-04-26
12104,12104,COD,Completed,2024-09-21
12105,12105,COD,Completed,2024-09-01
12106,12106,UPI,Completed,2023-08-09
12107,12107,COD,Completed,2023-02-07
12108,12108,Net Banking,Completed,2025-03-20
12109,12109,Net Banking,Completed,2025-03-03
12110,12110,Net Banking,Completed,2024-06-18
12111,12111,Debit Card,Completed,2024-09-09
12112,12112,Wallet,Completed,2024-12-07
12113,12113,Debit Card,Completed,2023-05-26
12114,12114,Net Banking,Completed,2023-08-25
12115,12115,Net Banking,Completed,2023-04-27
12116,12116,Debit Card,Completed,2023-08-13
12117,12117,Net Banking,Completed,2023-12-23
12118,12118,Wallet,Completed,2023-06-11
12119,12119,UPI,Completed,2024-05-21
12120,12120,Wallet,Completed,2023-01-30
12121,12121,Net Banking,Completed,2025-03-27
12122,12122,Debit Card,Completed,2023-02-25
12123,12123,UPI,Completed,2023-10-28
12124,12124,Net Banking,Completed,2025-02-27
12125,12125,Credit Card,Completed,2024-12-11
12126,12126,UPI,Completed,2023-02-16
12127,12127,COD,Completed,2024-01-28
12128,12128,Credit Card,Completed,2025-04-05
12129,12129,Credit Card,Completed,2023-11-14
12130,12130,UPI,Completed,2024-01-03
12131,12131,Net Banking,Refunded,2024-06-12
12132,12132,Net Banking,Completed,2024-12-12
12133,12133,UPI,Completed,2023-10-20
12134,12134,UPI,Completed,2025-04-08
12135,12135,Net Banking,Completed,2025-02-20
12136,12136,UPI,Completed,2023-07-16
12137,12137,COD,Completed,2023-10-24
12138,12138,Credit Card,Completed,2024-08-01
12139,12139,Credit Card,Completed,2025-01-20
12140,12140,Debit Card,Completed,2024-09-28
12141,12141,Net Banking,Completed,2023-04-16
12142,12142,UPI,Completed,2023-03-31
12143,12143,Credit Card,Completed,2023-07-08
12144,12144,COD,Completed,2023-07-05
12145,12145,Net Banking,Completed,2023-01-12
12146,12146,COD,Completed,2023-03-10
12147,12147,Credit Card,Completed,2024-11-05
12148,12148,Debit Card,Completed,2024-08-27
12149,12149,Net Banking,Completed,2024-02-20
12150,12150,Credit Card,Completed,2024-11-01
12151,12151,Debit Card,Completed,2024-09-30
12152,12152,Net Banking,Completed,2025-03-28
12153,12153,Debit Card,Completed,2024-11-29
12154,12154,COD,Completed,2025-05-17
12155,12155,Credit Card,Completed,2025-03-10
12156,12156,UPI,Completed,2025-03-24
12157,12157,COD,Completed,2024-05-08
12158,12158,UPI,Completed,2024-02-25
12159,12159,Net Banking,Completed,2024-01-11
12160,12160,Debit Card,Completed,2024-10-23
12161,12161,UPI,Completed,2024-01-03
12162,12162,Wallet,Completed,2025-04-11
12163,12163,UPI,Completed,2023-12-13
12164,12164,UPI,Completed,2024-09-24
12165,12165,UPI,Completed,2023-11-03
12166,12166,Wallet,Completed,2023-06-30
12167,12167,UPI,Completed,2025-05-27
12168,12168,Credit Card,Completed,2023-04-02
12169,12169,Net Banking,Completed,2024-03-31
12170,12170,Wallet,Completed,2023-10-06
12171,12171,COD,Completed,2025-02-19
12172,12172,Wallet,Completed,2023-11-21
12173,12173,UPI,Refunded,2025-05-09
12174,12174,COD,Completed,2024-11-25
12175,12175,Net Banking,Completed,2024-04-24
12176,12176,Net Banking,Completed,2023-05-27
12177,12177,Net Banking,Completed,2024-05-15
12178,12178,Net Banking,Completed,2024-10-17
12179,12179,Credit Card,Completed,2024-04-07
12180,12180,Credit Card,Completed,2024-04-16
12181,12181,Wallet,Completed,2024-06-28
12182,12182,Credit Card,Completed,2023-09-06
12183,12183,Debit Card,Completed,2025-02-26
12184,12184,Credit Card,Completed,2023-05-31
12185,12185,Debit Card,Completed,2024-08-13
12186,12186,Net Banking,Completed,2024-08-19
12187,12187,Debit Card,Completed,2024-12-03
12188,12188,Net Banking,Completed,2024-03-01
12189,12189,COD,Completed,2023-08-26
12190,12190,COD,Completed,2023-06-01
12191,12191,Debit Card,Completed,2023-09-17
12192,12192,UPI,Completed,2024-03-05
12193,12193,UPI,Completed,2025-02-08
12194,12194,Net Banking,Completed,2024-08-22
12195,12195,Debit Card,Completed,2023-09-25
12196,12196,Wallet,Completed,2023-08-20
12197,12197,COD,Completed,2023-11-11
12198,12198,Debit Card,Completed,2023-08-14
12199,12199,Wallet,Completed,2023-03-29
12200,12200,Credit Card,Completed,2023-06-03
12201,12201,UPI,Completed,2024-01-29
12202,12202,Net Banking,Completed,2025-02-26
12203,12203,Wallet,Completed,2023-11-18
12204,12204,Credit Card,Completed,2024-12-26
12205,12205,UPI,Completed,2023-12-18
12206,12206,Credit Card,Completed,2024-11-02
12207,12207,Wallet,Refunded,2024-07-22
12208,12208,COD,Completed,2024-06-03
12209,12209,Credit Card,Completed,2025-04-13
12210,12210,UPI,Completed,2025-06-02
12211,12211,UPI,Completed,2025-01-15
12212,12212,Debit Card,Completed,2023-10-24
12213,12213,UPI,Refunded,2024-12-06
12214,12214,Net Banking,Completed,2024-02-17
12215,12215,UPI,Completed,2025-01-09
12216,12216,Debit Card,Completed,2024-10-11
12217,12217,COD,Completed,2025-01-11
12218,12218,COD,Completed,2025-04-02
12219,12219,Wallet,Completed,2024-11-08
12220,12220,Credit Card,Completed,2025-02-01
12221,12221,Wallet,Completed,2024-05-25
12222,12222,Wallet,Completed,2024-12-26
12223,12223,Credit Card,Completed,2023-08-19
12224,12224,Net Banking,Completed,2023-11-07
12225,12225,COD,Completed,2024-04-12
12226,12226,COD,Completed,2023-03-16
12227,12227,Wallet,Completed,2024-02-27
12228,12228,COD,Completed,2025-03-07
12229,12229,UPI,Completed,2024-11-09
12230,12230,Debit Card,Refunded,2024-11-21
12231,12231,Credit Card,Completed,2023-03-21
12232,12232,Credit Card,Completed,2024-08-28
12233,12233,Debit Card,Completed,2023-06-23
12234,12234,Debit Card,Completed,2024-03-12
12235,12235,COD,Completed,2025-01-14
12236,12236,UPI,Completed,2023-01-16
12237,12237,COD,Completed,2025-01-12
12238,12238,COD,Completed,2023-12-25
12239,12239,Wallet,Completed,2024-10-08
12240,12240,Net Banking,Completed,2023-07-14
12241,12241,UPI,Completed,2024-05-16
12242,12242,Credit Card,Completed,2023-09-23
12243,12243,Net Banking,Completed,2023-10-07
12244,12244,Debit Card,Completed,2024-06-11
12245,12245,UPI,Completed,2023-02-14
12246,12246,UPI,Completed,2024-03-22
12247,12247,COD,Completed,2025-01-26
12248,12248,Debit Card,Completed,2024-09-26
12249,12249,Debit Card,Completed,2024-07-04
12250,12250,Credit Card,Completed,2024-06-28
12251,12251,COD,Completed,2025-04-17
12252,12252,Net Banking,Completed,2023-02-18
12253,12253,Debit Card,Completed,2025-03-30
12254,12254,Debit Card,Completed,2024-12-26
12255,12255,UPI,Completed,2023-04-09
12256,12256,Debit Card,Completed,2024-12-31
12257,12257,COD,Refunded,2024-01-13
12258,12258,Credit Card,Completed,2024-11-28
12259,12259,UPI,Completed,2023-12-10
12260,12260,Debit Card,Completed,2023-12-15
12261,12261,COD,Completed,2023-08-30
12262,12262,UPI,Completed,2024-04-29
12263,12263,UPI,Completed,2024-10-13
12264,12264,Debit Card,Completed,2024-10-31
12265,12265,COD,Refunded,2023-04-17
12266,12266,Credit Card,Refunded,2024-07-11
12267,12267,Wallet,Completed,2023-03-10
12268,12268,COD,Refunded,2023-05-10
12269,12269,Wallet,Completed,2024-02-03
12270,12270,COD,Completed,2023-08-14
12271,12271,Net Banking,Completed,2023-12-12
12272,12272,UPI,Completed,2023-05-29
12273,12273,Debit Card,Completed,2023-03-08
12274,12274,Debit Card,Completed,2025-01-01
12275,12275,Debit Card,Completed,2024-11-01
12276,12276,UPI,Completed,2024-12-11
12277,12277,COD,Completed,2023-06-01
12278,12278,COD,Completed,2024-08-14
12279,12279,Wallet,Completed,2023-05-29
12280,12280,Credit Card,Completed,2025-04-21
12281,12281,Debit Card,Completed,2024-11-03
12282,12282,Credit Card,Completed,2023-03-12
12283,12283,Credit Card,Completed,2024-10-20
12284,12284,Debit Card,Completed,2025-04-30
12285,12285,UPI,Completed,2025-04-17
12286,12286,Credit Card,Completed,2025-01-27
12287,12287,Credit Card,Completed,2024-10-12
12288,12288,Wallet,Completed,2024-11-16
12289,12289,Credit Card,Completed,2024-07-17
12290,12290,Net Banking,Completed,2023-11-05
12291,12291,Credit Card,Completed,2024-05-03
12292,12292,COD,Completed,2023-09-15
12293,12293,UPI,Completed,2023-06-27
12294,12294,Debit Card,Completed,2024-07-01
12295,12295,Debit Card,Completed,2023-03-04
12296,12296,Debit Card,Completed,2023-05-04
12297,12297,Wallet,Completed,2023-10-25
12298,12298,COD,Completed,2023-05-04
12299,12299,Net Banking,Completed,2024-09-29
12300,12300,Net Banking,Completed,2025-01-31
12301,12301,UPI,Completed,2023-07-01
12302,12302,Debit Card,Completed,2023-04-29
12303,12303,UPI,Completed,2023-07-02
12304,12304,Debit Card,Completed,2025-05-11
12305,12305,COD,Completed,2024-05-28
12306,12306,Credit Card,Refunded,2023-06-26
12307,12307,Credit Card,Completed,2023-03-21
12308,12308,Net Banking,Completed,2024-01-11
12309,12309,Wallet,Completed,2023-12-22
12310,12310,COD,Completed,2024-09-05
12311,12311,Debit Card,Completed,2023-01-24
12312,12312,Net Banking,Completed,2024-12-25
12313,12313,UPI,Completed,2025-02-13
12314,12314,Net Banking,Completed,2023-05-06
12315,12315,COD,Completed,2024-10-01
12316,12316,Debit Card,Completed,2024-01-15
12317,12317,Credit Card,Completed,2025-01-16
12318,12318,Credit Card,Completed,2024-08-07
12319,12319,Net Banking,Completed,2025-03-25
12320,12320,UPI,Completed,2024-07-03
12321,12321,Credit Card,Completed,2025-01-17
12322,12322,Net Banking,Completed,2024-06-29
12323,12323,UPI,Completed,2023-11-22
12324,12324,UPI,Completed,2023-07-20
12325,12325,Net Banking,Completed,2024-09-14
12326,12326,UPI,Completed,2024-06-27
12327,12327,COD,Completed,2023-03-01
12328,12328,Debit Card,Completed,2025-04-27
12329,12329,Debit Card,Completed,2025-06-07
12330,12330,UPI,Completed,2024-06-27
12331,12331,UPI,Completed,2023-05-10
12332,12332,Wallet,Completed,2023-01-20
12333,12333,Debit Card,Completed,2024-06-17
12334,12334,Debit Card,Completed,2024-04-24
12335,12335,Credit Card,Completed,2025-03-04
12336,12336,COD,Completed,2023-01-05
12337,12337,UPI,Completed,2024-12-13
12338,12338,Credit Card,Completed,2024-10-05
12339,12339,Net Banking,Completed,2025-04-17
12340,12340,UPI,Completed,2023-12-02
12341,12341,Net Banking,Completed,2023-08-02
12342,12342,COD,Completed,2024-08-08
12343,12343,Wallet,Completed,2023-05-24
12344,12344,COD,Completed,2023-12-14
12345,12345,Wallet,Completed,2023-12-17
12346,12346,Debit Card,Completed,2023-06-12
12347,12347,Credit Card,Completed,2024-09-25
12348,12348,UPI,Completed,2023-12-29
12349,12349,Wallet,Completed,2025-04-03
12350,12350,COD,Refunded,2024-08-30
12351,12351,Credit Card,Completed,2024-08-01
12352,12352,Wallet,Completed,2024-12-19
12353,12353,COD,Completed,2023-01-21
12354,12354,COD,Completed,2024-11-27
12355,12355,Debit Card,Completed,2025-01-31
12356,12356,Wallet,Completed,2024-07-27
12357,12357,Net Banking,Completed,2024-02-12
12358,12358,Debit Card,Completed,2024-09-26
12359,12359,Net Banking,Completed,2023-06-30
12360,12360,UPI,Completed,2024-12-18
12361,12361,Debit Card,Completed,2023-12-05
12362,12362,Credit Card,Completed,2023-01-18
12363,12363,UPI,Completed,2023-11-02
12364,12364,COD,Completed,2024-01-28
12365,12365,Net Banking,Completed,2024-08-15
12366,12366,Net Banking,Completed,2023-12-01
12367,12367,Net Banking,Completed,2024-02-06
12368,12368,COD,Completed,2023-12-13
12369,12369,Credit Card,Completed,2023-03-14
12370,12370,Debit Card,Completed,2025-02-21
12371,12371,Credit Card,Completed,2023-07-15
12372,12372,Net Banking,Completed,2023-01-16
12373,12373,Wallet,Completed,2023-02-16
12374,12374,Net Banking,Completed,2023-01-16
12375,12375,Wallet,Completed,2024-04-15
12376,12376,COD,Completed,2025-02-05
12377,12377,Wallet,Completed,2024-04-17
12378,12378,COD,Completed,2024-06-10
12379,12379,Credit Card,Refunded,2024-06-13
12380,12380,UPI,Completed,2025-03-13
12381,12381,Wallet,Completed,2024-10-21
12382,12382,Credit Card,Completed,2023-03-20
12383,12383,Wallet,Completed,2023-07-08
12384,12384,Net Banking,Completed,2023-08-17
12385,12385,Net Banking,Completed,2023-06-19
12386,12386,Net Banking,Completed,2024-02-05
12387,12387,Net Banking,Completed,2023-01-07
12388,12388,Credit Card,Completed,2024-04-30
12389,12389,Wallet,Completed,2024-04-17
12390,12390,COD,Completed,2025-01-26
12391,12391,Net Banking,Completed,2025-03-22
12392,12392,Credit Card,Completed,2023-08-14
12393,12393,Credit Card,Completed,2023-03-21
12394,12394,UPI,Completed,2024-10-26
12395,12395,Net Banking,Completed,2025-04-21
12396,12396,UPI,Completed,2023-05-14
12397,12397,Net Banking,Completed,2023-05-02
12398,12398,UPI,Completed,2023-02-12
12399,12399,Net Banking,Completed,2024-12-26
12400,12400,UPI,Completed,2023-12-18
12401,12401,Net Banking,Completed,2025-04-14
12402,12402,Credit Card,Completed,2025-04-18
12403,12403,COD,Completed,2024-07-25
12404,12404,COD,Completed,2024-04-30
12405,12405,UPI,Completed,2024-08-28
12406,12406,COD,Completed,2023-01-08
12407,12407,Net Banking,Completed,2023-07-26
12408,12408,Net Banking,Completed,2025-01-20
12409,12409,Net Banking,Completed,2025-03-24
12410,12410,UPI,Refunded,2024-04-12
12411,12411,Wallet,Completed,2024-06-29
12412,12412,Credit Card,Completed,2023-11-08
12413,12413,UPI,Completed,2025-04-06
12414,12414,Credit Card,Completed,2023-11-15
12415,12415,Wallet,Completed,2025-01-19
12416,12416,UPI,Completed,2023-10-30
12417,12417,UPI,Completed,2024-07-28
12418,12418,Debit Card,Completed,2025-02-10
12419,12419,Net Banking,Completed,2024-07-05
12420,12420,COD,Refunded,2023-05-04
12421,12421,Credit Card,Completed,2023-09-22
12422,12422,UPI,Completed,2023-07-29
12423,12423,Debit Card,Completed,2023-07-21
12424,12424,Net Banking,Completed,2024-03-30
12425,12425,Net Banking,Completed,2025-02-07
12426,12426,UPI,Completed,2025-04-03
12427,12427,Net Banking,Refunded,2024-07-08
12428,12428,COD,Completed,2023-12-31
12429,12429,Wallet,Completed,2023-11-14
12430,12430,Wallet,Completed,2024-05-12
12431,12431,Debit Card,Completed,2024-10-21
12432,12432,Credit Card,Completed,2025-02-27
12433,12433,UPI,Completed,2023-07-29
12434,12434,Credit Card,Completed,2023-12-05
12435,12435,UPI,Completed,2023-10-15
12436,12436,Net Banking,Completed,2024-04-15
12437,12437,COD,Completed,2023-07-24
12438,12438,COD,Completed,2023-05-09
12439,12439,UPI,Completed,2024-03-01
12440,12440,UPI,Completed,2023-12-02
12441,12441,Debit Card,Completed,2024-07-21
12442,12442,Wallet,Completed,2025-04-11
12443,12443,Credit Card,Completed,2024-02-11
12444,12444,Debit Card,Completed,2024-03-18
12445,12445,Debit Card,Completed,2023-10-08
12446,12446,Net Banking,Completed,2024-10-18
12447,12447,Credit Card,Completed,2023-08-07
12448,12448,Wallet,Completed,2025-01-28
12449,12449,COD,Completed,2024-06-27
12450,12450,Credit Card,Completed,2023-04-21
12451,12451,COD,Completed,2023-03-17
12452,12452,COD,Completed,2023-11-02
12453,12453,UPI,Completed,2024-05-10
12454,12454,COD,Completed,2025-04-02
12455,12455,Debit Card,Completed,2024-05-07
12456,12456,Wallet,Completed,2024-10-08
12457,12457,COD,Completed,2023-05-27
12458,12458,Debit Card,Completed,2023-09-12
12459,12459,COD,Completed,2023-09-02
12460,12460,Wallet,Completed,2024-02-06
12461,12461,UPI,Completed,2023-09-13
12462,12462,Net Banking,Completed,2024-01-18
12463,12463,Wallet,Completed,2023-01-28
12464,12464,UPI,Completed,2024-06-05
12465,12465,Wallet,Completed,2023-12-06
12466,12466,Wallet,Completed,2023-05-05
12467,12467,UPI,Refunded,2024-08-10
12468,12468,Net Banking,Completed,2025-03-09
12469,12469,Wallet,Completed,2023-03-15
12470,12470,Net Banking,Completed,2023-05-10
12471,12471,Net Banking,Completed,2023-01-11
12472,12472,Net Banking,Completed,2024-11-23
12473,12473,Credit Card,Completed,2023-10-21
12474,12474,Wallet,Completed,2024-06-02
12475,12475,Net Banking,Refunded,2024-10-21
12476,12476,COD,Completed,2024-04-19
12477,12477,Credit Card,Completed,2024-06-23
12478,12478,UPI,Completed,2025-04-08
12479,12479,Wallet,Completed,2023-01-11
12480,12480,Net Banking,Completed,2024-10-22
12481,12481,Net Banking,Completed,2024-01-30
12482,12482,Net Banking,Completed,2023-10-04
12483,12483,Debit Card,Refunded,2023-02-02
12484,12484,Debit Card,Completed,2023-01-03
12485,12485,UPI,Completed,2023-03-28
12486,12486,COD,Completed,2024-07-08
12487,12487,COD,Completed,2023-09-26
12488,12488,Credit Card,Completed,2024-12-04
12489,12489,UPI,Completed,2024-10-01
12490,12490,Credit Card,Completed,2025-02-18
12491,12491,Debit Card,Completed,2023-08-09
12492,12492,Net Banking,Refunded,2024-06-08
12493,12493,Net Banking,Completed,2023-06-01
12494,12494,Net Banking,Completed,2024-11-27
12495,12495,Debit Card,Completed,2025-06-03
12496,12496,COD,Completed,2024-03-18
12497,12497,Wallet,Completed,2024-03-16
12498,12498,Credit Card,Completed,2025-04-16
12499,12499,UPI,Completed,2023-03-31
12500,12500,Net Banking,Completed,2024-08-02
12501,12501,COD,Completed,2023-05-28
12502,12502,UPI,Completed,2024-10-19
12503,12503,Net Banking,Completed,2023-01-21
12504,12504,Wallet,Completed,2023-04-22
12505,12505,Credit Card,Completed,2023-08-14
12506,12506,Credit Card,Completed,2023-03-05
12507,12507,Wallet,Completed,2023-04-25
12508,12508,COD,Completed,2023-09-18
12509,12509,Net Banking,Completed,2023-01-30
12510,12510,Credit Card,Completed,2023-12-10
12511,12511,COD,Completed,2024-08-23
12512,12512,Net Banking,Completed,2024-03-22
12513,12513,UPI,Completed,2024-10-02
12514,12514,Credit Card,Completed,2024-04-14
12515,12515,COD,Completed,2024-06-20
12516,12516,Wallet,Completed,2023-07-08
12517,12517,Credit Card,Completed,2023-04-10
12518,12518,Debit Card,Completed,2024-01-02
12519,12519,Debit Card,Completed,2023-10-01
12520,12520,Credit Card,Refunded,2024-08-12
12521,12521,COD,Completed,2025-02-04
12522,12522,UPI,Completed,2023-04-03
12523,12523,Credit Card,Completed,2024-04-22
12524,12524,Wallet,Completed,2023-03-31
12525,12525,Net Banking,Completed,2024-07-29
12526,12526,UPI,Completed,2023-11-14
12527,12527,UPI,Completed,2025-03-16
12528,12528,COD,Completed,2023-03-19
12529,12529,Wallet,Completed,2024-11-27
12530,12530,Net Banking,Completed,2023-04-12
12531,12531,Credit Card,Completed,2025-03-19
12532,12532,COD,Completed,2023-07-21
12533,12533,Debit Card,Completed,2023-03-14
12534,12534,Net Banking,Completed,2024-08-15
12535,12535,Wallet,Completed,2023-07-20
12536,12536,Debit Card,Completed,2024-08-10
12537,12537,Net Banking,Refunded,2024-10-25
12538,12538,Net Banking,Completed,2023-10-26
12539,12539,Credit Card,Completed,2025-02-09
12540,12540,Net Banking,Completed,2023-10-06
12541,12541,Wallet,Completed,2025-03-25
12542,12542,Debit Card,Completed,2025-04-17
12543,12543,Wallet,Completed,2025-03-23
12544,12544,UPI,Completed,2025-05-20
12545,12545,Debit Card,Completed,2024-08-10
12546,12546,Wallet,Completed,2025-03-10
12547,12547,Wallet,Completed,2024-07-29
12548,12548,UPI,Completed,2025-02-26
12549,12549,Net Banking,Completed,2023-01-30
12550,12550,UPI,Completed,2023-02-11
12551,12551,COD,Completed,2023-03-20
12552,12552,UPI,Refunded,2023-08-19
12553,12553,COD,Completed,2023-06-28
12554,12554,UPI,Completed,2023-09-10
12555,12555,Net Banking,Completed,2024-10-26
12556,12556,Credit Card,Completed,2023-10-16
12557,12557,COD,Completed,2024-06-04
12558,12558,COD,Completed,2023-10-13
12559,12559,Net Banking,Completed,2023-10-07
12560,12560,Wallet,Completed,2024-02-18
12561,12561,Debit Card,Completed,2024-01-20
12562,12562,Wallet,Completed,2024-02-07
12563,12563,UPI,Completed,2025-06-14
12564,12564,Net Banking,Completed,2024-07-12
12565,12565,COD,Completed,2023-12-03
12566,12566,Credit Card,Completed,2024-09-25
12567,12567,Net Banking,Completed,2025-02-11
12568,12568,UPI,Completed,2025-05-29
12569,12569,Net Banking,Completed,2024-12-18
12570,12570,Net Banking,Completed,2025-05-28
12571,12571,Wallet,Completed,2025-05-17
12572,12572,UPI,Completed,2023-03-07
12573,12573,Debit Card,Completed,2025-01-31
12574,12574,Credit Card,Completed,2024-10-27
12575,12575,Net Banking,Completed,2024-05-08
12576,12576,COD,Completed,2024-03-25
12577,12577,Credit Card,Completed,2023-08-21
12578,12578,COD,Completed,2023-10-05
12579,12579,UPI,Completed,2024-06-14
12580,12580,COD,Completed,2024-05-28
12581,12581,Credit Card,Completed,2024-04-11
12582,12582,Credit Card,Completed,2024-11-26
12583,12583,COD,Completed,2024-06-19
12584,12584,Net Banking,Completed,2023-06-11
12585,12585,Credit Card,Completed,2024-09-30
12586,12586,Credit Card,Completed,2023-08-18
12587,12587,Credit Card,Completed,2024-02-04
12588,12588,COD,Completed,2023-07-28
12589,12589,COD,Completed,2023-02-22
12590,12590,UPI,Completed,2024-04-04
12591,12591,Credit Card,Completed,2024-06-05
12592,12592,Wallet,Completed,2023-04-01
12593,12593,Net Banking,Completed,2025-04-19
12594,12594,UPI,Completed,2023-09-21
12595,12595,Debit Card,Completed,2023-09-26
12596,12596,Wallet,Completed,2023-08-26
12597,12597,Wallet,Completed,2023-04-06
12598,12598,COD,Refunded,2023-03-15
12599,12599,Credit Card,Refunded,2023-06-02
12600,12600,Credit Card,Completed,2023-10-04
12601,12601,COD,Completed,2025-01-27
12602,12602,Credit Card,Refunded,2024-06-28
12603,12603,Net Banking,Completed,2024-02-07
12604,12604,UPI,Completed,2025-05-07
12605,12605,Debit Card,Completed,2024-04-18
12606,12606,UPI,Completed,2024-08-11
12607,12607,Credit Card,Completed,2023-09-11
12608,12608,UPI,Completed,2024-06-01
12609,12609,UPI,Completed,2025-05-04
12610,12610,Net Banking,Completed,2023-11-20
12611,12611,Net Banking,Completed,2023-06-10
12612,12612,COD,Completed,2025-05-21
12613,12613,Wallet,Completed,2025-04-02
12614,12614,Wallet,Completed,2024-08-11
12615,12615,Net Banking,Completed,2023-04-28
12616,12616,Wallet,Refunded,2023-03-09
12617,12617,Debit Card,Completed,2024-05-31
12618,12618,COD,Completed,2023-04-06
12619,12619,Net Banking,Completed,2023-03-24
12620,12620,Credit Card,Completed,2023-11-22
12621,12621,COD,Completed,2024-11-07
12622,12622,COD,Completed,2024-06-26
12623,12623,Debit Card,Completed,2024-10-28
12624,12624,Debit Card,Completed,2023-01-24
12625,12625,Wallet,Completed,2023-05-27
12626,12626,Credit Card,Completed,2024-07-11
12627,12627,Credit Card,Completed,2023-08-25
12628,12628,COD,Completed,2024-07-15
12629,12629,UPI,Completed,2023-10-07
12630,12630,Wallet,Completed,2024-03-10
12631,12631,Net Banking,Completed,2024-04-30
12632,12632,COD,Completed,2023-01-11
12633,12633,Debit Card,Completed,2024-12-16
12634,12634,Net Banking,Completed,2023-05-03
12635,12635,UPI,Completed,2024-01-19
12636,12636,Wallet,Completed,2023-09-22
12637,12637,Credit Card,Completed,2024-07-10
12638,12638,Net Banking,Completed,2024-10-22
12639,12639,UPI,Completed,2024-12-02
12640,12640,UPI,Completed,2024-06-20
12641,12641,Debit Card,Completed,2024-04-27
12642,12642,Wallet,Completed,2024-05-23
12643,12643,Debit Card,Completed,2023-10-05
12644,12644,Net Banking,Completed,2023-06-09
12645,12645,Net Banking,Completed,2023-10-12
12646,12646,Debit Card,Completed,2024-04-09
12647,12647,Wallet,Completed,2023-07-31
12648,12648,COD,Completed,2023-07-14
12649,12649,Credit Card,Completed,2024-02-18
12650,12650,Wallet,Completed,2023-08-05
12651,12651,UPI,Refunded,2025-05-01
12652,12652,Credit Card,Completed,2023-12-06
12653,12653,Debit Card,Completed,2024-11-26
12654,12654,Wallet,Completed,2025-03-25
12655,12655,Debit Card,Completed,2024-03-20
12656,12656,Wallet,Completed,2024-09-28
12657,12657,UPI,Completed,2024-03-17
12658,12658,COD,Completed,2024-05-15
12659,12659,Debit Card,Completed,2023-10-24
12660,12660,COD,Completed,2025-01-24
12661,12661,Credit Card,Completed,2023-11-23
12662,12662,Net Banking,Completed,2024-01-08
12663,12663,Debit Card,Completed,2024-09-20
12664,12664,Debit Card,Completed,2023-09-04
12665,12665,Debit Card,Completed,2024-03-20
12666,12666,COD,Completed,2023-05-30
12667,12667,Wallet,Completed,2025-03-02
12668,12668,Credit Card,Completed,2024-08-10
12669,12669,UPI,Completed,2024-02-28
12670,12670,Debit Card,Completed,2024-06-01
12671,12671,COD,Completed,2024-02-25
12672,12672,UPI,Completed,2024-02-05
12673,12673,Net Banking,Completed,2023-05-28
12674,12674,Wallet,Completed,2023-01-12
12675,12675,Credit Card,Completed,2023-07-04
12676,12676,UPI,Completed,2025-05-10
12677,12677,Debit Card,Completed,2024-04-26
12678,12678,Debit Card,Completed,2024-09-15
12679,12679,UPI,Completed,2024-09-06
12680,12680,UPI,Completed,2023-04-07
12681,12681,Credit Card,Completed,2024-12-10
12682,12682,UPI,Completed,2025-01-14
12683,12683,UPI,Completed,2024-01-02
12684,12684,Wallet,Completed,2023-06-26
12685,12685,Wallet,Completed,2024-07-16
12686,12686,Wallet,Completed,2024-03-30
12687,12687,UPI,Completed,2023-10-22
12688,12688,UPI,Completed,2023-01-15
12689,12689,COD,Completed,2024-11-05
12690,12690,Net Banking,Completed,2024-11-15
12691,12691,Wallet,Completed,2024-03-31
12692,12692,COD,Completed,2024-08-18
12693,12693,Credit Card,Completed,2024-12-14
12694,12694,Credit Card,Completed,2023-04-19
12695,12695,Credit Card,Completed,2025-01-15
12696,12696,Debit Card,Completed,2023-03-07
12697,12697,COD,Completed,2024-10-14
12698,12698,COD,Refunded,2023-03-10
12699,12699,Net Banking,Completed,2025-06-03
12700,12700,Credit Card,Completed,2025-01-07
12701,12701,Debit Card,Completed,2024-07-08
12702,12702,Credit Card,Completed,2023-10-21
12703,12703,Debit Card,Completed,2024-04-28
12704,12704,Net Banking,Completed,2024-08-17
12705,12705,Debit Card,Completed,2023-11-14
12706,12706,UPI,Refunded,2024-11-19
12707,12707,Credit Card,Completed,2024-04-28
12708,12708,COD,Completed,2023-03-10
12709,12709,UPI,Completed,2023-11-27
12710,12710,UPI,Completed,2024-10-17
12711,12711,COD,Completed,2023-03-03
12712,12712,UPI,Completed,2023-05-22
12713,12713,Credit Card,Completed,2023-04-19
12714,12714,Credit Card,Completed,2025-02-12
12715,12715,Net Banking,Refunded,2023-09-10
12716,12716,UPI,Completed,2023-05-06
12717,12717,Net Banking,Completed,2023-02-26
12718,12718,COD,Completed,2023-08-30
12719,12719,Debit Card,Completed,2024-12-27
12720,12720,COD,Completed,2023-05-25
12721,12721,COD,Completed,2024-01-11
12722,12722,COD,Completed,2023-05-07
12723,12723,Wallet,Completed,2023-04-24
12724,12724,Wallet,Completed,2023-08-01
12725,12725,Debit Card,Completed,2023-01-06
12726,12726,Net Banking,Completed,2024-03-28
12727,12727,Wallet,Completed,2023-09-01
12728,12728,COD,Completed,2023-12-29
12729,12729,Wallet,Completed,2024-05-23
12730,12730,UPI,Completed,2024-04-30
12731,12731,COD,Completed,2023-11-02
12732,12732,Credit Card,Completed,2024-10-08
12733,12733,Debit Card,Completed,2023-11-22
12734,12734,Debit Card,Completed,2023-10-28
12735,12735,UPI,Completed,2023-04-27
12736,12736,Net Banking,Completed,2023-09-28
12737,12737,Debit Card,Completed,2023-04-17
12738,12738,COD,Completed,2023-07-03
12739,12739,Credit Card,Completed,2023-07-09
12740,12740,Wallet,Completed,2023-11-12
12741,12741,Credit Card,Completed,2024-08-31
12742,12742,Credit Card,Completed,2025-05-13
12743,12743,Net Banking,Completed,2025-04-23
12744,12744,Credit Card,Completed,2025-01-02
12745,12745,Wallet,Completed,2024-08-09
12746,12746,Net Banking,Completed,2024-05-16
12747,12747,Net Banking,Completed,2023-09-14
12748,12748,COD,Completed,2025-01-17
12749,12749,Wallet,Completed,2023-06-26
12750,12750,UPI,Completed,2024-11-30
12751,12751,Debit Card,Completed,2024-01-06
12752,12752,UPI,Completed,2024-09-08
12753,12753,UPI,Completed,2024-10-05
12754,12754,COD,Completed,2024-05-29
12755,12755,Debit Card,Completed,2023-04-17
12756,12756,UPI,Completed,2023-01-03
12757,12757,Credit Card,Completed,2023-11-01
12758,12758,Wallet,Completed,2023-06-21
12759,12759,Credit Card,Completed,2025-06-09
12760,12760,COD,Completed,2024-04-29
12761,12761,Debit Card,Completed,2025-02-18
12762,12762,Debit Card,Completed,2023-01-07
12763,12763,UPI,Completed,2023-04-02
12764,12764,COD,Completed,2024-06-17
12765,12765,Net Banking,Completed,2023-07-24
12766,12766,COD,Completed,2024-07-28
12767,12767,COD,Completed,2023-03-25
12768,12768,Credit Card,Completed,2024-05-20
12769,12769,Wallet,Completed,2023-09-14
12770,12770,Debit Card,Completed,2024-05-10
12771,12771,UPI,Completed,2023-11-27
12772,12772,UPI,Completed,2024-02-06
12773,12773,Credit Card,Completed,2023-06-15
12774,12774,UPI,Completed,2025-03-19
12775,12775,Credit Card,Completed,2023-03-23
12776,12776,Debit Card,Refunded,2024-09-21
12777,12777,COD,Completed,2024-09-07
12778,12778,Net Banking,Completed,2025-04-27
12779,12779,COD,Completed,2023-06-11
12780,12780,Wallet,Completed,2023-08-29
12781,12781,COD,Completed,2025-05-05
12782,12782,Credit Card,Completed,2023-06-01
12783,12783,COD,Completed,2024-12-13
12784,12784,Debit Card,Completed,2024-10-12
12785,12785,COD,Completed,2023-11-26
12786,12786,Debit Card,Completed,2024-02-07
12787,12787,Credit Card,Completed,2024-05-23
12788,12788,Debit Card,Completed,2024-05-03
12789,12789,UPI,Completed,2023-10-26
12790,12790,Net Banking,Completed,2023-08-03
12791,12791,Debit Card,Completed,2025-04-05
12792,12792,Wallet,Completed,2024-08-09
12793,12793,Wallet,Completed,2024-12-14
12794,12794,Wallet,Completed,2024-04-30
12795,12795,Net Banking,Completed,2023-06-15
12796,12796,COD,Completed,2024-11-15
12797,12797,Wallet,Completed,2024-10-13
12798,12798,Wallet,Completed,2023-08-25
12799,12799,Credit Card,Completed,2023-10-27
12800,12800,Net Banking,Completed,2024-07-16
12801,12801,UPI,Completed,2023-06-17
12802,12802,Debit Card,Completed,2024-10-05
12803,12803,Debit Card,Completed,2023-11-25
12804,12804,Net Banking,Completed,2024-03-02
12805,12805,Debit Card,Completed,2023-12-23
12806,12806,Credit Card,Completed,2025-02-19
12807,12807,UPI,Completed,2024-01-22
12808,12808,Wallet,Completed,2023-06-01
12809,12809,COD,Completed,2023-09-01
12810,12810,UPI,Completed,2023-03-03
12811,12811,Debit Card,Completed,2024-01-09
12812,12812,Credit Card,Completed,2024-03-26
12813,12813,Credit Card,Completed,2024-03-02
12814,12814,Wallet,Completed,2025-01-22
12815,12815,Wallet,Completed,2024-04-05
12816,12816,Wallet,Completed,2025-01-06
12817,12817,COD,Completed,2024-03-08
12818,12818,UPI,Refunded,2025-03-04
12819,12819,Debit Card,Completed,2025-03-16
12820,12820,Debit Card,Completed,2024-08-31
12821,12821,Wallet,Completed,2024-12-26
12822,12822,Wallet,Completed,2024-11-19
12823,12823,Net Banking,Completed,2023-01-15
12824,12824,UPI,Completed,2023-05-20
12825,12825,Wallet,Completed,2024-01-31
12826,12826,Debit Card,Completed,2023-11-15
12827,12827,Debit Card,Completed,2025-06-13
12828,12828,Debit Card,Completed,2025-01-29
12829,12829,Wallet,Completed,2023-03-12
12830,12830,Credit Card,Refunded,2024-05-22
12831,12831,Net Banking,Completed,2024-04-28
12832,12832,COD,Completed,2024-08-30
12833,12833,Wallet,Completed,2024-04-07
12834,12834,UPI,Completed,2023-11-22
12835,12835,COD,Completed,2023-04-19
12836,12836,Debit Card,Refunded,2023-09-29
12837,12837,Debit Card,Completed,2023-07-16
12838,12838,Net Banking,Completed,2023-04-02
12839,12839,Wallet,Completed,2023-08-25
12840,12840,Credit Card,Completed,2023-02-21
12841,12841,Net Banking,Completed,2024-09-26
12842,12842,Wallet,Completed,2023-05-30
12843,12843,Credit Card,Completed,2024-09-06
12844,12844,Credit Card,Completed,2024-10-24
12845,12845,Wallet,Completed,2023-02-24
12846,12846,UPI,Completed,2024-04-17
12847,12847,Wallet,Completed,2023-06-09
12848,12848,COD,Completed,2024-01-10
12849,12849,UPI,Completed,2024-09-19
12850,12850,Credit Card,Completed,2024-12-14
12851,12851,Credit Card,Completed,2023-10-25
12852,12852,Wallet,Completed,2023-02-20
12853,12853,Debit Card,Completed,2023-06-28
12854,12854,Debit Card,Completed,2023-01-07
12855,12855,Wallet,Completed,2024-08-09
12856,12856,Net Banking,Completed,2024-01-16
12857,12857,Net Banking,Completed,2023-06-18
12858,12858,UPI,Completed,2024-11-06
12859,12859,Credit Card,Completed,2023-01-15
12860,12860,Wallet,Completed,2024-12-03
12861,12861,Wallet,Completed,2024-04-29
12862,12862,Debit Card,Completed,2024-10-30
12863,12863,UPI,Completed,2023-05-20
12864,12864,Credit Card,Completed,2023-02-23
12865,12865,Net Banking,Completed,2024-07-14
12866,12866,Credit Card,Completed,2025-01-10
12867,12867,Credit Card,Completed,2023-11-03
12868,12868,Net Banking,Completed,2024-06-01
12869,12869,COD,Completed,2023-12-22
12870,12870,Debit Card,Completed,2024-01-22
12871,12871,Credit Card,Completed,2024-12-22
12872,12872,Net Banking,Completed,2023-03-01
12873,12873,UPI,Completed,2024-01-19
12874,12874,Wallet,Completed,2024-11-10
12875,12875,Debit Card,Completed,2023-03-19
12876,12876,Debit Card,Completed,2023-12-05
12877,12877,Net Banking,Completed,2025-01-22
12878,12878,Net Banking,Completed,2025-05-28
12879,12879,Credit Card,Completed,2024-03-10
12880,12880,Debit Card,Completed,2024-08-16
12881,12881,COD,Completed,2023-08-15
12882,12882,Credit Card,Completed,2024-12-31
12883,12883,Credit Card,Completed,2024-04-09
12884,12884,Net Banking,Completed,2024-05-13
12885,12885,Wallet,Completed,2023-04-05
12886,12886,Debit Card,Completed,2023-05-01
12887,12887,Debit Card,Completed,2024-08-13
12888,12888,COD,Refunded,2024-01-11
12889,12889,UPI,Completed,2023-08-22
12890,12890,COD,Completed,2023-11-01
12891,12891,Credit Card,Completed,2024-04-18
12892,12892,Debit Card,Completed,2023-04-24
12893,12893,Wallet,Completed,2024-06-12
12894,12894,COD,Refunded,2024-06-11
12895,12895,Credit Card,Completed,2024-07-22
12896,12896,Net Banking,Completed,2024-03-23
12897,12897,Credit Card,Completed,2024-07-16
12898,12898,COD,Completed,2023-05-10
12899,12899,Debit Card,Refunded,2024-07-22
12900,12900,COD,Completed,2024-01-23
12901,12901,Debit Card,Refunded,2024-10-20
12902,12902,Wallet,Completed,2023-03-11
12903,12903,UPI,Completed,2025-02-22
12904,12904,COD,Completed,2024-06-15
12905,12905,Wallet,Completed,2024-10-17
12906,12906,COD,Completed,2023-05-25
12907,12907,UPI,Completed,2023-12-06
12908,12908,Credit Card,Completed,2024-04-22
12909,12909,COD,Completed,2025-05-17
12910,12910,UPI,Completed,2024-01-12
12911,12911,Wallet,Completed,2023-04-24
12912,12912,UPI,Completed,2024-04-29
12913,12913,Debit Card,Completed,2024-06-05
12914,12914,COD,Completed,2025-06-10
12915,12915,UPI,Completed,2025-05-09
12916,12916,Wallet,Completed,2025-01-23
12917,12917,Credit Card,Completed,2024-12-27
12918,12918,UPI,Completed,2024-07-15
12919,12919,Net Banking,Completed,2025-03-02
12920,12920,Wallet,Completed,2023-07-06
12921,12921,Wallet,Completed,2024-08-10
12922,12922,Net Banking,Completed,2024-03-18
12923,12923,Debit Card,Completed,2025-01-13
12924,12924,UPI,Completed,2023-10-23
12925,12925,Wallet,Completed,2023-11-13
12926,12926,UPI,Completed,2023-12-18
12927,12927,COD,Completed,2024-08-08
12928,12928,Credit Card,Completed,2024-11-02
12929,12929,UPI,Completed,2024-05-17
12930,12930,Debit Card,Completed,2024-05-09
12931,12931,Wallet,Completed,2024-05-05
12932,12932,UPI,Completed,2023-12-10
12933,12933,Debit Card,Completed,2025-02-06
12934,12934,Net Banking,Completed,2023-12-19
12935,12935,Wallet,Completed,2024-08-19
12936,12936,Wallet,Completed,2024-06-27
12937,12937,COD,Completed,2023-12-30
12938,12938,Net Banking,Completed,2025-02-01
12939,12939,UPI,Completed,2025-02-09
12940,12940,COD,Completed,2023-06-09
12941,12941,COD,Completed,2024-05-24
12942,12942,Net Banking,Completed,2024-07-04
12943,12943,Credit Card,Completed,2025-04-24
12944,12944,Credit Card,Completed,2023-08-22
12945,12945,COD,Completed,2023-03-14
12946,12946,Net Banking,Completed,2023-04-03
12947,12947,Net Banking,Completed,2024-04-02
12948,12948,Net Banking,Completed,2023-08-17
12949,12949,Wallet,Completed,2023-05-13
12950,12950,Wallet,Completed,2023-03-01
12951,12951,Wallet,Completed,2023-12-07
12952,12952,Credit Card,Completed,2023-06-27
12953,12953,COD,Completed,2023-03-05
12954,12954,Credit Card,Completed,2023-11-13
12955,12955,Wallet,Completed,2023-11-19
12956,12956,UPI,Completed,2023-07-28
12957,12957,COD,Completed,2023-06-13
12958,12958,COD,Completed,2024-12-25
12959,12959,Debit Card,Completed,2023-05-07
12960,12960,UPI,Completed,2023-08-16
12961,12961,Wallet,Completed,2024-08-14
12962,12962,UPI,Completed,2023-03-01
12963,12963,Net Banking,Completed,2024-10-06
12964,12964,UPI,Completed,2023-09-26
12965,12965,Debit Card,Completed,2023-01-26
12966,12966,COD,Completed,2023-02-02
12967,12967,Debit Card,Completed,2023-12-27
12968,12968,UPI,Completed,2023-12-27
12969,12969,UPI,Completed,2023-09-02
12970,12970,Credit Card,Completed,2023-12-21
12971,12971,Credit Card,Completed,2023-08-05
12972,12972,Debit Card,Completed,2024-03-22
12973,12973,Wallet,Completed,2023-11-05
12974,12974,UPI,Completed,2024-12-21
12975,12975,Net Banking,Completed,2023-04-15
12976,12976,Wallet,Completed,2024-04-02
12977,12977,Wallet,Completed,2024-10-07
12978,12978,Wallet,Completed,2023-03-01
12979,12979,Wallet,Completed,2024-12-16
12980,12980,UPI,Completed,2024-01-21
12981,12981,Credit Card,Completed,2025-03-01
12982,12982,Wallet,Completed,2023-01-02
12983,12983,Credit Card,Completed,2024-08-30
12984,12984,UPI,Completed,2023-01-12
12985,12985,Credit Card,Completed,2024-06-19
12986,12986,COD,Completed,2025-01-01
12987,12987,Debit Card,Completed,2023-01-04
12988,12988,UPI,Completed,2023-09-19
12989,12989,COD,Completed,2023-12-12
12990,12990,Net Banking,Completed,2024-08-13
12991,12991,Net Banking,Completed,2023-01-01
12992,12992,Debit Card,Completed,2023-02-17
12993,12993,Credit Card,Completed,2025-05-24
12994,12994,COD,Completed,2024-09-30
12995,12995,Wallet,Completed,2024-09-01
12996,12996,UPI,Completed,2023-07-04
12997,12997,Debit Card,Completed,2023-03-14
12998,12998,Credit Card,Completed,2023-02-13
12999,12999,Net Banking,Completed,2023-02-10
13000,13000,Wallet,Completed,2023-05-15
13001,13001,Debit Card,Completed,2023-01-02
13002,13002,Net Banking,Completed,2023-10-20
13003,13003,Debit Card,Completed,2025-02-22
13004,13004,Debit Card,Completed,2023-05-23
13005,13005,Wallet,Completed,2025-03-12
13006,13006,Wallet,Completed,2024-05-11
13007,13007,Wallet,Completed,2024-01-31
13008,13008,Debit Card,Completed,2025-02-27
13009,13009,Wallet,Completed,2024-02-05
13010,13010,Credit Card,Completed,2024-09-14
13011,13011,COD,Completed,2023-08-31
13012,13012,UPI,Completed,2024-12-20
13013,13013,Credit Card,Completed,2023-10-14
13014,13014,Debit Card,Completed,2023-04-09
13015,13015,COD,Completed,2023-03-09
13016,13016,UPI,Completed,2023-01-04
13017,13017,Credit Card,Completed,2023-11-15
13018,13018,Debit Card,Completed,2024-03-01
13019,13019,UPI,Completed,2023-10-03
13020,13020,UPI,Refunded,2024-04-15
13021,13021,Credit Card,Completed,2024-12-23
13022,13022,Net Banking,Completed,2023-01-21
13023,13023,Debit Card,Completed,2024-11-17
13024,13024,Credit Card,Completed,2024-06-05
13025,13025,UPI,Completed,2024-01-04
13026,13026,COD,Refunded,2025-05-24
13027,13027,Wallet,Completed,2023-04-21
13028,13028,Wallet,Completed,2024-07-04
13029,13029,Debit Card,Completed,2025-06-18
13030,13030,UPI,Completed,2024-01-31
13031,13031,COD,Completed,2023-07-20
13032,13032,Net Banking,Completed,2025-04-26
13033,13033,Debit Card,Completed,2023-08-04
13034,13034,Wallet,Completed,2024-11-08
13035,13035,Debit Card,Completed,2023-03-21
13036,13036,Credit Card,Completed,2024-07-03
13037,13037,Credit Card,Completed,2025-05-28
13038,13038,UPI,Completed,2025-03-30
13039,13039,Debit Card,Completed,2023-12-16
13040,13040,Wallet,Completed,2023-11-02
13041,13041,UPI,Completed,2024-09-30
13042,13042,COD,Completed,2024-11-09
13043,13043,COD,Completed,2023-02-02
13044,13044,Net Banking,Completed,2024-02-12
13045,13045,Net Banking,Completed,2024-09-26
13046,13046,Credit Card,Completed,2025-02-09
13047,13047,Wallet,Completed,2024-03-30
13048,13048,Wallet,Completed,2024-02-15
13049,13049,Debit Card,Completed,2023-10-08
13050,13050,Credit Card,Completed,2024-07-29
13051,13051,Credit Card,Completed,2023-10-31
13052,13052,COD,Refunded,2024-07-09
13053,13053,Credit Card,Completed,2023-02-16
13054,13054,Wallet,Completed,2025-02-05
13055,13055,UPI,Completed,2024-02-29
13056,13056,Wallet,Completed,2023-01-15
13057,13057,Net Banking,Completed,2023-09-20
13058,13058,Debit Card,Completed,2023-11-23
13059,13059,Net Banking,Completed,2023-07-23
13060,13060,Debit Card,Completed,2024-05-01
13061,13061,Net Banking,Completed,2025-05-13
13062,13062,Net Banking,Completed,2024-02-09
13063,13063,COD,Completed,2023-03-07
13064,13064,Debit Card,Completed,2023-03-11
13065,13065,UPI,Completed,2024-09-27
13066,13066,Credit Card,Completed,2023-08-31
13067,13067,Wallet,Completed,2024-03-01
13068,13068,Wallet,Completed,2025-04-24
13069,13069,Credit Card,Completed,2024-02-06
13070,13070,UPI,Completed,2024-11-10
13071,13071,UPI,Completed,2025-04-10
13072,13072,Wallet,Completed,2025-02-01
13073,13073,Credit Card,Completed,2025-04-02
13074,13074,Net Banking,Completed,2023-11-25
13075,13075,Credit Card,Completed,2025-04-03
13076,13076,Wallet,Refunded,2025-01-16
13077,13077,Net Banking,Completed,2023-06-20
13078,13078,Net Banking,Completed,2024-12-10
13079,13079,Credit Card,Completed,2024-06-06
13080,13080,UPI,Completed,2025-01-14
13081,13081,Debit Card,Completed,2025-01-04
13082,13082,Net Banking,Completed,2023-02-25
13083,13083,Net Banking,Refunded,2024-07-31
13084,13084,Wallet,Completed,2023-03-23
13085,13085,COD,Completed,2024-09-08
13086,13086,Net Banking,Completed,2023-05-10
13087,13087,Debit Card,Completed,2023-09-05
13088,13088,Net Banking,Completed,2025-04-07
13089,13089,Credit Card,Completed,2023-10-07
13090,13090,Debit Card,Completed,2023-12-02
13091,13091,UPI,Completed,2025-04-04
13092,13092,Credit Card,Completed,2025-05-29
13093,13093,Net Banking,Completed,2023-07-11
13094,13094,COD,Completed,2024-12-30
13095,13095,COD,Completed,2024-11-20
13096,13096,COD,Completed,2023-09-04
13097,13097,Credit Card,Completed,2025-02-06
13098,13098,Net Banking,Completed,2024-06-03
13099,13099,COD,Completed,2023-10-29
13100,13100,Credit Card,Completed,2024-09-17
13101,13101,COD,Completed,2023-03-19
13102,13102,Credit Card,Completed,2025-03-07
13103,13103,Debit Card,Completed,2024-12-23
13104,13104,UPI,Completed,2024-09-28
13105,13105,Net Banking,Completed,2023-01-07
13106,13106,Credit Card,Refunded,2025-03-06
13107,13107,Debit Card,Refunded,2023-02-28
13108,13108,Credit Card,Completed,2023-10-28
13109,13109,Wallet,Completed,2025-04-27
13110,13110,Wallet,Completed,2025-05-08
13111,13111,UPI,Completed,2023-06-21
13112,13112,Net Banking,Completed,2023-08-12
13113,13113,UPI,Completed,2024-01-29
13114,13114,Wallet,Completed,2024-07-18
13115,13115,Wallet,Completed,2023-06-26
13116,13116,Wallet,Completed,2024-10-27
13117,13117,UPI,Completed,2023-04-22
13118,13118,UPI,Completed,2025-04-18
13119,13119,Wallet,Completed,2025-02-03
13120,13120,UPI,Completed,2024-12-19
13121,13121,Credit Card,Completed,2023-09-02
13122,13122,Wallet,Completed,2023-05-11
13123,13123,Debit Card,Completed,2024-01-05
13124,13124,UPI,Refunded,2024-11-18
13125,13125,Credit Card,Completed,2024-03-24
13126,13126,Net Banking,Completed,2024-08-24
13127,13127,Debit Card,Completed,2024-05-27
13128,13128,Wallet,Completed,2024-07-05
13129,13129,COD,Completed,2024-04-28
13130,13130,Wallet,Completed,2024-04-21
13131,13131,Debit Card,Completed,2025-03-16
13132,13132,Net Banking,Completed,2025-04-28
13133,13133,UPI,Completed,2023-07-05
13134,13134,COD,Completed,2023-09-22
13135,13135,Wallet,Completed,2025-04-13
13136,13136,Debit Card,Completed,2025-05-21
13137,13137,Credit Card,Completed,2025-02-26
13138,13138,COD,Completed,2025-02-05
13139,13139,Credit Card,Completed,2023-04-18
13140,13140,Wallet,Completed,2023-02-28
13141,13141,Wallet,Completed,2023-06-12
13142,13142,Debit Card,Completed,2023-01-20
13143,13143,COD,Completed,2023-11-26
13144,13144,Net Banking,Completed,2024-09-15
13145,13145,Credit Card,Completed,2024-12-15
13146,13146,Wallet,Completed,2024-07-27
13147,13147,UPI,Completed,2023-07-04
13148,13148,Credit Card,Completed,2024-07-11
13149,13149,Debit Card,Completed,2025-02-18
13150,13150,Net Banking,Completed,2023-01-28
13151,13151,UPI,Completed,2023-08-08
13152,13152,Net Banking,Completed,2023-08-29
13153,13153,Credit Card,Completed,2023-04-12
13154,13154,Debit Card,Refunded,2025-02-22
13155,13155,Debit Card,Completed,2024-12-27
13156,13156,Credit Card,Completed,2024-03-21
13157,13157,Net Banking,Completed,2024-08-14
13158,13158,Debit Card,Completed,2023-12-20
13159,13159,Credit Card,Refunded,2023-12-30
13160,13160,Debit Card,Refunded,2025-05-13
13161,13161,Net Banking,Completed,2024-07-03
13162,13162,UPI,Completed,2024-07-05
13163,13163,COD,Completed,2025-01-17
13164,13164,Credit Card,Completed,2025-02-20
13165,13165,Wallet,Completed,2023-09-29
13166,13166,Net Banking,Completed,2025-04-30
13167,13167,Wallet,Completed,2023-04-15
13168,13168,Credit Card,Completed,2024-02-27
13169,13169,Net Banking,Completed,2024-05-09
13170,13170,Net Banking,Completed,2024-02-25
13171,13171,COD,Completed,2024-04-04
13172,13172,Net Banking,Completed,2025-03-22
13173,13173,COD,Completed,2023-03-21
13174,13174,COD,Completed,2025-05-08
13175,13175,COD,Completed,2025-06-15
13176,13176,Net Banking,Completed,2023-11-13
13177,13177,COD,Completed,2023-09-04
13178,13178,UPI,Completed,2024-03-28
13179,13179,COD,Completed,2024-05-31
13180,13180,Net Banking,Completed,2025-06-09
13181,13181,Credit Card,Completed,2023-05-10
13182,13182,Wallet,Completed,2023-07-16
13183,13183,UPI,Completed,2023-07-27
13184,13184,Debit Card,Completed,2023-06-30
13185,13185,UPI,Completed,2024-12-05
13186,13186,COD,Completed,2024-01-21
13187,13187,Net Banking,Completed,2024-03-10
13188,13188,Net Banking,Completed,2025-04-09
13189,13189,Credit Card,Completed,2024-01-31
13190,13190,Wallet,Completed,2023-10-16
13191,13191,Net Banking,Completed,2024-03-23
13192,13192,Wallet,Completed,2023-12-09
13193,13193,COD,Completed,2023-03-11
13194,13194,Credit Card,Completed,2024-10-20
13195,13195,COD,Completed,2024-08-14
13196,13196,Net Banking,Completed,2024-06-16
13197,13197,Credit Card,Completed,2023-11-07
13198,13198,UPI,Completed,2024-11-21
13199,13199,Credit Card,Completed,2024-06-21
13200,13200,Net Banking,Completed,2024-11-25
13201,13201,Net Banking,Completed,2023-06-23
13202,13202,Net Banking,Completed,2024-12-16
13203,13203,Wallet,Completed,2023-10-18
13204,13204,COD,Completed,2023-03-18
13205,13205,COD,Completed,2023-08-17
13206,13206,Debit Card,Completed,2024-11-17
13207,13207,Debit Card,Completed,2023-12-04
13208,13208,Wallet,Completed,2024-06-10
13209,13209,Credit Card,Completed,2023-12-16
13210,13210,Net Banking,Completed,2023-04-09
13211,13211,COD,Completed,2024-11-08
13212,13212,Credit Card,Completed,2025-01-04
13213,13213,Credit Card,Completed,2023-04-30
13214,13214,Wallet,Completed,2023-07-11
13215,13215,Debit Card,Completed,2025-02-14
13216,13216,Wallet,Completed,2024-12-07
13217,13217,Net Banking,Completed,2023-01-28
13218,13218,COD,Completed,2023-08-24
13219,13219,Wallet,Completed,2024-11-22
13220,13220,Debit Card,Refunded,2024-02-16
13221,13221,UPI,Completed,2023-08-15
13222,13222,Credit Card,Completed,2024-12-15
13223,13223,UPI,Completed,2024-11-28
13224,13224,Net Banking,Completed,2023-05-14
13225,13225,UPI,Completed,2024-05-08
13226,13226,Wallet,Completed,2024-09-18
13227,13227,Credit Card,Completed,2024-10-08
13228,13228,UPI,Completed,2023-07-20
13229,13229,COD,Completed,2023-09-26
13230,13230,Credit Card,Refunded,2023-04-29
13231,13231,Net Banking,Completed,2024-01-06
13232,13232,Net Banking,Completed,2023-03-14
13233,13233,UPI,Completed,2024-08-01
13234,13234,Debit Card,Completed,2023-02-05
13235,13235,Net Banking,Completed,2023-10-19
13236,13236,Debit Card,Refunded,2024-12-20
13237,13237,COD,Completed,2025-02-28
13238,13238,Net Banking,Completed,2024-12-11
13239,13239,Credit Card,Completed,2023-06-10
13240,13240,COD,Completed,2025-06-17
13241,13241,COD,Completed,2024-08-14
13242,13242,COD,Completed,2023-12-12
13243,13243,Debit Card,Completed,2024-12-21
13244,13244,Credit Card,Completed,2023-12-29
13245,13245,UPI,Refunded,2023-05-24
13246,13246,Credit Card,Completed,2024-07-26
13247,13247,Debit Card,Completed,2025-01-05
13248,13248,UPI,Completed,2024-07-04
13249,13249,Credit Card,Completed,2025-02-01
13250,13250,Net Banking,Completed,2023-04-30
13251,13251,Debit Card,Completed,2024-04-09
13252,13252,Debit Card,Completed,2025-01-26
13253,13253,Net Banking,Completed,2023-02-18
13254,13254,COD,Completed,2023-11-13
13255,13255,Wallet,Completed,2023-02-11
13256,13256,Wallet,Completed,2025-03-01
13257,13257,Net Banking,Completed,2023-04-04
13258,13258,Credit Card,Completed,2025-04-24
13259,13259,UPI,Completed,2025-02-01
13260,13260,COD,Completed,2024-07-08
13261,13261,Credit Card,Completed,2024-04-18
13262,13262,COD,Refunded,2025-03-02
13263,13263,COD,Refunded,2023-07-14
13264,13264,Debit Card,Completed,2023-04-13
13265,13265,COD,Completed,2025-01-22
13266,13266,COD,Completed,2023-06-05
13267,13267,COD,Completed,2025-05-29
13268,13268,Wallet,Completed,2024-03-08
13269,13269,Net Banking,Completed,2024-06-28
13270,13270,COD,Completed,2023-10-05
13271,13271,Wallet,Completed,2023-01-18
13272,13272,Credit Card,Completed,2023-07-05
13273,13273,UPI,Completed,2024-04-24
13274,13274,COD,Completed,2025-02-14
13275,13275,Wallet,Completed,2023-11-05
13276,13276,Credit Card,Completed,2023-01-01
13277,13277,UPI,Completed,2023-03-21
13278,13278,UPI,Completed,2023-02-03
13279,13279,Net Banking,Completed,2023-09-11
13280,13280,UPI,Completed,2024-02-14
13281,13281,Wallet,Completed,2023-12-25
13282,13282,Wallet,Completed,2023-01-14
13283,13283,Credit Card,Completed,2024-10-27
13284,13284,Wallet,Completed,2023-01-16
13285,13285,Net Banking,Completed,2025-03-24
13286,13286,Net Banking,Completed,2024-05-26
13287,13287,Credit Card,Completed,2024-06-29
13288,13288,Net Banking,Completed,2024-04-10
13289,13289,Net Banking,Completed,2023-02-16
13290,13290,Debit Card,Completed,2024-08-20
13291,13291,Net Banking,Completed,2024-11-04
13292,13292,Wallet,Completed,2023-05-05
13293,13293,Net Banking,Completed,2024-02-28
13294,13294,Net Banking,Completed,2024-06-01
13295,13295,UPI,Completed,2023-11-11
13296,13296,UPI,Completed,2024-12-13
13297,13297,COD,Completed,2024-11-13
13298,13298,UPI,Completed,2025-04-22
13299,13299,Debit Card,Completed,2025-05-24
13300,13300,Net Banking,Completed,2023-08-21
13301,13301,Net Banking,Completed,2024-11-09
13302,13302,UPI,Completed,2024-06-17
13303,13303,UPI,Refunded,2024-02-23
13304,13304,UPI,Completed,2024-01-16
13305,13305,Wallet,Completed,2023-02-22
13306,13306,COD,Completed,2023-06-10
13307,13307,Debit Card,Completed,2025-04-11
13308,13308,Debit Card,Completed,2025-03-19
13309,13309,Credit Card,Completed,2024-09-17
13310,13310,COD,Completed,2023-10-10
13311,13311,Wallet,Completed,2023-10-11
13312,13312,Wallet,Completed,2023-08-17
13313,13313,COD,Completed,2023-08-23
13314,13314,COD,Completed,2023-08-12
13315,13315,Debit Card,Completed,2024-05-16
13316,13316,Net Banking,Completed,2025-03-09
13317,13317,Wallet,Completed,2023-02-01
13318,13318,Credit Card,Completed,2024-11-20
13319,13319,Debit Card,Completed,2024-09-25
13320,13320,Wallet,Completed,2023-04-08
13321,13321,Debit Card,Completed,2025-03-26
13322,13322,UPI,Refunded,2023-04-26
13323,13323,UPI,Completed,2025-02-15
13324,13324,UPI,Completed,2024-05-08
13325,13325,Debit Card,Completed,2023-03-10
13326,13326,Debit Card,Completed,2023-10-16
13327,13327,Debit Card,Completed,2024-01-14
13328,13328,Net Banking,Completed,2023-04-14
13329,13329,Wallet,Completed,2024-09-28
13330,13330,Net Banking,Completed,2024-05-01
13331,13331,COD,Completed,2024-01-07
13332,13332,Wallet,Completed,2023-06-25
13333,13333,UPI,Completed,2023-05-25
13334,13334,COD,Completed,2025-01-02
13335,13335,Credit Card,Completed,2025-05-07
13336,13336,COD,Completed,2025-03-27
13337,13337,Credit Card,Completed,2025-06-06
13338,13338,UPI,Completed,2024-02-01
13339,13339,Credit Card,Completed,2023-01-05
13340,13340,Net Banking,Completed,2024-10-29
13341,13341,Debit Card,Completed,2024-02-27
13342,13342,Debit Card,Completed,2023-01-25
13343,13343,Wallet,Refunded,2024-07-14
13344,13344,Net Banking,Completed,2024-11-10
13345,13345,Net Banking,Completed,2024-04-30
13346,13346,COD,Completed,2025-04-25
13347,13347,Credit Card,Completed,2024-12-28
13348,13348,UPI,Completed,2023-01-10
13349,13349,Debit Card,Completed,2025-01-10
13350,13350,Wallet,Completed,2023-01-03
13351,13351,Net Banking,Completed,2024-09-14
13352,13352,Debit Card,Completed,2024-09-08
13353,13353,UPI,Completed,2025-03-06
13354,13354,Debit Card,Completed,2023-08-02
13355,13355,Credit Card,Completed,2023-10-05
13356,13356,COD,Completed,2023-01-16
13357,13357,Credit Card,Completed,2023-08-29
13358,13358,Debit Card,Refunded,2024-10-14
13359,13359,Credit Card,Completed,2024-10-21
13360,13360,Wallet,Completed,2023-07-26
13361,13361,COD,Completed,2024-05-14
13362,13362,Wallet,Completed,2023-06-21
13363,13363,Debit Card,Completed,2023-11-01
13364,13364,UPI,Completed,2023-08-29
13365,13365,Debit Card,Completed,2023-01-03
13366,13366,COD,Completed,2024-07-30
13367,13367,Debit Card,Completed,2024-01-12
13368,13368,Net Banking,Completed,2024-11-10
13369,13369,UPI,Completed,2024-01-08
13370,13370,COD,Completed,2024-06-27
13371,13371,Wallet,Completed,2025-05-25
13372,13372,Wallet,Completed,2023-07-07
13373,13373,Debit Card,Completed,2023-07-28
13374,13374,Credit Card,Completed,2023-08-15
13375,13375,UPI,Completed,2024-08-24
13376,13376,Credit Card,Completed,2025-05-25
13377,13377,Debit Card,Completed,2023-01-15
13378,13378,UPI,Completed,2024-10-22
13379,13379,Credit Card,Completed,2023-07-26
13380,13380,UPI,Completed,2024-05-25
13381,13381,Wallet,Completed,2024-02-16
13382,13382,Credit Card,Completed,2024-05-23
13383,13383,Credit Card,Completed,2025-03-31
13384,13384,Debit Card,Completed,2023-06-09
13385,13385,Credit Card,Completed,2024-12-11
13386,13386,UPI,Completed,2024-07-13
13387,13387,COD,Completed,2025-01-03
13388,13388,Wallet,Completed,2024-12-13
13389,13389,Debit Card,Completed,2024-04-19
13390,13390,COD,Completed,2023-12-31
13391,13391,Wallet,Completed,2023-06-26
13392,13392,Net Banking,Completed,2025-02-25
13393,13393,Net Banking,Completed,2023-05-10
13394,13394,Net Banking,Completed,2024-03-02
13395,13395,Credit Card,Completed,2024-07-25
13396,13396,COD,Completed,2025-03-13
13397,13397,Net Banking,Completed,2024-09-19
13398,13398,Credit Card,Completed,2024-01-24
13399,13399,Credit Card,Completed,2023-07-22
13400,13400,Debit Card,Completed,2023-09-28
13401,13401,Debit Card,Completed,2024-03-26
13402,13402,Debit Card,Completed,2023-07-25
13403,13403,Net Banking,Completed,2024-07-16
13404,13404,Net Banking,Completed,2023-01-06
13405,13405,Credit Card,Completed,2023-12-22
13406,13406,UPI,Completed,2024-06-25
13407,13407,Net Banking,Completed,2024-04-19
13408,13408,Credit Card,Refunded,2024-06-27
13409,13409,COD,Completed,2024-06-01
13410,13410,Net Banking,Completed,2024-12-05
13411,13411,Debit Card,Completed,2025-03-20
13412,13412,Debit Card,Completed,2023-01-21
13413,13413,Net Banking,Refunded,2025-06-09
13414,13414,Debit Card,Completed,2024-12-16
13415,13415,Credit Card,Completed,2023-01-17
13416,13416,Net Banking,Completed,2025-04-29
13417,13417,UPI,Completed,2023-09-27
13418,13418,UPI,Completed,2024-07-03
13419,13419,Net Banking,Completed,2023-09-17
13420,13420,Credit Card,Completed,2024-11-05
13421,13421,UPI,Completed,2025-04-26
13422,13422,Wallet,Completed,2023-09-08
13423,13423,UPI,Refunded,2025-01-12
13424,13424,COD,Completed,2023-11-22
13425,13425,Credit Card,Completed,2024-02-02
13426,13426,Wallet,Completed,2024-12-05
13427,13427,COD,Completed,2023-05-06
13428,13428,UPI,Completed,2024-10-01
13429,13429,Credit Card,Completed,2024-10-22
13430,13430,COD,Completed,2025-04-26
13431,13431,Credit Card,Completed,2023-02-19
13432,13432,Wallet,Completed,2025-01-06
13433,13433,Credit Card,Completed,2025-01-31
13434,13434,UPI,Completed,2025-01-13
13435,13435,Net Banking,Completed,2023-09-16
13436,13436,Wallet,Completed,2024-02-20
13437,13437,Credit Card,Completed,2023-07-29
13438,13438,Credit Card,Completed,2023-10-29
13439,13439,UPI,Completed,2023-04-28
13440,13440,UPI,Completed,2024-08-01
13441,13441,UPI,Completed,2023-05-30
13442,13442,Credit Card,Completed,2023-05-02
13443,13443,Net Banking,Completed,2023-11-08
13444,13444,UPI,Completed,2024-06-15
13445,13445,Net Banking,Completed,2024-12-19
13446,13446,Debit Card,Completed,2025-02-13
13447,13447,COD,Completed,2025-01-16
13448,13448,UPI,Completed,2024-01-07
13449,13449,Net Banking,Completed,2025-04-21
13450,13450,Credit Card,Refunded,2025-01-13
13451,13451,Debit Card,Refunded,2024-02-21
13452,13452,Net Banking,Completed,2025-01-31
13453,13453,Credit Card,Completed,2023-12-14
13454,13454,Debit Card,Completed,2023-08-13
13455,13455,Net Banking,Completed,2023-09-25
13456,13456,Credit Card,Completed,2023-10-02
13457,13457,Wallet,Completed,2025-01-04
13458,13458,Net Banking,Refunded,2023-10-19
13459,13459,Credit Card,Completed,2023-10-04
13460,13460,Debit Card,Completed,2024-05-17
13461,13461,Debit Card,Completed,2025-04-04
13462,13462,Debit Card,Completed,2024-12-13
13463,13463,COD,Completed,2025-01-15
13464,13464,Credit Card,Completed,2023-07-30
13465,13465,Credit Card,Completed,2023-11-23
13466,13466,UPI,Completed,2024-11-17
13467,13467,Debit Card,Completed,2025-02-09
13468,13468,UPI,Completed,2024-07-29
13469,13469,Net Banking,Completed,2023-12-12
13470,13470,UPI,Completed,2024-10-21
13471,13471,COD,Completed,2023-01-18
13472,13472,Wallet,Completed,2025-01-29
13473,13473,Credit Card,Completed,2023-07-02
13474,13474,Credit Card,Refunded,2024-10-09
13475,13475,COD,Completed,2024-08-07
13476,13476,Debit Card,Completed,2025-02-25
13477,13477,UPI,Completed,2023-06-15
13478,13478,Net Banking,Completed,2023-03-11
13479,13479,Debit Card,Completed,2023-01-18
13480,13480,Net Banking,Completed,2024-12-02
13481,13481,UPI,Completed,2025-05-22
13482,13482,Debit Card,Completed,2024-05-23
13483,13483,COD,Completed,2025-03-27
13484,13484,UPI,Completed,2025-02-19
13485,13485,Wallet,Completed,2024-02-08
13486,13486,Credit Card,Completed,2024-03-17
13487,13487,Credit Card,Completed,2024-10-03
13488,13488,COD,Completed,2024-01-09
13489,13489,Wallet,Completed,2023-02-23
13490,13490,COD,Completed,2023-01-22
13491,13491,Net Banking,Completed,2023-08-03
13492,13492,Debit Card,Completed,2024-01-24
13493,13493,Net Banking,Completed,2023-02-26
13494,13494,Net Banking,Completed,2023-07-20
13495,13495,Net Banking,Completed,2024-08-14
13496,13496,Wallet,Completed,2024-04-02
13497,13497,Credit Card,Completed,2024-01-27
13498,13498,Credit Card,Completed,2024-12-03
13499,13499,Debit Card,Completed,2025-03-06
13500,13500,UPI,Completed,2024-02-07
13501,13501,COD,Completed,2024-08-14
13502,13502,COD,Completed,2023-09-25
13503,13503,COD,Completed,2024-12-03
13504,13504,Credit Card,Completed,2023-10-10
13505,13505,Wallet,Completed,2023-06-18
13506,13506,COD,Completed,2024-03-23
13507,13507,COD,Completed,2023-02-18
13508,13508,Wallet,Completed,2024-07-14
13509,13509,Wallet,Completed,2023-12-05
13510,13510,Debit Card,Completed,2024-02-13
13511,13511,Net Banking,Completed,2023-08-05
13512,13512,COD,Refunded,2024-10-18
13513,13513,UPI,Completed,2023-06-06
13514,13514,Wallet,Completed,2023-08-20
13515,13515,UPI,Completed,2023-04-02
13516,13516,Debit Card,Completed,2025-04-23
13517,13517,UPI,Completed,2023-03-18
13518,13518,Debit Card,Completed,2023-12-04
13519,13519,Credit Card,Completed,2023-10-06
13520,13520,Debit Card,Refunded,2023-07-20
13521,13521,UPI,Completed,2024-07-30
13522,13522,Wallet,Refunded,2023-08-03
13523,13523,Credit Card,Completed,2024-04-09
13524,13524,Credit Card,Completed,2023-04-06
13525,13525,Net Banking,Completed,2023-11-05
13526,13526,UPI,Completed,2023-06-18
13527,13527,Debit Card,Completed,2025-03-30
13528,13528,UPI,Completed,2023-03-14
13529,13529,Debit Card,Completed,2023-12-29
13530,13530,Debit Card,Completed,2023-11-02
13531,13531,Net Banking,Completed,2025-04-16
13532,13532,Credit Card,Completed,2023-09-30
13533,13533,Wallet,Completed,2024-11-19
13534,13534,UPI,Completed,2023-04-02
13535,13535,COD,Completed,2023-04-02
13536,13536,Credit Card,Completed,2023-10-20
13537,13537,Net Banking,Completed,2024-11-24
13538,13538,UPI,Completed,2024-04-23
13539,13539,UPI,Completed,2024-08-20
13540,13540,COD,Completed,2023-01-09
13541,13541,Wallet,Completed,2023-08-04
13542,13542,Debit Card,Completed,2024-11-16
13543,13543,UPI,Completed,2024-04-22
13544,13544,Debit Card,Completed,2023-12-04
13545,13545,Debit Card,Completed,2024-07-26
13546,13546,Wallet,Completed,2024-12-03
13547,13547,COD,Completed,2025-01-18
13548,13548,Wallet,Completed,2024-11-30
13549,13549,Wallet,Completed,2023-07-08
13550,13550,Net Banking,Completed,2024-12-06
13551,13551,Credit Card,Completed,2025-05-09
13552,13552,COD,Completed,2023-06-10
13553,13553,Net Banking,Completed,2024-03-29
13554,13554,Net Banking,Completed,2023-04-10
13555,13555,COD,Completed,2025-01-11
13556,13556,Net Banking,Completed,2025-02-23
13557,13557,COD,Completed,2023-05-06
13558,13558,UPI,Completed,2024-01-14
13559,13559,COD,Completed,2024-08-06
13560,13560,Debit Card,Completed,2023-12-21
13561,13561,Debit Card,Completed,2025-04-16
13562,13562,Debit Card,Completed,2023-06-18
13563,13563,Wallet,Completed,2023-01-26
13564,13564,Net Banking,Completed,2024-03-17
13565,13565,Wallet,Completed,2023-08-06
13566,13566,Debit Card,Completed,2024-07-11
13567,13567,Credit Card,Completed,2023-06-26
13568,13568,Wallet,Completed,2024-11-11
13569,13569,COD,Completed,2024-01-22
13570,13570,Debit Card,Completed,2023-11-08
13571,13571,COD,Completed,2023-11-17
13572,13572,Debit Card,Completed,2024-08-24
13573,13573,Net Banking,Completed,2025-01-30
13574,13574,UPI,Completed,2024-10-03
13575,13575,Wallet,Completed,2025-05-17
13576,13576,Debit Card,Completed,2025-02-11
13577,13577,Net Banking,Completed,2024-09-14
13578,13578,UPI,Completed,2024-06-04
13579,13579,Credit Card,Completed,2023-07-13
13580,13580,Credit Card,Completed,2025-04-12
13581,13581,Debit Card,Completed,2024-10-08
13582,13582,Debit Card,Completed,2024-07-07
13583,13583,UPI,Completed,2023-05-10
13584,13584,UPI,Completed,2025-04-06
13585,13585,UPI,Completed,2024-04-21
13586,13586,COD,Completed,2024-08-17
13587,13587,COD,Completed,2025-03-26
13588,13588,Debit Card,Completed,2023-03-30
13589,13589,Debit Card,Completed,2023-12-30
13590,13590,UPI,Completed,2024-04-27
13591,13591,Debit Card,Completed,2023-11-02
13592,13592,Debit Card,Completed,2024-12-12
13593,13593,Net Banking,Completed,2024-04-01
13594,13594,UPI,Completed,2023-02-02
13595,13595,Credit Card,Completed,2023-06-23
13596,13596,COD,Completed,2024-12-20
13597,13597,Net Banking,Completed,2024-11-11
13598,13598,COD,Completed,2025-05-27
13599,13599,Net Banking,Completed,2023-05-22
13600,13600,Credit Card,Completed,2023-04-15
13601,13601,Net Banking,Completed,2024-12-23
13602,13602,UPI,Completed,2025-05-16
13603,13603,COD,Completed,2023-11-11
13604,13604,Wallet,Completed,2023-01-25
13605,13605,Net Banking,Completed,2023-10-29
13606,13606,UPI,Completed,2024-07-22
13607,13607,COD,Completed,2024-08-15
13608,13608,Debit Card,Completed,2024-12-27
13609,13609,Wallet,Completed,2024-07-21
13610,13610,Credit Card,Completed,2025-03-13
13611,13611,Wallet,Refunded,2024-01-18
13612,13612,Net Banking,Completed,2023-05-25
13613,13613,Net Banking,Completed,2024-03-10
13614,13614,UPI,Completed,2025-05-21
13615,13615,Wallet,Completed,2023-04-19
13616,13616,UPI,Completed,2023-05-27
13617,13617,UPI,Completed,2024-08-16
13618,13618,COD,Completed,2024-09-05
13619,13619,Credit Card,Completed,2023-02-26
13620,13620,UPI,Completed,2023-12-06
13621,13621,UPI,Completed,2023-09-09
13622,13622,Net Banking,Completed,2025-01-04
13623,13623,Debit Card,Completed,2023-10-29
13624,13624,Debit Card,Completed,2025-04-22
13625,13625,Credit Card,Completed,2024-11-24
13626,13626,Debit Card,Completed,2024-01-14
13627,13627,Credit Card,Completed,2023-08-24
13628,13628,UPI,Completed,2024-09-16
13629,13629,Wallet,Completed,2023-05-17
13630,13630,UPI,Completed,2024-04-11
13631,13631,Net Banking,Completed,2024-12-30
13632,13632,Debit Card,Completed,2024-03-07
13633,13633,Wallet,Completed,2025-01-15
13634,13634,Wallet,Completed,2025-01-22
13635,13635,Net Banking,Completed,2023-10-25
13636,13636,UPI,Completed,2024-12-10
13637,13637,Wallet,Completed,2025-04-22
13638,13638,COD,Completed,2023-10-03
13639,13639,Debit Card,Completed,2024-09-15
13640,13640,Debit Card,Completed,2024-05-04
13641,13641,Net Banking,Completed,2024-11-19
13642,13642,Wallet,Completed,2023-12-21
13643,13643,UPI,Completed,2024-12-23
13644,13644,UPI,Completed,2023-09-16
13645,13645,UPI,Completed,2023-08-30
13646,13646,Net Banking,Completed,2023-04-09
13647,13647,Credit Card,Completed,2024-08-25
13648,13648,Net Banking,Completed,2024-08-17
13649,13649,UPI,Completed,2023-10-18
13650,13650,Wallet,Completed,2025-04-22
13651,13651,Net Banking,Completed,2024-10-23
13652,13652,Debit Card,Refunded,2023-05-12
13653,13653,Debit Card,Completed,2023-05-19
13654,13654,COD,Completed,2024-07-10
13655,13655,UPI,Completed,2023-10-22
13656,13656,Wallet,Completed,2024-02-01
13657,13657,Debit Card,Completed,2023-12-24
13658,13658,Credit Card,Completed,2023-12-17
13659,13659,COD,Completed,2024-07-05
13660,13660,COD,Completed,2024-12-21
13661,13661,Credit Card,Completed,2023-02-16
13662,13662,Credit Card,Completed,2023-01-15
13663,13663,COD,Completed,2024-11-15
13664,13664,Net Banking,Completed,2024-12-30
13665,13665,Net Banking,Completed,2024-12-22
13666,13666,Credit Card,Completed,2023-06-04
13667,13667,COD,Completed,2024-07-18
13668,13668,Net Banking,Completed,2023-06-07
13669,13669,Net Banking,Completed,2025-03-10
13670,13670,Net Banking,Completed,2024-11-09
13671,13671,COD,Completed,2024-04-10
13672,13672,Debit Card,Completed,2023-03-13
13673,13673,Credit Card,Completed,2024-08-26
13674,13674,COD,Completed,2024-08-29
13675,13675,UPI,Completed,2023-05-27
13676,13676,COD,Completed,2024-10-29
13677,13677,Debit Card,Completed,2023-12-14
13678,13678,Credit Card,Completed,2023-06-05
13679,13679,Wallet,Completed,2024-10-11
13680,13680,UPI,Completed,2023-04-05
13681,13681,Wallet,Completed,2023-10-03
13682,13682,Wallet,Refunded,2024-06-17
13683,13683,COD,Completed,2024-04-11
13684,13684,Debit Card,Completed,2025-03-12
13685,13685,UPI,Completed,2023-10-16
13686,13686,COD,Completed,2024-11-07
13687,13687,Credit Card,Completed,2025-05-19
13688,13688,COD,Completed,2023-04-27
13689,13689,Debit Card,Completed,2025-05-16
13690,13690,COD,Completed,2023-12-20
13691,13691,Wallet,Completed,2025-06-13
13692,13692,Wallet,Completed,2023-02-02
13693,13693,Credit Card,Completed,2023-04-20
13694,13694,Net Banking,Completed,2024-10-28
13695,13695,Wallet,Completed,2025-06-01
13696,13696,Debit Card,Completed,2024-08-31
13697,13697,Credit Card,Completed,2024-09-21
13698,13698,Wallet,Completed,2024-11-19
13699,13699,Credit Card,Completed,2024-08-15
13700,13700,Wallet,Completed,2024-06-21
13701,13701,UPI,Completed,2023-06-29
13702,13702,Wallet,Completed,2024-12-10
13703,13703,Net Banking,Completed,2023-01-20
13704,13704,Net Banking,Refunded,2023-05-21
13705,13705,Net Banking,Completed,2023-07-14
13706,13706,UPI,Completed,2023-08-29
13707,13707,Debit Card,Completed,2024-06-08
13708,13708,COD,Completed,2025-03-07
13709,13709,Credit Card,Completed,2024-02-12
13710,13710,UPI,Completed,2024-08-11
13711,13711,UPI,Refunded,2023-08-16
13712,13712,COD,Completed,2024-05-12
13713,13713,Credit Card,Completed,2025-04-21
13714,13714,COD,Completed,2024-10-15
13715,13715,Credit Card,Completed,2023-03-04
13716,13716,COD,Completed,2024-10-05
13717,13717,Credit Card,Completed,2025-01-13
13718,13718,Net Banking,Completed,2025-02-08
13719,13719,COD,Completed,2024-03-08
13720,13720,Debit Card,Completed,2024-11-14
13721,13721,COD,Completed,2025-06-12
13722,13722,COD,Completed,2023-05-29
13723,13723,Debit Card,Completed,2024-03-04
13724,13724,Credit Card,Completed,2023-02-14
13725,13725,Wallet,Completed,2024-11-21
13726,13726,Wallet,Completed,2023-09-01
13727,13727,Debit Card,Completed,2023-10-01
13728,13728,COD,Completed,2023-09-24
13729,13729,UPI,Completed,2025-01-24
13730,13730,UPI,Completed,2025-02-18
13731,13731,UPI,Completed,2024-07-27
13732,13732,UPI,Completed,2024-04-25
13733,13733,Debit Card,Completed,2023-11-17
13734,13734,COD,Completed,2024-01-09
13735,13735,UPI,Completed,2023-11-25
13736,13736,Debit Card,Completed,2025-04-07
13737,13737,Wallet,Completed,2023-06-20
13738,13738,COD,Completed,2024-07-18
13739,13739,Credit Card,Completed,2024-09-26
13740,13740,Wallet,Completed,2024-02-01
13741,13741,Debit Card,Completed,2023-12-26
13742,13742,Credit Card,Completed,2025-03-07
13743,13743,Wallet,Completed,2024-06-29
13744,13744,COD,Completed,2024-12-02
13745,13745,Net Banking,Completed,2024-05-05
13746,13746,Credit Card,Completed,2023-10-31
13747,13747,UPI,Completed,2023-12-20
13748,13748,UPI,Completed,2025-01-01
13749,13749,COD,Completed,2023-03-15
13750,13750,Net Banking,Completed,2023-05-13
13751,13751,Credit Card,Completed,2024-03-21
13752,13752,Debit Card,Completed,2024-01-05
13753,13753,Debit Card,Completed,2024-02-20
13754,13754,Debit Card,Completed,2024-04-06
13755,13755,Wallet,Completed,2023-11-01
13756,13756,COD,Completed,2025-05-26
13757,13757,COD,Completed,2024-10-09
13758,13758,Credit Card,Completed,2024-08-20
13759,13759,COD,Completed,2023-09-29
13760,13760,Net Banking,Completed,2025-05-30
13761,13761,Wallet,Completed,2025-01-28
13762,13762,Debit Card,Completed,2023-07-17
13763,13763,COD,Completed,2025-01-08
13764,13764,Net Banking,Completed,2023-12-19
13765,13765,Debit Card,Completed,2024-04-21
13766,13766,COD,Completed,2024-03-26
13767,13767,COD,Completed,2024-04-01
13768,13768,Debit Card,Completed,2024-01-11
13769,13769,Debit Card,Completed,2024-07-09
13770,13770,Wallet,Completed,2024-12-23
13771,13771,Credit Card,Completed,2024-12-17
13772,13772,COD,Refunded,2024-04-22
13773,13773,COD,Completed,2023-02-21
13774,13774,COD,Completed,2024-08-14
13775,13775,UPI,Completed,2024-08-15
13776,13776,Credit Card,Completed,2024-03-30
13777,13777,Net Banking,Completed,2023-03-14
13778,13778,COD,Completed,2023-01-01
13779,13779,COD,Completed,2023-10-12
13780,13780,Credit Card,Completed,2023-02-01
13781,13781,Credit Card,Completed,2023-02-11
13782,13782,Net Banking,Completed,2023-03-28
13783,13783,Debit Card,Completed,2023-06-22
13784,13784,Net Banking,Completed,2025-03-06
13785,13785,Net Banking,Completed,2024-10-26
13786,13786,Debit Card,Completed,2023-05-27
13787,13787,Wallet,Completed,2024-10-19
13788,13788,Wallet,Completed,2023-06-21
13789,13789,UPI,Completed,2023-09-10
13790,13790,Debit Card,Completed,2023-06-13
13791,13791,COD,Completed,2024-09-05
13792,13792,Debit Card,Completed,2023-05-26
13793,13793,Net Banking,Completed,2024-09-22
13794,13794,Debit Card,Completed,2024-12-31
13795,13795,Credit Card,Completed,2023-10-03
13796,13796,COD,Completed,2024-08-22
13797,13797,Credit Card,Completed,2023-07-13
13798,13798,Credit Card,Completed,2023-07-25
13799,13799,Debit Card,Completed,2024-09-08
13800,13800,Wallet,Completed,2023-03-05
13801,13801,Net Banking,Completed,2025-02-17
13802,13802,Debit Card,Completed,2023-09-19
13803,13803,Debit Card,Completed,2024-06-07
13804,13804,Wallet,Refunded,2025-05-21
13805,13805,COD,Completed,2023-09-02
13806,13806,Credit Card,Completed,2023-02-04
13807,13807,Debit Card,Completed,2025-01-02
13808,13808,Net Banking,Completed,2023-12-15
13809,13809,COD,Completed,2023-08-15
13810,13810,COD,Completed,2023-09-13
13811,13811,Credit Card,Completed,2024-08-21
13812,13812,Debit Card,Completed,2024-11-07
13813,13813,Credit Card,Completed,2025-03-28
13814,13814,Wallet,Completed,2024-04-17
13815,13815,Wallet,Completed,2024-07-15
13816,13816,UPI,Completed,2025-03-23
13817,13817,Net Banking,Completed,2024-09-06
13818,13818,Wallet,Completed,2024-12-06
13819,13819,Credit Card,Completed,2024-12-24
13820,13820,COD,Completed,2023-07-28
13821,13821,Debit Card,Completed,2023-02-06
13822,13822,UPI,Completed,2023-04-01
13823,13823,Credit Card,Completed,2024-01-03
13824,13824,COD,Completed,2024-02-04
13825,13825,UPI,Completed,2023-01-10
13826,13826,Debit Card,Completed,2024-04-03
13827,13827,Credit Card,Completed,2024-02-09
13828,13828,Credit Card,Completed,2023-04-05
13829,13829,Debit Card,Completed,2023-09-16
13830,13830,COD,Completed,2023-12-26
13831,13831,Wallet,Completed,2024-05-15
13832,13832,Wallet,Completed,2025-04-01
13833,13833,Debit Card,Completed,2023-06-06
13834,13834,Wallet,Completed,2024-10-29
13835,13835,Credit Card,Completed,2024-07-16
13836,13836,Credit Card,Completed,2023-12-14
13837,13837,Credit Card,Refunded,2023-10-06
13838,13838,COD,Completed,2023-09-25
13839,13839,Net Banking,Completed,2023-04-30
13840,13840,Wallet,Completed,2024-07-25
13841,13841,Net Banking,Completed,2025-01-24
13842,13842,Credit Card,Completed,2024-04-17
13843,13843,Net Banking,Completed,2023-04-10
13844,13844,Net Banking,Completed,2025-05-07
13845,13845,Credit Card,Completed,2024-03-09
13846,13846,Wallet,Completed,2024-01-12
13847,13847,Debit Card,Refunded,2023-06-03
13848,13848,COD,Completed,2023-07-27
13849,13849,Net Banking,Completed,2023-08-24
13850,13850,Debit Card,Completed,2024-09-23
13851,13851,UPI,Completed,2023-04-09
13852,13852,COD,Completed,2024-03-10
13853,13853,Credit Card,Completed,2023-02-14
13854,13854,UPI,Completed,2025-05-15
13855,13855,Net Banking,Completed,2023-07-11
13856,13856,COD,Completed,2023-10-02
13857,13857,UPI,Completed,2024-04-02
13858,13858,Debit Card,Completed,2024-04-20
13859,13859,Wallet,Completed,2024-08-11
13860,13860,COD,Completed,2024-08-07
13861,13861,Wallet,Completed,2023-07-07
13862,13862,Wallet,Completed,2023-01-25
13863,13863,Net Banking,Completed,2023-09-12
13864,13864,Net Banking,Completed,2023-05-20
13865,13865,UPI,Completed,2025-04-22
13866,13866,Debit Card,Completed,2024-04-28
13867,13867,Wallet,Completed,2023-05-07
13868,13868,UPI,Completed,2025-05-06
13869,13869,Credit Card,Completed,2024-07-16
13870,13870,UPI,Completed,2023-03-21
13871,13871,Wallet,Completed,2023-10-24
13872,13872,Debit Card,Completed,2024-10-23
13873,13873,Debit Card,Completed,2024-01-28
13874,13874,Credit Card,Completed,2023-01-13
13875,13875,COD,Completed,2023-09-27
13876,13876,Net Banking,Completed,2024-01-27
13877,13877,COD,Completed,2025-01-31
13878,13878,Debit Card,Completed,2023-07-08
13879,13879,COD,Completed,2024-02-02
13880,13880,Net Banking,Completed,2025-05-08
13881,13881,UPI,Completed,2024-01-03
13882,13882,Credit Card,Completed,2024-11-26
13883,13883,UPI,Completed,2024-03-05
13884,13884,Net Banking,Completed,2023-09-21
13885,13885,UPI,Completed,2024-08-15
13886,13886,Debit Card,Completed,2023-01-14
13887,13887,Debit Card,Completed,2024-07-27
13888,13888,Wallet,Completed,2025-04-22
13889,13889,Net Banking,Completed,2023-03-15
13890,13890,UPI,Completed,2025-02-10
13891,13891,COD,Completed,2025-03-23
13892,13892,Credit Card,Completed,2023-08-27
13893,13893,COD,Completed,2025-03-17
13894,13894,UPI,Completed,2023-06-29
13895,13895,UPI,Refunded,2024-08-19
13896,13896,UPI,Completed,2024-12-28
13897,13897,Debit Card,Completed,2023-03-07
13898,13898,Debit Card,Completed,2024-02-11
13899,13899,COD,Refunded,2023-01-27
13900,13900,Credit Card,Completed,2023-04-01
13901,13901,UPI,Completed,2023-02-22
13902,13902,Credit Card,Completed,2023-06-20
13903,13903,UPI,Completed,2023-09-14
13904,13904,UPI,Completed,2025-02-04
13905,13905,COD,Completed,2023-01-12
13906,13906,Wallet,Completed,2025-06-06
13907,13907,COD,Completed,2024-12-16
13908,13908,Credit Card,Completed,2025-01-30
13909,13909,COD,Completed,2023-07-24
13910,13910,Debit Card,Completed,2024-05-30
13911,13911,UPI,Completed,2024-09-17
13912,13912,Wallet,Completed,2023-03-29
13913,13913,Credit Card,Completed,2024-11-11
13914,13914,Wallet,Completed,2025-02-07
13915,13915,Net Banking,Completed,2025-05-26
13916,13916,UPI,Completed,2023-06-16
13917,13917,Net Banking,Completed,2023-04-29
13918,13918,COD,Completed,2024-02-14
13919,13919,UPI,Completed,2024-05-06
13920,13920,Credit Card,Completed,2024-09-17
13921,13921,Wallet,Completed,2023-12-17
13922,13922,UPI,Completed,2023-05-18
13923,13923,Net Banking,Completed,2025-05-26
13924,13924,Wallet,Completed,2024-01-04
13925,13925,Debit Card,Completed,2025-02-12
13926,13926,Wallet,Completed,2023-03-10
13927,13927,Credit Card,Completed,2023-04-12
13928,13928,Net Banking,Completed,2023-05-27
13929,13929,Credit Card,Completed,2024-11-21
13930,13930,Credit Card,Completed,2023-03-28
13931,13931,Net Banking,Completed,2023-11-03
13932,13932,Wallet,Completed,2023-11-12
13933,13933,Net Banking,Completed,2023-03-20
13934,13934,Debit Card,Refunded,2024-09-30
13935,13935,COD,Completed,2024-06-10
13936,13936,Wallet,Completed,2024-03-23
13937,13937,UPI,Completed,2025-01-02
13938,13938,UPI,Completed,2024-04-22
13939,13939,UPI,Completed,2024-03-17
13940,13940,Wallet,Completed,2023-02-21
13941,13941,Credit Card,Completed,2025-05-09
13942,13942,Net Banking,Refunded,2024-01-13
13943,13943,Wallet,Completed,2023-04-18
13944,13944,Wallet,Completed,2025-01-31
13945,13945,Debit Card,Completed,2025-01-25
13946,13946,Wallet,Completed,2024-10-26
13947,13947,UPI,Completed,2024-07-31
13948,13948,Debit Card,Completed,2025-03-18
13949,13949,UPI,Completed,2025-03-15
13950,13950,UPI,Completed,2025-01-10
13951,13951,Debit Card,Completed,2025-04-05
13952,13952,UPI,Completed,2024-09-18
13953,13953,Wallet,Completed,2023-09-29
13954,13954,Wallet,Completed,2025-05-27
13955,13955,COD,Refunded,2024-05-22
13956,13956,COD,Completed,2024-12-05
13957,13957,Credit Card,Completed,2024-03-02
13958,13958,Net Banking,Completed,2023-12-03
13959,13959,Wallet,Completed,2023-07-23
13960,13960,Debit Card,Completed,2023-12-21
13961,13961,COD,Completed,2024-07-27
13962,13962,UPI,Completed,2024-08-15
13963,13963,Credit Card,Completed,2025-01-13
13964,13964,Credit Card,Completed,2023-11-21
13965,13965,Net Banking,Completed,2023-12-25
13966,13966,Wallet,Completed,2023-07-13
13967,13967,Wallet,Completed,2024-10-03
13968,13968,Net Banking,Refunded,2023-02-24
13969,13969,Wallet,Completed,2024-07-04
13970,13970,Wallet,Completed,2024-10-01
13971,13971,COD,Completed,2023-09-18
13972,13972,Net Banking,Completed,2025-01-14
13973,13973,Net Banking,Completed,2023-01-14
13974,13974,Wallet,Completed,2024-01-03
13975,13975,UPI,Completed,2024-02-29
13976,13976,Debit Card,Completed,2023-11-16
13977,13977,Debit Card,Completed,2024-05-30
13978,13978,Debit Card,Completed,2025-04-07
13979,13979,Wallet,Completed,2024-06-29
13980,13980,Wallet,Completed,2024-04-03
13981,13981,Wallet,Completed,2023-05-18
13982,13982,Net Banking,Completed,2024-07-11
13983,13983,UPI,Completed,2023-07-01
13984,13984,Net Banking,Completed,2024-06-11
13985,13985,COD,Completed,2025-04-21
13986,13986,Debit Card,Completed,2024-09-11
13987,13987,Credit Card,Completed,2024-03-05
13988,13988,Debit Card,Completed,2025-03-21
13989,13989,COD,Completed,2023-03-16
13990,13990,COD,Refunded,2024-10-24
13991,13991,UPI,Completed,2024-07-12
13992,13992,Credit Card,Completed,2024-07-22
13993,13993,Debit Card,Completed,2024-05-03
13994,13994,COD,Completed,2024-10-29
13995,13995,COD,Completed,2025-03-26
13996,13996,UPI,Completed,2025-01-26
13997,13997,UPI,Completed,2023-09-30
13998,13998,Wallet,Completed,2023-02-17
13999,13999,Debit Card,Completed,2024-10-09
14000,14000,COD,Completed,2024-01-19
14001,14001,UPI,Completed,2023-08-07
14002,14002,Net Banking,Completed,2024-12-09
14003,14003,Debit Card,Completed,2024-10-13
14004,14004,Wallet,Completed,2023-06-29
14005,14005,Net Banking,Completed,2025-03-25
14006,14006,Wallet,Completed,2025-03-26
14007,14007,Wallet,Completed,2023-06-07
14008,14008,UPI,Completed,2023-03-14
14009,14009,Credit Card,Completed,2024-09-04
14010,14010,Credit Card,Completed,2024-05-27
14011,14011,UPI,Completed,2023-01-05
14012,14012,UPI,Refunded,2023-03-12
14013,14013,COD,Completed,2023-11-07
14014,14014,Net Banking,Completed,2023-10-21
14015,14015,COD,Refunded,2024-05-24
14016,14016,Credit Card,Completed,2023-04-13
14017,14017,Debit Card,Completed,2024-07-25
14018,14018,Wallet,Completed,2024-03-19
14019,14019,COD,Completed,2023-02-24
14020,14020,Wallet,Completed,2023-09-12
14021,14021,Net Banking,Completed,2025-02-24
14022,14022,Credit Card,Completed,2024-12-09
14023,14023,Debit Card,Completed,2025-05-03
14024,14024,COD,Refunded,2024-10-25
14025,14025,UPI,Completed,2023-10-24
14026,14026,UPI,Completed,2023-08-06
14027,14027,Debit Card,Completed,2024-04-28
14028,14028,Net Banking,Completed,2024-12-07
14029,14029,UPI,Completed,2024-05-16
14030,14030,Debit Card,Completed,2023-01-28
14031,14031,Wallet,Completed,2025-01-10
14032,14032,Wallet,Completed,2024-09-25
14033,14033,COD,Completed,2024-04-23
14034,14034,UPI,Completed,2024-02-22
14035,14035,Debit Card,Completed,2025-02-01
14036,14036,COD,Completed,2024-02-07
14037,14037,UPI,Refunded,2023-09-19
14038,14038,Net Banking,Completed,2023-02-27
14039,14039,Debit Card,Completed,2024-04-02
14040,14040,UPI,Completed,2025-03-03
14041,14041,Wallet,Completed,2025-03-18
14042,14042,COD,Completed,2023-12-25
14043,14043,Credit Card,Completed,2023-07-27
14044,14044,Debit Card,Completed,2025-06-03
14045,14045,UPI,Refunded,2024-02-27
14046,14046,Net Banking,Completed,2023-12-16
14047,14047,Net Banking,Completed,2024-08-04
14048,14048,Credit Card,Completed,2025-04-10
14049,14049,Credit Card,Completed,2023-08-04
14050,14050,Wallet,Completed,2024-09-15
14051,14051,Wallet,Completed,2025-01-21
14052,14052,Debit Card,Completed,2024-05-03
14053,14053,Credit Card,Completed,2024-06-19
14054,14054,UPI,Completed,2023-03-28
14055,14055,UPI,Completed,2023-10-18
14056,14056,COD,Completed,2024-01-11
14057,14057,Debit Card,Completed,2025-03-26
14058,14058,UPI,Completed,2024-02-11
14059,14059,COD,Completed,2023-07-31
14060,14060,UPI,Completed,2023-09-28
14061,14061,COD,Completed,2023-06-14
14062,14062,Credit Card,Completed,2023-09-27
14063,14063,Wallet,Completed,2023-11-09
14064,14064,Wallet,Completed,2023-09-04
14065,14065,Net Banking,Completed,2023-06-07
14066,14066,Debit Card,Completed,2023-03-08
14067,14067,UPI,Completed,2023-11-07
14068,14068,Net Banking,Completed,2023-06-01
14069,14069,Wallet,Completed,2023-06-14
14070,14070,UPI,Completed,2025-02-15
14071,14071,Credit Card,Completed,2023-07-29
14072,14072,UPI,Completed,2025-01-24
14073,14073,Net Banking,Completed,2025-01-03
14074,14074,Debit Card,Completed,2023-04-28
14075,14075,Net Banking,Completed,2024-08-21
14076,14076,Credit Card,Completed,2025-02-07
14077,14077,COD,Completed,2023-12-28
14078,14078,UPI,Completed,2024-06-04
14079,14079,Debit Card,Completed,2023-05-15
14080,14080,Net Banking,Completed,2023-12-30
14081,14081,Debit Card,Completed,2024-02-02
14082,14082,Debit Card,Completed,2024-10-13
14083,14083,COD,Completed,2025-02-21
14084,14084,Net Banking,Completed,2023-11-22
14085,14085,COD,Refunded,2025-01-25
14086,14086,COD,Completed,2024-02-16
14087,14087,COD,Completed,2024-03-20
14088,14088,UPI,Completed,2025-03-29
14089,14089,Net Banking,Completed,2024-04-20
14090,14090,COD,Completed,2025-06-02
14091,14091,Wallet,Completed,2024-09-13
14092,14092,COD,Completed,2025-06-16
14093,14093,UPI,Completed,2024-06-28
14094,14094,Wallet,Completed,2024-06-05
14095,14095,Net Banking,Completed,2024-08-20
14096,14096,Wallet,Refunded,2025-05-31
14097,14097,Net Banking,Completed,2024-07-18
14098,14098,COD,Completed,2024-02-03
14099,14099,Debit Card,Completed,2023-06-02
14100,14100,Net Banking,Completed,2023-04-01
14101,14101,COD,Completed,2023-12-13
14102,14102,COD,Completed,2023-08-19
14103,14103,UPI,Completed,2024-12-23
14104,14104,Debit Card,Completed,2025-02-02
14105,14105,Credit Card,Completed,2024-03-05
14106,14106,UPI,Completed,2023-10-12
14107,14107,Credit Card,Completed,2023-06-04
14108,14108,Net Banking,Completed,2025-03-03
14109,14109,UPI,Completed,2025-03-19
14110,14110,UPI,Completed,2024-05-08
14111,14111,UPI,Completed,2025-01-02
14112,14112,Debit Card,Completed,2024-09-01
14113,14113,UPI,Completed,2023-09-09
14114,14114,Debit Card,Completed,2024-01-17
14115,14115,UPI,Completed,2024-11-23
14116,14116,UPI,Completed,2023-02-05
14117,14117,Wallet,Completed,2023-06-27
14118,14118,Debit Card,Completed,2023-03-30
14119,14119,Wallet,Completed,2025-01-04
14120,14120,Credit Card,Completed,2024-01-02
14121,14121,COD,Completed,2023-03-05
14122,14122,Credit Card,Completed,2024-07-25
14123,14123,COD,Completed,2023-12-01
14124,14124,Credit Card,Completed,2024-03-27
14125,14125,Debit Card,Completed,2024-04-14
14126,14126,Credit Card,Completed,2023-11-06
14127,14127,UPI,Completed,2024-02-12
14128,14128,Credit Card,Completed,2024-04-20
14129,14129,Net Banking,Completed,2025-03-15
14130,14130,UPI,Completed,2024-12-04
14131,14131,COD,Completed,2023-03-08
14132,14132,COD,Completed,2024-04-06
14133,14133,Credit Card,Completed,2023-08-14
14134,14134,UPI,Refunded,2024-12-05
14135,14135,UPI,Completed,2024-10-31
14136,14136,COD,Completed,2023-03-09
14137,14137,UPI,Completed,2023-10-10
14138,14138,Net Banking,Completed,2025-02-21
14139,14139,UPI,Completed,2024-02-15
14140,14140,COD,Completed,2025-03-15
14141,14141,Debit Card,Completed,2023-08-27
14142,14142,Wallet,Completed,2024-10-10
14143,14143,Wallet,Completed,2024-06-11
14144,14144,Debit Card,Completed,2023-11-09
14145,14145,Wallet,Completed,2024-11-06
14146,14146,Debit Card,Completed,2023-11-15
14147,14147,Net Banking,Completed,2023-09-26
14148,14148,UPI,Completed,2024-02-04
14149,14149,COD,Completed,2024-06-30
14150,14150,UPI,Completed,2023-11-02
14151,14151,UPI,Completed,2024-09-22
14152,14152,Credit Card,Completed,2023-08-27
14153,14153,Credit Card,Completed,2024-10-07
14154,14154,Debit Card,Completed,2023-10-23
14155,14155,Wallet,Refunded,2024-04-10
14156,14156,Wallet,Refunded,2024-07-02
14157,14157,COD,Completed,2024-06-18
14158,14158,Wallet,Completed,2025-05-14
14159,14159,Debit Card,Completed,2023-06-07
14160,14160,UPI,Completed,2025-02-18
14161,14161,Wallet,Completed,2025-01-12
14162,14162,UPI,Completed,2024-10-12
14163,14163,Net Banking,Completed,2025-04-09
14164,14164,Debit Card,Completed,2023-08-23
14165,14165,Net Banking,Completed,2024-06-10
14166,14166,Wallet,Completed,2023-03-11
14167,14167,Net Banking,Completed,2025-04-16
14168,14168,COD,Completed,2025-04-02
14169,14169,Credit Card,Completed,2025-06-09
14170,14170,Credit Card,Completed,2024-01-23
14171,14171,UPI,Completed,2025-05-24
14172,14172,Net Banking,Completed,2023-08-09
14173,14173,COD,Completed,2023-07-18
14174,14174,Wallet,Completed,2024-06-30
14175,14175,Net Banking,Completed,2024-05-07
14176,14176,Debit Card,Completed,2024-08-05
14177,14177,COD,Completed,2023-09-03
14178,14178,Net Banking,Completed,2023-11-18
14179,14179,Net Banking,Completed,2023-04-01
14180,14180,Wallet,Completed,2023-10-04
14181,14181,Wallet,Completed,2024-03-18
14182,14182,Debit Card,Completed,2024-02-22
14183,14183,COD,Completed,2023-12-14
14184,14184,Debit Card,Completed,2024-11-15
14185,14185,Credit Card,Completed,2024-02-12
14186,14186,Credit Card,Completed,2024-01-10
14187,14187,UPI,Completed,2025-05-14
14188,14188,Debit Card,Completed,2024-10-30
14189,14189,UPI,Completed,2025-04-15
14190,14190,Wallet,Completed,2023-06-28
14191,14191,Credit Card,Completed,2025-03-10
14192,14192,UPI,Completed,2024-09-26
14193,14193,Debit Card,Completed,2024-02-17
14194,14194,Net Banking,Completed,2024-05-02
14195,14195,COD,Completed,2023-09-03
14196,14196,UPI,Completed,2023-02-27
14197,14197,Wallet,Completed,2024-01-26
14198,14198,COD,Completed,2023-12-10
14199,14199,Debit Card,Completed,2024-05-19
14200,14200,UPI,Completed,2023-09-19
14201,14201,Credit Card,Completed,2025-05-29
14202,14202,UPI,Completed,2025-04-30
14203,14203,Wallet,Completed,2023-06-16
14204,14204,Debit Card,Completed,2025-03-18
14205,14205,Debit Card,Completed,2025-04-18
14206,14206,Credit Card,Completed,2023-09-14
14207,14207,Debit Card,Completed,2024-04-24
14208,14208,COD,Completed,2025-03-03
14209,14209,Net Banking,Completed,2023-05-01
14210,14210,UPI,Completed,2023-03-09
14211,14211,Net Banking,Completed,2023-08-16
14212,14212,COD,Completed,2025-06-10
14213,14213,Net Banking,Completed,2025-03-06
14214,14214,Wallet,Completed,2023-03-13
14215,14215,COD,Completed,2025-01-28
14216,14216,Net Banking,Completed,2023-07-24
14217,14217,COD,Completed,2023-04-16
14218,14218,COD,Completed,2025-04-17
14219,14219,Credit Card,Completed,2025-05-25
14220,14220,Debit Card,Completed,2023-01-06
14221,14221,Net Banking,Completed,2025-05-19
14222,14222,Wallet,Completed,2023-07-04
14223,14223,Debit Card,Completed,2024-08-31
14224,14224,Credit Card,Completed,2024-09-02
14225,14225,UPI,Completed,2025-03-13
14226,14226,Credit Card,Completed,2024-10-01
14227,14227,Debit Card,Completed,2024-02-21
14228,14228,UPI,Completed,2025-06-15
14229,14229,Credit Card,Completed,2023-10-09
14230,14230,Net Banking,Completed,2023-11-05
14231,14231,UPI,Completed,2024-01-06
14232,14232,COD,Completed,2025-01-20
14233,14233,Debit Card,Completed,2023-11-14
14234,14234,COD,Completed,2025-05-04
14235,14235,Credit Card,Refunded,2023-03-08
14236,14236,UPI,Completed,2024-05-24
14237,14237,Wallet,Completed,2024-08-18
14238,14238,Credit Card,Completed,2023-08-11
14239,14239,Wallet,Completed,2024-05-21
14240,14240,Wallet,Completed,2024-02-25
14241,14241,Debit Card,Completed,2024-07-30
14242,14242,UPI,Completed,2024-02-07
14243,14243,Debit Card,Completed,2023-09-02
14244,14244,UPI,Completed,2023-04-11
14245,14245,Credit Card,Completed,2024-01-16
14246,14246,Wallet,Completed,2025-03-01
14247,14247,Credit Card,Completed,2023-10-30
14248,14248,Wallet,Completed,2023-05-03
14249,14249,UPI,Completed,2024-08-30
14250,14250,Net Banking,Completed,2023-02-01
14251,14251,Wallet,Completed,2024-07-27
14252,14252,Net Banking,Completed,2025-01-30
14253,14253,COD,Completed,2024-09-28
14254,14254,UPI,Completed,2023-09-23
14255,14255,UPI,Completed,2024-09-03
14256,14256,Wallet,Completed,2023-12-10
14257,14257,COD,Completed,2023-06-09
14258,14258,Debit Card,Completed,2023-09-26
14259,14259,Wallet,Completed,2024-05-19
14260,14260,Net Banking,Completed,2024-12-14
14261,14261,Debit Card,Completed,2023-07-06
14262,14262,UPI,Completed,2023-10-28
14263,14263,COD,Completed,2024-06-30
14264,14264,COD,Completed,2023-07-11
14265,14265,Wallet,Completed,2025-05-30
14266,14266,COD,Completed,2024-11-07
14267,14267,COD,Completed,2023-10-02
14268,14268,Credit Card,Completed,2024-09-03
14269,14269,UPI,Completed,2023-12-18
14270,14270,Wallet,Completed,2023-03-27
14271,14271,UPI,Completed,2023-07-29
14272,14272,Net Banking,Refunded,2025-01-22
14273,14273,Debit Card,Completed,2023-02-06
14274,14274,COD,Completed,2025-03-20
14275,14275,Wallet,Refunded,2023-09-06
14276,14276,UPI,Completed,2025-05-07
14277,14277,Wallet,Completed,2023-03-27
14278,14278,COD,Completed,2025-03-30
14279,14279,UPI,Completed,2024-02-12
14280,14280,Debit Card,Completed,2023-03-25
14281,14281,Net Banking,Completed,2024-09-26
14282,14282,Wallet,Completed,2024-02-28
14283,14283,Credit Card,Refunded,2024-05-26
14284,14284,Credit Card,Completed,2024-12-06
14285,14285,Debit Card,Completed,2023-05-18
14286,14286,UPI,Completed,2024-01-09
14287,14287,Debit Card,Completed,2023-09-08
14288,14288,Debit Card,Completed,2024-03-08
14289,14289,Credit Card,Completed,2025-03-30
14290,14290,Credit Card,Refunded,2023-07-10
14291,14291,UPI,Completed,2025-03-22
14292,14292,Net Banking,Completed,2024-03-10
14293,14293,COD,Completed,2023-05-06
14294,14294,Wallet,Completed,2023-11-05
14295,14295,COD,Completed,2023-06-29
14296,14296,Credit Card,Completed,2023-04-02
14297,14297,Debit Card,Completed,2024-04-09
14298,14298,UPI,Completed,2024-04-28
14299,14299,Credit Card,Completed,2024-07-11
14300,14300,UPI,Completed,2024-10-16
14301,14301,Credit Card,Completed,2025-01-16
14302,14302,Wallet,Completed,2023-03-10
14303,14303,Debit Card,Completed,2024-06-23
14304,14304,UPI,Completed,2024-10-13
14305,14305,Net Banking,Completed,2024-06-05
14306,14306,Debit Card,Completed,2024-10-20
14307,14307,Debit Card,Completed,2024-04-26
14308,14308,Credit Card,Completed,2023-07-01
14309,14309,Wallet,Completed,2023-08-23
14310,14310,COD,Refunded,2023-07-20
14311,14311,Wallet,Refunded,2023-05-10
14312,14312,Net Banking,Completed,2025-04-12
14313,14313,Debit Card,Completed,2023-03-01
14314,14314,UPI,Completed,2024-03-10
14315,14315,Net Banking,Completed,2024-07-19
14316,14316,Wallet,Completed,2024-02-22
14317,14317,Wallet,Completed,2024-01-18
14318,14318,COD,Completed,2024-07-31
14319,14319,COD,Completed,2025-03-08
14320,14320,COD,Refunded,2025-06-12
14321,14321,Credit Card,Completed,2024-03-20
14322,14322,Net Banking,Completed,2023-07-29
14323,14323,UPI,Completed,2023-02-12
14324,14324,Net Banking,Completed,2024-01-31
14325,14325,Credit Card,Completed,2024-12-02
14326,14326,Net Banking,Completed,2023-11-12
14327,14327,Credit Card,Completed,2023-07-12
14328,14328,Wallet,Completed,2024-04-17
14329,14329,UPI,Completed,2023-11-12
14330,14330,Net Banking,Completed,2024-07-10
14331,14331,UPI,Completed,2023-01-22
14332,14332,COD,Completed,2025-04-04
14333,14333,Debit Card,Completed,2024-05-13
14334,14334,UPI,Completed,2023-06-08
14335,14335,Net Banking,Completed,2024-01-20
14336,14336,UPI,Completed,2023-01-11
14337,14337,COD,Completed,2025-04-19
14338,14338,Debit Card,Completed,2024-12-26
14339,14339,UPI,Completed,2024-03-05
14340,14340,COD,Completed,2024-05-28
14341,14341,Debit Card,Completed,2024-02-09
14342,14342,Debit Card,Completed,2023-06-06
14343,14343,Debit Card,Completed,2023-01-25
14344,14344,Credit Card,Completed,2025-01-19
14345,14345,Credit Card,Completed,2024-02-13
14346,14346,Net Banking,Completed,2025-01-25
14347,14347,Debit Card,Completed,2023-04-29
14348,14348,UPI,Completed,2023-08-26
14349,14349,Debit Card,Completed,2023-12-15
14350,14350,Wallet,Completed,2023-06-17
14351,14351,UPI,Completed,2024-10-27
14352,14352,Credit Card,Completed,2023-06-03
14353,14353,COD,Completed,2024-11-20
14354,14354,Net Banking,Completed,2024-07-13
14355,14355,Wallet,Completed,2023-02-22
14356,14356,Net Banking,Completed,2023-06-30
14357,14357,Wallet,Completed,2023-06-19
14358,14358,Credit Card,Completed,2023-02-12
14359,14359,Wallet,Completed,2025-02-09
14360,14360,Net Banking,Completed,2024-07-18
14361,14361,Credit Card,Completed,2024-08-13
14362,14362,Wallet,Completed,2024-08-26
14363,14363,COD,Completed,2024-09-12
14364,14364,Net Banking,Completed,2023-11-26
14365,14365,COD,Completed,2025-01-13
14366,14366,Credit Card,Completed,2024-02-21
14367,14367,Debit Card,Completed,2024-09-20
14368,14368,COD,Completed,2023-05-06
14369,14369,Net Banking,Completed,2023-01-07
14370,14370,Net Banking,Completed,2024-03-06
14371,14371,UPI,Completed,2025-04-22
14372,14372,Debit Card,Completed,2023-11-28
14373,14373,Net Banking,Completed,2024-06-16
14374,14374,Net Banking,Completed,2023-03-27
14375,14375,Net Banking,Completed,2025-04-30
14376,14376,Wallet,Refunded,2023-12-19
14377,14377,COD,Completed,2025-01-12
14378,14378,Wallet,Completed,2023-11-23
14379,14379,UPI,Completed,2024-03-06
14380,14380,COD,Completed,2024-07-21
14381,14381,Debit Card,Completed,2024-07-02
14382,14382,Wallet,Completed,2025-01-01
14383,14383,COD,Completed,2023-10-24
14384,14384,COD,Completed,2023-05-20
14385,14385,Debit Card,Completed,2024-02-06
14386,14386,COD,Completed,2025-06-07
14387,14387,COD,Completed,2024-01-26
14388,14388,Credit Card,Completed,2024-08-17
14389,14389,Credit Card,Completed,2025-02-26
14390,14390,Credit Card,Completed,2024-12-07
14391,14391,Net Banking,Completed,2024-07-22
14392,14392,Credit Card,Completed,2023-11-18
14393,14393,Wallet,Completed,2024-07-03
14394,14394,Wallet,Completed,2024-05-16
14395,14395,UPI,Completed,2023-09-29
14396,14396,Debit Card,Completed,2024-02-14
14397,14397,UPI,Completed,2024-12-11
14398,14398,Net Banking,Completed,2023-07-25
14399,14399,Credit Card,Completed,2024-12-16
14400,14400,Debit Card,Completed,2023-03-14
14401,14401,Credit Card,Completed,2023-04-24
14402,14402,Net Banking,Completed,2023-07-28
14403,14403,COD,Completed,2023-10-07
14404,14404,UPI,Completed,2024-12-09
14405,14405,Credit Card,Completed,2024-02-01
14406,14406,Net Banking,Completed,2024-09-29
14407,14407,Debit Card,Completed,2023-12-23
14408,14408,Net Banking,Completed,2024-06-08
14409,14409,Credit Card,Completed,2024-04-09
14410,14410,Credit Card,Completed,2023-07-22
14411,14411,Wallet,Completed,2025-02-05
14412,14412,COD,Completed,2023-08-20
14413,14413,Wallet,Completed,2024-05-21
14414,14414,Credit Card,Completed,2023-08-04
14415,14415,COD,Completed,2023-01-12
14416,14416,Debit Card,Completed,2023-01-30
14417,14417,Credit Card,Completed,2023-05-20
14418,14418,Net Banking,Completed,2024-09-12
14419,14419,Wallet,Completed,2024-07-18
14420,14420,Net Banking,Completed,2023-09-16
14421,14421,Net Banking,Completed,2025-05-29
14422,14422,Debit Card,Completed,2025-03-07
14423,14423,Debit Card,Completed,2023-07-19
14424,14424,COD,Completed,2025-03-10
14425,14425,COD,Completed,2024-04-17
14426,14426,Debit Card,Completed,2024-09-15
14427,14427,Wallet,Completed,2024-06-04
14428,14428,Credit Card,Refunded,2024-05-15
14429,14429,Wallet,Completed,2024-09-29
14430,14430,Credit Card,Completed,2024-08-22
14431,14431,Wallet,Completed,2025-01-14
14432,14432,Credit Card,Completed,2025-04-02
14433,14433,Debit Card,Completed,2024-08-09
14434,14434,Credit Card,Completed,2024-12-20
14435,14435,Net Banking,Completed,2023-04-05
14436,14436,Credit Card,Completed,2024-02-07
14437,14437,Credit Card,Completed,2024-03-31
14438,14438,COD,Completed,2023-09-13
14439,14439,Credit Card,Completed,2024-07-23
14440,14440,Debit Card,Completed,2024-04-20
14441,14441,COD,Completed,2025-05-24
14442,14442,Debit Card,Refunded,2024-09-08
14443,14443,Credit Card,Completed,2024-04-04
14444,14444,Net Banking,Completed,2024-01-24
14445,14445,Wallet,Completed,2023-09-30
14446,14446,Credit Card,Completed,2023-01-11
14447,14447,Credit Card,Completed,2023-01-05
14448,14448,Credit Card,Completed,2024-04-05
14449,14449,Wallet,Completed,2023-10-19
14450,14450,Wallet,Completed,2024-06-08
14451,14451,Wallet,Completed,2024-03-06
14452,14452,Debit Card,Completed,2023-04-05
14453,14453,Net Banking,Completed,2023-11-19
14454,14454,UPI,Completed,2025-04-22
14455,14455,Credit Card,Completed,2023-11-03
14456,14456,UPI,Completed,2023-07-30
14457,14457,COD,Completed,2023-04-04
14458,14458,Credit Card,Completed,2023-10-01
14459,14459,Wallet,Completed,2023-04-25
14460,14460,Net Banking,Completed,2023-10-09
14461,14461,UPI,Completed,2024-12-28
14462,14462,Net Banking,Completed,2024-07-17
14463,14463,Net Banking,Completed,2024-08-31
14464,14464,Credit Card,Refunded,2025-05-27
14465,14465,COD,Completed,2023-03-10
14466,14466,Debit Card,Completed,2023-06-26
14467,14467,Credit Card,Completed,2023-10-27
14468,14468,Wallet,Completed,2024-10-20
14469,14469,Debit Card,Completed,2024-11-02
14470,14470,Net Banking,Completed,2023-08-08
14471,14471,UPI,Completed,2023-01-06
14472,14472,COD,Completed,2023-05-28
14473,14473,Net Banking,Refunded,2023-07-14
14474,14474,COD,Completed,2024-08-05
14475,14475,Debit Card,Completed,2024-09-23
14476,14476,Debit Card,Completed,2023-04-14
14477,14477,Credit Card,Completed,2024-08-14
14478,14478,Credit Card,Completed,2023-06-07
14479,14479,COD,Completed,2024-03-31
14480,14480,Wallet,Completed,2023-11-12
14481,14481,Credit Card,Completed,2025-01-11
14482,14482,Credit Card,Completed,2023-08-26
14483,14483,Net Banking,Completed,2024-03-04
14484,14484,Credit Card,Completed,2023-03-13
14485,14485,COD,Completed,2023-09-23
14486,14486,Wallet,Completed,2024-09-21
14487,14487,Wallet,Completed,2025-03-28
14488,14488,Wallet,Completed,2023-02-23
14489,14489,COD,Completed,2024-02-10
14490,14490,Credit Card,Completed,2023-07-09
14491,14491,UPI,Completed,2025-02-04
14492,14492,Credit Card,Refunded,2025-05-09
14493,14493,Net Banking,Completed,2023-10-08
14494,14494,Wallet,Completed,2024-04-11
14495,14495,COD,Completed,2024-10-24
14496,14496,Debit Card,Completed,2024-12-04
14497,14497,UPI,Completed,2024-05-25
14498,14498,COD,Completed,2024-04-10
14499,14499,UPI,Completed,2025-01-10
14500,14500,COD,Completed,2024-05-20
14501,14501,Credit Card,Completed,2024-10-27
14502,14502,COD,Completed,2024-05-04
14503,14503,Wallet,Completed,2023-07-25
14504,14504,UPI,Completed,2023-06-06
14505,14505,Debit Card,Refunded,2023-04-07
14506,14506,Credit Card,Refunded,2025-05-11
14507,14507,Credit Card,Completed,2024-01-26
14508,14508,Debit Card,Completed,2023-04-13
14509,14509,Credit Card,Completed,2023-05-18
14510,14510,Debit Card,Completed,2023-02-06
14511,14511,Wallet,Completed,2025-04-21
14512,14512,COD,Completed,2024-10-28
14513,14513,Credit Card,Completed,2025-04-11
14514,14514,Net Banking,Completed,2025-05-27
14515,14515,Credit Card,Completed,2023-08-31
14516,14516,UPI,Completed,2024-02-07
14517,14517,Debit Card,Completed,2024-09-13
14518,14518,Credit Card,Completed,2023-10-17
14519,14519,Wallet,Completed,2025-03-17
14520,14520,COD,Completed,2023-06-09
14521,14521,UPI,Completed,2023-03-13
14522,14522,Wallet,Completed,2023-09-21
14523,14523,Credit Card,Completed,2025-02-06
14524,14524,COD,Completed,2024-11-17
14525,14525,Wallet,Completed,2023-07-19
14526,14526,Wallet,Completed,2023-10-30
14527,14527,Net Banking,Completed,2025-01-11
14528,14528,Debit Card,Completed,2025-04-25
14529,14529,Wallet,Completed,2023-09-04
14530,14530,UPI,Completed,2024-02-16
14531,14531,Net Banking,Completed,2025-01-26
14532,14532,Debit Card,Completed,2023-05-20
14533,14533,Credit Card,Completed,2024-05-15
14534,14534,Net Banking,Completed,2023-06-27
14535,14535,Debit Card,Completed,2023-12-07
14536,14536,UPI,Completed,2024-08-02
14537,14537,Net Banking,Completed,2023-12-25
14538,14538,Wallet,Completed,2024-12-16
14539,14539,Debit Card,Completed,2023-12-03
14540,14540,Credit Card,Completed,2023-01-27
14541,14541,Debit Card,Completed,2023-08-16
14542,14542,COD,Completed,2024-12-21
14543,14543,UPI,Completed,2024-12-21
14544,14544,Debit Card,Completed,2023-01-20
14545,14545,Debit Card,Completed,2024-08-04
14546,14546,Debit Card,Refunded,2023-10-30
14547,14547,Credit Card,Completed,2023-03-31
14548,14548,Net Banking,Completed,2024-10-02
14549,14549,Net Banking,Completed,2024-06-14
14550,14550,UPI,Completed,2024-06-23
14551,14551,Credit Card,Completed,2025-05-31
14552,14552,UPI,Completed,2023-12-30
14553,14553,COD,Completed,2023-12-06
14554,14554,Wallet,Completed,2023-12-08
14555,14555,Debit Card,Completed,2024-05-01
14556,14556,Wallet,Completed,2024-02-29
14557,14557,COD,Completed,2023-12-31
14558,14558,Wallet,Completed,2023-05-27
14559,14559,COD,Completed,2023-08-04
14560,14560,COD,Completed,2025-01-13
14561,14561,Debit Card,Completed,2025-03-09
14562,14562,UPI,Completed,2023-05-25
14563,14563,COD,Completed,2023-03-09
14564,14564,Debit Card,Refunded,2023-07-25
14565,14565,COD,Completed,2023-10-17
14566,14566,UPI,Completed,2025-01-03
14567,14567,Net Banking,Refunded,2023-06-05
14568,14568,Net Banking,Completed,2024-03-29
14569,14569,Credit Card,Completed,2024-01-24
14570,14570,Debit Card,Completed,2024-12-05
14571,14571,Debit Card,Completed,2025-01-21
14572,14572,Debit Card,Completed,2024-08-24
14573,14573,Credit Card,Completed,2024-06-18
14574,14574,COD,Completed,2023-08-06
14575,14575,Credit Card,Completed,2025-03-11
14576,14576,Credit Card,Refunded,2024-01-10
14577,14577,Wallet,Completed,2024-04-10
14578,14578,Credit Card,Completed,2023-11-03
14579,14579,COD,Completed,2024-10-29
14580,14580,UPI,Completed,2025-03-14
14581,14581,Debit Card,Completed,2023-04-22
14582,14582,COD,Refunded,2023-07-18
14583,14583,Debit Card,Completed,2025-02-09
14584,14584,Credit Card,Completed,2024-12-06
14585,14585,Credit Card,Completed,2024-09-21
14586,14586,Wallet,Refunded,2024-02-12
14587,14587,Net Banking,Completed,2023-02-12
14588,14588,Wallet,Completed,2024-10-27
14589,14589,UPI,Completed,2023-10-28
14590,14590,Credit Card,Completed,2023-07-04
14591,14591,UPI,Completed,2024-10-11
14592,14592,Debit Card,Completed,2024-04-21
14593,14593,Wallet,Completed,2025-01-01
14594,14594,Net Banking,Completed,2025-02-23
14595,14595,COD,Completed,2025-04-15
14596,14596,Wallet,Completed,2023-09-08
14597,14597,Credit Card,Refunded,2025-04-16
14598,14598,Net Banking,Completed,2024-02-09
14599,14599,UPI,Refunded,2025-04-29
14600,14600,COD,Completed,2024-12-05
14601,14601,UPI,Completed,2024-05-18
14602,14602,COD,Completed,2024-05-21
14603,14603,COD,Refunded,2025-01-10
14604,14604,Debit Card,Completed,2024-08-23
14605,14605,Debit Card,Completed,2025-01-30
14606,14606,Net Banking,Completed,2024-06-13
14607,14607,COD,Completed,2024-09-23
14608,14608,Debit Card,Completed,2024-11-02
14609,14609,Wallet,Completed,2024-11-30
14610,14610,Debit Card,Refunded,2023-09-08
14611,14611,Credit Card,Completed,2024-12-20
14612,14612,Credit Card,Completed,2024-05-04
14613,14613,Credit Card,Completed,2024-02-10
14614,14614,Credit Card,Completed,2023-08-14
14615,14615,COD,Completed,2025-05-22
14616,14616,Net Banking,Completed,2024-11-25
14617,14617,Credit Card,Completed,2024-02-27
14618,14618,COD,Completed,2023-11-05
14619,14619,COD,Completed,2025-04-10
14620,14620,Debit Card,Completed,2023-02-14
14621,14621,UPI,Completed,2024-02-29
14622,14622,COD,Completed,2024-01-29
14623,14623,Wallet,Completed,2024-09-19
14624,14624,Credit Card,Completed,2024-09-07
14625,14625,Credit Card,Completed,2024-11-24
14626,14626,Wallet,Completed,2023-06-08
14627,14627,Wallet,Completed,2023-06-21
14628,14628,COD,Completed,2024-04-15
14629,14629,Wallet,Completed,2024-01-01
14630,14630,Debit Card,Completed,2023-10-10
14631,14631,Wallet,Completed,2024-04-07
14632,14632,Credit Card,Completed,2024-11-10
14633,14633,UPI,Completed,2023-11-29
14634,14634,Debit Card,Completed,2024-03-10
14635,14635,UPI,Completed,2023-04-07
14636,14636,Net Banking,Completed,2024-04-19
14637,14637,UPI,Completed,2024-03-19
14638,14638,Debit Card,Refunded,2023-01-14
14639,14639,COD,Completed,2025-05-02
14640,14640,Credit Card,Completed,2023-05-05
14641,14641,Wallet,Completed,2023-09-23
14642,14642,COD,Completed,2024-04-29
14643,14643,COD,Completed,2023-02-27
14644,14644,Net Banking,Completed,2024-01-24
14645,14645,COD,Completed,2023-05-04
14646,14646,Credit Card,Completed,2023-06-18
14647,14647,Net Banking,Refunded,2024-01-10
14648,14648,Wallet,Completed,2024-08-11
14649,14649,COD,Completed,2024-05-26
14650,14650,Wallet,Completed,2024-03-30
14651,14651,Wallet,Completed,2024-07-21
14652,14652,COD,Completed,2024-01-11
14653,14653,Net Banking,Completed,2025-05-21
14654,14654,Debit Card,Completed,2024-05-27
14655,14655,UPI,Completed,2024-09-29
14656,14656,Wallet,Completed,2023-12-17
14657,14657,UPI,Completed,2024-09-16
14658,14658,Net Banking,Completed,2025-04-16
14659,14659,Wallet,Completed,2024-02-14
14660,14660,UPI,Completed,2025-03-27
14661,14661,COD,Completed,2024-08-20
14662,14662,UPI,Completed,2024-06-14
14663,14663,UPI,Completed,2025-02-28
14664,14664,Net Banking,Completed,2023-09-17
14665,14665,UPI,Completed,2023-06-24
14666,14666,Net Banking,Completed,2023-02-02
14667,14667,COD,Completed,2023-03-14
14668,14668,COD,Completed,2023-05-05
14669,14669,UPI,Completed,2024-08-05
14670,14670,UPI,Completed,2023-10-18
14671,14671,UPI,Completed,2023-03-13
14672,14672,Wallet,Completed,2023-09-11
14673,14673,Net Banking,Completed,2025-04-24
14674,14674,UPI,Completed,2023-09-16
14675,14675,COD,Completed,2023-11-25
14676,14676,Credit Card,Completed,2023-03-14
14677,14677,Credit Card,Completed,2024-04-06
14678,14678,COD,Completed,2024-04-12
14679,14679,Credit Card,Completed,2025-04-17
14680,14680,UPI,Completed,2024-10-28
14681,14681,Debit Card,Refunded,2024-08-16
14682,14682,Debit Card,Completed,2023-09-24
14683,14683,COD,Completed,2024-12-12
14684,14684,Net Banking,Completed,2023-12-14
14685,14685,COD,Completed,2024-11-21
14686,14686,COD,Completed,2023-02-26
14687,14687,Debit Card,Completed,2023-03-16
14688,14688,Debit Card,Refunded,2024-07-29
14689,14689,UPI,Completed,2024-01-06
14690,14690,Debit Card,Completed,2025-02-09
14691,14691,COD,Refunded,2023-05-26
14692,14692,Debit Card,Completed,2024-06-14
14693,14693,UPI,Completed,2023-03-25
14694,14694,Debit Card,Completed,2023-12-01
14695,14695,COD,Completed,2024-07-17
14696,14696,Net Banking,Completed,2024-06-03
14697,14697,Wallet,Completed,2023-01-28
14698,14698,Wallet,Completed,2023-12-21
14699,14699,Wallet,Completed,2025-05-18
14700,14700,Wallet,Completed,2024-11-16
14701,14701,Debit Card,Completed,2024-07-13
14702,14702,Net Banking,Completed,2025-06-19
14703,14703,Credit Card,Completed,2024-09-13
14704,14704,Debit Card,Completed,2025-06-15
14705,14705,Net Banking,Completed,2024-04-07
14706,14706,Net Banking,Completed,2023-05-05
14707,14707,Net Banking,Completed,2023-10-03
14708,14708,Credit Card,Completed,2024-04-28
14709,14709,Wallet,Completed,2024-04-04
14710,14710,Wallet,Completed,2025-04-09
14711,14711,Wallet,Completed,2023-05-21
14712,14712,COD,Completed,2024-01-13
14713,14713,Wallet,Completed,2025-02-24
14714,14714,COD,Completed,2023-02-17
14715,14715,Debit Card,Completed,2024-07-24
14716,14716,COD,Completed,2025-03-22
14717,14717,COD,Completed,2023-01-16
14718,14718,Net Banking,Completed,2023-11-28
14719,14719,Wallet,Completed,2023-12-01
14720,14720,Net Banking,Completed,2025-01-09
14721,14721,Debit Card,Completed,2023-12-03
14722,14722,COD,Completed,2023-07-18
14723,14723,Credit Card,Completed,2025-05-04
14724,14724,UPI,Completed,2023-11-21
14725,14725,COD,Completed,2023-01-09
14726,14726,COD,Completed,2023-04-21
14727,14727,COD,Completed,2024-06-29
14728,14728,Wallet,Completed,2024-09-10
14729,14729,Credit Card,Completed,2024-01-10
14730,14730,Debit Card,Completed,2024-09-22
14731,14731,Credit Card,Completed,2023-04-28
14732,14732,Debit Card,Completed,2023-01-12
14733,14733,Debit Card,Completed,2024-02-23
14734,14734,Wallet,Completed,2024-09-14
14735,14735,Net Banking,Completed,2024-12-21
14736,14736,Credit Card,Completed,2023-09-08
14737,14737,UPI,Completed,2024-05-11
14738,14738,Wallet,Completed,2023-02-15
14739,14739,Wallet,Completed,2023-04-21
14740,14740,Debit Card,Completed,2025-05-22
14741,14741,COD,Completed,2024-09-09
14742,14742,Net Banking,Refunded,2025-02-25
14743,14743,UPI,Completed,2025-02-22
14744,14744,Wallet,Completed,2025-05-04
14745,14745,Net Banking,Completed,2025-02-05
14746,14746,Debit Card,Completed,2024-05-21
14747,14747,Net Banking,Completed,2023-04-05
14748,14748,Net Banking,Completed,2024-11-16
14749,14749,Net Banking,Refunded,2025-05-23
14750,14750,Net Banking,Completed,2024-12-14
14751,14751,COD,Completed,2023-12-25
14752,14752,COD,Completed,2024-04-28
14753,14753,Net Banking,Completed,2025-06-09
14754,14754,Wallet,Completed,2025-04-04
14755,14755,Credit Card,Refunded,2023-01-02
14756,14756,Wallet,Completed,2024-04-12
14757,14757,Net Banking,Completed,2023-08-08
14758,14758,UPI,Completed,2023-07-24
14759,14759,UPI,Completed,2024-03-04
14760,14760,Net Banking,Completed,2025-04-19
14761,14761,Credit Card,Completed,2024-04-26
14762,14762,UPI,Refunded,2023-10-21
14763,14763,Debit Card,Completed,2024-01-05
14764,14764,Wallet,Completed,2024-07-03
14765,14765,Credit Card,Completed,2024-03-28
14766,14766,UPI,Completed,2024-11-27
14767,14767,Wallet,Completed,2023-06-16
14768,14768,Wallet,Completed,2023-12-04
14769,14769,Credit Card,Completed,2024-11-05
14770,14770,Wallet,Completed,2023-01-13
14771,14771,COD,Completed,2025-02-10
14772,14772,Wallet,Completed,2023-01-06
14773,14773,Net Banking,Completed,2023-07-28
14774,14774,UPI,Completed,2024-07-17
14775,14775,COD,Completed,2023-01-14
14776,14776,UPI,Completed,2023-07-20
14777,14777,COD,Completed,2023-05-01
14778,14778,Credit Card,Completed,2023-08-05
14779,14779,COD,Completed,2023-09-17
14780,14780,Wallet,Completed,2025-01-16
14781,14781,Debit Card,Completed,2024-10-07
14782,14782,COD,Completed,2024-03-06
14783,14783,UPI,Completed,2023-12-02
14784,14784,Debit Card,Refunded,2024-02-22
14785,14785,COD,Completed,2025-03-23
14786,14786,UPI,Completed,2023-11-29
14787,14787,UPI,Completed,2024-02-29
14788,14788,COD,Completed,2023-07-23
14789,14789,Debit Card,Completed,2023-03-10
14790,14790,COD,Completed,2025-01-08
14791,14791,Wallet,Completed,2024-03-09
14792,14792,Debit Card,Completed,2023-08-24
14793,14793,COD,Completed,2024-10-06
14794,14794,Credit Card,Completed,2025-04-19
14795,14795,Debit Card,Completed,2024-03-31
14796,14796,Debit Card,Completed,2024-08-06
14797,14797,Net Banking,Completed,2023-08-18
14798,14798,UPI,Completed,2025-03-22
14799,14799,Credit Card,Completed,2023-07-09
14800,14800,UPI,Completed,2023-06-23
14801,14801,Net Banking,Completed,2023-09-15
14802,14802,Net Banking,Completed,2024-09-24
14803,14803,Debit Card,Completed,2024-03-08
14804,14804,Debit Card,Completed,2023-09-16
14805,14805,Net Banking,Completed,2023-03-26
14806,14806,Net Banking,Completed,2023-11-13
14807,14807,Credit Card,Completed,2023-01-26
14808,14808,UPI,Completed,2025-03-06
14809,14809,Net Banking,Completed,2023-09-06
14810,14810,UPI,Completed,2025-05-09
14811,14811,Credit Card,Completed,2024-08-08
14812,14812,COD,Completed,2023-02-17
14813,14813,COD,Completed,2023-09-15
14814,14814,COD,Completed,2023-01-29
14815,14815,COD,Completed,2024-06-15
14816,14816,COD,Completed,2024-12-21
14817,14817,Wallet,Completed,2023-01-07
14818,14818,Debit Card,Completed,2023-08-21
14819,14819,Net Banking,Completed,2023-05-06
14820,14820,Credit Card,Completed,2024-09-23
14821,14821,Wallet,Completed,2025-04-26
14822,14822,UPI,Completed,2024-02-13
14823,14823,Debit Card,Completed,2023-08-19
14824,14824,UPI,Refunded,2023-05-16
14825,14825,Net Banking,Completed,2024-05-03
14826,14826,UPI,Completed,2023-01-22
14827,14827,Credit Card,Completed,2024-04-04
14828,14828,Credit Card,Completed,2023-02-25
14829,14829,Net Banking,Completed,2023-12-21
14830,14830,Credit Card,Completed,2024-09-29
14831,14831,Net Banking,Completed,2023-02-24
14832,14832,Net Banking,Completed,2023-03-13
14833,14833,Net Banking,Completed,2024-07-14
14834,14834,Wallet,Refunded,2024-05-19
14835,14835,Credit Card,Completed,2024-03-19
14836,14836,Net Banking,Completed,2024-02-08
14837,14837,COD,Completed,2023-12-22
14838,14838,Net Banking,Completed,2024-08-11
14839,14839,Credit Card,Completed,2025-05-04
14840,14840,COD,Completed,2024-12-12
14841,14841,Net Banking,Completed,2024-01-05
14842,14842,Net Banking,Completed,2023-12-17
14843,14843,Debit Card,Completed,2024-02-25
14844,14844,COD,Completed,2023-04-24
14845,14845,Credit Card,Completed,2024-07-08
14846,14846,Wallet,Completed,2023-06-12
14847,14847,COD,Completed,2023-02-13
14848,14848,UPI,Completed,2024-01-05
14849,14849,Debit Card,Completed,2024-10-07
14850,14850,Debit Card,Completed,2024-07-31
14851,14851,Net Banking,Completed,2023-03-18
14852,14852,Net Banking,Completed,2023-06-30
14853,14853,Credit Card,Completed,2024-06-04
14854,14854,Wallet,Completed,2023-05-12
14855,14855,UPI,Completed,2024-05-19
14856,14856,Debit Card,Completed,2024-11-14
14857,14857,Net Banking,Completed,2023-06-05
14858,14858,Credit Card,Completed,2024-03-03
14859,14859,COD,Completed,2025-01-04
14860,14860,Wallet,Completed,2023-02-16
14861,14861,UPI,Refunded,2025-04-27
14862,14862,UPI,Completed,2024-10-12
14863,14863,Wallet,Completed,2023-01-11
14864,14864,Debit Card,Completed,2023-08-20
14865,14865,Debit Card,Completed,2024-11-16
14866,14866,Net Banking,Completed,2024-06-27
14867,14867,Debit Card,Completed,2024-06-01
14868,14868,Net Banking,Completed,2024-02-24
14869,14869,Debit Card,Completed,2023-12-21
14870,14870,UPI,Completed,2023-08-17
14871,14871,COD,Completed,2023-02-16
14872,14872,Credit Card,Completed,2024-08-18
14873,14873,Credit Card,Completed,2023-02-22
14874,14874,Credit Card,Completed,2024-05-22
14875,14875,Wallet,Completed,2024-08-16
14876,14876,COD,Completed,2024-01-30
14877,14877,Credit Card,Completed,2023-09-16
14878,14878,Net Banking,Completed,2023-04-10
14879,14879,UPI,Completed,2024-04-15
14880,14880,Debit Card,Completed,2023-12-14
14881,14881,Credit Card,Completed,2024-05-21
14882,14882,UPI,Completed,2023-02-26
14883,14883,Wallet,Completed,2024-10-20
14884,14884,Credit Card,Completed,2023-04-28
14885,14885,Net Banking,Completed,2024-06-13
14886,14886,Credit Card,Completed,2024-05-05
14887,14887,Credit Card,Completed,2025-02-26
14888,14888,COD,Completed,2023-09-03
14889,14889,Wallet,Completed,2024-12-30
14890,14890,UPI,Completed,2023-09-10
14891,14891,Wallet,Completed,2023-03-16
14892,14892,Wallet,Completed,2024-12-01
14893,14893,COD,Completed,2024-12-28
14894,14894,Debit Card,Completed,2023-11-27
14895,14895,UPI,Completed,2024-12-15
14896,14896,Debit Card,Completed,2024-10-19
14897,14897,Debit Card,Completed,2024-10-21
14898,14898,Debit Card,Completed,2024-06-06
14899,14899,Credit Card,Completed,2025-02-14
14900,14900,Debit Card,Completed,2025-06-14
14901,14901,Debit Card,Completed,2023-07-03
14902,14902,Wallet,Completed,2023-06-02
14903,14903,Debit Card,Completed,2025-02-17
14904,14904,Wallet,Completed,2024-11-15
14905,14905,Wallet,Completed,2023-06-30
14906,14906,Wallet,Completed,2023-12-17
14907,14907,Wallet,Completed,2023-12-05
14908,14908,Net Banking,Completed,2024-08-04
14909,14909,Net Banking,Completed,2024-04-17
14910,14910,Credit Card,Completed,2024-01-15
14911,14911,UPI,Refunded,2024-09-25
14912,14912,Debit Card,Completed,2024-01-03
14913,14913,Wallet,Completed,2023-12-16
14914,14914,Wallet,Completed,2023-10-23
14915,14915,Wallet,Completed,2025-03-11
14916,14916,Wallet,Completed,2024-03-14
14917,14917,Wallet,Completed,2025-03-13
14918,14918,Credit Card,Completed,2023-11-12
14919,14919,Credit Card,Completed,2023-09-08
14920,14920,UPI,Completed,2025-04-25
14921,14921,Net Banking,Completed,2025-01-07
14922,14922,Wallet,Completed,2024-10-29
14923,14923,Net Banking,Completed,2023-03-13
14924,14924,Credit Card,Refunded,2024-03-28
14925,14925,Wallet,Completed,2023-01-09
14926,14926,COD,Completed,2025-03-28
14927,14927,UPI,Completed,2023-06-11
14928,14928,Net Banking,Completed,2023-05-16
14929,14929,COD,Completed,2023-06-29
14930,14930,UPI,Completed,2024-07-28
14931,14931,UPI,Completed,2024-12-23
14932,14932,COD,Completed,2024-03-25
14933,14933,Debit Card,Completed,2024-01-06
14934,14934,Net Banking,Completed,2024-01-08
14935,14935,Debit Card,Completed,2023-05-28
14936,14936,Net Banking,Completed,2024-02-03
14937,14937,Wallet,Completed,2024-12-15
14938,14938,Credit Card,Completed,2024-02-01
14939,14939,Net Banking,Completed,2025-05-17
14940,14940,COD,Completed,2024-01-26
14941,14941,UPI,Completed,2024-04-09
14942,14942,Debit Card,Completed,2025-02-24
14943,14943,Credit Card,Completed,2025-03-03
14944,14944,Wallet,Completed,2024-04-09
14945,14945,Credit Card,Completed,2023-10-03
14946,14946,COD,Completed,2025-02-15
14947,14947,Net Banking,Completed,2025-05-02
14948,14948,UPI,Completed,2023-07-22
14949,14949,Net Banking,Refunded,2024-11-14
14950,14950,Debit Card,Completed,2024-12-27
14951,14951,Wallet,Completed,2023-08-30
14952,14952,Debit Card,Completed,2025-05-01
14953,14953,UPI,Completed,2024-04-30
14954,14954,Net Banking,Completed,2025-03-09
14955,14955,COD,Completed,2023-10-26
14956,14956,Credit Card,Completed,2024-11-05
14957,14957,COD,Completed,2024-02-14
14958,14958,Credit Card,Completed,2025-06-18
14959,14959,Debit Card,Completed,2025-03-05
14960,14960,Wallet,Completed,2025-05-14
14961,14961,Credit Card,Completed,2024-12-12
14962,14962,Credit Card,Completed,2024-04-15
14963,14963,Net Banking,Completed,2023-06-13
14964,14964,Credit Card,Completed,2023-07-20
14965,14965,Credit Card,Completed,2025-05-08
14966,14966,Wallet,Refunded,2023-03-06
14967,14967,COD,Completed,2023-05-22
14968,14968,Net Banking,Completed,2024-04-22
14969,14969,UPI,Completed,2024-01-25
14970,14970,COD,Completed,2024-08-18
14971,14971,UPI,Completed,2024-03-10
14972,14972,Credit Card,Completed,2023-06-20
14973,14973,Credit Card,Completed,2023-02-22
14974,14974,Debit Card,Completed,2024-03-19
14975,14975,Credit Card,Completed,2025-02-13
14976,14976,Net Banking,Completed,2023-05-22
14977,14977,Debit Card,Completed,2023-04-03
14978,14978,Wallet,Completed,2023-09-22
14979,14979,Net Banking,Refunded,2024-11-25
14980,14980,Debit Card,Completed,2024-08-02
14981,14981,Debit Card,Refunded,2023-12-30
14982,14982,Credit Card,Completed,2023-12-22
14983,14983,Net Banking,Completed,2023-10-13
14984,14984,COD,Completed,2024-07-16
14985,14985,COD,Completed,2024-05-08
14986,14986,UPI,Completed,2024-06-26
14987,14987,Net Banking,Completed,2023-10-28
14988,14988,Wallet,Completed,2024-07-03
14989,14989,UPI,Completed,2023-05-19
14990,14990,Net Banking,Completed,2025-03-09
14991,14991,UPI,Completed,2023-08-20
14992,14992,Net Banking,Completed,2023-02-13
14993,14993,Credit Card,Completed,2025-05-23
14994,14994,UPI,Completed,2023-12-25
14995,14995,COD,Completed,2025-06-06
14996,14996,Credit Card,Completed,2024-06-11
14997,14997,Debit Card,Completed,2024-04-23
14998,14998,UPI,Completed,2024-12-27
14999,14999,Debit Card,Completed,2024-05-31
15000,15000,Debit Card,Completed,2023-11-16
15001,15001,Credit Card,Completed,2025-06-07
15002,15002,UPI,Completed,2024-05-17
15003,15003,UPI,Completed,2024-03-14
15004,15004,Wallet,Completed,2024-03-13
15005,15005,Debit Card,Completed,2024-11-10
15006,15006,COD,Completed,2024-09-04
15007,15007,UPI,Completed,2023-04-02
15008,15008,COD,Completed,2025-03-20
15009,15009,Credit Card,Completed,2025-03-14
15010,15010,Net Banking,Completed,2025-01-04
15011,15011,Debit Card,Completed,2023-04-29
15012,15012,Net Banking,Completed,2023-03-04
15013,15013,Net Banking,Completed,2023-11-28
15014,15014,Wallet,Completed,2025-02-06
15015,15015,Net Banking,Completed,2024-09-08
15016,15016,Wallet,Completed,2024-10-24
15017,15017,COD,Refunded,2025-05-27
15018,15018,Net Banking,Completed,2023-08-05
15019,15019,Credit Card,Completed,2024-10-27
15020,15020,Credit Card,Completed,2024-01-20
15021,15021,UPI,Completed,2024-10-12
15022,15022,Wallet,Completed,2024-05-29
15023,15023,Credit Card,Completed,2025-01-27
15024,15024,Debit Card,Refunded,2023-03-12
15025,15025,Credit Card,Completed,2025-05-02
15026,15026,Wallet,Refunded,2023-12-16
15027,15027,Wallet,Completed,2025-06-18
15028,15028,UPI,Completed,2024-07-13
15029,15029,Credit Card,Completed,2025-06-16
15030,15030,Wallet,Completed,2024-06-08
15031,15031,Net Banking,Completed,2025-02-20
15032,15032,Credit Card,Completed,2024-03-29
15033,15033,UPI,Completed,2023-12-08
15034,15034,Wallet,Completed,2023-04-30
15035,15035,Net Banking,Completed,2024-08-20
15036,15036,Net Banking,Completed,2023-08-13
15037,15037,UPI,Completed,2024-06-27
15038,15038,COD,Completed,2023-11-27
15039,15039,Wallet,Completed,2024-03-23
15040,15040,Credit Card,Refunded,2025-05-17
15041,15041,Credit Card,Completed,2024-06-27
15042,15042,Debit Card,Completed,2025-01-10
15043,15043,Credit Card,Completed,2023-11-14
15044,15044,Wallet,Completed,2023-11-26
15045,15045,COD,Completed,2024-01-31
15046,15046,COD,Completed,2025-03-22
15047,15047,COD,Refunded,2023-03-04
15048,15048,Credit Card,Completed,2023-10-15
15049,15049,Wallet,Completed,2024-04-30
15050,15050,UPI,Completed,2023-07-22
15051,15051,Credit Card,Completed,2023-04-15
15052,15052,Net Banking,Completed,2024-03-03
15053,15053,Debit Card,Completed,2024-05-07
15054,15054,UPI,Completed,2025-02-19
15055,15055,Wallet,Completed,2023-07-28
15056,15056,UPI,Completed,2024-04-03
15057,15057,UPI,Completed,2023-07-16
15058,15058,COD,Completed,2024-05-26
15059,15059,UPI,Completed,2025-03-13
15060,15060,Wallet,Completed,2024-09-10
15061,15061,Wallet,Completed,2024-12-05
15062,15062,Debit Card,Completed,2024-11-04
15063,15063,Wallet,Completed,2023-02-17
15064,15064,UPI,Completed,2024-11-14
15065,15065,COD,Completed,2023-09-23
15066,15066,COD,Completed,2025-01-29
15067,15067,Net Banking,Completed,2024-01-06
15068,15068,UPI,Completed,2024-12-15
15069,15069,Credit Card,Completed,2023-06-19
15070,15070,Credit Card,Completed,2023-04-20
15071,15071,UPI,Completed,2023-09-03
15072,15072,Wallet,Completed,2023-12-13
15073,15073,UPI,Completed,2023-04-24
15074,15074,UPI,Completed,2023-07-16
15075,15075,UPI,Completed,2024-05-17
15076,15076,Credit Card,Completed,2024-02-25
15077,15077,Credit Card,Refunded,2023-01-22
15078,15078,Net Banking,Completed,2024-05-20
15079,15079,UPI,Completed,2024-04-28
15080,15080,Debit Card,Completed,2025-02-17
15081,15081,Net Banking,Completed,2023-09-03
15082,15082,Credit Card,Completed,2024-06-16
15083,15083,Net Banking,Completed,2023-01-22
15084,15084,UPI,Completed,2023-02-21
15085,15085,Debit Card,Completed,2023-06-11
15086,15086,UPI,Completed,2025-06-15
15087,15087,Net Banking,Completed,2024-03-26
15088,15088,UPI,Completed,2023-08-21
15089,15089,Debit Card,Refunded,2024-04-08
15090,15090,COD,Completed,2024-02-18
15091,15091,Debit Card,Completed,2023-06-12
15092,15092,UPI,Completed,2025-04-16
15093,15093,UPI,Refunded,2024-11-06
15094,15094,UPI,Completed,2023-06-13
15095,15095,Debit Card,Completed,2024-12-17
15096,15096,UPI,Completed,2023-10-14
15097,15097,COD,Completed,2024-11-07
15098,15098,COD,Completed,2023-12-15
15099,15099,Net Banking,Completed,2023-08-28
15100,15100,Credit Card,Completed,2025-01-12
15101,15101,Debit Card,Completed,2025-02-26
15102,15102,COD,Completed,2025-01-20
15103,15103,Debit Card,Completed,2024-11-23
15104,15104,Debit Card,Completed,2023-01-04
15105,15105,UPI,Completed,2024-04-30
15106,15106,Net Banking,Refunded,2024-08-29
15107,15107,Wallet,Completed,2025-05-12
15108,15108,Wallet,Completed,2023-09-20
15109,15109,UPI,Completed,2023-09-24
15110,15110,Wallet,Completed,2023-07-23
15111,15111,COD,Completed,2024-02-04
15112,15112,Debit Card,Completed,2023-11-29
15113,15113,Wallet,Completed,2024-11-01
15114,15114,Wallet,Completed,2024-09-25
15115,15115,Net Banking,Completed,2023-02-22
15116,15116,Net Banking,Completed,2024-05-27
15117,15117,COD,Completed,2023-06-10
15118,15118,UPI,Completed,2023-06-20
15119,15119,Wallet,Completed,2024-06-09
15120,15120,UPI,Completed,2023-09-04
15121,15121,Debit Card,Completed,2024-07-27
15122,15122,COD,Refunded,2025-02-20
15123,15123,Wallet,Completed,2024-08-24
15124,15124,Wallet,Completed,2024-05-10
15125,15125,UPI,Completed,2023-06-30
15126,15126,UPI,Completed,2023-07-25
15127,15127,Debit Card,Completed,2023-01-19
15128,15128,Wallet,Completed,2025-03-18
15129,15129,Wallet,Completed,2024-03-03
15130,15130,Wallet,Completed,2024-12-02
15131,15131,Debit Card,Completed,2024-05-15
15132,15132,Net Banking,Completed,2024-07-08
15133,15133,Wallet,Completed,2023-06-26
15134,15134,Debit Card,Completed,2024-04-24
15135,15135,Net Banking,Completed,2024-08-13
15136,15136,COD,Completed,2023-03-02
15137,15137,Credit Card,Completed,2024-09-01
15138,15138,Credit Card,Completed,2025-01-10
15139,15139,Wallet,Completed,2024-02-02
15140,15140,Debit Card,Completed,2024-06-20
15141,15141,Wallet,Completed,2023-03-16
15142,15142,COD,Completed,2025-05-16
15143,15143,COD,Completed,2024-11-08
15144,15144,Credit Card,Completed,2024-11-28
15145,15145,Wallet,Completed,2023-01-19
15146,15146,Net Banking,Completed,2024-12-16
15147,15147,COD,Completed,2025-05-22
15148,15148,Wallet,Completed,2024-02-17
15149,15149,Debit Card,Completed,2025-06-03
15150,15150,Debit Card,Completed,2023-06-28
15151,15151,COD,Completed,2024-11-24
15152,15152,Net Banking,Completed,2025-03-23
15153,15153,COD,Refunded,2024-07-06
15154,15154,Wallet,Completed,2024-02-19
15155,15155,COD,Completed,2025-06-13
15156,15156,UPI,Refunded,2024-12-07
15157,15157,Wallet,Completed,2024-09-10
15158,15158,Net Banking,Completed,2025-05-04
15159,15159,Net Banking,Completed,2025-01-12
15160,15160,Net Banking,Completed,2024-10-12
15161,15161,COD,Completed,2024-12-18
15162,15162,Debit Card,Completed,2024-08-05
15163,15163,Net Banking,Completed,2023-11-29
15164,15164,Debit Card,Completed,2023-08-24
15165,15165,UPI,Completed,2024-06-25
15166,15166,UPI,Completed,2023-12-19
15167,15167,Debit Card,Completed,2024-02-06
15168,15168,COD,Completed,2025-05-07
15169,15169,Credit Card,Completed,2023-12-17
15170,15170,Wallet,Completed,2025-04-05
15171,15171,Net Banking,Completed,2023-03-19
15172,15172,Net Banking,Completed,2023-03-08
15173,15173,Wallet,Completed,2023-12-02
15174,15174,Net Banking,Completed,2025-04-11
15175,15175,UPI,Completed,2024-01-14
15176,15176,COD,Completed,2024-11-21
15177,15177,UPI,Completed,2024-10-01
15178,15178,Net Banking,Completed,2024-03-11
15179,15179,Net Banking,Completed,2024-04-11
15180,15180,Net Banking,Completed,2024-09-22
15181,15181,Credit Card,Completed,2023-06-28
15182,15182,Net Banking,Completed,2023-03-13
15183,15183,UPI,Completed,2023-10-10
15184,15184,COD,Completed,2023-12-09
15185,15185,COD,Completed,2024-12-05
15186,15186,UPI,Completed,2025-06-12
15187,15187,Wallet,Completed,2023-12-23
15188,15188,Wallet,Completed,2024-07-13
15189,15189,COD,Refunded,2024-04-04
15190,15190,UPI,Completed,2024-10-16
15191,15191,Wallet,Refunded,2025-01-18
15192,15192,UPI,Completed,2023-10-21
15193,15193,Debit Card,Completed,2023-05-27
15194,15194,COD,Refunded,2023-02-03
15195,15195,Net Banking,Completed,2024-01-28
15196,15196,COD,Completed,2023-12-12
15197,15197,Wallet,Completed,2023-03-13
15198,15198,Debit Card,Completed,2024-09-01
15199,15199,Credit Card,Completed,2023-04-03
15200,15200,UPI,Completed,2023-12-30
15201,15201,UPI,Completed,2023-07-06
15202,15202,Credit Card,Completed,2023-08-03
15203,15203,COD,Completed,2024-09-10
15204,15204,Credit Card,Completed,2023-08-21
15205,15205,Debit Card,Completed,2025-02-04
15206,15206,Credit Card,Completed,2024-11-01
15207,15207,Debit Card,Completed,2023-09-14
15208,15208,UPI,Completed,2023-06-20
15209,15209,Net Banking,Completed,2024-06-16
15210,15210,Net Banking,Completed,2023-08-26
15211,15211,COD,Completed,2024-02-13
15212,15212,Debit Card,Completed,2024-05-02
15213,15213,UPI,Completed,2024-02-16
15214,15214,Debit Card,Refunded,2025-01-07
15215,15215,Credit Card,Completed,2023-09-15
15216,15216,Wallet,Completed,2025-06-06
15217,15217,Net Banking,Completed,2024-12-21
15218,15218,Credit Card,Completed,2023-06-06
15219,15219,Wallet,Completed,2025-02-26
15220,15220,Wallet,Completed,2024-02-27
15221,15221,Wallet,Completed,2023-10-22
15222,15222,Net Banking,Completed,2023-03-14
15223,15223,Debit Card,Completed,2024-01-07
15224,15224,Net Banking,Completed,2025-06-17
15225,15225,Net Banking,Completed,2023-04-10
15226,15226,Credit Card,Completed,2025-02-16
15227,15227,Credit Card,Completed,2024-07-22
15228,15228,Debit Card,Completed,2024-01-26
15229,15229,COD,Completed,2023-02-10
15230,15230,Wallet,Completed,2024-10-22
15231,15231,Credit Card,Completed,2023-12-04
15232,15232,Credit Card,Completed,2024-10-26
15233,15233,UPI,Completed,2024-12-08
15234,15234,Net Banking,Completed,2023-09-19
15235,15235,UPI,Completed,2024-12-07
15236,15236,Net Banking,Completed,2025-05-24
15237,15237,Wallet,Completed,2023-03-07
15238,15238,Debit Card,Completed,2023-04-26
15239,15239,UPI,Completed,2024-10-17
15240,15240,Credit Card,Completed,2023-08-18
15241,15241,UPI,Completed,2025-03-31
15242,15242,Net Banking,Completed,2024-07-29
15243,15243,Debit Card,Completed,2023-08-11
15244,15244,UPI,Completed,2023-06-19
15245,15245,Credit Card,Completed,2023-03-19
15246,15246,UPI,Completed,2023-11-26
15247,15247,Wallet,Completed,2025-01-18
15248,15248,Net Banking,Completed,2024-11-28
15249,15249,UPI,Completed,2025-01-30
15250,15250,Credit Card,Completed,2025-03-09
15251,15251,Credit Card,Completed,2023-10-24
15252,15252,UPI,Completed,2024-07-29
15253,15253,COD,Completed,2023-06-03
15254,15254,Debit Card,Completed,2023-01-09
15255,15255,COD,Completed,2023-08-03
15256,15256,COD,Completed,2023-12-10
15257,15257,COD,Completed,2024-05-30
15258,15258,COD,Completed,2023-05-01
15259,15259,Net Banking,Completed,2024-11-28
15260,15260,UPI,Refunded,2024-11-10
15261,15261,Net Banking,Completed,2024-07-10
15262,15262,Debit Card,Completed,2025-05-11
15263,15263,UPI,Completed,2024-05-17
15264,15264,COD,Completed,2025-05-29
15265,15265,UPI,Completed,2023-03-03
15266,15266,COD,Completed,2023-09-28
15267,15267,Net Banking,Completed,2024-10-08
15268,15268,Credit Card,Completed,2024-03-20
15269,15269,Debit Card,Completed,2024-11-19
15270,15270,UPI,Completed,2023-02-24
15271,15271,COD,Completed,2025-05-04
15272,15272,Credit Card,Completed,2024-06-14
15273,15273,Credit Card,Completed,2023-05-20
15274,15274,Credit Card,Completed,2023-01-20
15275,15275,COD,Completed,2024-07-06
15276,15276,Debit Card,Completed,2025-05-05
15277,15277,Debit Card,Completed,2024-12-03
15278,15278,COD,Completed,2023-02-16
15279,15279,UPI,Completed,2023-02-25
15280,15280,Net Banking,Refunded,2023-05-30
15281,15281,Wallet,Completed,2023-01-17
15282,15282,Wallet,Completed,2023-01-01
15283,15283,UPI,Completed,2023-09-14
15284,15284,COD,Completed,2024-10-31
15285,15285,Debit Card,Completed,2023-05-04
15286,15286,Credit Card,Completed,2024-10-30
15287,15287,UPI,Completed,2024-01-10
15288,15288,COD,Completed,2025-04-04
15289,15289,COD,Completed,2025-05-22
15290,15290,UPI,Completed,2023-03-26
15291,15291,Net Banking,Completed,2024-08-09
15292,15292,Net Banking,Completed,2023-07-15
15293,15293,Debit Card,Completed,2024-02-27
15294,15294,Net Banking,Completed,2025-05-31
15295,15295,Wallet,Completed,2023-11-16
15296,15296,Wallet,Completed,2023-06-23
15297,15297,UPI,Completed,2025-06-06
15298,15298,Debit Card,Completed,2025-05-16
15299,15299,Wallet,Completed,2024-07-11
15300,15300,COD,Completed,2025-02-26
15301,15301,Net Banking,Completed,2024-10-05
15302,15302,COD,Completed,2023-12-11
15303,15303,COD,Completed,2023-11-10
15304,15304,COD,Completed,2025-01-21
15305,15305,UPI,Completed,2024-09-09
15306,15306,Net Banking,Completed,2024-05-13
15307,15307,Net Banking,Completed,2023-10-21
15308,15308,COD,Completed,2024-05-21
15309,15309,COD,Completed,2023-07-24
15310,15310,Net Banking,Completed,2023-04-27
15311,15311,Credit Card,Refunded,2023-11-18
15312,15312,Credit Card,Completed,2024-01-26
15313,15313,Credit Card,Completed,2023-09-22
15314,15314,COD,Completed,2024-03-06
15315,15315,Wallet,Completed,2024-06-05
15316,15316,COD,Completed,2023-09-10
15317,15317,COD,Completed,2023-02-06
15318,15318,Wallet,Completed,2024-04-04
15319,15319,Debit Card,Refunded,2025-05-24
15320,15320,Debit Card,Completed,2024-07-12
15321,15321,Debit Card,Completed,2023-02-02
15322,15322,Wallet,Completed,2023-06-01
15323,15323,Wallet,Completed,2024-04-13
15324,15324,UPI,Completed,2024-12-01
15325,15325,Wallet,Completed,2025-02-01
15326,15326,UPI,Completed,2024-05-29
15327,15327,Credit Card,Completed,2024-04-30
15328,15328,Wallet,Completed,2023-01-06
15329,15329,Debit Card,Completed,2025-02-07
15330,15330,Credit Card,Completed,2025-02-18
15331,15331,Net Banking,Completed,2023-11-13
15332,15332,Wallet,Completed,2023-11-10
15333,15333,Debit Card,Completed,2024-07-31
15334,15334,UPI,Completed,2023-12-20
15335,15335,Wallet,Completed,2023-05-04
15336,15336,Debit Card,Completed,2025-04-26
15337,15337,Net Banking,Completed,2023-10-26
15338,15338,Net Banking,Completed,2024-02-04
15339,15339,Net Banking,Completed,2024-05-08
15340,15340,UPI,Completed,2024-09-29
15341,15341,Debit Card,Completed,2024-10-03
15342,15342,COD,Completed,2024-12-04
15343,15343,Wallet,Completed,2023-07-22
15344,15344,UPI,Completed,2023-03-25
15345,15345,Credit Card,Completed,2024-04-07
15346,15346,COD,Completed,2023-08-01
15347,15347,COD,Completed,2024-05-01
15348,15348,Debit Card,Completed,2023-08-07
15349,15349,UPI,Completed,2024-03-24
15350,15350,Net Banking,Refunded,2023-02-07
15351,15351,UPI,Completed,2024-02-22
15352,15352,Net Banking,Completed,2023-10-05
15353,15353,Wallet,Completed,2025-01-01
15354,15354,Wallet,Completed,2023-11-08
15355,15355,COD,Completed,2023-10-02
15356,15356,Net Banking,Completed,2025-02-04
15357,15357,Credit Card,Completed,2023-07-16
15358,15358,COD,Completed,2023-08-20
15359,15359,Credit Card,Completed,2025-03-25
15360,15360,Wallet,Completed,2024-08-17
15361,15361,Wallet,Completed,2025-03-10
15362,15362,COD,Completed,2023-06-14
15363,15363,UPI,Completed,2024-07-13
15364,15364,UPI,Completed,2024-12-23
15365,15365,Credit Card,Completed,2025-06-05
15366,15366,Credit Card,Completed,2024-11-23
15367,15367,COD,Completed,2024-01-23
15368,15368,Wallet,Completed,2024-09-06
15369,15369,Wallet,Completed,2023-09-15
15370,15370,Net Banking,Completed,2023-02-23
15371,15371,UPI,Completed,2025-04-11
15372,15372,Credit Card,Completed,2024-02-14
15373,15373,Credit Card,Completed,2024-07-23
15374,15374,Debit Card,Completed,2023-01-08
15375,15375,UPI,Completed,2023-04-24
15376,15376,Debit Card,Completed,2023-04-20
15377,15377,Debit Card,Completed,2023-07-16
15378,15378,Credit Card,Completed,2024-08-24
15379,15379,UPI,Completed,2024-04-13
15380,15380,Wallet,Completed,2025-06-15
15381,15381,Wallet,Completed,2024-07-04
15382,15382,Net Banking,Completed,2024-02-27
15383,15383,Net Banking,Completed,2025-04-21
15384,15384,Wallet,Completed,2023-09-18
15385,15385,UPI,Completed,2024-05-07
15386,15386,Net Banking,Completed,2024-04-02
15387,15387,COD,Completed,2024-03-17
15388,15388,Credit Card,Completed,2023-01-03
15389,15389,Debit Card,Completed,2024-10-02
15390,15390,Net Banking,Completed,2024-09-14
15391,15391,Credit Card,Completed,2024-11-18
15392,15392,COD,Completed,2023-12-12
15393,15393,UPI,Completed,2024-07-11
15394,15394,Debit Card,Completed,2023-10-02
15395,15395,UPI,Completed,2023-09-13
15396,15396,UPI,Completed,2024-08-16
15397,15397,COD,Refunded,2024-03-24
15398,15398,Net Banking,Refunded,2024-08-10
15399,15399,UPI,Completed,2024-03-08
15400,15400,Net Banking,Completed,2024-08-08
15401,15401,Wallet,Completed,2024-02-03
15402,15402,UPI,Completed,2023-07-26
15403,15403,COD,Completed,2023-09-12
15404,15404,Wallet,Completed,2024-12-22
15405,15405,Debit Card,Completed,2024-01-27
15406,15406,Debit Card,Refunded,2023-11-12
15407,15407,Debit Card,Completed,2024-04-15
15408,15408,Debit Card,Completed,2024-03-28
15409,15409,Debit Card,Completed,2024-04-24
15410,15410,Net Banking,Completed,2024-06-19
15411,15411,Debit Card,Completed,2023-03-07
15412,15412,UPI,Completed,2025-03-11
15413,15413,Debit Card,Completed,2023-11-30
15414,15414,Credit Card,Completed,2023-12-22
15415,15415,Credit Card,Completed,2025-05-09
15416,15416,Credit Card,Completed,2023-02-11
15417,15417,Net Banking,Completed,2023-08-24
15418,15418,Credit Card,Completed,2025-02-22
15419,15419,COD,Refunded,2025-03-18
15420,15420,Wallet,Completed,2025-05-06
15421,15421,Wallet,Completed,2025-01-05
15422,15422,Debit Card,Completed,2025-05-08
15423,15423,COD,Completed,2023-12-02
15424,15424,Credit Card,Completed,2024-05-08
15425,15425,Wallet,Completed,2024-05-03
15426,15426,COD,Completed,2024-10-05
15427,15427,Wallet,Completed,2024-12-28
15428,15428,Net Banking,Completed,2024-03-13
15429,15429,Credit Card,Completed,2024-04-12
15430,15430,Wallet,Completed,2025-03-01
15431,15431,Wallet,Completed,2023-12-20
15432,15432,UPI,Completed,2023-03-19
15433,15433,Debit Card,Completed,2024-11-20
15434,15434,Wallet,Refunded,2023-10-15
15435,15435,UPI,Completed,2023-08-14
15436,15436,UPI,Completed,2024-04-24
15437,15437,Credit Card,Completed,2023-08-06
15438,15438,Net Banking,Refunded,2025-04-12
15439,15439,Debit Card,Completed,2024-04-02
15440,15440,Debit Card,Completed,2023-03-11
15441,15441,Credit Card,Completed,2023-08-16
15442,15442,Credit Card,Completed,2025-05-31
15443,15443,COD,Completed,2025-01-02
15444,15444,UPI,Completed,2024-07-26
15445,15445,Debit Card,Completed,2023-11-04
15446,15446,Credit Card,Completed,2024-08-11
15447,15447,Credit Card,Completed,2023-05-29
15448,15448,Debit Card,Completed,2023-12-01
15449,15449,Net Banking,Completed,2025-03-29
15450,15450,Debit Card,Completed,2023-06-11
15451,15451,Wallet,Completed,2025-05-31
15452,15452,COD,Completed,2024-11-18
15453,15453,COD,Completed,2025-01-29
15454,15454,Net Banking,Completed,2025-01-05
15455,15455,COD,Completed,2024-04-08
15456,15456,Debit Card,Completed,2025-01-03
15457,15457,Wallet,Completed,2023-02-28
15458,15458,Credit Card,Completed,2023-04-26
15459,15459,Wallet,Completed,2023-07-03
15460,15460,Wallet,Completed,2025-04-22
15461,15461,Debit Card,Refunded,2024-03-19
15462,15462,Credit Card,Completed,2025-06-04
15463,15463,Net Banking,Completed,2024-03-13
15464,15464,UPI,Completed,2023-06-18
15465,15465,Credit Card,Completed,2024-07-25
15466,15466,Debit Card,Completed,2025-04-29
15467,15467,Debit Card,Completed,2023-08-04
15468,15468,Debit Card,Completed,2023-01-01
15469,15469,Debit Card,Completed,2024-12-31
15470,15470,Net Banking,Completed,2024-11-25
15471,15471,Net Banking,Completed,2023-09-23
15472,15472,Credit Card,Completed,2024-04-27
15473,15473,Credit Card,Completed,2025-04-10
15474,15474,Credit Card,Completed,2024-09-11
15475,15475,UPI,Refunded,2024-07-26
15476,15476,Net Banking,Completed,2025-04-12
15477,15477,Net Banking,Completed,2023-07-15
15478,15478,Debit Card,Completed,2023-09-11
15479,15479,Wallet,Completed,2023-07-08
15480,15480,Debit Card,Completed,2023-04-23
15481,15481,Net Banking,Completed,2024-11-01
15482,15482,Debit Card,Completed,2023-01-24
15483,15483,Debit Card,Completed,2023-12-04
15484,15484,UPI,Completed,2023-09-13
15485,15485,Wallet,Completed,2023-06-30
15486,15486,COD,Completed,2023-01-16
15487,15487,Wallet,Completed,2023-07-28
15488,15488,Wallet,Completed,2025-05-26
15489,15489,Net Banking,Completed,2023-06-04
15490,15490,COD,Completed,2024-02-23
15491,15491,Credit Card,Completed,2025-05-25
15492,15492,Net Banking,Completed,2023-06-13
15493,15493,Net Banking,Completed,2024-12-17
15494,15494,Debit Card,Completed,2023-11-27
15495,15495,Net Banking,Completed,2023-06-21
15496,15496,Wallet,Completed,2025-01-22
15497,15497,Net Banking,Completed,2024-07-25
15498,15498,COD,Completed,2024-08-12
15499,15499,Wallet,Completed,2023-03-12
15500,15500,Net Banking,Completed,2023-12-31
15501,15501,COD,Completed,2023-04-10
15502,15502,COD,Completed,2025-06-02
15503,15503,Credit Card,Completed,2023-08-14
15504,15504,Credit Card,Completed,2024-01-23
15505,15505,Net Banking,Completed,2023-12-05
15506,15506,UPI,Completed,2023-01-15
15507,15507,Net Banking,Completed,2023-02-01
15508,15508,Net Banking,Completed,2025-05-11
15509,15509,Credit Card,Completed,2023-11-04
15510,15510,Net Banking,Refunded,2024-07-27
15511,15511,Debit Card,Completed,2023-09-21
15512,15512,Net Banking,Completed,2024-08-08
15513,15513,Credit Card,Completed,2025-04-24
15514,15514,Net Banking,Completed,2024-09-26
15515,15515,Credit Card,Completed,2025-05-19
15516,15516,COD,Completed,2023-02-19
15517,15517,Net Banking,Completed,2023-08-05
15518,15518,UPI,Completed,2024-01-17
15519,15519,UPI,Completed,2023-07-20
15520,15520,Net Banking,Completed,2024-07-13
15521,15521,COD,Completed,2023-10-22
15522,15522,COD,Completed,2023-01-24
15523,15523,UPI,Completed,2024-09-02
15524,15524,UPI,Completed,2025-05-04
15525,15525,Debit Card,Completed,2024-03-23
15526,15526,Wallet,Completed,2024-02-02
15527,15527,Debit Card,Completed,2023-06-12
15528,15528,Credit Card,Completed,2024-01-18
15529,15529,Debit Card,Completed,2025-01-18
15530,15530,Wallet,Completed,2024-10-09
15531,15531,Net Banking,Completed,2024-05-23
15532,15532,Credit Card,Completed,2024-01-18
15533,15533,Credit Card,Completed,2023-02-26
15534,15534,COD,Refunded,2025-03-09
15535,15535,Credit Card,Completed,2024-06-02
15536,15536,Wallet,Completed,2023-11-30
15537,15537,UPI,Completed,2023-04-24
15538,15538,Net Banking,Completed,2023-11-25
15539,15539,Credit Card,Completed,2023-02-28
15540,15540,Debit Card,Completed,2023-03-03
15541,15541,Wallet,Completed,2023-11-04
15542,15542,Net Banking,Completed,2024-09-29
15543,15543,UPI,Completed,2023-06-16
15544,15544,Debit Card,Completed,2024-05-20
15545,15545,Credit Card,Completed,2024-07-21
15546,15546,COD,Completed,2024-09-20
15547,15547,Net Banking,Completed,2023-09-08
15548,15548,Debit Card,Completed,2023-05-03
15549,15549,Credit Card,Completed,2024-01-18
15550,15550,Credit Card,Completed,2023-05-08
15551,15551,Net Banking,Completed,2025-03-02
15552,15552,COD,Completed,2024-01-16
15553,15553,UPI,Completed,2025-02-17
15554,15554,Wallet,Completed,2023-03-02
15555,15555,COD,Completed,2023-02-20
15556,15556,COD,Completed,2023-08-17
15557,15557,UPI,Completed,2023-11-08
15558,15558,UPI,Completed,2024-10-28
15559,15559,Debit Card,Completed,2025-02-27
15560,15560,COD,Completed,2024-12-26
15561,15561,Debit Card,Completed,2023-01-04
15562,15562,Debit Card,Completed,2023-10-14
15563,15563,Net Banking,Completed,2024-07-28
15564,15564,Debit Card,Completed,2024-06-10
15565,15565,Net Banking,Completed,2024-03-18
15566,15566,UPI,Completed,2024-05-21
15567,15567,COD,Completed,2025-05-07
15568,15568,Debit Card,Completed,2023-10-27
15569,15569,COD,Completed,2024-03-11
15570,15570,Net Banking,Refunded,2023-07-25
15571,15571,Debit Card,Completed,2025-05-01
15572,15572,Wallet,Completed,2024-08-11
15573,15573,Debit Card,Completed,2024-05-10
15574,15574,COD,Completed,2023-10-10
15575,15575,Credit Card,Completed,2024-10-20
15576,15576,UPI,Completed,2023-02-05
15577,15577,COD,Completed,2025-03-24
15578,15578,Debit Card,Completed,2025-03-23
15579,15579,UPI,Completed,2024-07-02
15580,15580,UPI,Completed,2023-11-18
15581,15581,UPI,Completed,2024-07-28
15582,15582,COD,Completed,2023-02-20
15583,15583,Wallet,Completed,2025-06-06
15584,15584,Wallet,Completed,2024-11-14
15585,15585,Wallet,Completed,2023-09-03
15586,15586,UPI,Completed,2025-04-22
15587,15587,Credit Card,Completed,2023-12-02
15588,15588,Debit Card,Completed,2024-07-14
15589,15589,Debit Card,Completed,2024-03-24
15590,15590,Credit Card,Refunded,2025-03-24
15591,15591,Debit Card,Completed,2024-02-25
15592,15592,COD,Completed,2023-10-04
15593,15593,Net Banking,Completed,2024-11-25
15594,15594,Net Banking,Completed,2024-05-31
15595,15595,Credit Card,Completed,2023-03-10
15596,15596,UPI,Refunded,2024-06-22
15597,15597,Wallet,Completed,2023-02-28
15598,15598,Net Banking,Completed,2023-10-11
15599,15599,UPI,Completed,2024-11-08
15600,15600,Net Banking,Completed,2025-06-09
15601,15601,Credit Card,Completed,2024-04-12
15602,15602,Wallet,Completed,2023-03-17
15603,15603,COD,Completed,2023-12-01
15604,15604,Credit Card,Completed,2024-06-03
15605,15605,UPI,Completed,2024-11-15
15606,15606,UPI,Completed,2023-09-01
15607,15607,Debit Card,Completed,2025-03-12
15608,15608,Debit Card,Completed,2023-07-15
15609,15609,Debit Card,Completed,2023-11-03
15610,15610,UPI,Completed,2023-04-03
15611,15611,Debit Card,Completed,2024-02-29
15612,15612,COD,Completed,2024-03-26
15613,15613,Net Banking,Completed,2024-03-21
15614,15614,Wallet,Completed,2023-11-02
15615,15615,Debit Card,Completed,2024-11-30
15616,15616,COD,Completed,2025-01-06
15617,15617,Net Banking,Completed,2023-06-20
15618,15618,Debit Card,Completed,2025-03-18
15619,15619,Net Banking,Completed,2023-04-28
15620,15620,Debit Card,Completed,2025-04-25
15621,15621,UPI,Completed,2023-11-08
15622,15622,Wallet,Completed,2025-03-05
15623,15623,Wallet,Completed,2024-06-13
15624,15624,Debit Card,Completed,2024-04-18
15625,15625,Wallet,Completed,2024-02-10
15626,15626,Wallet,Completed,2023-12-03
15627,15627,Wallet,Completed,2025-05-21
15628,15628,COD,Completed,2024-06-27
15629,15629,Debit Card,Completed,2024-06-13
15630,15630,Net Banking,Completed,2024-10-12
15631,15631,Credit Card,Completed,2023-04-27
15632,15632,COD,Completed,2023-11-18
15633,15633,Net Banking,Completed,2025-01-26
15634,15634,UPI,Completed,2024-01-31
15635,15635,COD,Refunded,2023-01-02
15636,15636,Wallet,Completed,2023-01-25
15637,15637,Debit Card,Completed,2025-02-19
15638,15638,Net Banking,Completed,2024-03-25
15639,15639,Net Banking,Completed,2025-05-26
15640,15640,Debit Card,Completed,2023-09-22
15641,15641,UPI,Completed,2023-05-10
15642,15642,UPI,Completed,2025-04-16
15643,15643,UPI,Completed,2024-10-07
15644,15644,UPI,Completed,2023-06-29
15645,15645,UPI,Completed,2025-04-26
15646,15646,Net Banking,Completed,2023-07-18
15647,15647,Net Banking,Completed,2024-10-12
15648,15648,Credit Card,Completed,2024-07-10
15649,15649,COD,Refunded,2023-02-23
15650,15650,Debit Card,Completed,2023-06-28
15651,15651,Wallet,Completed,2023-04-01
15652,15652,Credit Card,Completed,2023-12-07
15653,15653,COD,Completed,2024-05-30
15654,15654,Net Banking,Completed,2024-01-14
15655,15655,Wallet,Completed,2024-07-07
15656,15656,UPI,Completed,2023-06-08
15657,15657,Wallet,Completed,2023-12-19
15658,15658,UPI,Completed,2023-11-29
15659,15659,COD,Completed,2024-08-18
15660,15660,Credit Card,Completed,2025-05-21
15661,15661,Net Banking,Completed,2025-02-27
15662,15662,UPI,Completed,2023-07-31
15663,15663,Credit Card,Completed,2023-06-08
15664,15664,Wallet,Completed,2023-05-03
15665,15665,Credit Card,Completed,2023-09-01
15666,15666,Credit Card,Completed,2023-12-04
15667,15667,UPI,Completed,2023-03-06
15668,15668,Credit Card,Completed,2024-02-20
15669,15669,UPI,Completed,2024-04-10
15670,15670,COD,Completed,2024-05-23
15671,15671,Debit Card,Completed,2023-01-09
15672,15672,UPI,Completed,2023-11-27
15673,15673,Wallet,Completed,2024-02-17
15674,15674,Credit Card,Completed,2024-01-09
15675,15675,Wallet,Completed,2024-12-29
15676,15676,COD,Completed,2024-10-03
15677,15677,Net Banking,Completed,2025-05-20
15678,15678,Debit Card,Completed,2025-03-23
15679,15679,Credit Card,Completed,2023-11-27
15680,15680,COD,Completed,2025-05-30
15681,15681,UPI,Completed,2023-04-28
15682,15682,COD,Completed,2025-05-21
15683,15683,Debit Card,Completed,2024-06-08
15684,15684,Debit Card,Completed,2024-11-17
15685,15685,UPI,Completed,2024-06-27
15686,15686,Net Banking,Completed,2024-06-22
15687,15687,UPI,Completed,2024-11-12
15688,15688,Debit Card,Completed,2024-12-08
15689,15689,Net Banking,Completed,2023-03-25
15690,15690,Net Banking,Completed,2023-06-27
15691,15691,UPI,Completed,2024-02-04
15692,15692,Credit Card,Completed,2024-03-24
15693,15693,Debit Card,Completed,2025-01-22
15694,15694,Wallet,Completed,2024-06-08
15695,15695,COD,Completed,2024-01-04
15696,15696,UPI,Completed,2024-09-01
15697,15697,Net Banking,Completed,2024-06-19
15698,15698,COD,Completed,2025-04-17
15699,15699,Wallet,Completed,2025-02-10
15700,15700,Wallet,Completed,2024-11-04
15701,15701,Debit Card,Completed,2025-05-23
15702,15702,COD,Completed,2025-03-09
15703,15703,Net Banking,Completed,2023-04-24
15704,15704,Net Banking,Completed,2023-03-08
15705,15705,Wallet,Completed,2024-12-10
15706,15706,COD,Completed,2025-01-14
15707,15707,UPI,Completed,2023-03-29
15708,15708,UPI,Completed,2023-07-14
15709,15709,Wallet,Completed,2023-08-03
15710,15710,Debit Card,Completed,2023-01-06
15711,15711,Debit Card,Completed,2023-01-03
15712,15712,Debit Card,Completed,2024-10-07
15713,15713,Net Banking,Refunded,2024-11-30
15714,15714,Wallet,Completed,2025-02-27
15715,15715,Credit Card,Completed,2024-11-19
15716,15716,Credit Card,Completed,2023-04-23
15717,15717,Credit Card,Completed,2024-02-22
15718,15718,COD,Completed,2025-05-30
15719,15719,Credit Card,Completed,2023-04-25
15720,15720,COD,Completed,2023-05-22
15721,15721,Wallet,Completed,2024-08-13
15722,15722,COD,Completed,2023-08-15
15723,15723,COD,Completed,2023-12-01
15724,15724,UPI,Completed,2023-08-05
15725,15725,Credit Card,Completed,2024-03-19
15726,15726,UPI,Completed,2023-11-01
15727,15727,Credit Card,Completed,2023-08-25
15728,15728,UPI,Completed,2023-11-18
15729,15729,Credit Card,Completed,2024-06-21
15730,15730,Wallet,Completed,2024-09-21
15731,15731,Wallet,Completed,2023-09-23
15732,15732,Net Banking,Completed,2023-12-10
15733,15733,COD,Completed,2023-09-26
15734,15734,Debit Card,Completed,2023-06-06
15735,15735,Net Banking,Completed,2023-09-02
15736,15736,Credit Card,Completed,2023-08-15
15737,15737,Net Banking,Completed,2025-05-21
15738,15738,UPI,Completed,2024-07-11
15739,15739,Net Banking,Completed,2023-10-22
15740,15740,Debit Card,Completed,2023-08-05
15741,15741,UPI,Completed,2023-11-29
15742,15742,Wallet,Completed,2023-02-16
15743,15743,Debit Card,Completed,2024-09-19
15744,15744,COD,Completed,2025-04-02
15745,15745,UPI,Completed,2023-03-02
15746,15746,Debit Card,Completed,2024-01-19
15747,15747,COD,Completed,2025-05-11
15748,15748,Credit Card,Completed,2024-02-15
15749,15749,Credit Card,Completed,2023-01-12
15750,15750,COD,Completed,2023-07-07
15751,15751,Credit Card,Completed,2024-12-03
15752,15752,UPI,Completed,2023-12-30
15753,15753,Debit Card,Completed,2024-05-03
15754,15754,Net Banking,Refunded,2024-05-24
15755,15755,Debit Card,Completed,2025-05-23
15756,15756,Wallet,Completed,2024-10-16
15757,15757,UPI,Completed,2023-01-09
15758,15758,Net Banking,Completed,2024-12-26
15759,15759,UPI,Completed,2024-01-18
15760,15760,UPI,Completed,2024-10-18
15761,15761,COD,Completed,2024-03-14
15762,15762,COD,Completed,2024-02-01
15763,15763,COD,Completed,2024-03-15
15764,15764,Credit Card,Completed,2023-10-08
15765,15765,Net Banking,Completed,2023-04-18
15766,15766,COD,Completed,2023-03-12
15767,15767,COD,Completed,2023-09-09
15768,15768,Net Banking,Completed,2023-09-17
15769,15769,Debit Card,Completed,2024-04-24
15770,15770,Net Banking,Completed,2023-08-27
15771,15771,Credit Card,Completed,2023-10-15
15772,15772,Net Banking,Completed,2025-02-26
15773,15773,Debit Card,Completed,2024-09-28
15774,15774,Net Banking,Completed,2023-07-20
15775,15775,COD,Completed,2025-06-12
15776,15776,Debit Card,Completed,2023-01-19
15777,15777,Net Banking,Completed,2024-11-08
15778,15778,COD,Completed,2024-09-25
15779,15779,Credit Card,Completed,2023-11-04
15780,15780,Net Banking,Completed,2025-03-23
15781,15781,Net Banking,Completed,2023-04-15
15782,15782,Debit Card,Completed,2024-08-06
15783,15783,Debit Card,Completed,2023-03-07
15784,15784,Credit Card,Completed,2023-06-05
15785,15785,Credit Card,Completed,2024-10-17
15786,15786,Debit Card,Completed,2023-01-07
15787,15787,Wallet,Completed,2023-06-10
15788,15788,Credit Card,Completed,2025-04-02
15789,15789,UPI,Completed,2023-06-23
15790,15790,UPI,Completed,2023-10-04
15791,15791,Wallet,Completed,2024-02-16
15792,15792,UPI,Completed,2025-05-06
15793,15793,Debit Card,Completed,2024-11-26
15794,15794,Debit Card,Completed,2023-07-26
15795,15795,Net Banking,Completed,2024-02-03
15796,15796,UPI,Completed,2024-10-11
15797,15797,UPI,Completed,2023-06-19
15798,15798,Wallet,Completed,2023-01-02
15799,15799,Net Banking,Completed,2023-07-14
15800,15800,Credit Card,Completed,2023-11-24
15801,15801,Debit Card,Completed,2025-05-20
15802,15802,Credit Card,Completed,2024-10-27
15803,15803,Credit Card,Completed,2024-10-21
15804,15804,Credit Card,Completed,2025-04-06
15805,15805,Debit Card,Completed,2025-05-01
15806,15806,COD,Completed,2024-07-14
15807,15807,Net Banking,Completed,2025-02-16
15808,15808,COD,Completed,2024-07-08
15809,15809,Net Banking,Completed,2023-01-21
15810,15810,Wallet,Completed,2025-04-26
15811,15811,Debit Card,Completed,2024-12-27
15812,15812,COD,Completed,2024-01-20
15813,15813,Wallet,Completed,2024-09-13
15814,15814,COD,Completed,2024-02-21
15815,15815,Wallet,Completed,2023-04-01
15816,15816,COD,Completed,2023-12-23
15817,15817,COD,Completed,2023-09-27
15818,15818,Wallet,Completed,2023-03-26
15819,15819,Net Banking,Completed,2023-08-08
15820,15820,Wallet,Completed,2023-04-22
15821,15821,UPI,Completed,2024-11-04
15822,15822,Net Banking,Completed,2024-09-18
15823,15823,COD,Completed,2023-11-11
15824,15824,Debit Card,Completed,2023-02-16
15825,15825,Credit Card,Completed,2023-04-24
15826,15826,Wallet,Completed,2024-01-23
15827,15827,Credit Card,Completed,2025-01-07
15828,15828,Wallet,Completed,2023-07-10
15829,15829,UPI,Completed,2024-12-12
15830,15830,UPI,Completed,2024-02-02
15831,15831,Debit Card,Completed,2025-04-17
15832,15832,COD,Completed,2024-09-15
15833,15833,Net Banking,Completed,2023-03-31
15834,15834,Wallet,Completed,2023-08-08
15835,15835,Credit Card,Completed,2023-08-13
15836,15836,Wallet,Completed,2024-12-28
15837,15837,Debit Card,Completed,2023-08-22
15838,15838,Credit Card,Completed,2025-02-14
15839,15839,Credit Card,Completed,2023-02-17
15840,15840,Wallet,Completed,2025-05-31
15841,15841,UPI,Completed,2023-06-11
15842,15842,Wallet,Completed,2025-02-26
15843,15843,UPI,Completed,2023-01-07
15844,15844,Net Banking,Completed,2023-08-29
15845,15845,UPI,Completed,2024-04-03
15846,15846,UPI,Completed,2023-09-04
15847,15847,Wallet,Completed,2023-11-29
15848,15848,Wallet,Refunded,2025-05-16
15849,15849,Wallet,Completed,2023-01-27
15850,15850,UPI,Refunded,2024-07-06
15851,15851,Credit Card,Completed,2023-08-10
15852,15852,Net Banking,Completed,2024-04-17
15853,15853,Wallet,Completed,2024-02-18
15854,15854,UPI,Completed,2025-06-13
15855,15855,UPI,Completed,2024-09-16
15856,15856,Credit Card,Completed,2023-12-26
15857,15857,Credit Card,Completed,2024-11-22
15858,15858,Net Banking,Completed,2025-02-18
15859,15859,Net Banking,Completed,2023-10-27
15860,15860,Debit Card,Completed,2025-01-13
15861,15861,Net Banking,Completed,2024-05-11
15862,15862,Debit Card,Completed,2023-03-28
15863,15863,UPI,Completed,2023-10-03
15864,15864,Net Banking,Completed,2024-06-19
15865,15865,COD,Completed,2024-05-04
15866,15866,Debit Card,Completed,2024-08-09
15867,15867,Wallet,Completed,2024-05-11
15868,15868,Credit Card,Completed,2023-01-08
15869,15869,Credit Card,Completed,2024-11-05
15870,15870,Net Banking,Completed,2024-12-20
15871,15871,Wallet,Completed,2025-03-08
15872,15872,UPI,Completed,2023-06-24
15873,15873,Net Banking,Completed,2023-07-22
15874,15874,UPI,Completed,2024-05-10
15875,15875,UPI,Completed,2024-04-11
15876,15876,UPI,Completed,2025-05-15
15877,15877,UPI,Completed,2024-02-20
15878,15878,Debit Card,Completed,2025-04-29
15879,15879,Net Banking,Completed,2023-08-02
15880,15880,Credit Card,Completed,2023-01-22
15881,15881,Debit Card,Refunded,2023-05-28
15882,15882,Wallet,Completed,2025-02-09
15883,15883,Net Banking,Completed,2024-04-27
15884,15884,COD,Completed,2024-11-22
15885,15885,Debit Card,Completed,2024-12-18
15886,15886,Net Banking,Completed,2024-05-17
15887,15887,Net Banking,Completed,2023-10-14
15888,15888,COD,Completed,2025-05-22
15889,15889,Debit Card,Completed,2023-03-21
15890,15890,Net Banking,Completed,2024-05-31
15891,15891,UPI,Completed,2024-08-23
15892,15892,Wallet,Completed,2025-04-26
15893,15893,Debit Card,Completed,2023-01-29
15894,15894,Debit Card,Completed,2024-08-31
15895,15895,Net Banking,Completed,2024-09-04
15896,15896,Net Banking,Completed,2025-05-16
15897,15897,UPI,Completed,2023-02-01
15898,15898,Net Banking,Completed,2024-08-12
15899,15899,Debit Card,Completed,2025-02-04
15900,15900,Net Banking,Refunded,2025-01-09
15901,15901,Net Banking,Completed,2023-03-14
15902,15902,UPI,Completed,2024-01-06
15903,15903,UPI,Completed,2023-11-18
15904,15904,Wallet,Completed,2025-04-05
15905,15905,Wallet,Completed,2024-04-23
15906,15906,Credit Card,Completed,2024-10-21
15907,15907,UPI,Completed,2024-02-07
15908,15908,Debit Card,Completed,2023-04-20
15909,15909,Debit Card,Completed,2023-12-22
15910,15910,UPI,Completed,2024-11-30
15911,15911,Debit Card,Completed,2023-04-29
15912,15912,Net Banking,Completed,2024-06-02
15913,15913,COD,Completed,2023-07-07
15914,15914,Net Banking,Completed,2023-10-24
15915,15915,COD,Completed,2024-05-06
15916,15916,UPI,Completed,2024-04-19
15917,15917,Debit Card,Completed,2024-09-26
15918,15918,Debit Card,Completed,2024-04-09
15919,15919,UPI,Completed,2023-06-14
15920,15920,Credit Card,Completed,2023-04-02
15921,15921,COD,Completed,2025-06-17
15922,15922,Credit Card,Completed,2023-09-29
15923,15923,COD,Completed,2023-07-01
15924,15924,UPI,Completed,2024-05-18
15925,15925,Credit Card,Completed,2025-06-05
15926,15926,Net Banking,Completed,2023-12-13
15927,15927,UPI,Completed,2023-02-24
15928,15928,COD,Completed,2023-08-15
15929,15929,Wallet,Completed,2023-12-02
15930,15930,Debit Card,Completed,2023-01-11
15931,15931,Debit Card,Completed,2025-06-05
15932,15932,COD,Completed,2025-06-11
15933,15933,COD,Completed,2024-12-11
15934,15934,Debit Card,Completed,2023-11-05
15935,15935,Net Banking,Completed,2023-12-23
15936,15936,Credit Card,Completed,2023-03-31
15937,15937,Debit Card,Completed,2023-04-03
15938,15938,Debit Card,Completed,2024-12-10
15939,15939,UPI,Completed,2023-12-31
15940,15940,Credit Card,Completed,2023-12-13
15941,15941,Wallet,Completed,2024-03-07
15942,15942,Net Banking,Completed,2023-07-08
15943,15943,UPI,Completed,2025-02-20
15944,15944,Wallet,Completed,2024-09-03
15945,15945,UPI,Completed,2023-03-26
15946,15946,COD,Completed,2023-08-30
15947,15947,Debit Card,Completed,2023-01-12
15948,15948,Credit Card,Completed,2023-11-17
15949,15949,Credit Card,Completed,2024-05-27
15950,15950,UPI,Completed,2024-07-30
15951,15951,COD,Completed,2023-12-05
15952,15952,COD,Completed,2025-04-28
15953,15953,Wallet,Completed,2023-03-03
15954,15954,UPI,Completed,2024-09-21
15955,15955,Net Banking,Completed,2023-02-14
15956,15956,Credit Card,Completed,2025-05-14
15957,15957,UPI,Completed,2024-05-03
15958,15958,UPI,Completed,2024-05-27
15959,15959,Wallet,Completed,2024-06-10
15960,15960,UPI,Completed,2025-05-15
15961,15961,COD,Completed,2023-07-16
15962,15962,Wallet,Completed,2023-07-19
15963,15963,Net Banking,Completed,2024-12-05
15964,15964,COD,Completed,2024-11-07
15965,15965,UPI,Completed,2023-03-30
15966,15966,Debit Card,Completed,2023-01-21
15967,15967,Wallet,Completed,2024-07-06
15968,15968,Net Banking,Completed,2025-02-09
15969,15969,Net Banking,Completed,2023-04-11
15970,15970,UPI,Completed,2024-02-17
15971,15971,Debit Card,Completed,2024-01-11
15972,15972,UPI,Completed,2023-11-29
15973,15973,UPI,Completed,2023-10-13
15974,15974,Net Banking,Completed,2025-04-05
15975,15975,UPI,Completed,2024-02-16
15976,15976,UPI,Completed,2025-04-18
15977,15977,Debit Card,Completed,2023-03-23
15978,15978,Debit Card,Completed,2024-10-05
15979,15979,Net Banking,Completed,2025-05-20
15980,15980,COD,Completed,2023-11-14
15981,15981,UPI,Completed,2024-01-17
15982,15982,COD,Completed,2025-05-21
15983,15983,Debit Card,Completed,2023-09-13
15984,15984,Wallet,Completed,2024-04-15
15985,15985,Wallet,Completed,2025-05-22
15986,15986,Credit Card,Completed,2025-05-25
15987,15987,Net Banking,Completed,2024-03-23
15988,15988,COD,Completed,2024-07-06
15989,15989,Net Banking,Completed,2025-03-09
15990,15990,Debit Card,Completed,2025-02-20
15991,15991,Credit Card,Completed,2023-06-30
15992,15992,COD,Completed,2024-03-11
15993,15993,Wallet,Completed,2023-09-12
15994,15994,Net Banking,Completed,2024-12-09
15995,15995,UPI,Completed,2023-07-16
15996,15996,Debit Card,Completed,2024-12-06
15997,15997,Wallet,Completed,2024-01-04
15998,15998,COD,Completed,2023-05-04
15999,15999,UPI,Completed,2023-03-04
16000,16000,Debit Card,Completed,2024-11-09
16001,16001,Debit Card,Completed,2025-03-12
16002,16002,Credit Card,Completed,2025-04-24
16003,16003,UPI,Completed,2024-02-24
16004,16004,Wallet,Completed,2025-02-07
16005,16005,Net Banking,Completed,2025-04-08
16006,16006,UPI,Completed,2023-03-22
16007,16007,UPI,Completed,2025-03-31
16008,16008,UPI,Completed,2025-02-03
16009,16009,Net Banking,Completed,2024-05-18
16010,16010,Credit Card,Completed,2023-09-08
16011,16011,UPI,Completed,2024-03-20
16012,16012,UPI,Completed,2023-11-14
16013,16013,UPI,Completed,2023-06-28
16014,16014,Net Banking,Completed,2025-04-24
16015,16015,Wallet,Completed,2023-04-30
16016,16016,Debit Card,Completed,2024-12-10
16017,16017,Wallet,Completed,2024-04-21
16018,16018,UPI,Completed,2024-09-02
16019,16019,Wallet,Completed,2023-08-25
16020,16020,Wallet,Completed,2024-06-26
16021,16021,Debit Card,Completed,2025-04-27
16022,16022,Debit Card,Completed,2023-09-29
16023,16023,Debit Card,Completed,2024-06-17
16024,16024,COD,Completed,2023-06-19
16025,16025,Credit Card,Completed,2025-01-17
16026,16026,Credit Card,Completed,2023-06-20
16027,16027,Wallet,Completed,2024-08-13
16028,16028,UPI,Completed,2024-08-15
16029,16029,UPI,Completed,2023-08-28
16030,16030,UPI,Completed,2024-02-13
16031,16031,UPI,Completed,2025-04-07
16032,16032,Wallet,Completed,2023-03-25
16033,16033,UPI,Completed,2024-08-22
16034,16034,COD,Completed,2024-12-20
16035,16035,Credit Card,Completed,2024-04-04
16036,16036,COD,Completed,2023-03-18
16037,16037,UPI,Completed,2023-01-17
16038,16038,Debit Card,Completed,2024-10-07
16039,16039,COD,Completed,2023-05-23
16040,16040,Wallet,Completed,2024-11-14
16041,16041,Wallet,Completed,2023-09-10
16042,16042,Credit Card,Completed,2024-01-22
16043,16043,COD,Completed,2024-11-16
16044,16044,COD,Completed,2023-09-30
16045,16045,Wallet,Completed,2023-01-29
16046,16046,Net Banking,Completed,2023-10-10
16047,16047,Wallet,Completed,2023-05-12
16048,16048,Wallet,Refunded,2023-08-11
16049,16049,Net Banking,Completed,2023-12-11
16050,16050,UPI,Completed,2024-09-12
16051,16051,Wallet,Completed,2024-04-24
16052,16052,COD,Completed,2024-07-08
16053,16053,Credit Card,Completed,2023-01-11
16054,16054,Debit Card,Completed,2023-11-30
16055,16055,Credit Card,Completed,2023-01-12
16056,16056,Credit Card,Completed,2024-04-05
16057,16057,Net Banking,Completed,2024-02-29
16058,16058,Debit Card,Completed,2023-12-07
16059,16059,UPI,Completed,2023-07-29
16060,16060,Net Banking,Completed,2024-09-22
16061,16061,Net Banking,Completed,2023-07-30
16062,16062,Credit Card,Completed,2024-10-08
16063,16063,Debit Card,Completed,2023-05-25
16064,16064,COD,Refunded,2024-05-30
16065,16065,UPI,Completed,2024-07-20
16066,16066,Net Banking,Completed,2025-01-21
16067,16067,Credit Card,Completed,2023-02-08
16068,16068,Net Banking,Completed,2023-08-02
16069,16069,Net Banking,Completed,2024-08-16
16070,16070,Credit Card,Completed,2024-12-08
16071,16071,Net Banking,Refunded,2024-04-15
16072,16072,Credit Card,Completed,2023-05-03
16073,16073,Debit Card,Refunded,2024-07-03
16074,16074,Debit Card,Completed,2024-03-12
16075,16075,Credit Card,Refunded,2024-04-19
16076,16076,Credit Card,Completed,2023-01-20
16077,16077,UPI,Completed,2025-03-20
16078,16078,Wallet,Completed,2025-05-23
16079,16079,Net Banking,Completed,2024-04-23
16080,16080,UPI,Completed,2024-09-20
16081,16081,Net Banking,Completed,2024-01-07
16082,16082,Debit Card,Completed,2023-09-24
16083,16083,Wallet,Completed,2023-11-11
16084,16084,Debit Card,Completed,2024-06-16
16085,16085,Net Banking,Completed,2025-04-09
16086,16086,Debit Card,Refunded,2023-08-13
16087,16087,Wallet,Completed,2023-12-17
16088,16088,Wallet,Completed,2023-05-24
16089,16089,Debit Card,Completed,2024-09-01
16090,16090,Net Banking,Completed,2023-07-15
16091,16091,Debit Card,Completed,2024-09-25
16092,16092,Debit Card,Completed,2025-02-03
16093,16093,COD,Completed,2023-06-17
16094,16094,Debit Card,Completed,2025-02-07
16095,16095,UPI,Completed,2024-08-25
16096,16096,Debit Card,Completed,2023-12-09
16097,16097,Credit Card,Completed,2023-08-05
16098,16098,Credit Card,Completed,2023-12-09
16099,16099,UPI,Completed,2024-02-19
16100,16100,Credit Card,Refunded,2023-07-15
16101,16101,COD,Completed,2024-07-05
16102,16102,COD,Completed,2024-01-31
16103,16103,Wallet,Completed,2023-07-03
16104,16104,Debit Card,Completed,2025-06-15
16105,16105,Credit Card,Completed,2024-06-13
16106,16106,Debit Card,Completed,2024-06-20
16107,16107,Credit Card,Refunded,2024-03-22
16108,16108,UPI,Completed,2023-06-03
16109,16109,COD,Completed,2023-02-19
16110,16110,UPI,Completed,2025-02-08
16111,16111,COD,Completed,2023-09-19
16112,16112,COD,Refunded,2025-05-28
16113,16113,Credit Card,Completed,2024-03-24
16114,16114,Credit Card,Completed,2024-03-13
16115,16115,Net Banking,Completed,2023-08-11
16116,16116,Wallet,Completed,2025-06-15
16117,16117,COD,Completed,2024-08-08
16118,16118,Wallet,Completed,2023-04-20
16119,16119,Wallet,Completed,2024-08-16
16120,16120,COD,Completed,2023-02-27
16121,16121,Debit Card,Completed,2023-06-11
16122,16122,Wallet,Completed,2023-06-20
16123,16123,Wallet,Completed,2024-08-01
16124,16124,Debit Card,Completed,2024-07-22
16125,16125,UPI,Completed,2024-04-30
16126,16126,UPI,Completed,2024-05-12
16127,16127,Wallet,Refunded,2023-06-21
16128,16128,Wallet,Completed,2023-05-16
16129,16129,Debit Card,Refunded,2025-06-05
16130,16130,Wallet,Completed,2023-09-30
16131,16131,Net Banking,Completed,2024-05-12
16132,16132,UPI,Completed,2025-06-15
16133,16133,UPI,Completed,2023-10-17
16134,16134,Credit Card,Completed,2025-03-10
16135,16135,UPI,Completed,2023-02-17
16136,16136,Credit Card,Completed,2025-03-06
16137,16137,Credit Card,Completed,2023-03-26
16138,16138,Net Banking,Refunded,2023-06-02
16139,16139,Credit Card,Completed,2023-06-18
16140,16140,COD,Completed,2024-09-07
16141,16141,COD,Completed,2023-08-16
16142,16142,Wallet,Completed,2024-12-17
16143,16143,Credit Card,Completed,2023-09-11
16144,16144,Debit Card,Completed,2025-05-17
16145,16145,Net Banking,Completed,2023-09-13
16146,16146,Debit Card,Completed,2025-01-24
16147,16147,Wallet,Completed,2024-12-31
16148,16148,Net Banking,Completed,2024-02-19
16149,16149,UPI,Completed,2024-04-28
16150,16150,Debit Card,Completed,2023-05-18
16151,16151,Net Banking,Completed,2023-05-04
16152,16152,Debit Card,Completed,2023-04-12
16153,16153,Wallet,Completed,2025-03-04
16154,16154,Wallet,Completed,2024-11-24
16155,16155,UPI,Completed,2024-01-27
16156,16156,Wallet,Completed,2023-07-04
16157,16157,Debit Card,Completed,2024-12-01
16158,16158,Debit Card,Completed,2024-03-15
16159,16159,Net Banking,Completed,2023-12-29
16160,16160,Credit Card,Completed,2025-01-25
16161,16161,Wallet,Completed,2025-02-18
16162,16162,Wallet,Completed,2023-11-16
16163,16163,COD,Completed,2023-06-01
16164,16164,Wallet,Completed,2023-02-26
16165,16165,UPI,Completed,2024-04-09
16166,16166,COD,Completed,2024-09-20
16167,16167,Wallet,Completed,2024-08-22
16168,16168,COD,Completed,2023-09-28
16169,16169,UPI,Completed,2024-07-31
16170,16170,Debit Card,Completed,2024-06-12
16171,16171,Debit Card,Completed,2024-10-21
16172,16172,Net Banking,Completed,2024-05-21
16173,16173,Credit Card,Refunded,2024-07-01
16174,16174,Debit Card,Completed,2025-05-20
16175,16175,Wallet,Completed,2024-08-23
16176,16176,COD,Completed,2023-09-10
16177,16177,UPI,Completed,2024-06-11
16178,16178,Wallet,Completed,2023-04-09
16179,16179,UPI,Completed,2024-02-28
16180,16180,Wallet,Completed,2023-04-12
16181,16181,Credit Card,Completed,2025-01-21
16182,16182,UPI,Completed,2024-08-01
16183,16183,UPI,Completed,2025-04-25
16184,16184,COD,Completed,2024-09-13
16185,16185,Credit Card,Completed,2024-05-20
16186,16186,Debit Card,Completed,2024-01-14
16187,16187,COD,Completed,2024-12-10
16188,16188,Credit Card,Completed,2025-04-11
16189,16189,Wallet,Completed,2024-01-24
16190,16190,Debit Card,Completed,2024-03-21
16191,16191,Credit Card,Completed,2024-05-13
16192,16192,Wallet,Completed,2024-05-26
16193,16193,Credit Card,Completed,2025-06-07
16194,16194,Wallet,Completed,2024-10-25
16195,16195,Debit Card,Completed,2024-07-25
16196,16196,COD,Completed,2024-03-19
16197,16197,Debit Card,Completed,2024-01-18
16198,16198,Credit Card,Completed,2024-01-24
16199,16199,Credit Card,Completed,2024-02-01
16200,16200,Net Banking,Completed,2023-05-30
16201,16201,Net Banking,Completed,2023-01-06
16202,16202,Wallet,Completed,2023-07-19
16203,16203,Credit Card,Completed,2023-10-22
16204,16204,COD,Completed,2024-11-21
16205,16205,COD,Completed,2024-05-21
16206,16206,Net Banking,Completed,2024-09-02
16207,16207,COD,Completed,2024-01-29
16208,16208,Wallet,Completed,2025-05-09
16209,16209,Net Banking,Completed,2023-11-04
16210,16210,Net Banking,Refunded,2024-12-01
16211,16211,Net Banking,Completed,2023-05-04
16212,16212,Debit Card,Refunded,2023-09-26
16213,16213,Wallet,Completed,2024-08-17
16214,16214,UPI,Completed,2025-03-20
16215,16215,Wallet,Completed,2024-09-06
16216,16216,Net Banking,Completed,2024-03-31
16217,16217,Credit Card,Completed,2024-02-25
16218,16218,Debit Card,Completed,2023-06-30
16219,16219,Wallet,Completed,2023-03-27
16220,16220,COD,Completed,2025-05-12
16221,16221,Net Banking,Completed,2024-10-28
16222,16222,Credit Card,Completed,2025-01-18
16223,16223,Net Banking,Completed,2025-05-22
16224,16224,Wallet,Completed,2023-10-15
16225,16225,COD,Completed,2024-08-31
16226,16226,Debit Card,Completed,2023-07-16
16227,16227,Net Banking,Completed,2023-03-19
16228,16228,Wallet,Completed,2024-03-29
16229,16229,Credit Card,Completed,2024-02-26
16230,16230,COD,Completed,2024-03-17
16231,16231,Credit Card,Completed,2025-03-26
16232,16232,Wallet,Completed,2024-05-07
16233,16233,COD,Completed,2025-01-23
16234,16234,Credit Card,Completed,2025-05-11
16235,16235,COD,Completed,2024-11-03
16236,16236,UPI,Completed,2024-09-12
16237,16237,Debit Card,Refunded,2025-04-23
16238,16238,Credit Card,Refunded,2023-03-10
16239,16239,Net Banking,Completed,2024-05-12
16240,16240,COD,Completed,2025-04-06
16241,16241,Debit Card,Completed,2023-08-24
16242,16242,Credit Card,Completed,2023-03-11
16243,16243,Debit Card,Completed,2024-12-07
16244,16244,Wallet,Completed,2023-12-20
16245,16245,UPI,Completed,2024-07-15
16246,16246,Credit Card,Completed,2024-03-01
16247,16247,Credit Card,Completed,2024-07-31
16248,16248,Credit Card,Completed,2024-04-28
16249,16249,Credit Card,Completed,2023-05-09
16250,16250,UPI,Completed,2024-12-02
16251,16251,COD,Completed,2023-04-10
16252,16252,COD,Completed,2023-03-09
16253,16253,Net Banking,Completed,2024-07-30
16254,16254,Net Banking,Completed,2025-03-06
16255,16255,Debit Card,Completed,2025-06-04
16256,16256,COD,Completed,2024-05-21
16257,16257,COD,Completed,2023-09-23
16258,16258,COD,Completed,2024-04-06
16259,16259,Debit Card,Completed,2024-12-08
16260,16260,UPI,Completed,2025-03-27
16261,16261,Debit Card,Completed,2025-04-21
16262,16262,Wallet,Completed,2024-07-24
16263,16263,Wallet,Completed,2025-02-19
16264,16264,UPI,Completed,2023-05-25
16265,16265,Net Banking,Completed,2023-09-09
16266,16266,Net Banking,Completed,2024-02-06
16267,16267,Credit Card,Completed,2023-07-23
16268,16268,Net Banking,Completed,2025-05-24
16269,16269,UPI,Completed,2025-04-12
16270,16270,Net Banking,Completed,2023-11-30
16271,16271,Net Banking,Completed,2024-10-26
16272,16272,UPI,Completed,2024-04-10
16273,16273,Net Banking,Completed,2023-04-05
16274,16274,Debit Card,Refunded,2024-03-13
16275,16275,COD,Completed,2024-01-04
16276,16276,COD,Completed,2023-07-25
16277,16277,COD,Completed,2024-02-08
16278,16278,Credit Card,Completed,2024-10-03
16279,16279,Credit Card,Completed,2025-04-29
16280,16280,Wallet,Completed,2023-08-14
16281,16281,Credit Card,Completed,2023-01-05
16282,16282,UPI,Completed,2025-01-03
16283,16283,Credit Card,Completed,2024-05-12
16284,16284,Net Banking,Completed,2024-02-21
16285,16285,Net Banking,Completed,2023-04-24
16286,16286,Wallet,Completed,2024-06-11
16287,16287,Wallet,Completed,2024-07-26
16288,16288,Debit Card,Completed,2023-12-12
16289,16289,Wallet,Completed,2023-07-22
16290,16290,Wallet,Completed,2025-03-11
16291,16291,Wallet,Completed,2023-07-24
16292,16292,UPI,Completed,2025-05-06
16293,16293,Debit Card,Completed,2023-03-06
16294,16294,Credit Card,Completed,2025-03-20
16295,16295,Credit Card,Completed,2023-11-01
16296,16296,Debit Card,Completed,2023-08-16
16297,16297,UPI,Completed,2024-07-05
16298,16298,UPI,Completed,2023-09-09
16299,16299,Debit Card,Completed,2024-07-22
16300,16300,COD,Completed,2024-11-04
16301,16301,Debit Card,Completed,2024-01-29
16302,16302,Credit Card,Completed,2023-11-04
16303,16303,UPI,Completed,2023-04-29
16304,16304,Wallet,Completed,2023-02-25
16305,16305,Credit Card,Completed,2023-07-17
16306,16306,Wallet,Completed,2023-12-01
16307,16307,COD,Completed,2023-03-22
16308,16308,Debit Card,Completed,2024-04-17
16309,16309,Debit Card,Completed,2023-09-15
16310,16310,Net Banking,Completed,2023-09-04
16311,16311,Net Banking,Completed,2025-02-25
16312,16312,Wallet,Completed,2023-09-16
16313,16313,Credit Card,Completed,2024-10-13
16314,16314,Net Banking,Refunded,2023-05-27
16315,16315,Credit Card,Completed,2024-08-27
16316,16316,Debit Card,Completed,2024-02-20
16317,16317,Debit Card,Completed,2023-11-13
16318,16318,Net Banking,Completed,2024-10-23
16319,16319,Net Banking,Refunded,2023-04-22
16320,16320,Net Banking,Completed,2023-04-05
16321,16321,Net Banking,Completed,2024-02-18
16322,16322,Net Banking,Completed,2025-02-26
16323,16323,Debit Card,Completed,2023-04-24
16324,16324,Wallet,Completed,2024-10-02
16325,16325,Net Banking,Completed,2024-11-05
16326,16326,Wallet,Completed,2024-07-18
16327,16327,Wallet,Completed,2023-11-30
16328,16328,COD,Completed,2025-01-14
16329,16329,COD,Completed,2024-04-05
16330,16330,UPI,Completed,2025-02-10
16331,16331,UPI,Completed,2023-09-10
16332,16332,Wallet,Completed,2023-01-17
16333,16333,Debit Card,Completed,2023-06-22
16334,16334,Debit Card,Completed,2024-05-20
16335,16335,Net Banking,Completed,2024-11-05
16336,16336,COD,Completed,2023-09-17
16337,16337,COD,Completed,2024-09-09
16338,16338,Credit Card,Completed,2023-08-29
16339,16339,COD,Completed,2024-01-10
16340,16340,Wallet,Completed,2024-05-15
16341,16341,UPI,Completed,2024-09-08
16342,16342,UPI,Completed,2024-10-03
16343,16343,Wallet,Completed,2023-06-18
16344,16344,Debit Card,Completed,2023-08-13
16345,16345,COD,Completed,2023-05-22
16346,16346,Credit Card,Completed,2023-04-20
16347,16347,UPI,Completed,2023-10-18
16348,16348,Debit Card,Completed,2023-08-12
16349,16349,UPI,Completed,2023-10-09
16350,16350,Net Banking,Completed,2025-01-12
16351,16351,COD,Completed,2023-05-30
16352,16352,Debit Card,Completed,2023-11-12
16353,16353,UPI,Completed,2023-09-29
16354,16354,COD,Completed,2023-05-05
16355,16355,COD,Completed,2023-08-18
16356,16356,Debit Card,Completed,2024-09-04
16357,16357,Debit Card,Completed,2023-02-09
16358,16358,Net Banking,Completed,2024-03-03
16359,16359,COD,Completed,2024-10-10
16360,16360,Net Banking,Completed,2024-12-07
16361,16361,COD,Completed,2023-04-27
16362,16362,Wallet,Completed,2024-12-24
16363,16363,Debit Card,Completed,2024-12-11
16364,16364,COD,Completed,2023-01-22
16365,16365,Wallet,Completed,2024-08-19
16366,16366,UPI,Completed,2023-03-18
16367,16367,Debit Card,Refunded,2024-06-09
16368,16368,Wallet,Completed,2024-01-31
16369,16369,Credit Card,Completed,2024-02-05
16370,16370,Debit Card,Completed,2024-04-06
16371,16371,Wallet,Completed,2024-01-06
16372,16372,Credit Card,Completed,2023-08-02
16373,16373,Net Banking,Completed,2023-03-11
16374,16374,UPI,Completed,2023-03-04
16375,16375,UPI,Completed,2023-04-17
16376,16376,COD,Completed,2025-05-12
16377,16377,Debit Card,Completed,2023-09-14
16378,16378,Credit Card,Completed,2025-02-02
16379,16379,Debit Card,Completed,2024-12-21
16380,16380,Net Banking,Completed,2025-01-04
16381,16381,Debit Card,Completed,2023-08-28
16382,16382,COD,Completed,2024-01-04
16383,16383,Credit Card,Completed,2024-07-15
16384,16384,Credit Card,Completed,2024-12-28
16385,16385,COD,Completed,2024-07-24
16386,16386,Debit Card,Completed,2025-03-22
16387,16387,Wallet,Completed,2024-05-03
16388,16388,UPI,Completed,2023-10-19
16389,16389,Wallet,Completed,2023-11-22
16390,16390,UPI,Completed,2024-02-05
16391,16391,Credit Card,Completed,2023-07-24
16392,16392,COD,Refunded,2025-06-17
16393,16393,COD,Completed,2024-10-28
16394,16394,Net Banking,Completed,2023-10-19
16395,16395,Wallet,Completed,2023-12-23
16396,16396,COD,Completed,2024-08-19
16397,16397,UPI,Completed,2024-07-25
16398,16398,Debit Card,Completed,2025-02-01
16399,16399,UPI,Completed,2024-02-02
16400,16400,Credit Card,Completed,2024-12-06
16401,16401,Debit Card,Completed,2025-01-07
16402,16402,COD,Completed,2023-02-16
16403,16403,Credit Card,Completed,2023-11-26
16404,16404,Wallet,Completed,2024-03-31
16405,16405,Credit Card,Completed,2024-04-13
16406,16406,Debit Card,Completed,2025-05-02
16407,16407,Debit Card,Completed,2025-05-28
16408,16408,UPI,Completed,2023-10-17
16409,16409,UPI,Completed,2024-02-27
16410,16410,UPI,Completed,2023-11-14
16411,16411,UPI,Completed,2023-03-08
16412,16412,Debit Card,Completed,2023-12-20
16413,16413,Net Banking,Completed,2023-09-30
16414,16414,Wallet,Completed,2023-12-05
16415,16415,UPI,Completed,2024-03-16
16416,16416,Credit Card,Completed,2024-03-01
16417,16417,Wallet,Completed,2023-08-03
16418,16418,Wallet,Refunded,2025-04-27
16419,16419,Wallet,Completed,2024-03-26
16420,16420,Credit Card,Completed,2023-02-02
16421,16421,Wallet,Completed,2024-08-12
16422,16422,COD,Completed,2024-06-21
16423,16423,COD,Completed,2023-10-19
16424,16424,Debit Card,Completed,2025-04-24
16425,16425,UPI,Completed,2024-04-05
16426,16426,Debit Card,Completed,2024-05-04
16427,16427,Wallet,Completed,2024-11-05
16428,16428,Wallet,Completed,2024-07-10
16429,16429,COD,Refunded,2023-05-10
16430,16430,Net Banking,Completed,2023-10-02
16431,16431,Credit Card,Completed,2025-05-01
16432,16432,UPI,Completed,2024-05-17
16433,16433,COD,Completed,2024-08-11
16434,16434,Credit Card,Completed,2024-05-01
16435,16435,Credit Card,Refunded,2023-06-01
16436,16436,Credit Card,Completed,2024-05-17
16437,16437,Debit Card,Completed,2023-12-28
16438,16438,Debit Card,Completed,2023-07-11
16439,16439,UPI,Completed,2023-08-15
16440,16440,Debit Card,Completed,2024-09-03
16441,16441,Net Banking,Completed,2024-04-18
16442,16442,Credit Card,Completed,2023-09-03
16443,16443,COD,Completed,2024-01-31
16444,16444,Wallet,Completed,2024-11-04
16445,16445,UPI,Completed,2025-01-29
16446,16446,UPI,Completed,2024-12-17
16447,16447,COD,Completed,2024-05-27
16448,16448,Debit Card,Completed,2023-03-30
16449,16449,Debit Card,Completed,2023-12-08
16450,16450,Credit Card,Completed,2024-11-07
16451,16451,COD,Completed,2024-12-06
16452,16452,UPI,Completed,2025-03-18
16453,16453,Net Banking,Completed,2023-01-01
16454,16454,Credit Card,Completed,2025-01-28
16455,16455,Net Banking,Completed,2025-02-12
16456,16456,Net Banking,Completed,2024-02-26
16457,16457,Net Banking,Completed,2023-08-07
16458,16458,Wallet,Completed,2023-01-21
16459,16459,Credit Card,Completed,2023-08-15
16460,16460,Wallet,Completed,2025-04-10
16461,16461,Net Banking,Refunded,2025-04-20
16462,16462,Credit Card,Completed,2023-08-02
16463,16463,Net Banking,Completed,2025-05-02
16464,16464,Credit Card,Completed,2024-05-11
16465,16465,Credit Card,Completed,2023-11-18
16466,16466,Credit Card,Completed,2023-04-01
16467,16467,UPI,Completed,2023-09-14
16468,16468,UPI,Completed,2023-11-15
16469,16469,Credit Card,Completed,2023-08-15
16470,16470,Debit Card,Completed,2025-03-17
16471,16471,UPI,Completed,2025-01-30
16472,16472,COD,Completed,2023-12-11
16473,16473,Wallet,Completed,2025-03-25
16474,16474,COD,Completed,2025-06-02
16475,16475,Credit Card,Completed,2023-02-26
16476,16476,Wallet,Completed,2023-08-26
16477,16477,Credit Card,Completed,2023-03-14
16478,16478,Wallet,Completed,2025-02-26
16479,16479,Wallet,Completed,2024-06-14
16480,16480,Wallet,Completed,2023-10-19
16481,16481,COD,Completed,2023-10-30
16482,16482,Debit Card,Completed,2023-04-09
16483,16483,COD,Completed,2024-09-28
16484,16484,Credit Card,Completed,2025-03-18
16485,16485,COD,Completed,2024-01-26
16486,16486,Debit Card,Completed,2025-06-05
16487,16487,COD,Completed,2024-03-29
16488,16488,Wallet,Completed,2024-01-24
16489,16489,Net Banking,Completed,2025-03-19
16490,16490,Net Banking,Completed,2024-11-01
16491,16491,Wallet,Completed,2024-06-08
16492,16492,Wallet,Completed,2025-05-19
16493,16493,Debit Card,Completed,2024-03-07
16494,16494,Debit Card,Completed,2025-04-17
16495,16495,Wallet,Completed,2023-03-03
16496,16496,Wallet,Completed,2024-11-30
16497,16497,Wallet,Completed,2025-03-21
16498,16498,Wallet,Completed,2024-03-20
16499,16499,Wallet,Completed,2023-06-24
16500,16500,Wallet,Completed,2023-03-05
16501,16501,Net Banking,Completed,2023-12-23
16502,16502,Credit Card,Completed,2025-02-15
16503,16503,UPI,Completed,2025-02-06
16504,16504,Net Banking,Completed,2024-05-22
16505,16505,Wallet,Completed,2025-04-12
16506,16506,Credit Card,Completed,2024-07-25
16507,16507,Debit Card,Completed,2024-06-15
16508,16508,Wallet,Completed,2024-07-02
16509,16509,Net Banking,Completed,2023-06-24
16510,16510,Credit Card,Completed,2023-01-21
16511,16511,Wallet,Completed,2023-06-28
16512,16512,Net Banking,Completed,2025-04-04
16513,16513,Wallet,Completed,2024-11-06
16514,16514,Credit Card,Completed,2025-04-15
16515,16515,Debit Card,Completed,2024-05-09
16516,16516,UPI,Completed,2023-07-06
16517,16517,UPI,Completed,2024-01-28
16518,16518,UPI,Completed,2023-05-18
16519,16519,COD,Completed,2023-06-04
16520,16520,Credit Card,Completed,2023-10-02
16521,16521,Debit Card,Completed,2024-10-20
16522,16522,Credit Card,Completed,2023-03-08
16523,16523,COD,Completed,2024-07-08
16524,16524,Credit Card,Completed,2023-05-26
16525,16525,Credit Card,Completed,2024-05-22
16526,16526,Wallet,Completed,2024-09-17
16527,16527,UPI,Completed,2023-11-10
16528,16528,Wallet,Completed,2024-10-16
16529,16529,Debit Card,Completed,2023-04-26
16530,16530,UPI,Completed,2023-07-09
16531,16531,UPI,Completed,2024-11-20
16532,16532,Wallet,Completed,2023-05-21
16533,16533,COD,Completed,2023-09-09
16534,16534,Debit Card,Completed,2024-11-04
16535,16535,Debit Card,Completed,2023-09-15
16536,16536,Debit Card,Completed,2023-07-29
16537,16537,Wallet,Completed,2025-03-04
16538,16538,UPI,Completed,2024-05-01
16539,16539,COD,Completed,2024-04-29
16540,16540,Credit Card,Completed,2025-05-28
16541,16541,Debit Card,Completed,2023-02-07
16542,16542,COD,Completed,2024-06-02
16543,16543,Net Banking,Completed,2024-06-23
16544,16544,COD,Completed,2025-01-21
16545,16545,Wallet,Completed,2023-01-21
16546,16546,COD,Completed,2023-01-25
16547,16547,UPI,Completed,2025-05-02
16548,16548,Credit Card,Completed,2024-07-20
16549,16549,Credit Card,Completed,2025-02-25
16550,16550,UPI,Completed,2024-12-30
16551,16551,Debit Card,Completed,2023-01-19
16552,16552,Wallet,Completed,2024-05-24
16553,16553,UPI,Completed,2023-12-20
16554,16554,Credit Card,Completed,2023-01-19
16555,16555,Credit Card,Completed,2023-10-03
16556,16556,Net Banking,Completed,2024-02-28
16557,16557,Wallet,Completed,2025-01-17
16558,16558,Net Banking,Completed,2024-12-29
16559,16559,Wallet,Completed,2024-06-11
16560,16560,Debit Card,Completed,2024-09-17
16561,16561,UPI,Completed,2023-11-22
16562,16562,COD,Completed,2023-11-26
16563,16563,COD,Completed,2024-06-07
16564,16564,COD,Completed,2024-02-10
16565,16565,COD,Completed,2024-10-30
16566,16566,Wallet,Completed,2023-12-17
16567,16567,Debit Card,Completed,2023-06-20
16568,16568,Debit Card,Completed,2024-03-28
16569,16569,Net Banking,Completed,2023-01-10
16570,16570,UPI,Completed,2024-12-01
16571,16571,Wallet,Completed,2024-04-15
16572,16572,Net Banking,Completed,2023-01-04
16573,16573,Debit Card,Completed,2023-02-15
16574,16574,UPI,Completed,2024-08-28
16575,16575,Wallet,Completed,2024-07-27
16576,16576,COD,Completed,2025-02-19
16577,16577,COD,Completed,2023-06-28
16578,16578,Debit Card,Completed,2023-08-17
16579,16579,Wallet,Refunded,2024-03-31
16580,16580,Credit Card,Completed,2023-12-26
16581,16581,Debit Card,Completed,2023-04-17
16582,16582,Debit Card,Completed,2023-05-30
16583,16583,UPI,Completed,2023-02-02
16584,16584,Credit Card,Completed,2023-10-14
16585,16585,Wallet,Completed,2023-12-16
16586,16586,Net Banking,Refunded,2024-06-30
16587,16587,Credit Card,Completed,2023-10-13
16588,16588,Credit Card,Completed,2023-04-11
16589,16589,UPI,Completed,2023-04-16
16590,16590,Wallet,Completed,2023-10-27
16591,16591,COD,Completed,2023-03-29
16592,16592,Wallet,Completed,2024-02-05
16593,16593,Debit Card,Completed,2025-04-01
16594,16594,Net Banking,Completed,2024-06-24
16595,16595,UPI,Completed,2024-02-23
16596,16596,COD,Completed,2023-09-30
16597,16597,Wallet,Completed,2023-07-08
16598,16598,COD,Completed,2024-07-13
16599,16599,Credit Card,Completed,2025-03-11
16600,16600,Net Banking,Completed,2025-01-12
16601,16601,Net Banking,Completed,2023-06-19
16602,16602,Net Banking,Completed,2025-01-18
16603,16603,UPI,Completed,2023-02-09
16604,16604,COD,Completed,2024-01-23
16605,16605,Wallet,Completed,2023-10-30
16606,16606,Debit Card,Completed,2024-02-15
16607,16607,COD,Completed,2025-03-31
16608,16608,Credit Card,Completed,2023-04-09
16609,16609,Debit Card,Completed,2025-03-16
16610,16610,Net Banking,Completed,2024-03-19
16611,16611,Net Banking,Completed,2023-06-14
16612,16612,Credit Card,Completed,2025-06-04
16613,16613,COD,Completed,2025-03-15
16614,16614,Net Banking,Completed,2023-07-31
16615,16615,Wallet,Completed,2024-04-20
16616,16616,COD,Completed,2025-02-12
16617,16617,Wallet,Completed,2024-11-18
16618,16618,COD,Completed,2024-10-03
16619,16619,Net Banking,Completed,2023-05-02
16620,16620,UPI,Completed,2024-12-16
16621,16621,Wallet,Completed,2023-10-28
16622,16622,UPI,Completed,2024-05-29
16623,16623,Credit Card,Completed,2023-04-24
16624,16624,Credit Card,Completed,2024-08-15
16625,16625,Credit Card,Completed,2024-11-29
16626,16626,COD,Completed,2023-01-19
16627,16627,Net Banking,Completed,2023-02-11
16628,16628,COD,Completed,2024-09-06
16629,16629,UPI,Completed,2023-11-16
16630,16630,UPI,Completed,2024-10-16
16631,16631,Wallet,Completed,2025-01-24
16632,16632,COD,Completed,2024-12-05
16633,16633,COD,Completed,2024-03-28
16634,16634,Net Banking,Completed,2024-02-07
16635,16635,Net Banking,Completed,2025-01-26
16636,16636,COD,Completed,2024-11-23
16637,16637,Wallet,Completed,2024-08-16
16638,16638,UPI,Refunded,2024-04-11
16639,16639,Wallet,Completed,2024-02-03
16640,16640,Wallet,Completed,2024-12-30
16641,16641,Wallet,Completed,2024-05-26
16642,16642,Wallet,Completed,2024-08-01
16643,16643,UPI,Completed,2025-06-18
16644,16644,Wallet,Completed,2023-04-09
16645,16645,COD,Completed,2024-06-02
16646,16646,Credit Card,Completed,2023-06-20
16647,16647,Debit Card,Completed,2024-07-09
16648,16648,Net Banking,Completed,2024-03-11
16649,16649,COD,Completed,2025-03-02
16650,16650,UPI,Completed,2024-11-06
16651,16651,Debit Card,Completed,2024-11-15
16652,16652,Wallet,Completed,2024-01-30
16653,16653,UPI,Completed,2023-07-19
16654,16654,Wallet,Completed,2023-05-09
16655,16655,Wallet,Completed,2023-04-16
16656,16656,COD,Completed,2025-05-26
16657,16657,Debit Card,Completed,2024-11-03
16658,16658,Credit Card,Completed,2023-02-01
16659,16659,UPI,Completed,2024-01-24
16660,16660,Debit Card,Completed,2024-04-16
16661,16661,Net Banking,Completed,2024-03-18
16662,16662,UPI,Completed,2023-03-26
16663,16663,Net Banking,Refunded,2024-12-22
16664,16664,Wallet,Completed,2023-01-12
16665,16665,UPI,Completed,2024-07-11
16666,16666,Wallet,Refunded,2024-02-15
16667,16667,COD,Completed,2024-04-01
16668,16668,Credit Card,Completed,2023-10-11
16669,16669,Credit Card,Completed,2024-08-19
16670,16670,UPI,Completed,2025-03-31
16671,16671,UPI,Completed,2023-07-20
16672,16672,Wallet,Completed,2023-10-28
16673,16673,Wallet,Completed,2024-03-13
16674,16674,COD,Completed,2023-03-07
16675,16675,Wallet,Completed,2024-07-23
16676,16676,Wallet,Completed,2024-08-18
16677,16677,Debit Card,Completed,2025-05-18
16678,16678,Wallet,Completed,2023-08-07
16679,16679,COD,Completed,2023-05-10
16680,16680,Credit Card,Completed,2025-05-21
16681,16681,Net Banking,Completed,2023-09-15
16682,16682,UPI,Completed,2024-05-16
16683,16683,Net Banking,Completed,2024-09-25
16684,16684,COD,Completed,2024-12-18
16685,16685,Wallet,Refunded,2023-10-20
16686,16686,Net Banking,Completed,2023-01-13
16687,16687,Debit Card,Completed,2023-05-14
16688,16688,Debit Card,Completed,2023-04-14
16689,16689,Wallet,Completed,2024-11-17
16690,16690,Net Banking,Completed,2025-03-02
16691,16691,UPI,Completed,2024-09-29
16692,16692,Credit Card,Completed,2024-09-23
16693,16693,COD,Completed,2025-02-09
16694,16694,COD,Completed,2023-09-15
16695,16695,Net Banking,Completed,2023-12-21
16696,16696,Debit Card,Completed,2024-07-28
16697,16697,Credit Card,Completed,2024-05-30
16698,16698,UPI,Completed,2025-01-01
16699,16699,Debit Card,Completed,2024-06-17
16700,16700,Debit Card,Completed,2024-11-15
16701,16701,Debit Card,Completed,2023-08-20
16702,16702,UPI,Completed,2024-01-26
16703,16703,COD,Completed,2024-05-16
16704,16704,Net Banking,Completed,2023-06-27
16705,16705,Credit Card,Completed,2025-05-27
16706,16706,Credit Card,Completed,2023-08-31
16707,16707,Credit Card,Refunded,2024-01-30
16708,16708,Credit Card,Completed,2024-09-06
16709,16709,Net Banking,Completed,2023-01-26
16710,16710,COD,Completed,2024-01-26
16711,16711,Debit Card,Completed,2024-06-09
16712,16712,Debit Card,Completed,2024-12-20
16713,16713,Debit Card,Completed,2023-03-13
16714,16714,COD,Completed,2024-07-07
16715,16715,Net Banking,Completed,2025-05-02
16716,16716,Wallet,Completed,2023-04-08
16717,16717,Credit Card,Completed,2024-12-07
16718,16718,UPI,Completed,2023-06-26
16719,16719,COD,Completed,2024-12-10
16720,16720,Debit Card,Completed,2024-05-08
16721,16721,UPI,Completed,2024-08-13
16722,16722,Net Banking,Completed,2024-03-02
16723,16723,Credit Card,Completed,2024-11-16
16724,16724,UPI,Completed,2025-04-21
16725,16725,UPI,Completed,2024-02-28
16726,16726,Net Banking,Completed,2024-01-13
16727,16727,Wallet,Completed,2024-04-26
16728,16728,COD,Completed,2025-05-25
16729,16729,Credit Card,Completed,2025-04-08
16730,16730,Net Banking,Completed,2025-04-14
16731,16731,COD,Completed,2025-01-07
16732,16732,Debit Card,Completed,2024-08-20
16733,16733,COD,Completed,2024-05-01
16734,16734,Credit Card,Completed,2025-02-03
16735,16735,UPI,Completed,2025-04-27
16736,16736,Wallet,Completed,2024-02-27
16737,16737,Wallet,Completed,2023-01-07
16738,16738,Wallet,Completed,2023-06-16
16739,16739,Net Banking,Completed,2024-12-04
16740,16740,Net Banking,Completed,2023-11-25
16741,16741,UPI,Completed,2023-07-17
16742,16742,Debit Card,Completed,2025-05-07
16743,16743,Debit Card,Completed,2024-09-10
16744,16744,Debit Card,Completed,2025-01-17
16745,16745,Net Banking,Completed,2023-06-19
16746,16746,UPI,Completed,2024-11-10
16747,16747,Wallet,Completed,2023-12-03
16748,16748,UPI,Completed,2024-09-20
16749,16749,Debit Card,Completed,2023-12-11
16750,16750,Wallet,Refunded,2024-09-07
16751,16751,Wallet,Completed,2024-06-10
16752,16752,Wallet,Completed,2024-08-13
16753,16753,Wallet,Refunded,2024-12-08
16754,16754,Credit Card,Completed,2025-01-30
16755,16755,Debit Card,Completed,2023-04-19
16756,16756,UPI,Completed,2023-11-03
16757,16757,UPI,Completed,2023-08-03
16758,16758,Debit Card,Completed,2025-02-25
16759,16759,Debit Card,Completed,2025-02-03
16760,16760,Debit Card,Completed,2023-05-30
16761,16761,Debit Card,Completed,2024-02-26
16762,16762,COD,Completed,2023-03-24
16763,16763,Debit Card,Completed,2025-04-10
16764,16764,Wallet,Completed,2023-11-30
16765,16765,Debit Card,Completed,2023-04-22
16766,16766,COD,Completed,2024-01-24
16767,16767,Net Banking,Completed,2023-10-21
16768,16768,COD,Completed,2025-03-12
16769,16769,Net Banking,Completed,2024-03-06
16770,16770,Wallet,Completed,2024-10-24
16771,16771,UPI,Refunded,2024-10-07
16772,16772,Debit Card,Completed,2023-07-17
16773,16773,COD,Completed,2023-05-23
16774,16774,UPI,Completed,2025-03-10
16775,16775,Debit Card,Completed,2023-04-12
16776,16776,Credit Card,Completed,2023-03-12
16777,16777,COD,Completed,2023-07-04
16778,16778,COD,Completed,2023-01-19
16779,16779,Wallet,Completed,2024-12-01
16780,16780,Credit Card,Completed,2023-03-20
16781,16781,UPI,Completed,2024-07-27
16782,16782,Net Banking,Completed,2023-04-26
16783,16783,Credit Card,Completed,2024-03-18
16784,16784,Wallet,Completed,2024-09-15
16785,16785,Debit Card,Completed,2024-01-06
16786,16786,Net Banking,Completed,2023-09-05
16787,16787,Net Banking,Completed,2024-05-07
16788,16788,UPI,Completed,2024-12-16
16789,16789,Credit Card,Completed,2024-12-20
16790,16790,Credit Card,Completed,2025-05-11
16791,16791,Credit Card,Completed,2024-04-02
16792,16792,Debit Card,Completed,2024-04-25
16793,16793,COD,Completed,2025-02-24
16794,16794,Wallet,Completed,2024-02-29
16795,16795,Credit Card,Completed,2024-10-03
16796,16796,COD,Completed,2023-06-06
16797,16797,Net Banking,Completed,2025-04-30
16798,16798,UPI,Completed,2023-03-05
16799,16799,Credit Card,Completed,2023-02-26
16800,16800,UPI,Completed,2024-08-10
16801,16801,Net Banking,Completed,2025-01-01
16802,16802,UPI,Completed,2024-02-08
16803,16803,COD,Completed,2024-10-20
16804,16804,Wallet,Completed,2024-10-07
16805,16805,Credit Card,Completed,2023-11-08
16806,16806,Wallet,Refunded,2023-05-03
16807,16807,COD,Completed,2023-11-20
16808,16808,Debit Card,Completed,2023-01-14
16809,16809,COD,Completed,2024-07-26
16810,16810,Net Banking,Completed,2024-05-21
16811,16811,Debit Card,Completed,2024-06-26
16812,16812,Debit Card,Completed,2024-06-12
16813,16813,COD,Completed,2023-11-16
16814,16814,COD,Completed,2024-08-11
16815,16815,Debit Card,Completed,2025-01-30
16816,16816,Credit Card,Completed,2024-12-23
16817,16817,Credit Card,Completed,2024-02-23
16818,16818,COD,Completed,2024-09-12
16819,16819,COD,Completed,2023-02-16
16820,16820,Wallet,Completed,2023-01-27
16821,16821,Wallet,Completed,2025-05-30
16822,16822,UPI,Completed,2024-01-13
16823,16823,Wallet,Completed,2024-06-04
16824,16824,UPI,Completed,2023-08-01
16825,16825,Debit Card,Completed,2023-09-18
16826,16826,COD,Completed,2023-12-04
16827,16827,Wallet,Completed,2025-06-03
16828,16828,Wallet,Completed,2025-01-21
16829,16829,Credit Card,Completed,2023-05-07
16830,16830,Credit Card,Completed,2023-11-11
16831,16831,Net Banking,Completed,2023-05-28
16832,16832,Debit Card,Completed,2024-04-10
16833,16833,Debit Card,Completed,2023-08-16
16834,16834,Credit Card,Completed,2024-05-26
16835,16835,COD,Completed,2023-09-08
16836,16836,Wallet,Completed,2023-04-29
16837,16837,Net Banking,Completed,2025-02-08
16838,16838,COD,Completed,2024-02-29
16839,16839,Net Banking,Refunded,2023-11-03
16840,16840,COD,Completed,2024-10-03
16841,16841,Net Banking,Completed,2025-06-10
16842,16842,Wallet,Completed,2024-02-02
16843,16843,Credit Card,Completed,2023-08-09
16844,16844,COD,Completed,2024-03-27
16845,16845,Debit Card,Completed,2023-04-15
16846,16846,Net Banking,Completed,2024-05-04
16847,16847,Wallet,Completed,2023-02-18
16848,16848,Wallet,Completed,2025-03-20
16849,16849,COD,Completed,2025-02-22
16850,16850,UPI,Completed,2023-03-19
16851,16851,Debit Card,Completed,2025-01-03
16852,16852,Wallet,Completed,2023-08-04
16853,16853,UPI,Completed,2024-02-14
16854,16854,COD,Completed,2023-04-29
16855,16855,UPI,Completed,2023-09-19
16856,16856,Net Banking,Completed,2025-05-04
16857,16857,Net Banking,Completed,2025-03-19
16858,16858,Credit Card,Completed,2025-06-05
16859,16859,Wallet,Completed,2024-07-09
16860,16860,UPI,Completed,2025-04-06
16861,16861,Wallet,Completed,2024-08-11
16862,16862,UPI,Completed,2024-08-06
16863,16863,UPI,Completed,2023-02-06
16864,16864,Debit Card,Completed,2025-06-09
16865,16865,Debit Card,Completed,2023-06-21
16866,16866,Wallet,Completed,2023-09-30
16867,16867,Wallet,Completed,2023-08-31
16868,16868,Debit Card,Completed,2023-06-17
16869,16869,COD,Completed,2023-10-04
16870,16870,Wallet,Completed,2025-01-20
16871,16871,UPI,Completed,2023-08-31
16872,16872,Net Banking,Completed,2023-08-22
16873,16873,Debit Card,Completed,2025-06-02
16874,16874,Debit Card,Completed,2023-04-04
16875,16875,UPI,Completed,2023-11-27
16876,16876,Debit Card,Completed,2024-05-04
16877,16877,UPI,Completed,2025-03-03
16878,16878,COD,Completed,2025-03-11
16879,16879,Wallet,Refunded,2024-06-05
16880,16880,Wallet,Completed,2023-02-05
16881,16881,COD,Completed,2024-10-20
16882,16882,COD,Completed,2024-12-19
16883,16883,UPI,Completed,2023-03-26
16884,16884,Wallet,Completed,2023-02-04
16885,16885,UPI,Completed,2023-12-20
16886,16886,COD,Completed,2024-09-10
16887,16887,Credit Card,Completed,2023-03-06
16888,16888,Wallet,Completed,2024-03-03
16889,16889,COD,Completed,2023-11-22
16890,16890,Debit Card,Completed,2024-04-15
16891,16891,Debit Card,Completed,2023-03-01
16892,16892,COD,Completed,2024-06-28
16893,16893,Wallet,Completed,2024-08-25
16894,16894,COD,Completed,2023-02-24
16895,16895,COD,Completed,2025-01-10
16896,16896,Wallet,Completed,2023-01-29
16897,16897,Wallet,Completed,2024-03-26
16898,16898,Credit Card,Refunded,2024-03-10
16899,16899,COD,Completed,2023-08-05
16900,16900,COD,Completed,2023-06-16
16901,16901,Debit Card,Completed,2024-03-06
16902,16902,Credit Card,Completed,2024-06-26
16903,16903,COD,Completed,2025-04-24
16904,16904,Credit Card,Refunded,2024-08-10
16905,16905,Credit Card,Completed,2024-05-05
16906,16906,Credit Card,Completed,2023-02-22
16907,16907,Credit Card,Completed,2025-05-19
16908,16908,Net Banking,Completed,2023-03-13
16909,16909,Debit Card,Completed,2024-03-20
16910,16910,COD,Completed,2024-09-23
16911,16911,Credit Card,Completed,2023-01-20
16912,16912,UPI,Completed,2023-10-22
16913,16913,UPI,Completed,2023-08-02
16914,16914,Debit Card,Completed,2024-10-27
16915,16915,Net Banking,Completed,2023-02-04
16916,16916,Net Banking,Completed,2024-06-07
16917,16917,COD,Refunded,2025-01-10
16918,16918,Net Banking,Completed,2024-02-01
16919,16919,Net Banking,Completed,2024-12-05
16920,16920,UPI,Completed,2024-07-09
16921,16921,Debit Card,Completed,2023-04-29
16922,16922,Credit Card,Completed,2025-02-04
16923,16923,Debit Card,Completed,2024-12-03
16924,16924,Debit Card,Completed,2024-05-06
16925,16925,UPI,Completed,2024-01-30
16926,16926,Debit Card,Completed,2023-11-30
16927,16927,Credit Card,Completed,2025-01-22
16928,16928,Credit Card,Completed,2024-10-24
16929,16929,COD,Completed,2023-09-16
16930,16930,Credit Card,Completed,2023-04-24
16931,16931,Net Banking,Completed,2025-03-11
16932,16932,COD,Completed,2025-03-16
16933,16933,Credit Card,Completed,2023-05-09
16934,16934,Debit Card,Completed,2024-07-04
16935,16935,Credit Card,Completed,2023-02-28
16936,16936,Net Banking,Completed,2025-02-01
16937,16937,Net Banking,Completed,2024-12-24
16938,16938,Wallet,Completed,2024-10-07
16939,16939,Credit Card,Completed,2024-10-17
16940,16940,COD,Completed,2024-11-27
16941,16941,UPI,Completed,2024-05-19
16942,16942,Wallet,Completed,2025-01-05
16943,16943,Debit Card,Completed,2024-10-27
16944,16944,UPI,Refunded,2024-05-15
16945,16945,UPI,Completed,2024-05-29
16946,16946,Debit Card,Completed,2024-08-30
16947,16947,Credit Card,Completed,2024-10-17
16948,16948,UPI,Completed,2024-07-29
16949,16949,UPI,Completed,2025-05-17
16950,16950,Net Banking,Refunded,2023-04-23
16951,16951,Debit Card,Completed,2023-01-25
16952,16952,Net Banking,Completed,2023-08-07
16953,16953,Wallet,Completed,2023-10-17
16954,16954,Debit Card,Completed,2023-07-01
16955,16955,Debit Card,Refunded,2023-05-02
16956,16956,UPI,Completed,2024-11-20
16957,16957,UPI,Completed,2023-09-05
16958,16958,UPI,Refunded,2024-11-17
16959,16959,Wallet,Completed,2024-09-13
16960,16960,Credit Card,Completed,2023-03-03
16961,16961,UPI,Completed,2025-05-11
16962,16962,Net Banking,Completed,2024-06-02
16963,16963,COD,Completed,2023-12-08
16964,16964,Debit Card,Completed,2023-01-24
16965,16965,Credit Card,Completed,2025-05-17
16966,16966,Net Banking,Completed,2024-01-05
16967,16967,Net Banking,Completed,2025-05-05
16968,16968,UPI,Completed,2024-07-15
16969,16969,COD,Completed,2025-06-12
16970,16970,UPI,Completed,2023-08-11
16971,16971,Debit Card,Completed,2025-01-02
16972,16972,UPI,Completed,2024-03-25
16973,16973,Net Banking,Completed,2023-01-28
16974,16974,UPI,Completed,2023-12-26
16975,16975,Wallet,Completed,2023-01-26
16976,16976,UPI,Completed,2023-09-13
16977,16977,Net Banking,Completed,2025-02-04
16978,16978,Net Banking,Completed,2023-03-15
16979,16979,Wallet,Completed,2024-10-01
16980,16980,Credit Card,Completed,2023-07-11
16981,16981,Wallet,Completed,2023-10-14
16982,16982,UPI,Completed,2025-03-11
16983,16983,Wallet,Completed,2023-09-29
16984,16984,Wallet,Completed,2024-02-21
16985,16985,UPI,Completed,2023-06-06
16986,16986,UPI,Completed,2024-10-13
16987,16987,COD,Completed,2023-01-22
16988,16988,UPI,Completed,2023-01-01
16989,16989,Wallet,Completed,2024-02-04
16990,16990,Wallet,Completed,2023-06-22
16991,16991,Net Banking,Completed,2025-02-25
16992,16992,COD,Completed,2023-07-15
16993,16993,COD,Completed,2024-08-06
16994,16994,COD,Completed,2023-04-03
16995,16995,UPI,Completed,2023-12-20
16996,16996,Net Banking,Completed,2024-02-06
16997,16997,Credit Card,Completed,2023-09-26
16998,16998,COD,Completed,2025-03-20
16999,16999,Net Banking,Completed,2023-12-01
17000,17000,Net Banking,Completed,2025-04-25
17001,17001,Wallet,Completed,2025-01-01
17002,17002,Wallet,Completed,2025-04-01
17003,17003,Credit Card,Completed,2024-11-04
17004,17004,Net Banking,Completed,2024-03-08
17005,17005,Net Banking,Completed,2023-04-14
17006,17006,COD,Completed,2023-06-04
17007,17007,Debit Card,Completed,2023-11-07
17008,17008,Net Banking,Completed,2024-07-14
17009,17009,UPI,Completed,2025-02-15
17010,17010,Debit Card,Refunded,2024-01-17
17011,17011,COD,Refunded,2025-05-06
17012,17012,Wallet,Completed,2024-08-19
17013,17013,UPI,Completed,2024-09-25
17014,17014,COD,Completed,2023-11-25
17015,17015,Net Banking,Completed,2024-11-10
17016,17016,COD,Completed,2023-04-29
17017,17017,COD,Completed,2024-11-24
17018,17018,Credit Card,Completed,2025-05-07
17019,17019,UPI,Completed,2023-07-24
17020,17020,Credit Card,Completed,2025-05-28
17021,17021,Credit Card,Completed,2023-07-08
17022,17022,Debit Card,Completed,2024-01-12
17023,17023,Debit Card,Completed,2023-04-07
17024,17024,Wallet,Completed,2025-04-27
17025,17025,COD,Completed,2024-03-09
17026,17026,COD,Completed,2024-11-10
17027,17027,Wallet,Completed,2024-09-16
17028,17028,UPI,Completed,2024-10-11
17029,17029,Net Banking,Completed,2024-04-10
17030,17030,COD,Completed,2025-03-09
17031,17031,Debit Card,Completed,2023-08-21
17032,17032,UPI,Completed,2025-05-30
17033,17033,UPI,Completed,2025-01-10
17034,17034,Debit Card,Completed,2023-04-06
17035,17035,Net Banking,Completed,2025-05-31
17036,17036,COD,Completed,2025-06-18
17037,17037,Net Banking,Completed,2023-11-18
17038,17038,Net Banking,Completed,2023-09-10
17039,17039,Credit Card,Completed,2024-10-02
17040,17040,Debit Card,Completed,2023-08-09
17041,17041,Wallet,Completed,2024-09-01
17042,17042,Net Banking,Completed,2024-01-29
17043,17043,COD,Completed,2025-05-29
17044,17044,Debit Card,Completed,2024-03-16
17045,17045,Net Banking,Completed,2024-10-09
17046,17046,Credit Card,Completed,2023-10-01
17047,17047,Debit Card,Refunded,2024-11-20
17048,17048,Wallet,Completed,2023-11-24
17049,17049,COD,Completed,2023-07-21
17050,17050,Net Banking,Completed,2024-06-16
17051,17051,UPI,Completed,2023-06-22
17052,17052,Net Banking,Completed,2023-04-30
17053,17053,Net Banking,Completed,2023-08-20
17054,17054,Net Banking,Completed,2023-08-06
17055,17055,COD,Completed,2023-09-28
17056,17056,UPI,Completed,2023-10-24
17057,17057,Wallet,Completed,2023-06-02
17058,17058,COD,Completed,2023-08-08
17059,17059,COD,Completed,2024-12-21
17060,17060,Credit Card,Completed,2024-11-06
17061,17061,UPI,Completed,2025-06-16
17062,17062,Net Banking,Completed,2023-02-09
17063,17063,Wallet,Completed,2023-01-15
17064,17064,UPI,Completed,2025-04-30
17065,17065,Net Banking,Completed,2024-04-25
17066,17066,UPI,Completed,2023-06-04
17067,17067,COD,Refunded,2024-04-26
17068,17068,Credit Card,Completed,2024-03-22
17069,17069,Debit Card,Completed,2023-04-23
17070,17070,Debit Card,Completed,2024-04-19
17071,17071,Credit Card,Completed,2025-01-23
17072,17072,COD,Completed,2023-04-10
17073,17073,Debit Card,Refunded,2023-05-12
17074,17074,Net Banking,Completed,2024-03-16
17075,17075,Credit Card,Completed,2025-03-17
17076,17076,COD,Completed,2025-06-05
17077,17077,Credit Card,Completed,2025-05-08
17078,17078,COD,Completed,2025-03-05
17079,17079,Debit Card,Completed,2023-11-01
17080,17080,Wallet,Refunded,2024-12-17
17081,17081,Debit Card,Completed,2023-05-15
17082,17082,Credit Card,Completed,2023-03-06
17083,17083,Net Banking,Completed,2023-12-03
17084,17084,Credit Card,Completed,2025-05-11
17085,17085,Credit Card,Completed,2024-04-24
17086,17086,UPI,Completed,2023-10-13
17087,17087,COD,Completed,2024-10-26
17088,17088,COD,Completed,2023-03-27
17089,17089,Credit Card,Completed,2025-01-07
17090,17090,Wallet,Completed,2024-12-11
17091,17091,COD,Completed,2024-11-20
17092,17092,Net Banking,Completed,2023-06-30
17093,17093,COD,Completed,2024-08-03
17094,17094,Net Banking,Completed,2023-12-30
17095,17095,COD,Completed,2023-06-02
17096,17096,UPI,Completed,2023-05-03
17097,17097,Net Banking,Completed,2024-12-09
17098,17098,Net Banking,Refunded,2023-07-25
17099,17099,Wallet,Completed,2024-10-31
17100,17100,Wallet,Completed,2023-11-03
17101,17101,Net Banking,Completed,2023-04-20
17102,17102,COD,Completed,2024-09-02
17103,17103,COD,Completed,2025-04-16
17104,17104,UPI,Completed,2023-09-06
17105,17105,COD,Refunded,2025-02-04
17106,17106,Credit Card,Completed,2023-06-21
17107,17107,UPI,Completed,2024-07-13
17108,17108,Net Banking,Completed,2025-05-01
17109,17109,UPI,Completed,2024-01-18
17110,17110,Credit Card,Completed,2025-01-29
17111,17111,Debit Card,Completed,2025-04-24
17112,17112,Credit Card,Completed,2025-02-22
17113,17113,Debit Card,Completed,2023-05-01
17114,17114,COD,Completed,2023-09-12
17115,17115,Credit Card,Completed,2023-03-19
17116,17116,Wallet,Completed,2024-12-30
17117,17117,Debit Card,Completed,2024-05-27
17118,17118,COD,Completed,2024-02-03
17119,17119,UPI,Completed,2023-09-09
17120,17120,Credit Card,Completed,2023-07-19
17121,17121,Debit Card,Completed,2024-04-24
17122,17122,Debit Card,Completed,2024-08-24
17123,17123,Net Banking,Completed,2024-12-13
17124,17124,Debit Card,Completed,2023-06-15
17125,17125,Debit Card,Completed,2023-12-02
17126,17126,UPI,Completed,2023-01-30
17127,17127,Debit Card,Completed,2023-09-24
17128,17128,Wallet,Completed,2024-11-28
17129,17129,Wallet,Refunded,2024-03-31
17130,17130,Debit Card,Completed,2023-07-15
17131,17131,COD,Completed,2024-12-13
17132,17132,COD,Completed,2023-12-10
17133,17133,Credit Card,Completed,2024-06-15
17134,17134,Net Banking,Completed,2023-06-24
17135,17135,UPI,Completed,2023-04-02
17136,17136,UPI,Completed,2024-11-13
17137,17137,Wallet,Completed,2023-10-29
17138,17138,UPI,Completed,2024-02-28
17139,17139,COD,Completed,2024-02-11
17140,17140,Credit Card,Completed,2023-08-28
17141,17141,Wallet,Completed,2023-01-09
17142,17142,UPI,Completed,2023-03-29
17143,17143,UPI,Completed,2024-11-09
17144,17144,Debit Card,Completed,2023-03-12
17145,17145,Wallet,Completed,2025-03-13
17146,17146,COD,Completed,2023-02-25
17147,17147,UPI,Completed,2025-02-23
17148,17148,UPI,Completed,2023-11-12
17149,17149,Credit Card,Completed,2025-05-30
17150,17150,COD,Completed,2023-07-17
17151,17151,Credit Card,Completed,2024-10-16
17152,17152,Debit Card,Completed,2024-03-26
17153,17153,Wallet,Completed,2024-10-16
17154,17154,Net Banking,Completed,2023-01-06
17155,17155,Net Banking,Completed,2025-04-21
17156,17156,Debit Card,Completed,2023-06-09
17157,17157,Credit Card,Completed,2025-04-05
17158,17158,Credit Card,Completed,2024-06-05
17159,17159,Wallet,Completed,2023-03-08
17160,17160,Debit Card,Completed,2023-10-12
17161,17161,UPI,Refunded,2025-05-28
17162,17162,Net Banking,Completed,2023-04-26
17163,17163,COD,Completed,2023-03-21
17164,17164,Debit Card,Completed,2025-05-25
17165,17165,Net Banking,Completed,2023-09-16
17166,17166,Debit Card,Completed,2023-08-22
17167,17167,Debit Card,Completed,2025-04-07
17168,17168,UPI,Completed,2024-02-27
17169,17169,Debit Card,Completed,2023-09-24
17170,17170,Credit Card,Completed,2024-07-08
17171,17171,Debit Card,Completed,2024-06-19
17172,17172,Net Banking,Completed,2023-05-16
17173,17173,UPI,Completed,2025-02-22
17174,17174,Net Banking,Completed,2025-05-01
17175,17175,UPI,Completed,2023-08-09
17176,17176,Debit Card,Completed,2024-10-11
17177,17177,Debit Card,Completed,2024-06-09
17178,17178,Wallet,Completed,2024-05-04
17179,17179,Net Banking,Completed,2023-06-19
17180,17180,COD,Completed,2025-06-05
17181,17181,UPI,Completed,2025-03-15
17182,17182,COD,Completed,2023-06-27
17183,17183,Credit Card,Completed,2023-04-05
17184,17184,Debit Card,Refunded,2023-11-18
17185,17185,Credit Card,Completed,2024-09-02
17186,17186,UPI,Completed,2025-05-28
17187,17187,Net Banking,Completed,2023-02-04
17188,17188,COD,Completed,2025-01-13
17189,17189,COD,Completed,2025-04-20
17190,17190,Debit Card,Completed,2024-11-21
17191,17191,COD,Completed,2025-01-04
17192,17192,UPI,Refunded,2025-01-15
17193,17193,Credit Card,Completed,2023-10-04
17194,17194,UPI,Completed,2024-04-11
17195,17195,COD,Completed,2023-04-08
17196,17196,COD,Completed,2024-01-20
17197,17197,UPI,Completed,2025-04-12
17198,17198,Net Banking,Completed,2023-08-17
17199,17199,COD,Completed,2024-08-12
17200,17200,COD,Completed,2023-10-14
17201,17201,Credit Card,Completed,2024-12-15
17202,17202,Credit Card,Completed,2024-03-02
17203,17203,Credit Card,Completed,2025-01-27
17204,17204,COD,Completed,2023-07-08
17205,17205,Debit Card,Completed,2024-09-21
17206,17206,Net Banking,Completed,2023-03-19
17207,17207,COD,Completed,2024-07-21
17208,17208,Wallet,Completed,2024-06-13
17209,17209,COD,Completed,2023-07-25
17210,17210,Net Banking,Completed,2024-06-11
17211,17211,Credit Card,Completed,2024-05-20
17212,17212,Wallet,Completed,2024-12-14
17213,17213,Net Banking,Completed,2024-06-28
17214,17214,COD,Refunded,2024-11-19
17215,17215,Credit Card,Completed,2023-02-21
17216,17216,Wallet,Completed,2024-11-28
17217,17217,COD,Completed,2024-04-05
17218,17218,Net Banking,Completed,2025-02-15
17219,17219,UPI,Completed,2024-04-29
17220,17220,Debit Card,Completed,2023-12-29
17221,17221,Credit Card,Completed,2024-05-07
17222,17222,Net Banking,Completed,2024-09-27
17223,17223,Credit Card,Completed,2024-01-25
17224,17224,UPI,Completed,2025-03-21
17225,17225,UPI,Completed,2023-06-05
17226,17226,Debit Card,Completed,2024-01-27
17227,17227,Debit Card,Completed,2023-05-02
17228,17228,COD,Completed,2024-09-16
17229,17229,COD,Completed,2023-08-16
17230,17230,Net Banking,Completed,2023-05-24
17231,17231,UPI,Completed,2024-07-11
17232,17232,Debit Card,Completed,2023-12-20
17233,17233,Credit Card,Completed,2023-02-02
17234,17234,UPI,Completed,2023-08-01
17235,17235,Credit Card,Completed,2024-11-22
17236,17236,Net Banking,Completed,2023-05-09
17237,17237,Net Banking,Completed,2024-12-24
17238,17238,Wallet,Completed,2023-03-12
17239,17239,COD,Completed,2023-07-19
17240,17240,UPI,Completed,2023-11-02
17241,17241,UPI,Completed,2025-02-23
17242,17242,Debit Card,Completed,2023-06-17
17243,17243,Credit Card,Completed,2024-05-06
17244,17244,Wallet,Completed,2024-05-17
17245,17245,UPI,Completed,2023-07-05
17246,17246,Credit Card,Completed,2024-01-26
17247,17247,COD,Completed,2023-04-10
17248,17248,Net Banking,Completed,2023-01-04
17249,17249,UPI,Completed,2023-08-24
17250,17250,Net Banking,Completed,2025-03-16
17251,17251,Credit Card,Completed,2024-10-18
17252,17252,Net Banking,Completed,2024-07-02
17253,17253,COD,Completed,2024-07-25
17254,17254,Wallet,Completed,2023-05-05
17255,17255,Net Banking,Completed,2023-03-13
17256,17256,Net Banking,Completed,2024-09-17
17257,17257,Credit Card,Completed,2023-10-29
17258,17258,Credit Card,Completed,2025-01-20
17259,17259,Credit Card,Completed,2025-04-19
17260,17260,Debit Card,Completed,2025-03-04
17261,17261,Debit Card,Completed,2025-03-31
17262,17262,Debit Card,Completed,2023-10-25
17263,17263,Credit Card,Completed,2024-11-13
17264,17264,Debit Card,Completed,2023-08-04
17265,17265,Wallet,Completed,2024-06-09
17266,17266,Wallet,Completed,2025-06-10
17267,17267,Net Banking,Completed,2023-07-18
17268,17268,Wallet,Refunded,2024-03-03
17269,17269,Wallet,Completed,2023-12-25
17270,17270,UPI,Completed,2023-08-13
17271,17271,Wallet,Completed,2023-07-03
17272,17272,Net Banking,Completed,2023-08-30
17273,17273,UPI,Completed,2024-07-30
17274,17274,Net Banking,Completed,2025-01-21
17275,17275,COD,Completed,2025-04-22
17276,17276,UPI,Completed,2024-01-29
17277,17277,Wallet,Completed,2024-10-11
17278,17278,COD,Completed,2025-02-26
17279,17279,Credit Card,Refunded,2024-01-21
17280,17280,Credit Card,Completed,2023-07-22
17281,17281,Credit Card,Completed,2024-08-17
17282,17282,Credit Card,Completed,2023-04-02
17283,17283,Credit Card,Completed,2025-05-07
17284,17284,Credit Card,Completed,2024-08-13
17285,17285,Net Banking,Completed,2023-09-01
17286,17286,Net Banking,Completed,2023-10-23
17287,17287,COD,Completed,2025-02-14
17288,17288,Wallet,Completed,2024-02-28
17289,17289,Credit Card,Completed,2023-12-19
17290,17290,Credit Card,Completed,2023-01-25
17291,17291,Credit Card,Completed,2024-07-26
17292,17292,COD,Completed,2023-11-25
17293,17293,Credit Card,Completed,2024-09-25
17294,17294,COD,Completed,2024-03-27
17295,17295,COD,Refunded,2023-10-27
17296,17296,UPI,Completed,2024-07-30
17297,17297,Net Banking,Completed,2023-12-30
17298,17298,Wallet,Completed,2023-02-03
17299,17299,Debit Card,Completed,2023-08-03
17300,17300,UPI,Refunded,2023-02-06
17301,17301,UPI,Completed,2023-04-21
17302,17302,Net Banking,Completed,2024-11-01
17303,17303,Wallet,Completed,2023-03-10
17304,17304,COD,Completed,2025-01-19
17305,17305,Wallet,Completed,2023-06-27
17306,17306,COD,Completed,2023-02-20
17307,17307,Wallet,Completed,2023-11-24
17308,17308,Debit Card,Completed,2024-08-12
17309,17309,Net Banking,Completed,2023-10-24
17310,17310,Debit Card,Completed,2024-06-25
17311,17311,COD,Completed,2023-08-19
17312,17312,Credit Card,Completed,2024-11-07
17313,17313,Debit Card,Completed,2023-11-17
17314,17314,Credit Card,Completed,2023-08-05
17315,17315,Net Banking,Completed,2025-02-06
17316,17316,UPI,Completed,2023-10-10
17317,17317,Wallet,Completed,2023-03-04
17318,17318,Debit Card,Completed,2024-10-21
17319,17319,Wallet,Completed,2023-04-16
17320,17320,UPI,Completed,2023-11-20
17321,17321,Wallet,Completed,2024-03-26
17322,17322,Credit Card,Completed,2025-01-15
17323,17323,UPI,Completed,2024-03-21
17324,17324,UPI,Completed,2024-07-31
17325,17325,UPI,Completed,2023-12-30
17326,17326,Wallet,Completed,2025-03-22
17327,17327,Wallet,Completed,2023-10-21
17328,17328,COD,Completed,2023-01-31
17329,17329,Debit Card,Completed,2025-04-07
17330,17330,Wallet,Completed,2023-12-27
17331,17331,Debit Card,Completed,2023-01-25
17332,17332,COD,Completed,2023-10-20
17333,17333,UPI,Completed,2023-09-06
17334,17334,Wallet,Completed,2023-02-06
17335,17335,Net Banking,Completed,2024-07-13
17336,17336,UPI,Completed,2023-06-21
17337,17337,Net Banking,Completed,2023-01-08
17338,17338,Wallet,Completed,2025-02-08
17339,17339,COD,Completed,2023-06-29
17340,17340,COD,Completed,2024-05-26
17341,17341,Net Banking,Completed,2024-10-08
17342,17342,COD,Completed,2023-04-01
17343,17343,Debit Card,Completed,2024-07-26
17344,17344,COD,Completed,2024-05-01
17345,17345,Net Banking,Completed,2023-09-30
17346,17346,Net Banking,Completed,2025-03-13
17347,17347,Credit Card,Completed,2023-10-11
17348,17348,Wallet,Completed,2023-07-09
17349,17349,Wallet,Completed,2024-09-17
17350,17350,UPI,Completed,2023-01-28
17351,17351,Credit Card,Completed,2024-03-27
17352,17352,Wallet,Completed,2024-02-23
17353,17353,Debit Card,Completed,2025-03-10
17354,17354,Net Banking,Completed,2023-12-20
17355,17355,Net Banking,Completed,2025-05-02
17356,17356,Credit Card,Completed,2025-06-19
17357,17357,Credit Card,Completed,2024-06-01
17358,17358,Net Banking,Completed,2024-10-14
17359,17359,Credit Card,Completed,2023-10-12
17360,17360,UPI,Completed,2024-10-13
17361,17361,COD,Completed,2023-12-12
17362,17362,UPI,Completed,2024-02-01
17363,17363,Wallet,Completed,2024-10-06
17364,17364,Credit Card,Refunded,2024-07-29
17365,17365,Wallet,Refunded,2023-05-22
17366,17366,COD,Completed,2025-05-09
17367,17367,Credit Card,Completed,2023-04-15
17368,17368,Wallet,Completed,2023-05-29
17369,17369,Wallet,Completed,2025-01-25
17370,17370,Net Banking,Completed,2023-10-30
17371,17371,Net Banking,Completed,2023-09-03
17372,17372,Credit Card,Completed,2023-03-31
17373,17373,UPI,Completed,2023-10-10
17374,17374,Credit Card,Completed,2025-01-01
17375,17375,Wallet,Completed,2023-01-30
17376,17376,Credit Card,Completed,2023-03-31
17377,17377,Debit Card,Completed,2024-06-05
17378,17378,COD,Completed,2024-12-07
17379,17379,Credit Card,Completed,2023-05-07
17380,17380,UPI,Completed,2024-03-12
17381,17381,Debit Card,Completed,2025-01-02
17382,17382,Debit Card,Completed,2024-02-08
17383,17383,Debit Card,Completed,2025-06-15
17384,17384,UPI,Refunded,2023-03-27
17385,17385,UPI,Completed,2025-06-17
17386,17386,UPI,Completed,2023-07-11
17387,17387,Net Banking,Completed,2023-07-25
17388,17388,Credit Card,Completed,2023-03-14
17389,17389,Debit Card,Completed,2025-02-12
17390,17390,Credit Card,Completed,2025-02-01
17391,17391,Credit Card,Refunded,2025-04-23
17392,17392,Net Banking,Completed,2024-03-24
17393,17393,COD,Completed,2023-03-27
17394,17394,Debit Card,Completed,2023-10-26
17395,17395,UPI,Completed,2024-08-08
17396,17396,Credit Card,Completed,2024-01-25
17397,17397,COD,Completed,2024-03-05
17398,17398,Debit Card,Completed,2023-10-21
17399,17399,Debit Card,Completed,2023-03-27
17400,17400,Wallet,Completed,2023-03-05
17401,17401,Net Banking,Completed,2023-05-09
17402,17402,Net Banking,Completed,2024-09-09
17403,17403,UPI,Completed,2023-12-10
17404,17404,Wallet,Completed,2023-11-15
17405,17405,Wallet,Completed,2023-08-30
17406,17406,Net Banking,Completed,2023-01-28
17407,17407,COD,Completed,2025-05-13
17408,17408,Credit Card,Completed,2023-07-17
17409,17409,Credit Card,Completed,2024-09-15
17410,17410,COD,Completed,2023-05-15
17411,17411,Credit Card,Completed,2024-10-30
17412,17412,UPI,Completed,2024-07-29
17413,17413,Wallet,Completed,2024-10-20
17414,17414,Debit Card,Completed,2024-11-15
17415,17415,UPI,Completed,2025-01-10
17416,17416,Credit Card,Completed,2024-09-04
17417,17417,Wallet,Completed,2023-06-30
17418,17418,UPI,Completed,2023-02-16
17419,17419,COD,Completed,2025-04-15
17420,17420,Credit Card,Completed,2023-05-27
17421,17421,Net Banking,Completed,2023-01-26
17422,17422,Credit Card,Completed,2024-06-01
17423,17423,UPI,Completed,2023-01-25
17424,17424,Net Banking,Completed,2023-09-03
17425,17425,Credit Card,Completed,2025-04-20
17426,17426,COD,Completed,2025-02-14
17427,17427,Net Banking,Completed,2024-05-05
17428,17428,Credit Card,Completed,2023-03-24
17429,17429,Net Banking,Completed,2023-06-24
17430,17430,Debit Card,Completed,2024-11-17
17431,17431,COD,Completed,2025-03-01
17432,17432,UPI,Refunded,2023-11-06
17433,17433,COD,Completed,2025-06-13
17434,17434,COD,Completed,2023-05-25
17435,17435,Wallet,Refunded,2024-11-20
17436,17436,Wallet,Completed,2024-01-10
17437,17437,Wallet,Completed,2024-03-21
17438,17438,Credit Card,Completed,2024-02-04
17439,17439,Net Banking,Completed,2024-11-06
17440,17440,Wallet,Refunded,2023-01-29
17441,17441,COD,Completed,2025-04-03
17442,17442,UPI,Completed,2024-05-30
17443,17443,Debit Card,Completed,2024-04-20
17444,17444,Wallet,Completed,2024-01-03
17445,17445,COD,Completed,2023-09-26
17446,17446,UPI,Completed,2024-04-06
17447,17447,Debit Card,Completed,2024-05-11
17448,17448,Wallet,Completed,2025-02-15
17449,17449,UPI,Completed,2024-11-22
17450,17450,UPI,Completed,2023-01-08
17451,17451,Wallet,Completed,2024-07-01
17452,17452,Credit Card,Completed,2023-10-23
17453,17453,Net Banking,Completed,2023-06-12
17454,17454,Wallet,Completed,2023-11-10
17455,17455,Net Banking,Completed,2023-04-18
17456,17456,COD,Completed,2025-04-20
17457,17457,Wallet,Completed,2024-05-26
17458,17458,Wallet,Completed,2024-01-13
17459,17459,UPI,Completed,2025-03-31
17460,17460,UPI,Completed,2025-05-03
17461,17461,Debit Card,Completed,2023-05-30
17462,17462,Wallet,Completed,2025-01-25
17463,17463,Wallet,Completed,2025-02-07
17464,17464,UPI,Refunded,2025-03-28
17465,17465,Credit Card,Completed,2023-01-12
17466,17466,Credit Card,Completed,2023-12-12
17467,17467,Net Banking,Completed,2025-05-02
17468,17468,Debit Card,Completed,2023-07-06
17469,17469,COD,Completed,2025-05-24
17470,17470,Net Banking,Completed,2023-03-19
17471,17471,Wallet,Completed,2024-05-15
17472,17472,Debit Card,Completed,2024-01-25
17473,17473,UPI,Completed,2025-03-24
17474,17474,COD,Completed,2023-10-14
17475,17475,Credit Card,Completed,2023-02-22
17476,17476,Wallet,Completed,2023-06-26
17477,17477,UPI,Completed,2024-08-15
17478,17478,COD,Completed,2023-03-10
17479,17479,Net Banking,Completed,2024-05-16
17480,17480,Credit Card,Completed,2023-12-20
17481,17481,Debit Card,Completed,2024-03-11
17482,17482,COD,Completed,2023-07-26
17483,17483,UPI,Completed,2023-11-23
17484,17484,Net Banking,Completed,2024-01-30
17485,17485,Net Banking,Completed,2024-08-21
17486,17486,UPI,Completed,2023-03-30
17487,17487,Net Banking,Completed,2023-05-26
17488,17488,Net Banking,Completed,2024-10-20
17489,17489,COD,Completed,2025-02-04
17490,17490,COD,Completed,2023-08-16
17491,17491,Debit Card,Completed,2023-11-28
17492,17492,Credit Card,Completed,2024-02-21
17493,17493,UPI,Completed,2024-06-29
17494,17494,UPI,Completed,2025-05-21
17495,17495,Net Banking,Completed,2023-04-26
17496,17496,Wallet,Completed,2025-05-14
17497,17497,Wallet,Completed,2024-04-09
17498,17498,Net Banking,Completed,2023-12-18
17499,17499,COD,Completed,2023-12-02
17500,17500,Credit Card,Completed,2024-08-04
17501,17501,Credit Card,Completed,2023-07-16
17502,17502,COD,Completed,2023-02-01
17503,17503,UPI,Completed,2024-01-19
17504,17504,Wallet,Completed,2024-11-23
17505,17505,Credit Card,Completed,2024-01-16
17506,17506,UPI,Completed,2024-12-30
17507,17507,Wallet,Completed,2024-11-14
17508,17508,Net Banking,Refunded,2025-05-03
17509,17509,Wallet,Completed,2025-01-01
17510,17510,Net Banking,Refunded,2024-08-26
17511,17511,UPI,Completed,2023-06-19
17512,17512,Debit Card,Completed,2023-07-29
17513,17513,Net Banking,Completed,2024-07-09
17514,17514,COD,Completed,2023-06-17
17515,17515,Wallet,Completed,2023-04-28
17516,17516,Debit Card,Completed,2023-01-09
17517,17517,Debit Card,Completed,2024-10-06
17518,17518,Net Banking,Completed,2025-04-23
17519,17519,Wallet,Completed,2023-04-13
17520,17520,Net Banking,Completed,2025-04-20
17521,17521,UPI,Completed,2023-04-20
17522,17522,Debit Card,Completed,2024-04-19
17523,17523,Debit Card,Refunded,2023-11-27
17524,17524,Credit Card,Completed,2024-10-13
17525,17525,Wallet,Completed,2023-02-10
17526,17526,Wallet,Completed,2024-05-02
17527,17527,Debit Card,Completed,2023-08-02
17528,17528,Net Banking,Completed,2023-03-05
17529,17529,Debit Card,Completed,2023-11-03
17530,17530,Net Banking,Completed,2024-12-25
17531,17531,Credit Card,Completed,2024-07-09
17532,17532,Net Banking,Completed,2025-03-21
17533,17533,COD,Completed,2023-11-23
17534,17534,UPI,Completed,2024-11-10
17535,17535,Debit Card,Completed,2025-04-15
17536,17536,Debit Card,Completed,2023-08-18
17537,17537,Net Banking,Completed,2023-03-06
17538,17538,Credit Card,Completed,2023-06-16
17539,17539,Credit Card,Completed,2023-09-01
17540,17540,Net Banking,Completed,2024-09-11
17541,17541,COD,Completed,2025-01-16
17542,17542,Credit Card,Completed,2024-10-25
17543,17543,Debit Card,Completed,2024-07-25
17544,17544,Debit Card,Completed,2023-12-03
17545,17545,COD,Completed,2023-06-06
17546,17546,Wallet,Completed,2024-08-23
17547,17547,Debit Card,Completed,2024-07-19
17548,17548,Debit Card,Completed,2024-09-23
17549,17549,Debit Card,Completed,2024-12-02
17550,17550,Debit Card,Completed,2025-01-02
17551,17551,UPI,Completed,2025-02-03
17552,17552,Debit Card,Completed,2023-11-20
17553,17553,Credit Card,Completed,2024-02-06
17554,17554,UPI,Completed,2023-02-17
17555,17555,Credit Card,Completed,2023-06-28
17556,17556,Net Banking,Completed,2024-04-19
17557,17557,Net Banking,Completed,2024-02-19
17558,17558,COD,Completed,2024-11-17
17559,17559,Net Banking,Completed,2023-11-04
17560,17560,Credit Card,Completed,2025-06-03
17561,17561,UPI,Completed,2024-12-10
17562,17562,Debit Card,Completed,2023-08-25
17563,17563,Net Banking,Completed,2024-11-15
17564,17564,Debit Card,Completed,2023-10-07
17565,17565,Credit Card,Completed,2023-06-25
17566,17566,UPI,Completed,2023-07-06
17567,17567,UPI,Completed,2024-04-20
17568,17568,COD,Completed,2024-12-08
17569,17569,COD,Completed,2024-06-05
17570,17570,Credit Card,Completed,2025-05-07
17571,17571,Net Banking,Completed,2024-06-05
17572,17572,Net Banking,Completed,2024-01-28
17573,17573,COD,Completed,2024-01-29
17574,17574,UPI,Completed,2025-02-10
17575,17575,Wallet,Completed,2025-05-02
17576,17576,Wallet,Completed,2023-11-26
17577,17577,UPI,Completed,2024-10-21
17578,17578,Wallet,Completed,2024-01-16
17579,17579,UPI,Completed,2025-03-24
17580,17580,Credit Card,Completed,2023-08-20
17581,17581,Net Banking,Completed,2024-03-30
17582,17582,UPI,Completed,2025-04-21
17583,17583,Wallet,Completed,2024-06-22
17584,17584,Debit Card,Completed,2025-03-13
17585,17585,Debit Card,Completed,2024-01-22
17586,17586,Debit Card,Completed,2023-09-12
17587,17587,Net Banking,Completed,2023-12-29
17588,17588,COD,Completed,2023-01-17
17589,17589,Net Banking,Completed,2025-05-31
17590,17590,Credit Card,Refunded,2024-12-10
17591,17591,Debit Card,Completed,2023-09-13
17592,17592,Wallet,Completed,2025-01-26
17593,17593,UPI,Completed,2024-02-12
17594,17594,Wallet,Completed,2024-01-08
17595,17595,COD,Completed,2024-12-07
17596,17596,Debit Card,Completed,2024-04-26
17597,17597,Wallet,Completed,2024-05-20
17598,17598,Debit Card,Completed,2023-03-09
17599,17599,Wallet,Completed,2024-03-27
17600,17600,Net Banking,Completed,2024-06-14
17601,17601,COD,Completed,2023-05-17
17602,17602,Net Banking,Completed,2025-05-12
17603,17603,UPI,Completed,2023-07-02
17604,17604,Credit Card,Completed,2023-08-19
17605,17605,COD,Completed,2025-04-03
17606,17606,Wallet,Completed,2023-10-04
17607,17607,Net Banking,Completed,2024-08-01
17608,17608,Credit Card,Completed,2023-03-21
17609,17609,Debit Card,Completed,2024-12-24
17610,17610,Credit Card,Completed,2024-08-17
17611,17611,Credit Card,Completed,2023-04-03
17612,17612,Wallet,Completed,2024-05-14
17613,17613,Wallet,Completed,2024-10-19
17614,17614,COD,Completed,2025-05-11
17615,17615,COD,Completed,2025-01-23
17616,17616,Credit Card,Completed,2024-01-25
17617,17617,Net Banking,Completed,2023-05-17
17618,17618,COD,Completed,2024-09-11
17619,17619,UPI,Completed,2023-07-10
17620,17620,Wallet,Completed,2023-11-27
17621,17621,Credit Card,Completed,2025-01-23
17622,17622,Net Banking,Completed,2024-07-24
17623,17623,COD,Completed,2024-06-12
17624,17624,Debit Card,Completed,2023-09-24
17625,17625,Debit Card,Completed,2024-10-27
17626,17626,COD,Refunded,2024-04-24
17627,17627,COD,Refunded,2025-04-30
17628,17628,Wallet,Completed,2023-02-16
17629,17629,COD,Completed,2024-09-19
17630,17630,Debit Card,Completed,2023-01-24
17631,17631,Wallet,Completed,2024-06-15
17632,17632,Net Banking,Completed,2024-08-14
17633,17633,UPI,Completed,2024-07-26
17634,17634,Net Banking,Completed,2023-07-24
17635,17635,Credit Card,Completed,2024-05-09
17636,17636,Credit Card,Completed,2025-06-10
17637,17637,Wallet,Completed,2025-02-27
17638,17638,Net Banking,Completed,2023-05-07
17639,17639,COD,Completed,2023-11-18
17640,17640,Debit Card,Completed,2025-02-05
17641,17641,COD,Completed,2023-03-01
17642,17642,Net Banking,Completed,2024-06-18
17643,17643,Debit Card,Completed,2023-02-14
17644,17644,Credit Card,Completed,2024-05-24
17645,17645,Debit Card,Refunded,2024-12-06
17646,17646,Credit Card,Completed,2023-07-04
17647,17647,COD,Completed,2025-05-25
17648,17648,Credit Card,Completed,2024-07-25
17649,17649,Debit Card,Completed,2024-02-29
17650,17650,Net Banking,Completed,2024-10-27
17651,17651,Credit Card,Completed,2024-09-29
17652,17652,Net Banking,Refunded,2025-04-27
17653,17653,UPI,Completed,2023-05-10
17654,17654,Wallet,Completed,2023-08-15
17655,17655,Credit Card,Completed,2023-12-19
17656,17656,Net Banking,Completed,2023-07-05
17657,17657,COD,Completed,2025-06-05
17658,17658,Credit Card,Completed,2023-02-17
17659,17659,Wallet,Completed,2023-04-21
17660,17660,COD,Completed,2024-05-15
17661,17661,Net Banking,Completed,2024-07-13
17662,17662,Wallet,Completed,2025-03-01
17663,17663,Wallet,Completed,2023-02-13
17664,17664,UPI,Completed,2025-04-06
17665,17665,Credit Card,Completed,2024-06-25
17666,17666,COD,Completed,2023-02-10
17667,17667,Wallet,Completed,2023-11-17
17668,17668,Credit Card,Completed,2024-10-30
17669,17669,Net Banking,Completed,2025-04-02
17670,17670,UPI,Completed,2025-01-20
17671,17671,UPI,Completed,2023-03-16
17672,17672,UPI,Completed,2024-01-31
17673,17673,Credit Card,Completed,2023-05-26
17674,17674,COD,Completed,2024-03-13
17675,17675,Credit Card,Completed,2023-09-13
17676,17676,Net Banking,Completed,2023-02-13
17677,17677,Credit Card,Completed,2024-05-18
17678,17678,Debit Card,Completed,2023-10-29
17679,17679,Debit Card,Completed,2024-05-25
17680,17680,Debit Card,Completed,2024-11-22
17681,17681,COD,Completed,2023-01-14
17682,17682,COD,Completed,2024-04-10
17683,17683,Wallet,Refunded,2024-03-09
17684,17684,Wallet,Completed,2023-01-10
17685,17685,UPI,Completed,2023-08-19
17686,17686,Wallet,Completed,2023-11-25
17687,17687,COD,Completed,2023-10-01
17688,17688,Debit Card,Completed,2024-03-28
17689,17689,Wallet,Refunded,2023-08-16
17690,17690,COD,Completed,2023-11-03
17691,17691,Wallet,Completed,2024-09-17
17692,17692,Credit Card,Completed,2024-11-30
17693,17693,Wallet,Completed,2023-12-25
17694,17694,Credit Card,Completed,2024-05-20
17695,17695,Net Banking,Completed,2025-04-29
17696,17696,Wallet,Completed,2023-11-01
17697,17697,UPI,Completed,2025-02-15
17698,17698,Credit Card,Completed,2023-02-19
17699,17699,UPI,Completed,2025-01-15
17700,17700,Wallet,Completed,2023-06-01
17701,17701,COD,Completed,2024-01-06
17702,17702,Debit Card,Completed,2025-02-06
17703,17703,Wallet,Completed,2024-01-24
17704,17704,Credit Card,Completed,2023-06-20
17705,17705,Debit Card,Completed,2024-09-29
17706,17706,Wallet,Completed,2024-09-29
17707,17707,Credit Card,Completed,2025-04-03
17708,17708,Wallet,Completed,2024-07-31
17709,17709,COD,Completed,2024-04-23
17710,17710,COD,Completed,2023-02-08
17711,17711,COD,Completed,2023-06-03
17712,17712,Debit Card,Completed,2023-10-04
17713,17713,Wallet,Completed,2025-03-14
17714,17714,Wallet,Completed,2023-12-12
17715,17715,Net Banking,Completed,2023-06-21
17716,17716,UPI,Completed,2024-02-13
17717,17717,Net Banking,Completed,2023-01-22
17718,17718,COD,Completed,2024-11-03
17719,17719,Debit Card,Completed,2023-06-28
17720,17720,Wallet,Completed,2024-12-02
17721,17721,Credit Card,Completed,2025-03-10
17722,17722,Wallet,Completed,2024-10-20
17723,17723,Debit Card,Completed,2025-01-05
17724,17724,Net Banking,Completed,2025-03-27
17725,17725,Wallet,Completed,2024-10-06
17726,17726,COD,Completed,2023-03-15
17727,17727,Debit Card,Completed,2024-05-01
17728,17728,COD,Completed,2024-09-18
17729,17729,Net Banking,Completed,2025-05-20
17730,17730,Net Banking,Completed,2025-03-11
17731,17731,Net Banking,Completed,2023-02-27
17732,17732,Debit Card,Completed,2023-11-22
17733,17733,Debit Card,Completed,2023-07-01
17734,17734,Net Banking,Completed,2023-02-26
17735,17735,Credit Card,Completed,2023-03-29
17736,17736,Net Banking,Completed,2024-02-26
17737,17737,UPI,Completed,2023-03-27
17738,17738,UPI,Completed,2023-12-26
17739,17739,Credit Card,Completed,2024-01-06
17740,17740,Credit Card,Completed,2024-06-16
17741,17741,Wallet,Completed,2024-03-26
17742,17742,Wallet,Completed,2025-04-10
17743,17743,UPI,Completed,2023-03-18
17744,17744,UPI,Refunded,2025-02-11
17745,17745,Wallet,Completed,2024-09-20
17746,17746,UPI,Completed,2025-03-03
17747,17747,Debit Card,Completed,2023-11-21
17748,17748,Net Banking,Completed,2023-10-24
17749,17749,Debit Card,Completed,2024-02-17
17750,17750,Credit Card,Completed,2024-07-04
17751,17751,COD,Completed,2024-05-24
17752,17752,Credit Card,Completed,2023-10-29
17753,17753,Debit Card,Completed,2024-02-06
17754,17754,Credit Card,Completed,2025-04-08
17755,17755,COD,Completed,2025-02-28
17756,17756,Credit Card,Completed,2023-04-10
17757,17757,UPI,Completed,2024-05-22
17758,17758,Credit Card,Completed,2023-07-29
17759,17759,Debit Card,Completed,2023-05-26
17760,17760,Credit Card,Completed,2025-02-14
17761,17761,Credit Card,Completed,2025-05-26
17762,17762,Debit Card,Completed,2023-08-31
17763,17763,Credit Card,Completed,2024-11-21
17764,17764,Debit Card,Completed,2024-01-19
17765,17765,Wallet,Completed,2024-06-09
17766,17766,Credit Card,Completed,2024-05-13
17767,17767,COD,Completed,2024-12-07
17768,17768,COD,Completed,2025-03-18
17769,17769,Net Banking,Completed,2025-03-19
17770,17770,Net Banking,Completed,2024-08-29
17771,17771,Credit Card,Completed,2025-06-10
17772,17772,Credit Card,Completed,2023-07-23
17773,17773,COD,Completed,2024-06-02
17774,17774,COD,Completed,2025-04-03
17775,17775,Wallet,Completed,2025-02-09
17776,17776,Debit Card,Completed,2024-10-23
17777,17777,COD,Completed,2025-05-24
17778,17778,Net Banking,Completed,2023-07-06
17779,17779,Net Banking,Completed,2025-05-16
17780,17780,Debit Card,Completed,2023-02-18
17781,17781,Net Banking,Completed,2024-12-29
17782,17782,Wallet,Completed,2024-05-11
17783,17783,Debit Card,Completed,2025-03-24
17784,17784,Wallet,Completed,2024-01-28
17785,17785,COD,Completed,2023-03-25
17786,17786,Debit Card,Refunded,2024-07-03
17787,17787,Credit Card,Completed,2023-10-15
17788,17788,Net Banking,Completed,2024-03-19
17789,17789,Wallet,Completed,2023-11-02
17790,17790,Net Banking,Completed,2024-06-14
17791,17791,Debit Card,Completed,2024-11-26
17792,17792,Net Banking,Completed,2024-07-16
17793,17793,COD,Completed,2023-07-15
17794,17794,Wallet,Completed,2024-04-22
17795,17795,Net Banking,Completed,2023-07-14
17796,17796,Wallet,Completed,2024-06-29
17797,17797,Credit Card,Completed,2024-05-30
17798,17798,Debit Card,Completed,2024-07-08
17799,17799,Debit Card,Completed,2024-06-17
17800,17800,Net Banking,Completed,2024-11-15
17801,17801,Debit Card,Completed,2023-08-17
17802,17802,Credit Card,Completed,2024-12-20
17803,17803,Net Banking,Completed,2024-06-08
17804,17804,Net Banking,Completed,2023-11-15
17805,17805,COD,Completed,2024-02-26
17806,17806,Net Banking,Completed,2023-05-25
17807,17807,COD,Completed,2023-09-14
17808,17808,Net Banking,Refunded,2023-03-31
17809,17809,UPI,Completed,2023-04-24
17810,17810,Net Banking,Completed,2024-03-20
17811,17811,Debit Card,Completed,2025-03-25
17812,17812,UPI,Completed,2023-04-30
17813,17813,COD,Completed,2023-12-15
17814,17814,UPI,Completed,2023-06-21
17815,17815,Wallet,Completed,2024-12-08
17816,17816,Credit Card,Completed,2025-04-05
17817,17817,Wallet,Completed,2023-08-18
17818,17818,COD,Completed,2023-12-20
17819,17819,UPI,Completed,2023-08-29
17820,17820,Debit Card,Completed,2024-02-01
17821,17821,Net Banking,Completed,2024-09-29
17822,17822,Credit Card,Completed,2025-01-29
17823,17823,COD,Completed,2024-03-15
17824,17824,Wallet,Completed,2025-06-16
17825,17825,Net Banking,Completed,2023-11-18
17826,17826,Wallet,Completed,2024-03-15
17827,17827,UPI,Completed,2025-04-27
17828,17828,Debit Card,Completed,2023-08-31
17829,17829,Wallet,Completed,2024-04-29
17830,17830,UPI,Completed,2023-03-30
17831,17831,COD,Completed,2024-10-22
17832,17832,Debit Card,Completed,2023-08-28
17833,17833,Wallet,Completed,2024-12-12
17834,17834,UPI,Completed,2024-02-25
17835,17835,Credit Card,Completed,2023-01-23
17836,17836,Net Banking,Completed,2024-07-23
17837,17837,Wallet,Completed,2023-10-24
17838,17838,Debit Card,Completed,2025-05-25
17839,17839,UPI,Completed,2023-12-07
17840,17840,Debit Card,Completed,2024-11-16
17841,17841,Credit Card,Completed,2025-05-05
17842,17842,Debit Card,Completed,2024-10-07
17843,17843,UPI,Completed,2024-11-09
17844,17844,UPI,Completed,2025-01-05
17845,17845,Wallet,Completed,2024-05-04
17846,17846,UPI,Refunded,2025-04-21
17847,17847,Wallet,Completed,2023-12-28
17848,17848,UPI,Completed,2024-11-22
17849,17849,Debit Card,Completed,2024-12-24
17850,17850,Debit Card,Completed,2024-01-09
17851,17851,Net Banking,Completed,2025-05-19
17852,17852,UPI,Completed,2024-09-10
17853,17853,Wallet,Completed,2025-04-23
17854,17854,UPI,Completed,2024-10-10
17855,17855,UPI,Completed,2023-10-11
17856,17856,Wallet,Completed,2023-01-16
17857,17857,Wallet,Completed,2024-12-04
17858,17858,Credit Card,Completed,2024-05-08
17859,17859,COD,Completed,2024-07-17
17860,17860,Net Banking,Completed,2023-04-21
17861,17861,Wallet,Completed,2024-11-24
17862,17862,UPI,Completed,2023-07-19
17863,17863,UPI,Completed,2024-11-02
17864,17864,Wallet,Completed,2025-05-13
17865,17865,Net Banking,Completed,2024-09-28
17866,17866,COD,Completed,2024-12-08
17867,17867,Debit Card,Completed,2024-04-28
17868,17868,Debit Card,Completed,2023-12-17
17869,17869,COD,Completed,2025-02-28
17870,17870,Debit Card,Completed,2024-11-19
17871,17871,Net Banking,Completed,2023-01-03
17872,17872,Net Banking,Completed,2024-03-19
17873,17873,Credit Card,Completed,2025-02-03
17874,17874,Credit Card,Completed,2024-11-14
17875,17875,UPI,Completed,2024-03-19
17876,17876,COD,Completed,2024-09-19
17877,17877,Wallet,Completed,2024-10-24
17878,17878,Net Banking,Completed,2024-07-24
17879,17879,UPI,Completed,2023-03-01
17880,17880,UPI,Completed,2024-08-29
17881,17881,Debit Card,Completed,2023-04-02
17882,17882,Net Banking,Refunded,2024-12-30
17883,17883,Debit Card,Completed,2024-07-11
17884,17884,Credit Card,Completed,2024-08-11
17885,17885,Credit Card,Completed,2024-07-06
17886,17886,Credit Card,Completed,2024-09-07
17887,17887,Credit Card,Completed,2023-05-25
17888,17888,Net Banking,Completed,2024-01-12
17889,17889,Wallet,Refunded,2024-09-15
17890,17890,UPI,Completed,2023-01-09
17891,17891,Credit Card,Completed,2024-09-23
17892,17892,Wallet,Completed,2024-09-20
17893,17893,Credit Card,Completed,2024-02-29
17894,17894,COD,Completed,2024-06-04
17895,17895,Wallet,Completed,2024-08-22
17896,17896,Debit Card,Completed,2024-08-17
17897,17897,Net Banking,Completed,2023-01-13
17898,17898,UPI,Completed,2024-01-25
17899,17899,COD,Completed,2024-09-20
17900,17900,COD,Completed,2023-07-29
17901,17901,Credit Card,Completed,2024-05-14
17902,17902,UPI,Completed,2025-05-17
17903,17903,Credit Card,Completed,2024-12-04
17904,17904,Debit Card,Completed,2023-07-15
17905,17905,UPI,Completed,2024-12-24
17906,17906,Net Banking,Completed,2025-04-26
17907,17907,Net Banking,Completed,2023-12-23
17908,17908,Wallet,Completed,2023-04-22
17909,17909,COD,Completed,2025-02-26
17910,17910,COD,Completed,2023-02-25
17911,17911,COD,Completed,2024-03-16
17912,17912,Credit Card,Completed,2024-06-21
17913,17913,Net Banking,Completed,2024-01-08
17914,17914,UPI,Completed,2025-06-04
17915,17915,COD,Completed,2023-03-03
17916,17916,Net Banking,Completed,2024-05-29
17917,17917,Credit Card,Completed,2024-09-14
17918,17918,UPI,Completed,2023-06-25
17919,17919,Net Banking,Completed,2024-02-25
17920,17920,Credit Card,Completed,2024-12-22
17921,17921,Debit Card,Completed,2025-03-30
17922,17922,Net Banking,Completed,2023-07-27
17923,17923,Wallet,Completed,2024-05-02
17924,17924,Wallet,Completed,2024-04-21
17925,17925,Credit Card,Completed,2024-05-01
17926,17926,Credit Card,Completed,2024-04-03
17927,17927,Debit Card,Completed,2025-03-27
17928,17928,Net Banking,Completed,2024-08-25
17929,17929,Debit Card,Completed,2024-11-04
17930,17930,COD,Completed,2024-08-15
17931,17931,Credit Card,Completed,2025-05-13
17932,17932,Debit Card,Refunded,2024-04-24
17933,17933,Net Banking,Completed,2025-05-18
17934,17934,Credit Card,Refunded,2025-01-14
17935,17935,Credit Card,Completed,2023-10-08
17936,17936,Credit Card,Completed,2023-01-04
17937,17937,Wallet,Completed,2023-01-14
17938,17938,Net Banking,Completed,2023-01-23
17939,17939,Debit Card,Completed,2023-11-28
17940,17940,UPI,Completed,2023-04-17
17941,17941,Net Banking,Completed,2024-10-02
17942,17942,Net Banking,Completed,2023-03-07
17943,17943,UPI,Completed,2024-01-22
17944,17944,COD,Completed,2025-05-23
17945,17945,Net Banking,Completed,2023-07-23
17946,17946,Wallet,Completed,2024-03-11
17947,17947,UPI,Completed,2024-02-01
17948,17948,Net Banking,Completed,2023-11-20
17949,17949,Debit Card,Completed,2024-08-24
17950,17950,Credit Card,Completed,2023-08-25
17951,17951,Debit Card,Completed,2023-05-10
17952,17952,Wallet,Completed,2023-07-21
17953,17953,Net Banking,Completed,2023-06-19
17954,17954,Credit Card,Completed,2023-07-16
17955,17955,Credit Card,Completed,2023-07-21
17956,17956,COD,Completed,2024-10-27
17957,17957,Net Banking,Completed,2023-10-18
17958,17958,COD,Completed,2024-03-31
17959,17959,COD,Completed,2023-10-30
17960,17960,Net Banking,Completed,2024-07-04
17961,17961,UPI,Refunded,2024-03-18
17962,17962,COD,Completed,2025-05-07
17963,17963,UPI,Refunded,2023-06-16
17964,17964,Debit Card,Completed,2024-10-18
17965,17965,Net Banking,Completed,2024-03-07
17966,17966,COD,Completed,2023-09-01
17967,17967,UPI,Completed,2023-01-27
17968,17968,Net Banking,Completed,2025-04-19
17969,17969,UPI,Completed,2024-02-23
17970,17970,COD,Completed,2023-03-26
17971,17971,COD,Completed,2024-06-29
17972,17972,Debit Card,Completed,2023-11-18
17973,17973,Debit Card,Completed,2024-08-06
17974,17974,Debit Card,Completed,2024-09-25
17975,17975,Wallet,Completed,2023-12-03
17976,17976,UPI,Completed,2024-12-21
17977,17977,Net Banking,Completed,2024-03-25
17978,17978,Credit Card,Completed,2024-09-09
17979,17979,Net Banking,Completed,2024-10-28
17980,17980,Net Banking,Completed,2023-08-19
17981,17981,Net Banking,Completed,2025-05-18
17982,17982,COD,Completed,2023-09-27
17983,17983,Wallet,Completed,2023-06-27
17984,17984,Credit Card,Completed,2023-08-13
17985,17985,Net Banking,Completed,2025-03-30
17986,17986,COD,Completed,2024-06-13
17987,17987,Credit Card,Completed,2023-09-30
17988,17988,Debit Card,Completed,2024-09-13
17989,17989,UPI,Completed,2024-06-08
17990,17990,UPI,Completed,2023-01-07
17991,17991,COD,Completed,2025-05-20
17992,17992,UPI,Completed,2023-09-27
17993,17993,Net Banking,Refunded,2023-04-18
17994,17994,Wallet,Completed,2024-09-02
17995,17995,Net Banking,Completed,2023-10-31
17996,17996,Credit Card,Refunded,2023-03-16
17997,17997,Wallet,Completed,2024-12-14
17998,17998,COD,Completed,2023-03-03
17999,17999,Net Banking,Completed,2024-03-21
18000,18000,COD,Completed,2024-06-22
18001,18001,Wallet,Completed,2023-05-08
18002,18002,Credit Card,Completed,2024-05-22
18003,18003,Credit Card,Completed,2025-01-05
18004,18004,Net Banking,Completed,2024-06-19
18005,18005,Net Banking,Completed,2024-07-12
18006,18006,Debit Card,Completed,2025-01-05
18007,18007,Net Banking,Completed,2023-11-01
18008,18008,Net Banking,Completed,2024-06-23
18009,18009,Credit Card,Completed,2024-06-07
18010,18010,Net Banking,Completed,2024-12-11
18011,18011,UPI,Completed,2024-07-29
18012,18012,Wallet,Completed,2024-12-07
18013,18013,Wallet,Completed,2024-12-03
18014,18014,Debit Card,Completed,2023-12-22
18015,18015,Debit Card,Completed,2024-08-31
18016,18016,Debit Card,Completed,2024-12-30
18017,18017,Credit Card,Completed,2025-02-14
18018,18018,Credit Card,Completed,2023-02-13
18019,18019,COD,Completed,2023-08-27
18020,18020,Wallet,Completed,2024-08-14
18021,18021,COD,Completed,2024-03-10
18022,18022,Debit Card,Completed,2024-03-11
18023,18023,Debit Card,Completed,2023-12-05
18024,18024,Net Banking,Completed,2023-09-21
18025,18025,Debit Card,Completed,2024-12-01
18026,18026,Credit Card,Completed,2023-08-06
18027,18027,Credit Card,Completed,2023-03-05
18028,18028,Debit Card,Completed,2023-12-18
18029,18029,Wallet,Completed,2024-02-14
18030,18030,Credit Card,Completed,2024-07-31
18031,18031,Wallet,Completed,2023-10-06
18032,18032,UPI,Completed,2025-01-31
18033,18033,UPI,Completed,2023-01-25
18034,18034,Credit Card,Completed,2024-11-26
18035,18035,COD,Completed,2024-06-02
18036,18036,COD,Completed,2023-12-17
18037,18037,Credit Card,Completed,2023-09-18
18038,18038,UPI,Completed,2023-04-11
18039,18039,Debit Card,Completed,2023-11-12
18040,18040,Wallet,Completed,2024-10-29
18041,18041,Credit Card,Completed,2024-07-19
18042,18042,Wallet,Refunded,2024-08-01
18043,18043,Net Banking,Completed,2023-07-14
18044,18044,UPI,Completed,2023-01-12
18045,18045,Net Banking,Completed,2024-11-07
18046,18046,Debit Card,Completed,2023-12-03
18047,18047,COD,Completed,2023-11-26
18048,18048,COD,Completed,2025-06-15
18049,18049,Wallet,Completed,2023-01-08
18050,18050,Debit Card,Completed,2023-12-19
18051,18051,Credit Card,Completed,2024-05-10
18052,18052,UPI,Completed,2024-07-31
18053,18053,Net Banking,Completed,2024-11-22
18054,18054,COD,Completed,2024-05-30
18055,18055,COD,Completed,2023-03-27
18056,18056,Credit Card,Completed,2023-01-16
18057,18057,Wallet,Completed,2024-11-22
18058,18058,UPI,Completed,2023-04-12
18059,18059,Wallet,Completed,2023-01-09
18060,18060,COD,Completed,2024-05-25
18061,18061,Credit Card,Completed,2023-03-06
18062,18062,UPI,Completed,2023-04-17
18063,18063,UPI,Completed,2023-09-22
18064,18064,UPI,Completed,2023-10-06
18065,18065,Credit Card,Completed,2023-12-27
18066,18066,Wallet,Completed,2023-08-24
18067,18067,Net Banking,Completed,2024-07-26
18068,18068,Credit Card,Completed,2024-11-05
18069,18069,Wallet,Completed,2025-02-03
18070,18070,COD,Completed,2024-06-11
18071,18071,Debit Card,Completed,2024-11-14
18072,18072,Net Banking,Completed,2024-03-16
18073,18073,Debit Card,Completed,2023-12-15
18074,18074,Net Banking,Completed,2024-08-30
18075,18075,Wallet,Completed,2025-01-20
18076,18076,Wallet,Completed,2023-12-02
18077,18077,Net Banking,Completed,2025-06-13
18078,18078,COD,Completed,2023-11-15
18079,18079,Wallet,Completed,2023-04-28
18080,18080,Net Banking,Completed,2023-05-18
18081,18081,COD,Completed,2023-01-17
18082,18082,Net Banking,Completed,2025-03-05
18083,18083,Net Banking,Refunded,2023-12-08
18084,18084,UPI,Completed,2024-12-14
18085,18085,COD,Completed,2023-06-16
18086,18086,Wallet,Refunded,2023-08-02
18087,18087,UPI,Completed,2024-03-15
18088,18088,Credit Card,Completed,2024-10-19
18089,18089,COD,Completed,2023-11-06
18090,18090,Credit Card,Completed,2023-04-27
18091,18091,Debit Card,Completed,2023-10-05
18092,18092,Net Banking,Completed,2024-01-16
18093,18093,Debit Card,Completed,2023-06-28
18094,18094,Debit Card,Completed,2024-07-19
18095,18095,Wallet,Completed,2023-02-16
18096,18096,Wallet,Completed,2023-09-21
18097,18097,Wallet,Completed,2023-09-05
18098,18098,Credit Card,Completed,2024-05-24
18099,18099,Wallet,Completed,2023-12-07
18100,18100,Wallet,Completed,2025-02-17
18101,18101,Credit Card,Completed,2024-12-17
18102,18102,UPI,Completed,2023-10-19
18103,18103,Net Banking,Completed,2024-04-21
18104,18104,Debit Card,Completed,2024-10-17
18105,18105,UPI,Completed,2023-07-23
18106,18106,Net Banking,Completed,2023-09-05
18107,18107,Credit Card,Refunded,2024-10-23
18108,18108,Debit Card,Completed,2024-12-28
18109,18109,Credit Card,Completed,2024-02-27
18110,18110,UPI,Completed,2024-09-16
18111,18111,UPI,Completed,2024-04-04
18112,18112,Wallet,Completed,2023-01-03
18113,18113,Wallet,Completed,2023-06-22
18114,18114,UPI,Completed,2023-03-19
18115,18115,Debit Card,Completed,2025-03-02
18116,18116,UPI,Refunded,2024-10-05
18117,18117,Wallet,Completed,2023-08-06
18118,18118,Wallet,Completed,2023-08-23
18119,18119,COD,Refunded,2025-01-17
18120,18120,Credit Card,Completed,2023-02-04
18121,18121,UPI,Completed,2024-10-27
18122,18122,Debit Card,Completed,2023-10-26
18123,18123,Credit Card,Completed,2024-08-18
18124,18124,Credit Card,Completed,2025-01-30
18125,18125,Debit Card,Completed,2023-05-04
18126,18126,Debit Card,Completed,2024-10-17
18127,18127,Credit Card,Completed,2023-02-28
18128,18128,COD,Completed,2024-10-11
18129,18129,Debit Card,Completed,2025-03-13
18130,18130,Debit Card,Completed,2023-08-21
18131,18131,COD,Completed,2023-11-29
18132,18132,Debit Card,Completed,2024-02-23
18133,18133,Net Banking,Completed,2023-08-20
18134,18134,Credit Card,Completed,2023-01-20
18135,18135,UPI,Completed,2024-04-03
18136,18136,Debit Card,Completed,2023-09-17
18137,18137,Credit Card,Completed,2025-01-24
18138,18138,Credit Card,Refunded,2024-10-15
18139,18139,Net Banking,Completed,2025-03-20
18140,18140,Net Banking,Completed,2024-07-20
18141,18141,Credit Card,Completed,2023-08-19
18142,18142,UPI,Completed,2024-06-27
18143,18143,Net Banking,Completed,2023-12-11
18144,18144,COD,Completed,2024-06-07
18145,18145,UPI,Completed,2024-12-19
18146,18146,Net Banking,Completed,2025-01-11
18147,18147,UPI,Completed,2024-07-12
18148,18148,COD,Completed,2024-04-11
18149,18149,Net Banking,Completed,2024-06-12
18150,18150,Wallet,Completed,2024-12-21
18151,18151,Credit Card,Completed,2023-12-24
18152,18152,COD,Completed,2023-11-12
18153,18153,Debit Card,Completed,2024-10-23
18154,18154,Credit Card,Refunded,2023-01-31
18155,18155,Debit Card,Completed,2025-02-14
18156,18156,UPI,Completed,2023-03-02
18157,18157,Net Banking,Completed,2023-11-10
18158,18158,Credit Card,Completed,2025-02-06
18159,18159,UPI,Completed,2025-03-10
18160,18160,Credit Card,Completed,2025-02-04
18161,18161,Credit Card,Completed,2023-04-02
18162,18162,Credit Card,Completed,2024-03-19
18163,18163,Credit Card,Completed,2024-08-01
18164,18164,Wallet,Refunded,2023-12-10
18165,18165,Debit Card,Completed,2023-10-08
18166,18166,COD,Completed,2024-01-02
18167,18167,Credit Card,Completed,2024-09-21
18168,18168,Debit Card,Completed,2024-11-02
18169,18169,Wallet,Completed,2024-09-27
18170,18170,Wallet,Completed,2023-08-22
18171,18171,Credit Card,Completed,2023-08-23
18172,18172,UPI,Refunded,2024-12-05
18173,18173,COD,Completed,2023-01-02
18174,18174,COD,Completed,2024-07-16
18175,18175,Wallet,Completed,2024-04-09
18176,18176,COD,Completed,2025-04-23
18177,18177,Debit Card,Completed,2024-08-08
18178,18178,Debit Card,Completed,2023-04-07
18179,18179,Net Banking,Completed,2023-06-14
18180,18180,Net Banking,Completed,2023-12-30
18181,18181,Net Banking,Completed,2024-05-16
18182,18182,Wallet,Refunded,2023-05-12
18183,18183,UPI,Completed,2024-04-01
18184,18184,Credit Card,Completed,2025-05-24
18185,18185,Wallet,Completed,2024-06-28
18186,18186,Credit Card,Completed,2023-06-01
18187,18187,Credit Card,Completed,2023-12-04
18188,18188,COD,Completed,2023-02-24
18189,18189,UPI,Completed,2025-04-18
18190,18190,Wallet,Completed,2023-03-31
18191,18191,Net Banking,Completed,2023-10-14
18192,18192,Credit Card,Completed,2024-05-22
18193,18193,UPI,Completed,2025-05-28
18194,18194,COD,Completed,2024-06-02
18195,18195,UPI,Completed,2024-07-22
18196,18196,Wallet,Completed,2024-04-10
18197,18197,COD,Completed,2023-06-16
18198,18198,COD,Completed,2023-03-08
18199,18199,Debit Card,Completed,2023-02-04
18200,18200,Debit Card,Refunded,2024-11-01
18201,18201,Credit Card,Completed,2024-10-28
18202,18202,COD,Completed,2024-02-15
18203,18203,Net Banking,Completed,2024-05-20
18204,18204,UPI,Completed,2024-08-23
18205,18205,UPI,Completed,2023-06-15
18206,18206,UPI,Completed,2024-11-22
18207,18207,COD,Completed,2023-06-15
18208,18208,Wallet,Completed,2023-10-12
18209,18209,COD,Completed,2023-11-26
18210,18210,Net Banking,Completed,2024-01-12
18211,18211,Wallet,Completed,2023-11-01
18212,18212,Wallet,Completed,2023-06-07
18213,18213,Debit Card,Completed,2024-02-15
18214,18214,Credit Card,Completed,2025-04-08
18215,18215,Debit Card,Completed,2024-03-19
18216,18216,Credit Card,Completed,2024-01-03
18217,18217,UPI,Completed,2025-06-08
18218,18218,Debit Card,Completed,2023-07-08
18219,18219,Debit Card,Completed,2025-06-09
18220,18220,COD,Completed,2025-01-17
18221,18221,Net Banking,Completed,2025-05-07
18222,18222,Credit Card,Completed,2023-09-19
18223,18223,Net Banking,Completed,2023-07-26
18224,18224,Net Banking,Completed,2024-01-19
18225,18225,Net Banking,Completed,2023-07-02
18226,18226,Credit Card,Completed,2024-06-28
18227,18227,COD,Completed,2025-06-15
18228,18228,Wallet,Completed,2023-03-29
18229,18229,UPI,Completed,2023-12-24
18230,18230,Wallet,Completed,2024-01-06
18231,18231,COD,Completed,2024-06-25
18232,18232,COD,Completed,2023-02-02
18233,18233,Wallet,Completed,2024-02-14
18234,18234,Credit Card,Completed,2023-01-31
18235,18235,Debit Card,Completed,2023-06-24
18236,18236,Credit Card,Completed,2024-11-28
18237,18237,Credit Card,Completed,2023-11-29
18238,18238,UPI,Completed,2023-04-12
18239,18239,UPI,Completed,2023-08-15
18240,18240,Net Banking,Completed,2023-12-02
18241,18241,Credit Card,Completed,2023-04-28
18242,18242,UPI,Refunded,2025-02-01
18243,18243,Debit Card,Completed,2023-10-28
18244,18244,COD,Completed,2023-10-14
18245,18245,COD,Completed,2023-04-21
18246,18246,COD,Completed,2023-02-25
18247,18247,UPI,Completed,2023-09-08
18248,18248,Net Banking,Completed,2023-03-24
18249,18249,COD,Completed,2023-03-14
18250,18250,Net Banking,Completed,2023-03-10
18251,18251,UPI,Completed,2024-12-26
18252,18252,Credit Card,Completed,2024-11-03
18253,18253,UPI,Completed,2023-08-04
18254,18254,Credit Card,Completed,2025-04-09
18255,18255,Net Banking,Completed,2023-11-21
18256,18256,UPI,Refunded,2024-03-18
18257,18257,Net Banking,Completed,2023-03-02
18258,18258,UPI,Completed,2025-06-13
18259,18259,Net Banking,Completed,2023-11-21
18260,18260,UPI,Completed,2023-03-09
18261,18261,Credit Card,Completed,2025-04-20
18262,18262,UPI,Completed,2023-05-04
18263,18263,COD,Completed,2023-09-09
18264,18264,Wallet,Completed,2024-10-09
18265,18265,Credit Card,Completed,2024-01-31
18266,18266,Debit Card,Completed,2024-07-24
18267,18267,Debit Card,Completed,2024-01-18
18268,18268,Wallet,Completed,2023-07-13
18269,18269,Wallet,Completed,2024-03-12
18270,18270,UPI,Completed,2024-09-16
18271,18271,Wallet,Completed,2025-01-24
18272,18272,Net Banking,Completed,2024-07-01
18273,18273,Wallet,Completed,2025-01-22
18274,18274,COD,Completed,2023-09-22
18275,18275,Debit Card,Completed,2023-09-24
18276,18276,Credit Card,Completed,2023-05-19
18277,18277,Credit Card,Completed,2023-08-15
18278,18278,COD,Completed,2025-01-14
18279,18279,UPI,Completed,2024-01-17
18280,18280,Credit Card,Completed,2025-05-20
18281,18281,Credit Card,Completed,2024-04-19
18282,18282,UPI,Completed,2024-07-01
18283,18283,Net Banking,Completed,2023-07-02
18284,18284,Net Banking,Completed,2023-04-05
18285,18285,COD,Completed,2023-03-07
18286,18286,Debit Card,Completed,2025-05-25
18287,18287,COD,Completed,2024-12-16
18288,18288,COD,Completed,2023-01-22
18289,18289,UPI,Refunded,2024-09-02
18290,18290,COD,Completed,2023-12-30
18291,18291,COD,Completed,2023-05-26
18292,18292,Wallet,Completed,2025-03-09
18293,18293,UPI,Completed,2023-08-02
18294,18294,UPI,Completed,2024-08-05
18295,18295,Credit Card,Completed,2024-08-16
18296,18296,COD,Completed,2023-01-07
18297,18297,COD,Completed,2025-04-21
18298,18298,Credit Card,Completed,2023-09-25
18299,18299,UPI,Completed,2023-04-27
18300,18300,UPI,Completed,2024-06-13
18301,18301,Wallet,Completed,2025-01-13
18302,18302,Wallet,Completed,2025-05-05
18303,18303,COD,Refunded,2023-12-27
18304,18304,COD,Completed,2023-09-04
18305,18305,COD,Completed,2023-02-10
18306,18306,Credit Card,Completed,2023-03-24
18307,18307,Net Banking,Completed,2023-12-20
18308,18308,COD,Completed,2023-12-02
18309,18309,Wallet,Completed,2024-08-07
18310,18310,Credit Card,Completed,2023-04-17
18311,18311,Credit Card,Completed,2023-06-22
18312,18312,Debit Card,Completed,2023-04-15
18313,18313,UPI,Completed,2023-05-02
18314,18314,Credit Card,Completed,2023-01-07
18315,18315,UPI,Completed,2025-02-17
18316,18316,COD,Completed,2024-10-14
18317,18317,UPI,Completed,2023-08-07
18318,18318,Net Banking,Completed,2023-08-13
18319,18319,COD,Completed,2025-03-31
18320,18320,Net Banking,Completed,2023-08-14
18321,18321,Credit Card,Completed,2025-05-08
18322,18322,Wallet,Completed,2024-07-05
18323,18323,COD,Completed,2024-08-06
18324,18324,Wallet,Completed,2023-10-06
18325,18325,Wallet,Completed,2024-12-09
18326,18326,UPI,Completed,2023-02-19
18327,18327,Wallet,Completed,2024-01-21
18328,18328,Credit Card,Completed,2024-02-29
18329,18329,UPI,Completed,2025-01-24
18330,18330,Net Banking,Completed,2025-04-04
18331,18331,Net Banking,Completed,2024-01-11
18332,18332,UPI,Completed,2025-05-25
18333,18333,UPI,Completed,2023-03-26
18334,18334,UPI,Completed,2023-10-07
18335,18335,Wallet,Completed,2025-06-08
18336,18336,UPI,Completed,2025-03-18
18337,18337,Debit Card,Completed,2023-06-07
18338,18338,Wallet,Completed,2024-03-21
18339,18339,UPI,Completed,2025-06-05
18340,18340,Net Banking,Completed,2025-01-23
18341,18341,Credit Card,Completed,2024-03-29
18342,18342,Credit Card,Completed,2024-01-24
18343,18343,Net Banking,Completed,2024-01-06
18344,18344,COD,Completed,2023-09-25
18345,18345,Wallet,Completed,2023-04-19
18346,18346,COD,Completed,2025-02-19
18347,18347,Debit Card,Completed,2023-08-11
18348,18348,UPI,Completed,2023-06-28
18349,18349,COD,Completed,2024-02-17
18350,18350,COD,Completed,2023-02-20
18351,18351,Wallet,Completed,2024-12-03
18352,18352,Wallet,Completed,2023-02-14
18353,18353,UPI,Completed,2023-05-30
18354,18354,Debit Card,Completed,2024-03-31
18355,18355,UPI,Completed,2023-08-29
18356,18356,Net Banking,Completed,2025-06-19
18357,18357,Net Banking,Completed,2023-03-17
18358,18358,Net Banking,Completed,2024-09-03
18359,18359,Debit Card,Completed,2024-10-05
18360,18360,Debit Card,Completed,2023-07-09
18361,18361,Wallet,Completed,2023-06-05
18362,18362,UPI,Completed,2023-01-20
18363,18363,UPI,Completed,2024-07-31
18364,18364,COD,Completed,2023-06-01
18365,18365,UPI,Completed,2023-02-06
18366,18366,COD,Completed,2023-09-06
18367,18367,Debit Card,Completed,2025-04-13
18368,18368,Wallet,Completed,2023-11-03
18369,18369,COD,Completed,2024-12-27
18370,18370,COD,Completed,2025-03-04
18371,18371,Credit Card,Completed,2024-07-10
18372,18372,Net Banking,Completed,2023-07-03
18373,18373,Net Banking,Completed,2023-03-18
18374,18374,Debit Card,Completed,2024-02-25
18375,18375,Wallet,Completed,2023-07-22
18376,18376,UPI,Completed,2024-12-11
18377,18377,Net Banking,Completed,2023-05-21
18378,18378,COD,Completed,2023-07-02
18379,18379,Wallet,Completed,2024-10-06
18380,18380,Wallet,Completed,2024-10-10
18381,18381,UPI,Completed,2024-12-19
18382,18382,Credit Card,Completed,2025-01-18
18383,18383,UPI,Completed,2024-09-21
18384,18384,Credit Card,Completed,2024-11-24
18385,18385,Debit Card,Completed,2024-06-06
18386,18386,COD,Completed,2023-06-19
18387,18387,Credit Card,Completed,2025-04-24
18388,18388,COD,Completed,2023-05-11
18389,18389,Net Banking,Completed,2023-06-13
18390,18390,Debit Card,Completed,2025-05-29
18391,18391,UPI,Completed,2023-07-19
18392,18392,COD,Completed,2025-05-16
18393,18393,COD,Completed,2023-06-30
18394,18394,COD,Completed,2025-01-18
18395,18395,Credit Card,Completed,2025-03-14
18396,18396,Debit Card,Completed,2024-05-25
18397,18397,Wallet,Completed,2023-07-10
18398,18398,Credit Card,Completed,2023-04-09
18399,18399,Net Banking,Completed,2025-03-05
18400,18400,Net Banking,Completed,2024-01-03
18401,18401,Debit Card,Completed,2023-10-26
18402,18402,Net Banking,Completed,2024-05-26
18403,18403,COD,Completed,2024-04-07
18404,18404,Wallet,Completed,2024-06-03
18405,18405,Credit Card,Completed,2025-01-27
18406,18406,Wallet,Completed,2025-01-07
18407,18407,Debit Card,Completed,2024-02-27
18408,18408,COD,Completed,2024-10-10
18409,18409,COD,Completed,2023-10-04
18410,18410,Debit Card,Completed,2024-05-26
18411,18411,Debit Card,Completed,2024-02-13
18412,18412,Net Banking,Completed,2025-04-05
18413,18413,Credit Card,Completed,2025-03-14
18414,18414,Debit Card,Completed,2025-04-06
18415,18415,COD,Completed,2023-07-21
18416,18416,Wallet,Completed,2023-04-06
18417,18417,Net Banking,Completed,2023-04-02
18418,18418,COD,Completed,2023-03-14
18419,18419,Credit Card,Completed,2025-02-05
18420,18420,Net Banking,Completed,2023-10-03
18421,18421,Debit Card,Completed,2023-01-14
18422,18422,Net Banking,Completed,2023-08-08
18423,18423,UPI,Completed,2025-02-22
18424,18424,Wallet,Completed,2025-06-03
18425,18425,COD,Completed,2023-07-25
18426,18426,UPI,Completed,2024-02-20
18427,18427,Credit Card,Completed,2024-06-12
18428,18428,Debit Card,Completed,2023-09-24
18429,18429,Net Banking,Completed,2024-08-09
18430,18430,Credit Card,Completed,2023-09-09
18431,18431,Credit Card,Completed,2023-07-01
18432,18432,Wallet,Completed,2024-09-09
18433,18433,Credit Card,Completed,2024-02-01
18434,18434,Debit Card,Completed,2023-11-04
18435,18435,UPI,Completed,2024-12-12
18436,18436,Debit Card,Completed,2024-02-16
18437,18437,Debit Card,Completed,2023-09-09
18438,18438,UPI,Completed,2025-03-15
18439,18439,Credit Card,Completed,2024-05-08
18440,18440,Wallet,Completed,2023-01-22
18441,18441,Debit Card,Completed,2023-10-26
18442,18442,COD,Completed,2024-06-21
18443,18443,Debit Card,Completed,2024-04-18
18444,18444,Debit Card,Completed,2025-06-04
18445,18445,UPI,Completed,2025-01-11
18446,18446,Net Banking,Refunded,2023-02-18
18447,18447,Net Banking,Completed,2024-08-05
18448,18448,Net Banking,Completed,2024-12-15
18449,18449,Net Banking,Completed,2025-03-17
18450,18450,Net Banking,Completed,2025-01-19
18451,18451,COD,Completed,2023-02-18
18452,18452,Net Banking,Completed,2024-01-01
18453,18453,Debit Card,Completed,2023-01-25
18454,18454,Debit Card,Completed,2024-04-20
18455,18455,UPI,Completed,2025-04-20
18456,18456,Net Banking,Completed,2024-04-11
18457,18457,COD,Completed,2023-04-20
18458,18458,Wallet,Completed,2025-05-01
18459,18459,Net Banking,Completed,2023-05-25
18460,18460,UPI,Completed,2023-10-21
18461,18461,COD,Completed,2024-12-23
18462,18462,Debit Card,Completed,2024-12-10
18463,18463,Debit Card,Completed,2023-02-25
18464,18464,UPI,Completed,2024-08-29
18465,18465,Wallet,Completed,2024-04-25
18466,18466,Wallet,Completed,2023-01-04
18467,18467,COD,Completed,2023-10-12
18468,18468,Net Banking,Completed,2023-04-08
18469,18469,Net Banking,Completed,2024-01-07
18470,18470,COD,Completed,2025-06-11
18471,18471,Net Banking,Completed,2023-08-11
18472,18472,Net Banking,Completed,2025-03-24
18473,18473,COD,Completed,2024-04-11
18474,18474,Net Banking,Refunded,2024-10-10
18475,18475,Debit Card,Completed,2023-09-15
18476,18476,Net Banking,Completed,2024-09-18
18477,18477,COD,Completed,2023-03-19
18478,18478,COD,Completed,2023-03-20
18479,18479,Wallet,Completed,2023-09-18
18480,18480,UPI,Completed,2024-01-13
18481,18481,Debit Card,Completed,2025-05-06
18482,18482,Credit Card,Completed,2024-01-23
18483,18483,Credit Card,Completed,2024-09-02
18484,18484,Wallet,Completed,2024-09-02
18485,18485,UPI,Completed,2023-07-23
18486,18486,Wallet,Completed,2024-01-30
18487,18487,Wallet,Completed,2023-03-30
18488,18488,Wallet,Completed,2024-06-28
18489,18489,Credit Card,Completed,2024-08-01
18490,18490,Debit Card,Completed,2023-10-01
18491,18491,Wallet,Completed,2024-05-30
18492,18492,Credit Card,Completed,2025-06-16
18493,18493,UPI,Completed,2024-12-31
18494,18494,Debit Card,Completed,2025-01-06
18495,18495,Net Banking,Completed,2025-01-20
18496,18496,Credit Card,Completed,2025-05-27
18497,18497,COD,Completed,2024-04-30
18498,18498,Credit Card,Completed,2024-11-29
18499,18499,COD,Completed,2024-04-11
18500,18500,UPI,Completed,2025-04-27
18501,18501,Credit Card,Completed,2023-07-21
18502,18502,Credit Card,Completed,2023-05-02
18503,18503,Wallet,Refunded,2025-06-14
18504,18504,Wallet,Completed,2023-08-02
18505,18505,Debit Card,Completed,2024-10-02
18506,18506,Wallet,Completed,2024-02-23
18507,18507,UPI,Completed,2023-02-11
18508,18508,Net Banking,Completed,2023-08-14
18509,18509,Wallet,Completed,2024-08-15
18510,18510,Wallet,Completed,2024-05-28
18511,18511,Debit Card,Completed,2023-11-10
18512,18512,COD,Completed,2023-10-03
18513,18513,Net Banking,Completed,2023-02-06
18514,18514,UPI,Completed,2024-09-29
18515,18515,Wallet,Completed,2023-04-08
18516,18516,COD,Completed,2023-06-30
18517,18517,Net Banking,Completed,2023-03-28
18518,18518,Net Banking,Completed,2024-12-19
18519,18519,COD,Completed,2024-06-09
18520,18520,UPI,Completed,2025-01-15
18521,18521,UPI,Completed,2023-12-22
18522,18522,Credit Card,Completed,2024-10-09
18523,18523,COD,Completed,2024-12-11
18524,18524,Wallet,Completed,2023-10-30
18525,18525,Wallet,Completed,2024-08-22
18526,18526,Credit Card,Completed,2023-11-19
18527,18527,Net Banking,Completed,2023-01-04
18528,18528,UPI,Completed,2023-04-10
18529,18529,Debit Card,Completed,2025-04-14
18530,18530,Wallet,Completed,2023-05-30
18531,18531,Debit Card,Completed,2025-05-31
18532,18532,Debit Card,Completed,2024-09-29
18533,18533,COD,Completed,2023-06-07
18534,18534,UPI,Completed,2024-09-30
18535,18535,Credit Card,Completed,2024-09-17
18536,18536,Wallet,Completed,2024-09-22
18537,18537,Debit Card,Completed,2023-03-14
18538,18538,COD,Completed,2025-03-29
18539,18539,UPI,Completed,2024-03-20
18540,18540,Net Banking,Completed,2024-05-03
18541,18541,Debit Card,Completed,2023-04-18
18542,18542,Wallet,Completed,2024-10-17
18543,18543,Debit Card,Completed,2024-01-30
18544,18544,Credit Card,Completed,2024-10-27
18545,18545,Credit Card,Completed,2024-12-04
18546,18546,Wallet,Completed,2023-10-22
18547,18547,COD,Completed,2024-09-24
18548,18548,UPI,Refunded,2024-02-02
18549,18549,COD,Completed,2023-03-14
18550,18550,UPI,Completed,2023-06-02
18551,18551,UPI,Completed,2024-04-25
18552,18552,COD,Completed,2024-04-14
18553,18553,Wallet,Completed,2024-07-01
18554,18554,Debit Card,Completed,2024-10-13
18555,18555,Debit Card,Completed,2023-07-22
18556,18556,Wallet,Completed,2025-03-29
18557,18557,COD,Completed,2023-03-20
18558,18558,Credit Card,Completed,2025-01-27
18559,18559,Credit Card,Completed,2024-10-16
18560,18560,COD,Completed,2024-04-07
18561,18561,UPI,Completed,2023-01-17
18562,18562,Wallet,Completed,2023-03-31
18563,18563,Debit Card,Completed,2023-03-16
18564,18564,UPI,Completed,2023-08-15
18565,18565,COD,Completed,2024-09-15
18566,18566,Debit Card,Completed,2025-04-23
18567,18567,UPI,Completed,2023-01-20
18568,18568,Debit Card,Completed,2025-05-08
18569,18569,Credit Card,Completed,2023-06-04
18570,18570,UPI,Completed,2024-04-26
18571,18571,Credit Card,Completed,2023-04-27
18572,18572,Net Banking,Completed,2024-03-05
18573,18573,Credit Card,Completed,2025-05-07
18574,18574,Net Banking,Completed,2024-11-17
18575,18575,Wallet,Completed,2025-03-21
18576,18576,Credit Card,Completed,2023-07-30
18577,18577,Credit Card,Completed,2025-01-01
18578,18578,COD,Completed,2024-09-26
18579,18579,Credit Card,Completed,2024-04-24
18580,18580,Debit Card,Completed,2023-07-07
18581,18581,UPI,Completed,2023-02-08
18582,18582,Debit Card,Refunded,2025-05-30
18583,18583,Credit Card,Completed,2024-09-08
18584,18584,Net Banking,Completed,2024-01-15
18585,18585,Credit Card,Completed,2024-07-01
18586,18586,COD,Completed,2023-01-07
18587,18587,Debit Card,Completed,2024-09-14
18588,18588,Wallet,Completed,2023-11-09
18589,18589,Net Banking,Completed,2024-07-23
18590,18590,Credit Card,Completed,2023-09-05
18591,18591,Wallet,Completed,2024-07-26
18592,18592,COD,Completed,2023-08-11
18593,18593,COD,Completed,2023-11-29
18594,18594,Credit Card,Completed,2024-03-14
18595,18595,UPI,Completed,2023-04-24
18596,18596,COD,Completed,2023-03-08
18597,18597,Net Banking,Completed,2024-06-25
18598,18598,UPI,Completed,2025-05-29
18599,18599,Net Banking,Completed,2024-05-12
18600,18600,Debit Card,Completed,2023-07-13
18601,18601,Credit Card,Completed,2024-09-03
18602,18602,UPI,Refunded,2024-08-25
18603,18603,Wallet,Completed,2024-01-12
18604,18604,Net Banking,Completed,2025-02-03
18605,18605,UPI,Completed,2023-03-11
18606,18606,Wallet,Completed,2024-11-02
18607,18607,Net Banking,Completed,2025-04-05
18608,18608,Debit Card,Completed,2025-04-11
18609,18609,COD,Completed,2024-04-05
18610,18610,Net Banking,Completed,2024-04-23
18611,18611,UPI,Completed,2024-05-09
18612,18612,Debit Card,Completed,2025-04-24
18613,18613,Credit Card,Completed,2025-02-04
18614,18614,COD,Completed,2024-11-18
18615,18615,COD,Completed,2024-10-04
18616,18616,COD,Completed,2023-04-08
18617,18617,Net Banking,Completed,2025-04-13
18618,18618,Net Banking,Completed,2024-12-02
18619,18619,Wallet,Completed,2023-01-29
18620,18620,UPI,Completed,2024-10-01
18621,18621,COD,Completed,2024-12-29
18622,18622,Net Banking,Completed,2023-04-06
18623,18623,Debit Card,Completed,2025-03-16
18624,18624,Wallet,Completed,2024-06-17
18625,18625,Wallet,Completed,2023-12-08
18626,18626,COD,Completed,2024-03-09
18627,18627,Net Banking,Completed,2024-02-01
18628,18628,UPI,Completed,2023-06-14
18629,18629,COD,Completed,2024-06-20
18630,18630,COD,Completed,2023-01-19
18631,18631,Debit Card,Completed,2025-01-10
18632,18632,Net Banking,Completed,2023-01-05
18633,18633,COD,Completed,2024-05-15
18634,18634,COD,Completed,2024-06-26
18635,18635,Debit Card,Completed,2025-04-03
18636,18636,UPI,Completed,2023-10-24
18637,18637,COD,Completed,2024-12-02
18638,18638,Credit Card,Completed,2024-01-02
18639,18639,Credit Card,Completed,2024-06-12
18640,18640,Wallet,Completed,2023-02-27
18641,18641,COD,Completed,2023-06-11
18642,18642,COD,Refunded,2024-12-21
18643,18643,COD,Completed,2025-03-29
18644,18644,UPI,Completed,2025-05-11
18645,18645,Wallet,Completed,2024-12-20
18646,18646,Debit Card,Completed,2023-05-07
18647,18647,Debit Card,Completed,2025-03-17
18648,18648,Debit Card,Completed,2025-05-01
18649,18649,Wallet,Completed,2023-08-28
18650,18650,Net Banking,Completed,2023-07-09
18651,18651,COD,Refunded,2023-07-08
18652,18652,Credit Card,Completed,2023-05-28
18653,18653,Credit Card,Completed,2024-12-02
18654,18654,Wallet,Completed,2024-02-09
18655,18655,COD,Completed,2023-09-04
18656,18656,UPI,Completed,2023-08-06
18657,18657,Net Banking,Completed,2023-01-27
18658,18658,COD,Completed,2025-05-25
18659,18659,Net Banking,Completed,2023-01-10
18660,18660,COD,Completed,2024-09-21
18661,18661,UPI,Completed,2025-02-14
18662,18662,Debit Card,Completed,2024-01-13
18663,18663,COD,Completed,2024-05-18
18664,18664,UPI,Refunded,2024-11-04
18665,18665,Net Banking,Completed,2023-12-11
18666,18666,Net Banking,Completed,2023-02-01
18667,18667,Debit Card,Completed,2024-10-25
18668,18668,Wallet,Completed,2023-08-06
18669,18669,Wallet,Completed,2023-12-31
18670,18670,Wallet,Completed,2025-04-26
18671,18671,UPI,Completed,2024-03-11
18672,18672,COD,Completed,2025-06-15
18673,18673,Credit Card,Completed,2023-10-04
18674,18674,UPI,Completed,2024-09-08
18675,18675,COD,Completed,2023-04-24
18676,18676,UPI,Completed,2024-07-17
18677,18677,COD,Completed,2023-07-10
18678,18678,UPI,Completed,2024-02-21
18679,18679,Debit Card,Completed,2025-04-17
18680,18680,COD,Completed,2025-02-28
18681,18681,Credit Card,Completed,2024-01-16
18682,18682,Wallet,Completed,2025-01-10
18683,18683,COD,Completed,2023-01-31
18684,18684,Wallet,Completed,2025-04-01
18685,18685,UPI,Refunded,2024-12-26
18686,18686,Credit Card,Completed,2024-07-01
18687,18687,Debit Card,Completed,2024-10-31
18688,18688,Net Banking,Completed,2023-12-07
18689,18689,Wallet,Completed,2023-02-15
18690,18690,Debit Card,Completed,2024-04-21
18691,18691,Credit Card,Completed,2024-04-12
18692,18692,Credit Card,Completed,2025-01-01
18693,18693,Net Banking,Completed,2024-07-23
18694,18694,COD,Completed,2025-01-01
18695,18695,Net Banking,Completed,2023-04-06
18696,18696,Net Banking,Completed,2025-03-09
18697,18697,Wallet,Completed,2024-09-19
18698,18698,Net Banking,Completed,2025-02-05
18699,18699,UPI,Completed,2024-02-23
18700,18700,Credit Card,Completed,2023-07-12
18701,18701,Debit Card,Completed,2023-04-10
18702,18702,UPI,Completed,2023-09-04
18703,18703,Credit Card,Completed,2025-06-02
18704,18704,Net Banking,Completed,2025-06-12
18705,18705,Credit Card,Completed,2023-06-07
18706,18706,Credit Card,Completed,2023-04-02
18707,18707,UPI,Completed,2024-05-09
18708,18708,UPI,Completed,2024-10-31
18709,18709,Credit Card,Completed,2023-03-08
18710,18710,UPI,Completed,2024-01-01
18711,18711,Credit Card,Completed,2024-09-17
18712,18712,Debit Card,Completed,2023-06-13
18713,18713,Net Banking,Completed,2024-10-20
18714,18714,Net Banking,Completed,2025-01-06
18715,18715,Debit Card,Completed,2025-04-20
18716,18716,Net Banking,Completed,2025-02-25
18717,18717,COD,Completed,2025-01-19
18718,18718,Net Banking,Completed,2025-04-20
18719,18719,Wallet,Completed,2023-05-12
18720,18720,Wallet,Completed,2023-06-04
18721,18721,Debit Card,Completed,2023-11-17
18722,18722,Net Banking,Completed,2024-05-10
18723,18723,Credit Card,Completed,2023-08-15
18724,18724,Net Banking,Completed,2025-03-19
18725,18725,COD,Completed,2024-01-13
18726,18726,UPI,Completed,2025-03-25
18727,18727,Credit Card,Completed,2023-12-15
18728,18728,COD,Completed,2025-03-25
18729,18729,Wallet,Completed,2023-02-04
18730,18730,Wallet,Completed,2023-08-14
18731,18731,Credit Card,Completed,2024-06-19
18732,18732,COD,Completed,2023-09-19
18733,18733,COD,Completed,2023-09-16
18734,18734,Net Banking,Completed,2023-09-09
18735,18735,Debit Card,Completed,2025-01-19
18736,18736,UPI,Completed,2024-03-11
18737,18737,UPI,Completed,2024-08-28
18738,18738,UPI,Completed,2024-01-06
18739,18739,Debit Card,Completed,2023-05-25
18740,18740,COD,Completed,2023-04-19
18741,18741,COD,Refunded,2023-03-17
18742,18742,COD,Completed,2024-12-30
18743,18743,COD,Completed,2024-08-06
18744,18744,UPI,Completed,2025-05-28
18745,18745,UPI,Completed,2024-03-15
18746,18746,COD,Completed,2025-04-07
18747,18747,Debit Card,Completed,2024-08-31
18748,18748,Debit Card,Refunded,2023-09-03
18749,18749,Debit Card,Completed,2024-10-31
18750,18750,COD,Refunded,2023-10-04
18751,18751,Wallet,Completed,2025-05-27
18752,18752,Debit Card,Completed,2024-01-05
18753,18753,Debit Card,Completed,2024-12-07
18754,18754,Net Banking,Completed,2023-09-22
18755,18755,COD,Completed,2025-03-16
18756,18756,Credit Card,Completed,2023-01-24
18757,18757,Wallet,Completed,2025-02-20
18758,18758,COD,Completed,2023-11-18
18759,18759,Credit Card,Completed,2024-09-14
18760,18760,Net Banking,Completed,2024-01-14
18761,18761,Net Banking,Completed,2024-10-07
18762,18762,UPI,Completed,2023-07-02
18763,18763,COD,Completed,2024-04-23
18764,18764,UPI,Completed,2023-10-29
18765,18765,UPI,Completed,2024-06-24
18766,18766,Debit Card,Completed,2024-06-02
18767,18767,COD,Completed,2024-10-28
18768,18768,Credit Card,Completed,2024-08-05
18769,18769,UPI,Completed,2024-04-23
18770,18770,Credit Card,Completed,2024-05-14
18771,18771,Net Banking,Completed,2024-11-24
18772,18772,Debit Card,Completed,2023-08-25
18773,18773,Debit Card,Completed,2023-11-16
18774,18774,Debit Card,Completed,2023-10-01
18775,18775,Debit Card,Completed,2023-04-22
18776,18776,UPI,Completed,2023-09-28
18777,18777,Wallet,Completed,2023-04-03
18778,18778,Net Banking,Completed,2023-06-22
18779,18779,Credit Card,Completed,2024-12-29
18780,18780,Credit Card,Completed,2024-06-29
18781,18781,COD,Completed,2023-02-08
18782,18782,Credit Card,Completed,2023-02-11
18783,18783,Wallet,Completed,2025-03-20
18784,18784,Wallet,Completed,2025-04-15
18785,18785,Wallet,Completed,2023-05-02
18786,18786,COD,Completed,2024-12-10
18787,18787,Net Banking,Completed,2023-11-15
18788,18788,Wallet,Completed,2025-01-01
18789,18789,Credit Card,Completed,2024-10-04
18790,18790,COD,Completed,2024-06-24
18791,18791,Net Banking,Completed,2023-04-03
18792,18792,Credit Card,Completed,2023-11-16
18793,18793,Credit Card,Completed,2025-05-06
18794,18794,UPI,Completed,2025-05-14
18795,18795,Credit Card,Completed,2025-05-16
18796,18796,COD,Completed,2024-08-30
18797,18797,Debit Card,Completed,2024-10-01
18798,18798,Net Banking,Completed,2023-11-29
18799,18799,Credit Card,Completed,2023-09-01
18800,18800,Credit Card,Completed,2024-09-26
18801,18801,COD,Completed,2024-02-25
18802,18802,UPI,Completed,2025-03-19
18803,18803,Wallet,Completed,2023-12-26
18804,18804,Credit Card,Completed,2025-06-14
18805,18805,Credit Card,Refunded,2023-02-28
18806,18806,Credit Card,Completed,2023-07-07
18807,18807,Wallet,Completed,2024-05-22
18808,18808,Wallet,Completed,2023-05-07
18809,18809,UPI,Completed,2025-03-19
18810,18810,Wallet,Completed,2023-12-03
18811,18811,UPI,Completed,2025-03-10
18812,18812,Wallet,Completed,2024-04-27
18813,18813,Wallet,Completed,2024-11-03
18814,18814,Debit Card,Completed,2023-04-05
18815,18815,Wallet,Completed,2024-09-24
18816,18816,Wallet,Completed,2023-05-04
18817,18817,Wallet,Completed,2024-07-09
18818,18818,Net Banking,Completed,2024-01-14
18819,18819,COD,Completed,2023-08-29
18820,18820,Net Banking,Completed,2024-12-17
18821,18821,Net Banking,Completed,2023-02-21
18822,18822,Wallet,Completed,2025-03-02
18823,18823,Debit Card,Completed,2024-10-23
18824,18824,Credit Card,Completed,2023-10-14
18825,18825,Credit Card,Completed,2024-09-27
18826,18826,Wallet,Completed,2023-12-27
18827,18827,UPI,Completed,2024-09-13
18828,18828,COD,Completed,2024-03-18
18829,18829,Debit Card,Completed,2023-09-26
18830,18830,COD,Completed,2024-05-04
18831,18831,Net Banking,Completed,2023-09-01
18832,18832,Credit Card,Completed,2024-11-12
18833,18833,UPI,Completed,2024-12-18
18834,18834,UPI,Completed,2023-09-08
18835,18835,Debit Card,Completed,2025-01-09
18836,18836,Wallet,Completed,2024-12-31
18837,18837,Wallet,Completed,2025-05-25
18838,18838,UPI,Completed,2024-06-22
18839,18839,Credit Card,Completed,2024-04-18
18840,18840,COD,Completed,2024-03-01
18841,18841,Debit Card,Completed,2023-06-07
18842,18842,Net Banking,Completed,2024-04-01
18843,18843,COD,Completed,2023-08-11
18844,18844,Wallet,Completed,2024-10-13
18845,18845,Debit Card,Completed,2023-12-24
18846,18846,Net Banking,Completed,2025-02-19
18847,18847,Credit Card,Completed,2025-05-23
18848,18848,COD,Completed,2023-02-04
18849,18849,Wallet,Completed,2024-11-03
18850,18850,UPI,Refunded,2024-12-12
18851,18851,Wallet,Completed,2023-04-02
18852,18852,Debit Card,Completed,2023-12-01
18853,18853,Wallet,Completed,2023-06-25
18854,18854,UPI,Completed,2024-11-20
18855,18855,UPI,Completed,2024-08-01
18856,18856,Debit Card,Refunded,2025-01-04
18857,18857,UPI,Completed,2024-03-17
18858,18858,UPI,Completed,2025-02-05
18859,18859,Debit Card,Completed,2024-04-01
18860,18860,Net Banking,Completed,2025-03-02
18861,18861,COD,Completed,2023-04-27
18862,18862,Credit Card,Completed,2023-02-05
18863,18863,Net Banking,Refunded,2025-03-24
18864,18864,Wallet,Completed,2023-08-03
18865,18865,Credit Card,Completed,2023-11-30
18866,18866,Credit Card,Completed,2025-01-23
18867,18867,Credit Card,Completed,2024-11-27
18868,18868,Debit Card,Completed,2023-08-09
18869,18869,COD,Completed,2024-05-17
18870,18870,Net Banking,Completed,2023-03-03
18871,18871,Credit Card,Completed,2025-01-04
18872,18872,Debit Card,Completed,2024-01-16
18873,18873,UPI,Completed,2025-03-19
18874,18874,UPI,Completed,2024-05-21
18875,18875,Credit Card,Completed,2023-03-11
18876,18876,Credit Card,Completed,2024-07-12
18877,18877,COD,Completed,2023-09-19
18878,18878,UPI,Completed,2025-06-08
18879,18879,Wallet,Completed,2025-01-01
18880,18880,COD,Completed,2023-12-20
18881,18881,Net Banking,Completed,2024-04-22
18882,18882,Wallet,Completed,2024-12-17
18883,18883,COD,Completed,2023-09-17
18884,18884,Wallet,Completed,2024-07-15
18885,18885,Net Banking,Completed,2024-09-16
18886,18886,Wallet,Completed,2025-06-03
18887,18887,Debit Card,Completed,2024-11-22
18888,18888,Wallet,Refunded,2023-09-24
18889,18889,COD,Completed,2024-07-26
18890,18890,Wallet,Completed,2023-12-26
18891,18891,Net Banking,Completed,2024-01-13
18892,18892,Net Banking,Completed,2025-01-09
18893,18893,UPI,Completed,2023-10-26
18894,18894,UPI,Completed,2025-02-17
18895,18895,Net Banking,Completed,2024-10-09
18896,18896,UPI,Completed,2025-04-14
18897,18897,COD,Completed,2024-03-15
18898,18898,Net Banking,Completed,2023-06-21
18899,18899,UPI,Completed,2024-03-31
18900,18900,Credit Card,Completed,2024-05-02
18901,18901,Wallet,Completed,2023-02-05
18902,18902,Net Banking,Completed,2025-01-24
18903,18903,COD,Completed,2025-06-15
18904,18904,UPI,Completed,2024-02-06
18905,18905,Credit Card,Completed,2024-10-16
18906,18906,COD,Completed,2023-04-27
18907,18907,COD,Completed,2023-10-29
18908,18908,COD,Completed,2024-09-12
18909,18909,Debit Card,Completed,2023-10-26
18910,18910,UPI,Completed,2024-05-20
18911,18911,Debit Card,Completed,2025-01-27
18912,18912,COD,Completed,2023-06-30
18913,18913,Net Banking,Completed,2025-05-25
18914,18914,Net Banking,Completed,2023-09-26
18915,18915,COD,Completed,2024-03-07
18916,18916,UPI,Completed,2024-01-24
18917,18917,Debit Card,Completed,2023-03-31
18918,18918,UPI,Completed,2025-04-25
18919,18919,Debit Card,Completed,2023-09-13
18920,18920,Net Banking,Completed,2025-04-22
18921,18921,UPI,Completed,2024-03-22
18922,18922,Wallet,Completed,2024-01-04
18923,18923,UPI,Completed,2024-04-23
18924,18924,Credit Card,Completed,2023-01-03
18925,18925,COD,Completed,2025-01-03
18926,18926,Credit Card,Completed,2025-02-10
18927,18927,COD,Completed,2024-02-12
18928,18928,Wallet,Completed,2024-03-25
18929,18929,COD,Completed,2025-04-17
18930,18930,Net Banking,Completed,2023-01-03
18931,18931,COD,Completed,2024-03-05
18932,18932,Debit Card,Completed,2025-01-04
18933,18933,Wallet,Completed,2023-08-06
18934,18934,Credit Card,Completed,2025-02-06
18935,18935,Credit Card,Completed,2023-01-05
18936,18936,Debit Card,Completed,2025-05-27
18937,18937,Credit Card,Completed,2025-05-09
18938,18938,Net Banking,Completed,2024-07-27
18939,18939,UPI,Completed,2025-02-11
18940,18940,UPI,Completed,2024-12-10
18941,18941,UPI,Completed,2023-07-01
18942,18942,Wallet,Completed,2025-03-01
18943,18943,Credit Card,Completed,2024-09-08
18944,18944,Debit Card,Completed,2023-03-19
18945,18945,Wallet,Completed,2024-09-12
18946,18946,COD,Completed,2024-03-13
18947,18947,Wallet,Completed,2024-11-29
18948,18948,UPI,Completed,2023-07-27
18949,18949,Wallet,Refunded,2024-02-28
18950,18950,Credit Card,Completed,2024-06-09
18951,18951,Credit Card,Completed,2025-04-17
18952,18952,Net Banking,Completed,2025-01-26
18953,18953,Net Banking,Completed,2023-05-05
18954,18954,Credit Card,Completed,2023-05-17
18955,18955,UPI,Completed,2024-11-16
18956,18956,Credit Card,Completed,2025-03-07
18957,18957,Credit Card,Completed,2023-02-20
18958,18958,COD,Completed,2025-06-10
18959,18959,Wallet,Completed,2023-12-18
18960,18960,COD,Completed,2024-07-25
18961,18961,Debit Card,Completed,2025-01-04
18962,18962,COD,Completed,2024-02-02
18963,18963,Net Banking,Completed,2024-11-23
18964,18964,Debit Card,Completed,2024-06-04
18965,18965,Wallet,Completed,2023-07-20
18966,18966,UPI,Completed,2023-03-14
18967,18967,Credit Card,Completed,2023-10-22
18968,18968,Wallet,Completed,2023-06-16
18969,18969,UPI,Refunded,2025-05-02
18970,18970,Credit Card,Completed,2025-05-21
18971,18971,Net Banking,Refunded,2023-11-28
18972,18972,COD,Refunded,2023-10-17
18973,18973,Debit Card,Completed,2025-03-29
18974,18974,Debit Card,Completed,2024-10-15
18975,18975,COD,Completed,2024-12-28
18976,18976,COD,Completed,2023-01-12
18977,18977,Wallet,Completed,2023-05-31
18978,18978,COD,Completed,2023-10-15
18979,18979,Wallet,Completed,2023-12-25
18980,18980,UPI,Completed,2023-03-04
18981,18981,Wallet,Completed,2025-01-06
18982,18982,Debit Card,Completed,2023-12-06
18983,18983,COD,Completed,2023-01-06
18984,18984,Net Banking,Refunded,2024-03-02
18985,18985,Credit Card,Completed,2023-12-07
18986,18986,COD,Completed,2025-06-03
18987,18987,COD,Refunded,2024-11-21
18988,18988,Wallet,Refunded,2023-04-17
18989,18989,Credit Card,Completed,2023-09-22
18990,18990,COD,Completed,2023-05-04
18991,18991,Debit Card,Completed,2025-01-22
18992,18992,Credit Card,Completed,2025-02-12
18993,18993,Net Banking,Completed,2024-11-01
18994,18994,Net Banking,Completed,2023-01-31
18995,18995,Debit Card,Completed,2023-09-05
18996,18996,COD,Completed,2024-07-19
18997,18997,Net Banking,Completed,2025-03-09
18998,18998,Debit Card,Completed,2024-04-04
18999,18999,Wallet,Completed,2023-08-31
19000,19000,COD,Completed,2025-05-17
19001,19001,COD,Completed,2024-10-14
19002,19002,Wallet,Completed,2023-02-04
19003,19003,Wallet,Completed,2023-11-21
19004,19004,Debit Card,Completed,2023-09-02
19005,19005,Debit Card,Completed,2023-11-12
19006,19006,COD,Completed,2024-08-23
19007,19007,Credit Card,Completed,2023-12-25
19008,19008,UPI,Completed,2024-09-02
19009,19009,UPI,Completed,2024-10-11
19010,19010,UPI,Completed,2024-12-27
19011,19011,Debit Card,Completed,2025-01-03
19012,19012,UPI,Completed,2023-05-22
19013,19013,UPI,Completed,2023-07-24
19014,19014,Wallet,Completed,2023-11-02
19015,19015,Debit Card,Completed,2023-05-05
19016,19016,Credit Card,Completed,2023-01-31
19017,19017,UPI,Completed,2023-05-15
19018,19018,COD,Completed,2024-03-26
19019,19019,UPI,Completed,2024-12-14
19020,19020,Wallet,Completed,2024-06-06
19021,19021,Wallet,Completed,2023-01-25
19022,19022,Wallet,Completed,2024-07-12
19023,19023,Credit Card,Completed,2023-11-03
19024,19024,UPI,Completed,2023-03-08
19025,19025,Wallet,Refunded,2024-04-29
19026,19026,Net Banking,Completed,2023-12-27
19027,19027,Wallet,Completed,2024-02-27
19028,19028,Credit Card,Completed,2024-08-03
19029,19029,UPI,Completed,2023-09-12
19030,19030,Credit Card,Completed,2024-03-05
19031,19031,COD,Completed,2023-10-25
19032,19032,Net Banking,Completed,2024-01-12
19033,19033,Net Banking,Completed,2023-03-12
19034,19034,Wallet,Completed,2023-03-10
19035,19035,UPI,Refunded,2025-03-19
19036,19036,Credit Card,Completed,2024-01-08
19037,19037,COD,Completed,2023-09-21
19038,19038,Credit Card,Completed,2024-12-07
19039,19039,Credit Card,Refunded,2023-05-21
19040,19040,Wallet,Completed,2025-03-16
19041,19041,COD,Completed,2024-10-16
19042,19042,Debit Card,Completed,2025-01-20
19043,19043,UPI,Completed,2024-12-14
19044,19044,Credit Card,Completed,2024-09-25
19045,19045,Debit Card,Completed,2023-04-22
19046,19046,Wallet,Completed,2024-12-28
19047,19047,Wallet,Completed,2024-08-19
19048,19048,Wallet,Completed,2025-04-28
19049,19049,Net Banking,Completed,2023-06-26
19050,19050,Credit Card,Completed,2025-04-10
19051,19051,Net Banking,Completed,2024-05-19
19052,19052,Credit Card,Completed,2025-03-26
19053,19053,Net Banking,Completed,2024-01-11
19054,19054,Credit Card,Completed,2025-06-08
19055,19055,Wallet,Completed,2024-07-17
19056,19056,Wallet,Completed,2025-05-26
19057,19057,COD,Completed,2025-05-23
19058,19058,Debit Card,Refunded,2023-03-22
19059,19059,UPI,Completed,2025-03-25
19060,19060,COD,Completed,2024-03-02
19061,19061,UPI,Completed,2024-11-07
19062,19062,Wallet,Completed,2024-09-30
19063,19063,Debit Card,Completed,2024-10-06
19064,19064,COD,Completed,2023-09-12
19065,19065,Net Banking,Completed,2024-01-31
19066,19066,COD,Completed,2023-04-15
19067,19067,UPI,Completed,2025-03-29
19068,19068,COD,Completed,2025-06-17
19069,19069,Debit Card,Completed,2023-02-25
19070,19070,Debit Card,Completed,2023-03-06
19071,19071,Credit Card,Completed,2024-04-19
19072,19072,Wallet,Completed,2023-02-22
19073,19073,UPI,Completed,2025-05-25
19074,19074,Debit Card,Completed,2024-05-27
19075,19075,Net Banking,Completed,2025-04-20
19076,19076,UPI,Completed,2024-02-17
19077,19077,Net Banking,Completed,2025-01-18
19078,19078,Debit Card,Completed,2024-02-20
19079,19079,Debit Card,Completed,2024-10-25
19080,19080,Credit Card,Completed,2024-06-14
19081,19081,COD,Completed,2024-12-04
19082,19082,UPI,Completed,2025-05-24
19083,19083,Wallet,Completed,2024-07-29
19084,19084,Debit Card,Completed,2025-06-02
19085,19085,Net Banking,Completed,2025-04-28
19086,19086,UPI,Completed,2025-05-20
19087,19087,Credit Card,Completed,2025-02-08
19088,19088,Net Banking,Completed,2024-06-21
19089,19089,Net Banking,Completed,2024-07-28
19090,19090,COD,Completed,2024-09-11
19091,19091,Debit Card,Completed,2024-03-28
19092,19092,Credit Card,Completed,2023-12-11
19093,19093,Wallet,Completed,2024-08-13
19094,19094,Debit Card,Completed,2025-03-09
19095,19095,COD,Completed,2024-12-03
19096,19096,Net Banking,Completed,2023-05-02
19097,19097,Net Banking,Completed,2025-01-22
19098,19098,Net Banking,Completed,2025-02-24
19099,19099,Net Banking,Completed,2025-04-23
19100,19100,Credit Card,Completed,2023-12-10
19101,19101,Net Banking,Completed,2024-05-02
19102,19102,Net Banking,Completed,2023-04-04
19103,19103,Credit Card,Refunded,2025-02-18
19104,19104,Wallet,Completed,2024-02-08
19105,19105,UPI,Completed,2024-05-19
19106,19106,Credit Card,Completed,2023-01-11
19107,19107,Net Banking,Completed,2025-02-08
19108,19108,Net Banking,Completed,2025-06-07
19109,19109,Credit Card,Completed,2024-05-07
19110,19110,Debit Card,Completed,2023-09-29
19111,19111,COD,Completed,2023-12-20
19112,19112,Wallet,Completed,2024-08-01
19113,19113,COD,Completed,2023-12-07
19114,19114,Wallet,Completed,2023-12-17
19115,19115,UPI,Completed,2024-07-29
19116,19116,Debit Card,Completed,2024-06-28
19117,19117,UPI,Completed,2023-08-04
19118,19118,Wallet,Completed,2024-02-03
19119,19119,COD,Completed,2023-04-13
19120,19120,COD,Completed,2024-07-27
19121,19121,Wallet,Completed,2025-02-14
19122,19122,Wallet,Completed,2023-05-05
19123,19123,Wallet,Completed,2023-01-17
19124,19124,COD,Completed,2023-09-04
19125,19125,Debit Card,Completed,2025-04-07
19126,19126,Debit Card,Completed,2023-02-26
19127,19127,UPI,Completed,2024-07-14
19128,19128,Credit Card,Completed,2025-01-26
19129,19129,UPI,Completed,2023-12-03
19130,19130,Debit Card,Completed,2023-10-16
19131,19131,Net Banking,Completed,2024-02-13
19132,19132,UPI,Completed,2023-07-07
19133,19133,COD,Completed,2024-04-21
19134,19134,Credit Card,Completed,2024-05-09
19135,19135,Wallet,Completed,2023-10-18
19136,19136,Credit Card,Completed,2025-06-09
19137,19137,UPI,Completed,2023-05-09
19138,19138,Wallet,Completed,2023-08-07
19139,19139,Net Banking,Completed,2024-06-06
19140,19140,Credit Card,Completed,2023-09-25
19141,19141,COD,Completed,2023-10-17
19142,19142,Debit Card,Completed,2025-04-15
19143,19143,COD,Refunded,2025-03-06
19144,19144,UPI,Completed,2025-06-09
19145,19145,COD,Completed,2023-07-02
19146,19146,Debit Card,Completed,2025-04-16
19147,19147,COD,Completed,2025-05-22
19148,19148,Wallet,Refunded,2025-02-14
19149,19149,Wallet,Refunded,2023-08-03
19150,19150,Debit Card,Completed,2024-07-31
19151,19151,Credit Card,Completed,2023-09-18
19152,19152,Wallet,Completed,2024-07-06
19153,19153,Debit Card,Completed,2024-12-06
19154,19154,Wallet,Completed,2023-03-04
19155,19155,UPI,Completed,2024-03-08
19156,19156,Wallet,Completed,2024-04-22
19157,19157,COD,Completed,2023-11-26
19158,19158,Net Banking,Completed,2023-07-27
19159,19159,Debit Card,Completed,2023-02-14
19160,19160,Net Banking,Completed,2023-08-17
19161,19161,UPI,Completed,2023-10-27
19162,19162,COD,Completed,2024-08-17
19163,19163,Debit Card,Completed,2024-02-12
19164,19164,Debit Card,Completed,2025-05-01
19165,19165,Credit Card,Completed,2024-07-15
19166,19166,UPI,Completed,2024-11-14
19167,19167,Credit Card,Completed,2024-01-16
19168,19168,Wallet,Completed,2024-10-14
19169,19169,Net Banking,Completed,2023-08-05
19170,19170,UPI,Completed,2023-06-25
19171,19171,Wallet,Refunded,2025-04-02
19172,19172,Credit Card,Completed,2023-02-18
19173,19173,Debit Card,Completed,2025-03-22
19174,19174,Wallet,Completed,2023-02-11
19175,19175,Credit Card,Completed,2024-04-03
19176,19176,Credit Card,Completed,2023-07-31
19177,19177,Net Banking,Refunded,2024-07-23
19178,19178,UPI,Completed,2024-06-19
19179,19179,Credit Card,Completed,2023-05-28
19180,19180,Wallet,Completed,2023-05-13
19181,19181,Debit Card,Completed,2025-05-02
19182,19182,Credit Card,Completed,2024-02-04
19183,19183,Net Banking,Refunded,2024-06-15
19184,19184,UPI,Completed,2024-08-28
19185,19185,Wallet,Completed,2023-11-22
19186,19186,Debit Card,Completed,2023-02-16
19187,19187,UPI,Refunded,2023-12-28
19188,19188,UPI,Completed,2025-02-06
19189,19189,UPI,Completed,2024-06-26
19190,19190,Wallet,Completed,2024-06-04
19191,19191,Wallet,Completed,2025-02-27
19192,19192,UPI,Completed,2024-01-09
19193,19193,Debit Card,Completed,2025-03-14
19194,19194,Net Banking,Completed,2025-02-02
19195,19195,UPI,Completed,2025-04-24
19196,19196,UPI,Completed,2025-01-05
19197,19197,Net Banking,Completed,2025-02-22
19198,19198,COD,Completed,2024-06-25
19199,19199,Debit Card,Completed,2024-10-30
19200,19200,Credit Card,Completed,2023-09-28
19201,19201,Credit Card,Completed,2025-03-28
19202,19202,Net Banking,Completed,2023-12-13
19203,19203,Wallet,Completed,2025-01-23
19204,19204,UPI,Completed,2024-10-27
19205,19205,COD,Completed,2024-10-09
19206,19206,Credit Card,Completed,2024-12-26
19207,19207,Credit Card,Completed,2025-04-11
19208,19208,Net Banking,Completed,2023-04-30
19209,19209,Credit Card,Refunded,2023-12-07
19210,19210,Debit Card,Refunded,2023-09-22
19211,19211,COD,Completed,2025-03-09
19212,19212,COD,Completed,2024-03-09
19213,19213,Credit Card,Completed,2023-09-23
19214,19214,Credit Card,Completed,2024-03-05
19215,19215,Debit Card,Completed,2025-05-22
19216,19216,Wallet,Completed,2023-08-04
19217,19217,Credit Card,Completed,2024-04-10
19218,19218,UPI,Completed,2025-05-06
19219,19219,Credit Card,Completed,2024-10-26
19220,19220,Credit Card,Completed,2024-06-23
19221,19221,UPI,Completed,2025-03-05
19222,19222,Credit Card,Completed,2024-07-22
19223,19223,UPI,Completed,2024-05-09
19224,19224,Wallet,Refunded,2025-06-08
19225,19225,Wallet,Completed,2023-03-29
19226,19226,COD,Completed,2024-07-10
19227,19227,Net Banking,Completed,2025-05-01
19228,19228,Debit Card,Completed,2023-03-31
19229,19229,Net Banking,Completed,2023-12-09
19230,19230,COD,Completed,2024-01-18
19231,19231,Credit Card,Completed,2024-10-24
19232,19232,UPI,Completed,2023-10-05
19233,19233,UPI,Completed,2023-06-13
19234,19234,Credit Card,Completed,2024-12-05
19235,19235,UPI,Completed,2023-10-17
19236,19236,Debit Card,Completed,2023-08-01
19237,19237,Debit Card,Completed,2023-04-22
19238,19238,Debit Card,Refunded,2024-10-08
19239,19239,Wallet,Completed,2023-04-17
19240,19240,Net Banking,Completed,2023-11-23
19241,19241,Debit Card,Completed,2023-03-11
19242,19242,UPI,Completed,2024-11-14
19243,19243,UPI,Completed,2023-06-01
19244,19244,Wallet,Completed,2024-01-22
19245,19245,Credit Card,Completed,2023-02-06
19246,19246,Wallet,Completed,2024-03-20
19247,19247,UPI,Completed,2024-04-13
19248,19248,UPI,Completed,2024-06-27
19249,19249,Wallet,Completed,2023-01-21
19250,19250,Wallet,Completed,2023-05-03
19251,19251,Wallet,Completed,2024-11-02
19252,19252,Net Banking,Completed,2023-06-09
19253,19253,COD,Completed,2024-07-28
19254,19254,Wallet,Completed,2023-05-07
19255,19255,UPI,Completed,2025-01-01
19256,19256,Debit Card,Completed,2024-06-29
19257,19257,Credit Card,Completed,2024-03-26
19258,19258,UPI,Completed,2023-01-05
19259,19259,Debit Card,Completed,2023-12-05
19260,19260,COD,Completed,2023-04-10
19261,19261,UPI,Completed,2024-02-05
19262,19262,Wallet,Completed,2023-04-09
19263,19263,Net Banking,Completed,2023-05-29
19264,19264,COD,Completed,2023-01-06
19265,19265,Credit Card,Completed,2024-09-10
19266,19266,COD,Completed,2023-04-30
19267,19267,Net Banking,Completed,2024-05-12
19268,19268,COD,Completed,2023-01-13
19269,19269,Net Banking,Completed,2023-01-22
19270,19270,Net Banking,Completed,2023-04-22
19271,19271,COD,Completed,2024-09-24
19272,19272,COD,Completed,2024-12-13
19273,19273,Debit Card,Completed,2025-01-11
19274,19274,COD,Completed,2025-01-09
19275,19275,Wallet,Completed,2024-06-19
19276,19276,Net Banking,Completed,2024-01-31
19277,19277,Wallet,Completed,2024-04-05
19278,19278,Wallet,Completed,2023-05-25
19279,19279,Net Banking,Completed,2025-05-20
19280,19280,UPI,Completed,2024-04-11
19281,19281,Net Banking,Completed,2023-04-30
19282,19282,Net Banking,Refunded,2023-10-15
19283,19283,Credit Card,Refunded,2024-11-22
19284,19284,COD,Completed,2025-05-13
19285,19285,Debit Card,Completed,2025-01-28
19286,19286,UPI,Completed,2023-11-21
19287,19287,UPI,Completed,2025-01-09
19288,19288,UPI,Completed,2023-08-13
19289,19289,Credit Card,Completed,2025-06-05
19290,19290,COD,Completed,2024-01-14
19291,19291,UPI,Refunded,2023-02-13
19292,19292,COD,Refunded,2023-03-18
19293,19293,Net Banking,Completed,2023-09-30
19294,19294,Net Banking,Completed,2024-03-25
19295,19295,UPI,Completed,2023-04-17
19296,19296,Net Banking,Completed,2024-08-25
19297,19297,Credit Card,Completed,2025-02-09
19298,19298,Wallet,Completed,2024-07-26
19299,19299,UPI,Completed,2023-05-12
19300,19300,UPI,Completed,2023-03-14
19301,19301,COD,Completed,2023-08-11
19302,19302,COD,Completed,2023-05-25
19303,19303,Credit Card,Completed,2023-12-27
19304,19304,COD,Completed,2024-02-05
19305,19305,Wallet,Completed,2023-08-23
19306,19306,Credit Card,Completed,2023-10-14
19307,19307,Net Banking,Completed,2023-10-22
19308,19308,Debit Card,Completed,2023-01-18
19309,19309,UPI,Completed,2023-01-09
19310,19310,Credit Card,Completed,2023-09-09
19311,19311,COD,Completed,2025-02-09
19312,19312,Net Banking,Completed,2023-08-16
19313,19313,Debit Card,Completed,2024-05-24
19314,19314,Wallet,Completed,2024-12-29
19315,19315,Wallet,Completed,2023-08-26
19316,19316,Debit Card,Completed,2023-07-12
19317,19317,Credit Card,Completed,2023-07-08
19318,19318,Net Banking,Completed,2023-09-30
19319,19319,COD,Completed,2023-06-28
19320,19320,UPI,Completed,2024-03-06
19321,19321,Wallet,Completed,2023-09-17
19322,19322,Debit Card,Completed,2024-07-05
19323,19323,Debit Card,Completed,2024-02-27
19324,19324,COD,Completed,2025-01-07
19325,19325,Debit Card,Completed,2024-03-24
19326,19326,Debit Card,Completed,2025-02-28
19327,19327,UPI,Completed,2024-07-17
19328,19328,Debit Card,Completed,2023-08-16
19329,19329,Net Banking,Completed,2024-04-03
19330,19330,UPI,Completed,2023-07-19
19331,19331,Debit Card,Completed,2024-02-14
19332,19332,COD,Completed,2023-10-03
19333,19333,Net Banking,Completed,2024-03-23
19334,19334,COD,Completed,2024-10-20
19335,19335,COD,Completed,2025-01-25
19336,19336,Wallet,Completed,2023-11-22
19337,19337,UPI,Completed,2024-04-13
19338,19338,Debit Card,Completed,2025-03-27
19339,19339,Credit Card,Completed,2025-05-18
19340,19340,Net Banking,Completed,2023-11-14
19341,19341,Debit Card,Refunded,2023-06-03
19342,19342,Credit Card,Completed,2025-05-28
19343,19343,Credit Card,Completed,2024-12-08
19344,19344,Credit Card,Completed,2023-04-09
19345,19345,Net Banking,Completed,2023-04-09
19346,19346,Debit Card,Refunded,2024-06-08
19347,19347,Credit Card,Completed,2024-11-25
19348,19348,Net Banking,Completed,2024-12-07
19349,19349,Net Banking,Refunded,2024-08-26
19350,19350,Wallet,Completed,2025-03-09
19351,19351,Credit Card,Completed,2023-08-06
19352,19352,Debit Card,Completed,2023-10-11
19353,19353,Net Banking,Completed,2024-08-21
19354,19354,Debit Card,Completed,2025-03-14
19355,19355,Wallet,Completed,2023-02-12
19356,19356,Wallet,Completed,2024-09-25
19357,19357,Debit Card,Completed,2024-09-13
19358,19358,Wallet,Completed,2023-09-14
19359,19359,Net Banking,Completed,2024-07-05
19360,19360,Net Banking,Completed,2023-05-31
19361,19361,COD,Completed,2024-07-13
19362,19362,Net Banking,Completed,2023-11-11
19363,19363,Credit Card,Completed,2024-08-16
19364,19364,Net Banking,Completed,2023-08-09
19365,19365,Wallet,Completed,2024-05-18
19366,19366,Wallet,Completed,2024-04-09
19367,19367,Credit Card,Completed,2023-08-05
19368,19368,Net Banking,Completed,2024-12-13
19369,19369,Debit Card,Completed,2024-03-28
19370,19370,COD,Completed,2023-05-06
19371,19371,Wallet,Completed,2024-10-29
19372,19372,Credit Card,Completed,2025-01-17
19373,19373,UPI,Completed,2023-08-06
19374,19374,Wallet,Completed,2023-10-29
19375,19375,Wallet,Completed,2023-09-27
19376,19376,Credit Card,Completed,2024-08-21
19377,19377,COD,Completed,2023-08-04
19378,19378,Debit Card,Completed,2023-08-04
19379,19379,UPI,Completed,2025-01-22
19380,19380,Net Banking,Completed,2025-02-20
19381,19381,Debit Card,Completed,2024-04-11
19382,19382,UPI,Completed,2023-04-24
19383,19383,COD,Completed,2024-04-29
19384,19384,Net Banking,Completed,2024-04-10
19385,19385,UPI,Completed,2024-12-02
19386,19386,UPI,Completed,2023-03-18
19387,19387,Net Banking,Completed,2023-12-17
19388,19388,Net Banking,Completed,2023-04-15
19389,19389,Net Banking,Completed,2024-01-07
19390,19390,UPI,Completed,2024-08-01
19391,19391,COD,Completed,2024-12-14
19392,19392,Credit Card,Completed,2024-06-19
19393,19393,Credit Card,Refunded,2023-03-05
19394,19394,Net Banking,Completed,2024-04-21
19395,19395,Credit Card,Completed,2024-02-17
19396,19396,Wallet,Completed,2023-08-14
19397,19397,Debit Card,Completed,2023-07-09
19398,19398,COD,Completed,2025-05-20
19399,19399,UPI,Completed,2023-03-05
19400,19400,Wallet,Completed,2025-06-19
19401,19401,Debit Card,Refunded,2023-01-27
19402,19402,Credit Card,Completed,2025-04-01
19403,19403,COD,Completed,2023-03-03
19404,19404,Credit Card,Completed,2023-08-04
19405,19405,Debit Card,Completed,2023-02-26
19406,19406,Credit Card,Refunded,2023-11-12
19407,19407,Debit Card,Completed,2024-08-28
19408,19408,Net Banking,Completed,2024-08-03
19409,19409,Wallet,Completed,2023-05-01
19410,19410,UPI,Completed,2024-02-29
19411,19411,Net Banking,Completed,2023-10-22
19412,19412,COD,Completed,2024-08-04
19413,19413,COD,Completed,2024-08-03
19414,19414,Credit Card,Completed,2024-06-08
19415,19415,UPI,Completed,2023-09-25
19416,19416,UPI,Completed,2025-01-10
19417,19417,UPI,Completed,2023-07-26
19418,19418,COD,Completed,2023-01-06
19419,19419,Net Banking,Completed,2023-09-17
19420,19420,UPI,Completed,2023-09-21
19421,19421,UPI,Completed,2025-03-28
19422,19422,Wallet,Completed,2024-04-08
19423,19423,Net Banking,Completed,2024-09-19
19424,19424,Wallet,Completed,2024-10-20
19425,19425,Wallet,Completed,2024-05-30
19426,19426,Wallet,Refunded,2023-03-22
19427,19427,Debit Card,Completed,2023-03-03
19428,19428,Net Banking,Completed,2024-04-29
19429,19429,Wallet,Refunded,2024-01-03
19430,19430,Wallet,Completed,2024-09-07
19431,19431,Wallet,Completed,2024-07-14
19432,19432,COD,Completed,2025-06-19
19433,19433,Wallet,Completed,2025-06-01
19434,19434,Wallet,Completed,2024-04-12
19435,19435,COD,Completed,2024-11-03
19436,19436,Wallet,Completed,2025-04-10
19437,19437,Net Banking,Completed,2024-03-04
19438,19438,Net Banking,Completed,2025-04-07
19439,19439,COD,Completed,2025-04-17
19440,19440,COD,Completed,2023-08-15
19441,19441,COD,Completed,2023-10-23
19442,19442,Debit Card,Completed,2024-02-02
19443,19443,Debit Card,Completed,2023-03-14
19444,19444,Wallet,Completed,2024-09-26
19445,19445,UPI,Completed,2023-12-25
19446,19446,Wallet,Completed,2023-11-04
19447,19447,Net Banking,Completed,2023-01-21
19448,19448,Debit Card,Completed,2024-04-17
19449,19449,Net Banking,Completed,2023-12-03
19450,19450,UPI,Completed,2023-12-06
19451,19451,UPI,Completed,2024-07-12
19452,19452,Net Banking,Completed,2023-10-16
19453,19453,Net Banking,Completed,2023-08-14
19454,19454,Credit Card,Completed,2023-02-19
19455,19455,Wallet,Completed,2025-05-13
19456,19456,Debit Card,Completed,2023-12-01
19457,19457,Credit Card,Refunded,2023-04-26
19458,19458,COD,Completed,2024-09-05
19459,19459,COD,Completed,2024-03-25
19460,19460,COD,Completed,2023-02-07
19461,19461,UPI,Refunded,2024-08-04
19462,19462,Debit Card,Completed,2023-07-23
19463,19463,COD,Completed,2024-11-16
19464,19464,UPI,Completed,2024-04-22
19465,19465,Wallet,Completed,2024-02-10
19466,19466,Wallet,Completed,2024-06-04
19467,19467,Net Banking,Completed,2023-07-20
19468,19468,UPI,Completed,2023-11-07
19469,19469,Credit Card,Completed,2024-02-26
19470,19470,Wallet,Completed,2023-01-07
19471,19471,Wallet,Completed,2025-01-03
19472,19472,Net Banking,Completed,2024-05-22
19473,19473,Debit Card,Completed,2024-11-23
19474,19474,COD,Completed,2025-03-19
19475,19475,Net Banking,Completed,2023-09-12
19476,19476,UPI,Completed,2023-03-31
19477,19477,UPI,Completed,2023-01-15
19478,19478,Credit Card,Completed,2024-01-16
19479,19479,Net Banking,Completed,2025-02-22
19480,19480,Wallet,Completed,2025-05-19
19481,19481,Debit Card,Completed,2024-10-03
19482,19482,Net Banking,Completed,2024-12-20
19483,19483,Net Banking,Completed,2025-05-27
19484,19484,Credit Card,Completed,2023-02-27
19485,19485,Debit Card,Completed,2025-02-20
19486,19486,Net Banking,Completed,2023-02-26
19487,19487,Debit Card,Completed,2025-06-01
19488,19488,Net Banking,Completed,2023-12-10
19489,19489,UPI,Completed,2024-10-25
19490,19490,Net Banking,Completed,2023-10-27
19491,19491,COD,Completed,2025-03-29
19492,19492,Credit Card,Completed,2023-05-28
19493,19493,Debit Card,Completed,2023-01-25
19494,19494,Debit Card,Completed,2023-04-27
19495,19495,Wallet,Completed,2024-09-24
19496,19496,Debit Card,Completed,2023-09-01
19497,19497,Debit Card,Completed,2023-09-03
19498,19498,Net Banking,Completed,2023-04-24
19499,19499,Net Banking,Completed,2024-10-11
19500,19500,UPI,Refunded,2023-07-25
19501,19501,Debit Card,Completed,2023-03-06
19502,19502,UPI,Completed,2023-12-26
19503,19503,Wallet,Completed,2025-03-04
19504,19504,Credit Card,Completed,2024-11-29
19505,19505,Wallet,Completed,2023-08-16
19506,19506,Debit Card,Completed,2025-03-15
19507,19507,COD,Completed,2023-08-18
19508,19508,UPI,Completed,2023-04-23
19509,19509,UPI,Completed,2023-04-09
19510,19510,Wallet,Completed,2024-01-23
19511,19511,Net Banking,Completed,2024-07-14
19512,19512,Wallet,Completed,2023-10-16
19513,19513,COD,Completed,2023-10-31
19514,19514,Credit Card,Completed,2025-01-19
19515,19515,COD,Completed,2025-06-10
19516,19516,UPI,Completed,2024-07-21
19517,19517,UPI,Completed,2023-04-21
19518,19518,Net Banking,Completed,2024-11-21
19519,19519,Debit Card,Completed,2023-02-01
19520,19520,COD,Refunded,2024-10-19
19521,19521,Net Banking,Completed,2024-12-23
19522,19522,Credit Card,Completed,2025-02-12
19523,19523,Credit Card,Completed,2023-02-28
19524,19524,Credit Card,Completed,2024-07-31
19525,19525,Net Banking,Completed,2023-09-18
19526,19526,Debit Card,Completed,2023-09-14
19527,19527,COD,Completed,2024-01-15
19528,19528,Credit Card,Completed,2024-03-18
19529,19529,UPI,Completed,2024-11-27
19530,19530,Wallet,Completed,2025-02-03
19531,19531,COD,Completed,2025-05-27
19532,19532,Debit Card,Completed,2023-05-26
19533,19533,UPI,Completed,2023-06-28
19534,19534,Wallet,Completed,2025-03-29
19535,19535,UPI,Completed,2024-05-24
19536,19536,Debit Card,Completed,2023-05-25
19537,19537,Debit Card,Completed,2025-04-20
19538,19538,Credit Card,Completed,2025-05-28
19539,19539,Net Banking,Completed,2025-02-21
19540,19540,Wallet,Completed,2024-01-23
19541,19541,Net Banking,Completed,2023-04-26
19542,19542,Wallet,Completed,2023-07-12
19543,19543,Wallet,Completed,2023-03-01
19544,19544,Wallet,Completed,2024-05-05
19545,19545,UPI,Completed,2023-08-01
19546,19546,Net Banking,Completed,2024-12-30
19547,19547,Wallet,Completed,2023-04-04
19548,19548,COD,Completed,2024-07-05
19549,19549,UPI,Completed,2025-03-30
19550,19550,UPI,Completed,2024-09-02
19551,19551,Debit Card,Completed,2023-04-08
19552,19552,Credit Card,Completed,2024-05-24
19553,19553,Net Banking,Completed,2024-09-18
19554,19554,Credit Card,Completed,2023-07-03
19555,19555,Debit Card,Refunded,2023-06-10
19556,19556,Credit Card,Refunded,2023-06-12
19557,19557,COD,Completed,2023-09-27
19558,19558,Wallet,Completed,2025-06-02
19559,19559,Wallet,Completed,2023-09-08
19560,19560,Net Banking,Completed,2024-05-29
19561,19561,Credit Card,Completed,2024-01-25
19562,19562,COD,Completed,2024-01-09
19563,19563,Net Banking,Completed,2023-02-18
19564,19564,UPI,Completed,2024-04-12
19565,19565,COD,Completed,2024-05-25
19566,19566,Wallet,Completed,2024-11-16
19567,19567,Credit Card,Completed,2025-03-21
19568,19568,COD,Completed,2023-06-07
19569,19569,Net Banking,Completed,2024-08-19
19570,19570,COD,Completed,2023-01-03
19571,19571,UPI,Completed,2024-09-27
19572,19572,Wallet,Completed,2023-09-03
19573,19573,Credit Card,Completed,2024-09-02
19574,19574,Credit Card,Completed,2025-06-13
19575,19575,Credit Card,Completed,2024-11-25
19576,19576,Debit Card,Completed,2024-06-26
19577,19577,Net Banking,Completed,2023-12-17
19578,19578,COD,Completed,2023-09-06
19579,19579,Net Banking,Completed,2023-07-13
19580,19580,UPI,Completed,2025-03-20
19581,19581,Wallet,Refunded,2023-02-04
19582,19582,UPI,Completed,2024-05-26
19583,19583,Net Banking,Completed,2024-07-11
19584,19584,Debit Card,Completed,2025-03-29
19585,19585,Net Banking,Completed,2024-12-21
19586,19586,Debit Card,Completed,2023-04-04
19587,19587,UPI,Completed,2024-01-19
19588,19588,COD,Completed,2023-09-29
19589,19589,COD,Completed,2025-06-02
19590,19590,Net Banking,Completed,2025-03-30
19591,19591,Wallet,Completed,2023-11-08
19592,19592,Debit Card,Completed,2025-04-01
19593,19593,Credit Card,Completed,2023-11-10
19594,19594,Debit Card,Completed,2023-02-17
19595,19595,Debit Card,Completed,2023-12-04
19596,19596,UPI,Completed,2024-01-10
19597,19597,Net Banking,Completed,2024-01-09
19598,19598,Credit Card,Completed,2023-08-20
19599,19599,COD,Completed,2024-07-19
19600,19600,Credit Card,Completed,2025-02-24
19601,19601,Debit Card,Completed,2023-04-05
19602,19602,Credit Card,Completed,2024-11-18
19603,19603,Wallet,Completed,2025-04-11
19604,19604,UPI,Completed,2023-04-01
19605,19605,Net Banking,Completed,2024-09-18
19606,19606,Wallet,Completed,2023-12-16
19607,19607,Debit Card,Completed,2023-06-24
19608,19608,UPI,Completed,2024-09-27
19609,19609,UPI,Completed,2023-01-27
19610,19610,UPI,Completed,2023-08-01
19611,19611,Net Banking,Completed,2025-05-10
19612,19612,UPI,Completed,2023-04-18
19613,19613,Net Banking,Completed,2025-05-27
19614,19614,Credit Card,Completed,2023-07-26
19615,19615,UPI,Refunded,2025-06-18
19616,19616,UPI,Completed,2023-06-07
19617,19617,Debit Card,Completed,2024-07-25
19618,19618,Credit Card,Completed,2024-01-15
19619,19619,Net Banking,Completed,2024-11-20
19620,19620,Net Banking,Completed,2024-11-17
19621,19621,Net Banking,Completed,2024-11-15
19622,19622,COD,Completed,2025-05-30
19623,19623,COD,Completed,2023-08-21
19624,19624,Wallet,Completed,2023-07-27
19625,19625,Credit Card,Completed,2024-03-15
19626,19626,Debit Card,Completed,2025-04-12
19627,19627,Wallet,Completed,2024-04-26
19628,19628,Wallet,Completed,2023-02-19
19629,19629,Debit Card,Completed,2023-09-06
19630,19630,Net Banking,Completed,2024-05-01
19631,19631,UPI,Completed,2024-05-30
19632,19632,Credit Card,Completed,2025-02-05
19633,19633,Credit Card,Completed,2023-01-14
19634,19634,UPI,Completed,2024-04-11
19635,19635,COD,Completed,2025-02-14
19636,19636,Net Banking,Completed,2023-10-03
19637,19637,Net Banking,Completed,2023-11-29
19638,19638,COD,Completed,2023-04-12
19639,19639,Debit Card,Completed,2023-01-11
19640,19640,Debit Card,Completed,2023-12-29
19641,19641,Wallet,Completed,2024-09-07
19642,19642,Debit Card,Completed,2025-01-27
19643,19643,COD,Completed,2024-05-12
19644,19644,Debit Card,Completed,2023-02-27
19645,19645,Debit Card,Completed,2023-10-05
19646,19646,Wallet,Completed,2023-11-17
19647,19647,Debit Card,Completed,2023-10-06
19648,19648,UPI,Completed,2023-12-08
19649,19649,Credit Card,Completed,2023-10-23
19650,19650,Debit Card,Completed,2023-10-01
19651,19651,COD,Refunded,2024-09-24
19652,19652,Debit Card,Completed,2023-06-24
19653,19653,Credit Card,Completed,2025-03-18
19654,19654,Credit Card,Refunded,2024-12-02
19655,19655,Credit Card,Completed,2024-08-19
19656,19656,COD,Completed,2024-10-24
19657,19657,Wallet,Completed,2025-01-06
19658,19658,Debit Card,Completed,2023-01-31
19659,19659,Debit Card,Refunded,2024-12-08
19660,19660,Net Banking,Completed,2023-05-03
19661,19661,Credit Card,Completed,2023-06-01
19662,19662,COD,Completed,2023-12-12
19663,19663,Net Banking,Completed,2024-04-06
19664,19664,Debit Card,Completed,2023-12-14
19665,19665,Wallet,Completed,2024-05-20
19666,19666,UPI,Completed,2023-04-03
19667,19667,UPI,Refunded,2023-01-23
19668,19668,Debit Card,Completed,2025-03-22
19669,19669,Wallet,Completed,2024-04-05
19670,19670,Debit Card,Completed,2025-04-13
19671,19671,COD,Completed,2023-05-28
19672,19672,UPI,Completed,2025-04-22
19673,19673,COD,Completed,2025-05-14
19674,19674,Wallet,Completed,2024-09-08
19675,19675,UPI,Completed,2023-03-20
19676,19676,Net Banking,Completed,2024-11-19
19677,19677,COD,Completed,2023-12-02
19678,19678,Wallet,Refunded,2023-07-29
19679,19679,UPI,Completed,2023-09-10
19680,19680,Credit Card,Completed,2024-12-19
19681,19681,UPI,Completed,2025-06-19
19682,19682,COD,Refunded,2025-02-27
19683,19683,Debit Card,Completed,2023-01-14
19684,19684,UPI,Refunded,2024-03-20
19685,19685,COD,Completed,2023-04-27
19686,19686,Wallet,Completed,2023-10-16
19687,19687,Wallet,Completed,2023-06-02
19688,19688,UPI,Completed,2025-01-26
19689,19689,Wallet,Completed,2024-10-17
19690,19690,Debit Card,Completed,2023-07-15
19691,19691,Net Banking,Completed,2023-03-28
19692,19692,Net Banking,Completed,2024-07-16
19693,19693,Debit Card,Completed,2025-01-18
19694,19694,Credit Card,Completed,2024-06-30
19695,19695,Wallet,Completed,2024-06-02
19696,19696,Net Banking,Completed,2024-12-21
19697,19697,Net Banking,Completed,2023-05-23
19698,19698,Debit Card,Completed,2023-11-02
19699,19699,Credit Card,Completed,2024-05-19
19700,19700,Wallet,Completed,2023-10-17
19701,19701,UPI,Completed,2024-06-01
19702,19702,COD,Completed,2023-07-02
19703,19703,Debit Card,Completed,2024-01-25
19704,19704,Debit Card,Completed,2023-05-04
19705,19705,Net Banking,Completed,2024-03-09
19706,19706,Net Banking,Completed,2024-11-29
19707,19707,UPI,Completed,2025-01-19
19708,19708,Credit Card,Completed,2023-08-26
19709,19709,Wallet,Refunded,2023-03-18
19710,19710,Wallet,Completed,2024-05-22
19711,19711,COD,Completed,2023-09-06
19712,19712,Wallet,Completed,2023-02-26
19713,19713,Credit Card,Completed,2025-03-30
19714,19714,Wallet,Completed,2023-07-12
19715,19715,COD,Completed,2024-08-31
19716,19716,COD,Completed,2024-06-19
19717,19717,Debit Card,Completed,2023-07-25
19718,19718,Net Banking,Completed,2024-04-17
19719,19719,UPI,Completed,2023-11-26
19720,19720,UPI,Completed,2023-02-27
19721,19721,Debit Card,Completed,2023-08-31
19722,19722,COD,Completed,2025-03-03
19723,19723,UPI,Completed,2023-01-19
19724,19724,UPI,Completed,2023-08-02
19725,19725,Net Banking,Completed,2025-03-08
19726,19726,COD,Completed,2024-07-29
19727,19727,UPI,Completed,2023-04-21
19728,19728,COD,Completed,2024-11-23
19729,19729,UPI,Completed,2025-06-17
19730,19730,Net Banking,Completed,2024-02-14
19731,19731,Wallet,Completed,2024-11-23
19732,19732,Net Banking,Completed,2024-03-03
19733,19733,UPI,Completed,2024-10-15
19734,19734,COD,Completed,2023-12-06
19735,19735,Debit Card,Completed,2024-09-11
19736,19736,Wallet,Completed,2023-12-12
19737,19737,COD,Completed,2024-05-19
19738,19738,Debit Card,Completed,2024-08-23
19739,19739,UPI,Completed,2024-03-28
19740,19740,Net Banking,Completed,2024-08-22
19741,19741,UPI,Completed,2024-12-29
19742,19742,COD,Completed,2023-09-05
19743,19743,Credit Card,Completed,2023-04-06
19744,19744,Credit Card,Completed,2023-05-05
19745,19745,Credit Card,Completed,2025-04-03
19746,19746,UPI,Completed,2023-05-12
19747,19747,Net Banking,Completed,2023-10-28
19748,19748,Debit Card,Completed,2024-10-01
19749,19749,COD,Completed,2024-05-02
19750,19750,UPI,Completed,2023-03-01
19751,19751,UPI,Completed,2023-05-17
19752,19752,UPI,Completed,2024-01-02
19753,19753,Credit Card,Refunded,2024-09-30
19754,19754,Credit Card,Completed,2024-09-15
19755,19755,Net Banking,Completed,2023-01-28
19756,19756,Wallet,Completed,2024-03-11
19757,19757,COD,Completed,2023-05-09
19758,19758,UPI,Completed,2023-05-14
19759,19759,Wallet,Completed,2024-05-26
19760,19760,Net Banking,Completed,2025-06-14
19761,19761,COD,Completed,2025-06-12
19762,19762,Credit Card,Completed,2024-06-26
19763,19763,Net Banking,Completed,2024-02-05
19764,19764,UPI,Completed,2023-06-26
19765,19765,Wallet,Completed,2024-10-28
19766,19766,COD,Completed,2023-06-01
19767,19767,UPI,Completed,2024-08-01
19768,19768,Debit Card,Completed,2023-11-12
19769,19769,COD,Completed,2024-12-25
19770,19770,Credit Card,Completed,2024-11-08
19771,19771,Debit Card,Completed,2024-08-04
19772,19772,COD,Completed,2024-07-21
19773,19773,Credit Card,Completed,2023-01-31
19774,19774,Debit Card,Completed,2023-05-19
19775,19775,Debit Card,Completed,2024-09-11
19776,19776,Wallet,Completed,2024-09-21
19777,19777,Credit Card,Completed,2024-10-19
19778,19778,Wallet,Completed,2023-04-27
19779,19779,Credit Card,Completed,2023-06-10
19780,19780,Debit Card,Completed,2023-06-08
19781,19781,UPI,Completed,2023-02-22
19782,19782,Credit Card,Refunded,2023-06-05
19783,19783,Credit Card,Completed,2023-06-22
19784,19784,Net Banking,Completed,2025-06-03
19785,19785,UPI,Completed,2024-10-07
19786,19786,Debit Card,Completed,2023-04-23
19787,19787,COD,Completed,2025-02-01
19788,19788,COD,Completed,2025-01-16
19789,19789,Debit Card,Completed,2025-05-23
19790,19790,COD,Completed,2024-10-21
19791,19791,UPI,Refunded,2024-01-14
19792,19792,COD,Completed,2023-07-06
19793,19793,COD,Completed,2024-07-02
19794,19794,Net Banking,Completed,2025-03-20
19795,19795,COD,Completed,2024-05-23
19796,19796,COD,Completed,2025-06-05
19797,19797,Wallet,Completed,2023-04-16
19798,19798,UPI,Completed,2023-05-29
19799,19799,UPI,Completed,2023-07-11
19800,19800,Debit Card,Completed,2023-03-25
19801,19801,COD,Completed,2024-11-15
19802,19802,Wallet,Completed,2025-04-05
19803,19803,Net Banking,Completed,2025-06-08
19804,19804,Net Banking,Completed,2024-04-22
19805,19805,Wallet,Completed,2024-11-07
19806,19806,Wallet,Completed,2023-03-06
19807,19807,Net Banking,Completed,2025-01-12
19808,19808,Credit Card,Completed,2024-11-21
19809,19809,Credit Card,Completed,2023-03-01
19810,19810,Net Banking,Completed,2024-04-07
19811,19811,UPI,Completed,2023-04-25
19812,19812,COD,Completed,2023-01-26
19813,19813,UPI,Completed,2024-12-29
19814,19814,COD,Completed,2024-09-07
19815,19815,UPI,Completed,2023-09-23
19816,19816,Credit Card,Completed,2024-10-20
19817,19817,Credit Card,Completed,2024-08-31
19818,19818,UPI,Completed,2024-09-18
19819,19819,Wallet,Completed,2024-11-16
19820,19820,Debit Card,Completed,2024-02-28
19821,19821,Net Banking,Completed,2024-10-07
19822,19822,Credit Card,Completed,2025-04-24
19823,19823,Debit Card,Completed,2023-03-17
19824,19824,Credit Card,Completed,2023-05-23
19825,19825,Credit Card,Completed,2025-03-10
19826,19826,COD,Completed,2023-09-14
19827,19827,UPI,Completed,2025-02-20
19828,19828,Debit Card,Completed,2024-07-25
19829,19829,COD,Completed,2024-02-21
19830,19830,Wallet,Completed,2024-12-07
19831,19831,Debit Card,Completed,2023-03-04
19832,19832,Credit Card,Completed,2023-11-03
19833,19833,UPI,Refunded,2025-01-29
19834,19834,COD,Completed,2023-03-27
19835,19835,UPI,Completed,2025-06-14
19836,19836,Debit Card,Completed,2024-01-06
19837,19837,UPI,Completed,2024-03-07
19838,19838,COD,Completed,2024-06-16
19839,19839,Credit Card,Completed,2025-03-09
19840,19840,UPI,Completed,2024-04-18
19841,19841,COD,Completed,2024-02-03
19842,19842,COD,Completed,2023-06-22
19843,19843,Net Banking,Completed,2024-04-15
19844,19844,UPI,Completed,2024-02-19
19845,19845,Debit Card,Completed,2023-06-16
19846,19846,Net Banking,Completed,2024-08-18
19847,19847,COD,Completed,2024-10-28
19848,19848,COD,Completed,2023-06-23
19849,19849,Wallet,Completed,2023-02-23
19850,19850,Debit Card,Completed,2024-07-14
19851,19851,UPI,Completed,2023-02-12
19852,19852,Credit Card,Completed,2023-06-02
19853,19853,Net Banking,Completed,2023-09-29
19854,19854,COD,Completed,2024-05-24
19855,19855,Credit Card,Completed,2023-12-20
19856,19856,Wallet,Completed,2024-03-06
19857,19857,UPI,Completed,2025-03-18
19858,19858,Debit Card,Completed,2024-03-21
19859,19859,Wallet,Completed,2023-06-21
19860,19860,UPI,Completed,2023-12-06
19861,19861,UPI,Completed,2024-07-13
19862,19862,Wallet,Refunded,2024-08-02
19863,19863,Credit Card,Completed,2024-12-04
19864,19864,COD,Completed,2023-06-11
19865,19865,COD,Completed,2025-02-26
19866,19866,Net Banking,Completed,2025-06-13
19867,19867,UPI,Completed,2024-08-05
19868,19868,UPI,Completed,2024-10-25
19869,19869,Debit Card,Completed,2024-08-20
19870,19870,Net Banking,Completed,2023-08-06
19871,19871,Credit Card,Completed,2025-04-18
19872,19872,UPI,Completed,2025-02-12
19873,19873,COD,Completed,2023-07-25
19874,19874,COD,Completed,2023-05-23
19875,19875,Credit Card,Completed,2023-02-21
19876,19876,COD,Completed,2023-10-06
19877,19877,Net Banking,Completed,2023-03-26
19878,19878,UPI,Completed,2023-04-04
19879,19879,Debit Card,Completed,2024-10-12
19880,19880,Credit Card,Completed,2024-09-24
19881,19881,COD,Completed,2024-03-04
19882,19882,Wallet,Completed,2024-10-23
19883,19883,COD,Completed,2023-03-15
19884,19884,Debit Card,Completed,2024-09-07
19885,19885,COD,Completed,2024-01-17
19886,19886,Credit Card,Completed,2024-03-01
19887,19887,COD,Completed,2023-07-17
19888,19888,Debit Card,Completed,2024-01-07
19889,19889,Net Banking,Completed,2024-01-31
19890,19890,Net Banking,Completed,2024-01-21
19891,19891,Credit Card,Completed,2023-09-25
19892,19892,COD,Completed,2025-04-13
19893,19893,COD,Completed,2023-09-20
19894,19894,COD,Completed,2024-12-20
19895,19895,UPI,Completed,2024-09-16
19896,19896,Debit Card,Completed,2024-05-14
19897,19897,Net Banking,Completed,2023-12-06
19898,19898,Net Banking,Completed,2023-01-11
19899,19899,Net Banking,Completed,2025-05-02
19900,19900,Wallet,Completed,2024-04-03
19901,19901,Credit Card,Completed,2024-10-29
19902,19902,Wallet,Completed,2024-02-05
19903,19903,Debit Card,Completed,2024-07-14
19904,19904,Debit Card,Refunded,2024-09-07
19905,19905,Wallet,Completed,2023-04-27
19906,19906,Debit Card,Completed,2024-11-14
19907,19907,COD,Completed,2023-10-16
19908,19908,Net Banking,Completed,2024-11-06
19909,19909,UPI,Completed,2024-11-18
19910,19910,COD,Completed,2023-03-07
19911,19911,Debit Card,Completed,2023-11-27
19912,19912,Wallet,Completed,2024-08-28
19913,19913,Credit Card,Completed,2024-01-27
19914,19914,COD,Completed,2024-04-21
19915,19915,Credit Card,Completed,2024-07-08
19916,19916,Debit Card,Completed,2024-08-15
19917,19917,Debit Card,Completed,2023-12-31
19918,19918,Wallet,Completed,2025-04-29
19919,19919,Credit Card,Completed,2023-03-15
19920,19920,Net Banking,Completed,2023-10-06
19921,19921,COD,Completed,2024-05-18
19922,19922,COD,Completed,2024-05-04
19923,19923,UPI,Completed,2023-04-07
19924,19924,UPI,Completed,2023-04-14
19925,19925,UPI,Completed,2024-04-18
19926,19926,Wallet,Completed,2024-02-07
19927,19927,COD,Completed,2024-10-15
19928,19928,Credit Card,Completed,2023-06-05
19929,19929,UPI,Completed,2024-01-15
19930,19930,UPI,Refunded,2024-09-16
19931,19931,Debit Card,Completed,2024-09-16
19932,19932,Wallet,Completed,2023-09-15
19933,19933,Wallet,Completed,2025-03-21
19934,19934,Credit Card,Completed,2024-08-23
19935,19935,Debit Card,Completed,2023-05-09
19936,19936,Wallet,Completed,2024-07-25
19937,19937,Debit Card,Refunded,2024-10-08
19938,19938,Wallet,Completed,2024-01-29
19939,19939,Net Banking,Completed,2025-01-18
19940,19940,Net Banking,Completed,2024-02-09
19941,19941,COD,Completed,2024-07-09
19942,19942,UPI,Completed,2023-03-07
19943,19943,Credit Card,Completed,2024-08-15
19944,19944,COD,Completed,2025-03-20
19945,19945,COD,Completed,2024-07-08
19946,19946,Debit Card,Refunded,2023-02-21
19947,19947,Credit Card,Completed,2023-03-16
19948,19948,Net Banking,Completed,2023-04-23
19949,19949,Wallet,Completed,2025-06-06
19950,19950,COD,Completed,2024-01-16
19951,19951,UPI,Refunded,2024-09-14
19952,19952,Credit Card,Completed,2023-08-17
19953,19953,UPI,Completed,2025-01-30
19954,19954,Debit Card,Completed,2024-08-01
19955,19955,Wallet,Refunded,2023-11-06
19956,19956,Debit Card,Completed,2025-03-19
19957,19957,UPI,Completed,2024-05-27
19958,19958,UPI,Completed,2024-10-20
19959,19959,COD,Completed,2023-08-15
19960,19960,UPI,Completed,2024-05-19
19961,19961,Net Banking,Completed,2025-03-01
19962,19962,Debit Card,Refunded,2024-05-05
19963,19963,Wallet,Completed,2024-08-26
19964,19964,UPI,Completed,2025-05-14
19965,19965,Net Banking,Completed,2024-01-17
19966,19966,Net Banking,Completed,2024-11-29
19967,19967,Net Banking,Completed,2024-03-15
19968,19968,Net Banking,Completed,2023-01-01
19969,19969,COD,Completed,2024-09-01
19970,19970,UPI,Completed,2025-04-20
19971,19971,Wallet,Completed,2024-05-26
19972,19972,Net Banking,Completed,2024-01-05
19973,19973,COD,Completed,2024-04-08
19974,19974,Credit Card,Completed,2023-02-17
19975,19975,Wallet,Completed,2023-05-15
19976,19976,Wallet,Completed,2025-01-10
19977,19977,Net Banking,Completed,2023-04-13
19978,19978,Debit Card,Completed,2024-10-06
19979,19979,COD,Completed,2025-03-20
19980,19980,COD,Completed,2024-02-10
19981,19981,Wallet,Completed,2024-06-30
19982,19982,Credit Card,Completed,2023-08-20
19983,19983,COD,Completed,2024-02-04
19984,19984,Net Banking,Completed,2025-01-04
19985,19985,UPI,Completed,2023-11-22
19986,19986,UPI,Completed,2023-03-22
19987,19987,Net Banking,Completed,2023-06-05
19988,19988,UPI,Completed,2024-12-01
19989,19989,UPI,Refunded,2024-10-24
19990,19990,Net Banking,Completed,2023-04-17
19991,19991,Net Banking,Completed,2023-03-14
19992,19992,Debit Card,Completed,2024-09-26
19993,19993,Net Banking,Completed,2024-02-25
19994,19994,Credit Card,Completed,2024-12-19
19995,19995,Net Banking,Completed,2024-01-30
19996,19996,COD,Refunded,2024-02-03
19997,19997,Wallet,Completed,2024-08-09
19998,19998,Net Banking,Refunded,2025-04-25
19999,19999,Debit Card,Completed,2024-06-06
20000,20000,Debit Card,Completed,2024-12-04
