ReviewID,CustomerID,ProductID,Rating,ReviewText,ReviewDate
1,1352,215,4,Worth buying,2024-05-05
2,1770,406,4,Quality could improve,2023-07-07
3,4138,271,2,Excellent product,2023-01-15
4,3040,478,5,Very good,2023-03-12
5,1188,407,2,Highly recommended,2024-12-11
6,347,224,4,Amazing experience,2024-03-28
7,280,490,3,Quality could improve,2024-05-24
8,949,333,3,Excellent product,2023-06-08
9,725,64,1,Fast delivery,2023-06-14
10,4523,373,3,Very good,2024-05-11
11,1238,96,1,Fast delivery,2025-06-05
12,1925,39,2,Highly recommended,2024-11-20
13,4758,374,1,Good value,2024-07-27
14,3903,287,4,Highly recommended,2023-12-16
15,1198,455,5,Very good,2023-10-26
16,2992,489,4,Quality could improve,2024-01-31
17,2605,249,4,Worth buying,2023-01-28
18,765,82,4,Excellent product,2024-05-18
19,575,282,5,Quality could improve,2023-08-16
20,4682,312,3,Quality could improve,2024-09-29
21,924,93,2,Not satisfied,2025-05-03
22,2723,178,5,Worth buying,2023-09-09
23,847,87,1,Average quality,2025-03-06
24,3513,192,2,Excellent product,2024-11-23
25,4258,461,2,Very good,2023-06-17
26,4838,8,3,Fast delivery,2024-06-02
27,3077,342,2,Highly recommended,2023-06-16
28,4603,36,4,Very good,2025-03-03
29,3959,30,3,Excellent product,2025-05-23
30,2114,338,3,Excellent product,2024-03-05
31,2037,88,4,Good value,2025-06-10
32,2770,331,2,Average quality,2025-02-02
33,3924,26,3,Average quality,2024-10-27
34,4306,467,4,Excellent product,2023-08-06
35,2997,408,2,Not satisfied,2024-09-07
36,3491,249,5,Fast delivery,2023-11-12
37,1138,274,5,Worth buying,2023-05-23
38,84,196,2,Excellent product,2023-09-28
39,4864,167,2,Amazing experience,2024-03-07
40,2107,350,4,Average quality,2023-05-17
41,1163,49,4,Good value,2023-07-11
42,208,329,4,Average quality,2023-03-15
43,976,336,3,Average quality,2023-11-08
44,4413,483,3,Very good,2024-05-20
45,1800,319,2,Average quality,2023-07-08
46,3096,104,5,Excellent product,2024-09-10
47,4136,448,1,Excellent product,2024-02-01
48,3801,443,1,Very good,2025-02-21
49,4645,90,2,Worth buying,2024-12-14
50,4958,161,1,Highly recommended,2024-02-03
51,1280,159,3,Quality could improve,2025-04-02
52,4501,251,5,Good value,2024-07-12
53,4925,31,5,Amazing experience,2025-01-22
54,2654,496,5,Worth buying,2023-10-26
55,4308,389,5,Highly recommended,2023-03-07
56,2669,104,3,Good value,2023-11-22
57,3443,56,1,Good value,2024-10-03
58,3671,259,5,Excellent product,2024-11-27
59,3627,242,5,Quality could improve,2024-02-03
60,3290,37,2,Excellent product,2023-02-19
61,3555,22,2,Worth buying,2024-12-22
62,4829,419,4,Very good,2024-04-11
63,1937,205,4,Not satisfied,2024-05-13
64,1867,324,1,Excellent product,2024-05-06
65,1416,252,3,Amazing experience,2023-08-10
66,3685,321,5,Amazing experience,2024-12-16
67,2148,126,4,Fast delivery,2024-01-31
68,2507,315,4,Quality could improve,2024-12-29
69,53,83,3,Highly recommended,2023-11-16
70,3205,367,2,Good value,2024-07-20
71,1437,41,5,Worth buying,2024-09-26
72,3076,381,4,Good value,2023-06-20
73,3550,106,3,Not satisfied,2024-10-18
74,4766,349,2,Worth buying,2023-03-25
75,235,165,5,Worth buying,2025-05-15
76,1257,461,5,Highly recommended,2023-09-02
77,4899,353,3,Very good,2023-06-10
78,3217,240,4,Very good,2024-04-16
79,2299,343,2,Very good,2024-09-28
80,2232,51,2,Highly recommended,2023-02-05
81,2873,415,3,Excellent product,2023-03-18
82,4106,297,1,Very good,2024-09-14
83,3615,359,4,Highly recommended,2023-01-08
84,4460,76,1,Worth buying,2023-07-14
85,3721,190,1,Not satisfied,2023-06-20
86,1106,293,4,Quality could improve,2025-05-10
87,403,159,2,Very good,2024-02-17
88,4522,126,2,Amazing experience,2025-04-01
89,4790,474,4,Excellent product,2024-11-05
90,4769,38,1,Very good,2025-05-02
91,1543,78,1,Fast delivery,2025-04-14
92,4314,311,5,Amazing experience,2024-05-18
93,3860,348,3,Average quality,2023-10-04
94,1258,181,3,Worth buying,2024-10-17
95,76,456,1,Good value,2023-07-10
96,4193,51,2,Not satisfied,2023-10-04
97,2887,31,2,Excellent product,2024-08-22
98,4056,141,4,Average quality,2023-02-03
99,853,120,3,Quality could improve,2023-09-14
100,3346,102,2,Quality could improve,2024-03-09
101,642,167,2,Highly recommended,2024-05-29
102,332,373,3,Amazing experience,2024-06-29
103,1427,11,3,Fast delivery,2024-05-04
104,1328,443,4,Excellent product,2023-10-14
105,456,112,5,Quality could improve,2024-09-10
106,916,497,3,Very good,2023-08-04
107,3802,480,3,Excellent product,2023-12-27
108,1421,315,3,Amazing experience,2023-01-26
109,3082,332,2,Average quality,2024-07-03
110,4101,452,4,Highly recommended,2023-08-20
111,4217,285,3,Fast delivery,2025-01-27
112,2969,466,1,Highly recommended,2024-02-20
113,4911,92,3,Quality could improve,2024-11-18
114,2968,294,2,Excellent product,2024-03-09
115,4755,387,1,Highly recommended,2025-01-29
116,877,109,5,Quality could improve,2024-01-15
117,4211,152,1,Average quality,2023-09-03
118,3476,315,4,Fast delivery,2025-02-08
119,1563,334,2,Worth buying,2023-07-08
120,3524,424,4,Highly recommended,2024-05-16
121,3910,136,1,Quality could improve,2025-05-29
122,3759,106,1,Not satisfied,2024-08-23
123,3607,412,3,Average quality,2025-01-18
124,1794,82,4,Average quality,2024-02-08
125,269,2,5,Worth buying,2024-08-13
126,3751,101,4,Highly recommended,2025-06-09
127,4533,416,4,Excellent product,2023-01-28
128,3035,470,2,Fast delivery,2023-12-08
129,3781,182,4,Amazing experience,2024-10-05
130,3670,307,1,Worth buying,2025-02-08
131,857,192,3,Fast delivery,2025-03-22
132,1024,476,2,Amazing experience,2025-05-18
133,2730,456,1,Worth buying,2023-09-12
134,1065,75,3,Good value,2024-11-29
135,2424,331,2,Quality could improve,2023-07-31
136,1097,255,4,Highly recommended,2023-02-02
137,2746,472,5,Not satisfied,2023-01-10
138,1584,432,2,Worth buying,2023-03-01
139,2150,357,4,Excellent product,2023-05-07
140,4931,336,5,Excellent product,2025-01-12
141,1905,305,4,Fast delivery,2024-05-27
142,4404,493,5,Not satisfied,2024-03-18
143,175,326,3,Average quality,2023-12-21
144,3292,387,4,Fast delivery,2025-01-06
145,4209,301,2,Fast delivery,2025-03-19
146,1905,11,4,Highly recommended,2025-03-04
147,4808,462,5,Good value,2023-12-20
148,4015,80,2,Excellent product,2025-03-29
149,2221,168,3,Worth buying,2023-08-09
150,395,234,2,Highly recommended,2023-06-05
151,85,320,2,Average quality,2023-08-15
152,4513,58,2,Quality could improve,2024-10-20
153,948,322,4,Good value,2025-02-18
154,1016,105,2,Quality could improve,2023-01-19
155,697,400,2,Highly recommended,2024-09-05
156,4654,50,2,Highly recommended,2024-03-18
157,4725,404,5,Excellent product,2024-02-14
158,2479,492,3,Not satisfied,2025-03-14
159,3423,18,5,Fast delivery,2023-02-17
160,3311,395,5,Fast delivery,2023-07-06
161,311,475,1,Worth buying,2025-03-05
162,3865,369,3,Quality could improve,2025-04-24
163,1344,149,3,Not satisfied,2024-11-10
164,4023,336,3,Very good,2025-03-31
165,2401,28,1,Worth buying,2024-08-21
166,741,250,3,Average quality,2025-02-10
167,1224,160,3,Very good,2023-04-25
168,2210,339,4,Highly recommended,2023-02-20
169,3066,382,4,Quality could improve,2024-12-08
170,871,322,4,Highly recommended,2024-07-23
171,2981,372,2,Excellent product,2024-05-21
172,2495,312,3,Very good,2023-07-11
173,154,218,5,Highly recommended,2023-06-16
174,260,112,2,Average quality,2025-06-08
175,2760,7,2,Fast delivery,2023-09-12
176,2906,271,4,Highly recommended,2023-10-14
177,4869,461,2,Not satisfied,2024-05-06
178,1175,169,3,Average quality,2023-10-22
179,644,451,1,Highly recommended,2025-01-06
180,2492,168,5,Very good,2025-04-20
181,1371,370,4,Excellent product,2024-10-02
182,4735,140,3,Highly recommended,2025-03-24
183,1889,405,1,Excellent product,2023-08-04
184,3089,98,4,Quality could improve,2023-08-05
185,1367,336,4,Very good,2024-11-10
186,2416,395,2,Quality could improve,2024-01-31
187,397,71,1,Good value,2023-06-19
188,3723,57,4,Excellent product,2023-03-18
189,2686,57,2,Quality could improve,2024-08-19
190,2424,335,4,Worth buying,2024-02-28
191,3210,487,5,Good value,2023-10-13
192,2859,3,4,Worth buying,2024-04-19
193,2561,452,3,Not satisfied,2023-05-19
194,4342,177,3,Highly recommended,2024-10-09
195,1319,420,1,Worth buying,2025-03-24
196,1325,2,3,Excellent product,2023-06-20
197,2834,355,2,Quality could improve,2023-01-26
198,346,412,1,Average quality,2023-11-29
199,4696,350,5,Highly recommended,2025-05-19
200,1051,434,3,Amazing experience,2025-01-04
201,1384,311,2,Good value,2023-06-27
202,2527,212,3,Not satisfied,2023-08-10
203,3246,197,3,Excellent product,2023-09-07
204,2451,165,2,Worth buying,2025-04-21
205,3550,395,2,Good value,2024-09-24
206,3802,236,2,Average quality,2025-01-06
207,3591,26,4,Fast delivery,2023-03-28
208,4551,250,2,Quality could improve,2023-05-04
209,73,370,1,Worth buying,2024-06-17
210,1160,370,1,Good value,2025-06-11
211,3611,47,5,Very good,2024-01-08
212,4966,443,4,Fast delivery,2024-05-15
213,2173,96,5,Worth buying,2024-10-16
214,1843,155,1,Average quality,2023-06-13
215,3368,335,3,Quality could improve,2023-09-25
216,2888,201,5,Good value,2024-01-13
217,4369,262,1,Good value,2024-10-18
218,1657,455,2,Fast delivery,2023-12-16
219,3872,150,5,Highly recommended,2024-11-04
220,4517,243,3,Highly recommended,2024-12-03
221,4688,162,3,Amazing experience,2024-08-26
222,3960,274,4,Highly recommended,2024-10-09
223,2164,105,2,Quality could improve,2024-06-24
224,1355,49,2,Worth buying,2025-05-02
225,3941,217,5,Quality could improve,2023-10-04
226,2036,258,3,Good value,2025-06-05
227,4957,330,1,Worth buying,2024-07-30
228,513,105,5,Average quality,2024-12-14
229,92,262,5,Quality could improve,2025-03-28
230,1942,328,4,Very good,2024-12-01
231,3250,134,5,Average quality,2024-03-17
232,1575,8,3,Very good,2024-03-03
233,1614,457,3,Very good,2024-05-18
234,2320,301,2,Excellent product,2024-11-18
235,2969,129,3,Not satisfied,2024-06-26
236,3505,263,1,Worth buying,2024-11-26
237,1316,490,2,Average quality,2023-04-16
238,2742,336,2,Average quality,2025-02-28
239,4762,89,3,Amazing experience,2024-06-23
240,4954,44,1,Excellent product,2025-05-18
241,3941,424,5,Amazing experience,2023-07-06
242,1381,492,4,Very good,2025-04-20
243,2480,238,1,Average quality,2023-05-30
244,1526,480,5,Very good,2024-10-21
245,3669,85,4,Very good,2023-12-18
246,969,345,2,Quality could improve,2025-04-28
247,1472,51,1,Not satisfied,2023-02-10
248,943,495,4,Not satisfied,2024-07-16
249,3288,408,4,Worth buying,2023-03-28
250,3294,28,5,Amazing experience,2023-09-14
251,1205,184,5,Fast delivery,2023-04-01
252,2615,432,1,Fast delivery,2024-02-12
253,3374,336,4,Fast delivery,2025-02-18
254,2318,453,5,Excellent product,2024-02-26
255,1993,330,1,Amazing experience,2023-09-29
256,1978,242,3,Worth buying,2024-08-10
257,4583,219,2,Very good,2024-01-25
258,2806,456,2,Not satisfied,2024-01-06
259,2329,388,3,Fast delivery,2023-01-27
260,739,141,1,Good value,2024-05-24
261,3846,164,4,Not satisfied,2024-02-04
262,1864,270,3,Good value,2025-03-12
263,1144,91,5,Good value,2023-07-25
264,3046,322,4,Quality could improve,2024-07-15
265,4207,205,4,Good value,2024-06-12
266,1190,45,5,Very good,2025-01-02
267,4041,98,4,Highly recommended,2023-08-22
268,2263,419,2,Excellent product,2023-06-22
269,1661,27,3,Amazing experience,2024-02-11
270,4898,357,2,Amazing experience,2023-04-24
271,3292,145,1,Amazing experience,2023-10-03
272,298,353,2,Fast delivery,2025-03-27
273,3137,217,3,Excellent product,2024-01-18
274,3914,381,3,Excellent product,2023-01-21
275,4419,459,2,Excellent product,2024-05-11
276,4520,488,5,Very good,2023-11-19
277,3801,364,1,Amazing experience,2025-05-22
278,2211,418,1,Worth buying,2025-01-31
279,2601,158,2,Excellent product,2023-05-16
280,4895,459,2,Amazing experience,2023-02-07
281,2161,262,2,Very good,2024-09-23
282,4283,116,1,Good value,2023-09-23
283,3544,356,1,Quality could improve,2023-12-22
284,3119,243,4,Worth buying,2023-03-14
285,3980,497,3,Highly recommended,2024-06-29
286,2760,112,1,Average quality,2025-03-27
287,3908,363,4,Amazing experience,2023-06-18
288,11,272,1,Fast delivery,2023-09-23
289,588,74,2,Worth buying,2025-04-29
290,331,72,5,Highly recommended,2024-05-04
291,1652,104,3,Fast delivery,2023-11-18
292,417,443,2,Average quality,2024-10-25
293,2850,145,4,Worth buying,2023-11-02
294,2947,198,3,Highly recommended,2025-06-08
295,4917,94,3,Quality could improve,2023-02-03
296,2185,126,5,Worth buying,2024-10-13
297,4441,296,4,Highly recommended,2024-10-23
298,4902,162,3,Average quality,2024-07-18
299,74,381,5,Excellent product,2024-08-10
300,303,410,4,Average quality,2024-05-20
301,3472,233,5,Average quality,2025-05-01
302,4253,224,4,Highly recommended,2023-06-01
303,4345,447,5,Quality could improve,2023-02-13
304,2798,247,1,Quality could improve,2024-05-30
305,3493,164,3,Very good,2023-05-08
306,2330,460,1,Worth buying,2023-09-10
307,2500,241,2,Good value,2023-12-03
308,2739,237,3,Fast delivery,2023-06-29
309,3577,184,4,Highly recommended,2025-04-11
310,4195,96,5,Highly recommended,2025-01-08
311,4017,441,5,Good value,2024-01-21
312,1406,40,3,Average quality,2025-04-06
313,3651,393,5,Worth buying,2024-07-18
314,3877,197,3,Good value,2023-07-22
315,3100,159,5,Amazing experience,2025-04-18
316,1837,267,1,Not satisfied,2024-01-18
317,2452,347,5,Not satisfied,2024-09-06
318,171,89,1,Very good,2023-11-07
319,3660,59,2,Good value,2023-02-01
320,1696,122,4,Good value,2024-09-21
321,3256,82,5,Highly recommended,2023-03-21
322,3632,9,5,Good value,2025-03-12
323,4019,209,5,Excellent product,2023-05-17
324,3955,352,4,Amazing experience,2023-07-22
325,1129,400,1,Excellent product,2024-08-02
326,2826,66,2,Worth buying,2025-03-06
327,4213,50,3,Average quality,2024-02-26
328,2927,369,4,Good value,2025-01-04
329,4846,133,5,Quality could improve,2024-04-07
330,3456,157,1,Very good,2023-08-16
331,420,67,3,Fast delivery,2024-10-14
332,3761,434,1,Worth buying,2024-10-24
333,4391,180,4,Quality could improve,2023-04-03
334,4917,440,1,Worth buying,2023-08-20
335,3935,135,4,Good value,2025-05-24
336,3011,5,2,Not satisfied,2024-07-18
337,3543,9,2,Worth buying,2023-12-22
338,1019,228,4,Good value,2023-05-28
339,2874,31,2,Average quality,2025-01-18
340,1512,67,4,Amazing experience,2025-04-02
341,3656,261,1,Worth buying,2024-04-02
342,4626,289,2,Average quality,2023-02-07
343,2957,39,4,Good value,2023-10-19
344,3057,331,3,Good value,2023-08-08
345,2988,118,5,Quality could improve,2024-05-06
346,2658,93,4,Worth buying,2023-03-06
347,2518,93,4,Average quality,2024-03-16
348,4976,213,1,Worth buying,2025-03-22
349,4508,138,2,Very good,2024-09-23
350,3151,277,4,Average quality,2025-06-14
351,1912,45,4,Fast delivery,2024-01-11
352,3728,64,5,Worth buying,2024-09-27
353,974,138,2,Highly recommended,2024-11-19
354,815,34,2,Excellent product,2024-10-18
355,2768,483,1,Fast delivery,2025-02-14
356,801,283,3,Quality could improve,2024-06-07
357,4161,475,1,Highly recommended,2023-11-04
358,4975,409,4,Excellent product,2023-12-31
359,3735,470,2,Very good,2023-01-29
360,2025,264,5,Fast delivery,2025-04-05
361,1607,227,2,Worth buying,2023-07-29
362,1145,418,2,Average quality,2023-06-03
363,2448,191,2,Amazing experience,2024-02-03
364,4152,251,1,Quality could improve,2023-05-06
365,2008,211,5,Good value,2024-04-02
366,882,184,2,Not satisfied,2024-04-11
367,1873,475,5,Amazing experience,2025-03-07
368,4840,342,4,Average quality,2023-05-03
369,3028,21,5,Excellent product,2024-01-28
370,72,272,2,Excellent product,2024-11-05
371,1516,149,3,Worth buying,2023-12-06
372,4927,278,2,Highly recommended,2025-04-04
373,4423,142,3,Very good,2025-01-08
374,4282,1,3,Excellent product,2024-09-09
375,3393,240,3,Good value,2024-09-07
376,4317,152,1,Not satisfied,2023-11-28
377,289,468,5,Fast delivery,2024-04-23
378,2331,206,2,Good value,2023-03-09
379,1945,15,1,Average quality,2025-04-09
380,595,17,4,Fast delivery,2024-11-01
381,4814,485,3,Very good,2025-04-07
382,3411,208,4,Average quality,2023-06-02
383,877,291,2,Quality could improve,2024-08-28
384,744,317,2,Fast delivery,2023-12-29
385,2000,114,1,Excellent product,2024-12-30
386,589,216,2,Very good,2024-02-06
387,160,483,2,Not satisfied,2024-06-08
388,3465,409,2,Average quality,2024-07-12
389,570,233,4,Amazing experience,2023-08-27
390,88,278,2,Good value,2023-04-28
391,4030,495,4,Good value,2023-03-25
392,4919,255,1,Fast delivery,2023-01-02
393,2239,386,2,Good value,2023-08-19
394,4940,384,2,Good value,2025-01-22
395,4271,435,3,Worth buying,2024-11-05
396,4316,241,2,Highly recommended,2023-03-11
397,50,298,4,Worth buying,2024-05-17
398,4975,243,4,Quality could improve,2023-08-10
399,4981,492,5,Amazing experience,2024-01-04
400,2776,138,5,Fast delivery,2023-12-18
401,4625,284,4,Excellent product,2025-02-11
402,1199,104,5,Not satisfied,2024-07-04
403,700,424,3,Worth buying,2023-06-11
404,3315,154,5,Quality could improve,2023-05-03
405,731,470,5,Very good,2025-02-28
406,1952,326,3,Fast delivery,2024-04-13
407,3063,317,5,Excellent product,2023-07-05
408,706,96,4,Excellent product,2025-01-27
409,3197,96,1,Fast delivery,2023-12-19
410,4965,220,5,Very good,2023-06-30
411,3771,30,1,Worth buying,2024-06-27
412,2496,47,4,Highly recommended,2023-12-19
413,2809,399,1,Highly recommended,2025-05-02
414,398,424,2,Excellent product,2023-01-25
415,1569,235,5,Not satisfied,2023-03-14
416,958,130,3,Not satisfied,2023-03-19
417,1426,240,2,Quality could improve,2023-03-06
418,2335,209,2,Not satisfied,2023-03-02
419,1132,242,1,Fast delivery,2023-02-16
420,1125,283,1,Worth buying,2023-03-17
421,466,255,2,Good value,2024-12-17
422,3893,421,2,Highly recommended,2025-05-05
423,3195,318,5,Highly recommended,2023-12-02
424,4397,414,4,Worth buying,2023-01-25
425,478,33,5,Excellent product,2023-02-23
426,3582,150,4,Quality could improve,2025-06-17
427,1382,218,5,Average quality,2023-01-13
428,3646,94,5,Fast delivery,2025-02-21
429,1519,386,3,Quality could improve,2024-04-21
430,2578,464,1,Average quality,2024-11-22
431,3829,322,5,Very good,2024-11-26
432,903,495,1,Good value,2023-08-16
433,2244,46,5,Not satisfied,2023-05-18
434,496,329,5,Worth buying,2025-02-27
435,3120,492,1,Good value,2023-05-09
436,1100,440,3,Average quality,2023-07-05
437,2636,50,5,Good value,2023-06-13
438,4738,417,3,Excellent product,2025-05-12
439,4974,79,1,Good value,2024-01-19
440,4890,310,3,Good value,2024-03-10
441,3608,445,5,Worth buying,2023-01-22
442,1608,137,5,Excellent product,2025-01-27
443,1791,472,1,Average quality,2023-07-04
444,2689,212,2,Fast delivery,2023-06-30
445,2955,346,2,Very good,2024-04-03
446,2155,196,3,Average quality,2024-07-30
447,3326,318,2,Not satisfied,2024-09-04
448,779,184,3,Fast delivery,2025-03-08
449,4753,217,5,Fast delivery,2023-12-16
450,1062,114,5,Amazing experience,2023-07-15
451,580,162,2,Good value,2025-03-16
452,3719,456,4,Highly recommended,2024-11-17
453,1642,119,4,Good value,2024-08-29
454,4679,321,1,Excellent product,2023-07-28
455,3687,83,2,Highly recommended,2024-03-07
456,3192,128,3,Very good,2023-02-07
457,1859,284,1,Not satisfied,2024-11-07
458,3363,136,3,Amazing experience,2024-09-18
459,1646,149,2,Amazing experience,2024-03-31
460,905,466,1,Amazing experience,2025-04-22
461,4257,470,3,Average quality,2024-03-29
462,4599,210,1,Excellent product,2024-07-02
463,4641,105,5,Worth buying,2024-12-29
464,1296,247,4,Amazing experience,2023-10-02
465,1000,469,5,Not satisfied,2023-07-21
466,3527,356,5,Amazing experience,2024-12-21
467,4407,338,1,Highly recommended,2024-11-06
468,2414,483,3,Excellent product,2024-04-30
469,4075,31,5,Average quality,2023-02-20
470,698,474,4,Amazing experience,2024-07-08
471,209,223,2,Not satisfied,2024-02-14
472,2174,28,3,Quality could improve,2024-07-16
473,1323,69,2,Good value,2025-01-14
474,3746,379,5,Fast delivery,2025-02-10
475,3267,408,5,Quality could improve,2023-12-09
476,378,57,2,Excellent product,2023-10-12
477,1994,173,2,Amazing experience,2024-01-09
478,4080,463,3,Not satisfied,2023-06-21
479,3085,353,5,Average quality,2024-12-12
480,2555,410,1,Quality could improve,2024-10-11
481,4226,442,5,Fast delivery,2024-06-17
482,1386,77,3,Amazing experience,2025-04-17
483,1566,160,5,Good value,2025-04-24
484,3651,166,3,Excellent product,2023-12-07
485,2538,209,4,Amazing experience,2024-01-21
486,2218,73,3,Quality could improve,2025-01-03
487,2356,389,4,Good value,2025-04-28
488,1498,285,5,Average quality,2023-07-27
489,2503,95,1,Good value,2024-04-23
490,2344,317,2,Good value,2025-02-21
491,3732,490,5,Highly recommended,2024-06-23
492,2177,113,5,Highly recommended,2023-04-12
493,571,260,3,Average quality,2025-01-26
494,2505,325,4,Very good,2025-06-12
495,1030,126,2,Amazing experience,2023-05-03
496,4049,115,5,Highly recommended,2025-01-30
497,3492,294,4,Average quality,2024-01-12
498,4253,60,3,Good value,2024-05-31
499,4738,128,2,Fast delivery,2023-10-03
500,184,148,4,Not satisfied,2023-03-04
501,185,165,5,Average quality,2025-04-04
502,3755,306,4,Highly recommended,2023-05-09
503,3695,138,3,Highly recommended,2023-12-12
504,2694,77,2,Fast delivery,2023-04-25
505,3198,425,1,Very good,2024-10-10
506,912,207,2,Quality could improve,2025-05-25
507,3716,326,1,Excellent product,2023-10-10
508,4785,302,5,Good value,2024-10-25
509,2444,45,3,Not satisfied,2024-12-31
510,4850,168,3,Excellent product,2023-02-15
511,852,457,3,Worth buying,2023-03-17
512,583,246,3,Highly recommended,2023-08-05
513,4123,279,1,Quality could improve,2024-10-24
514,380,275,5,Amazing experience,2023-09-05
515,1871,201,3,Worth buying,2025-04-25
516,306,98,4,Not satisfied,2023-08-17
517,1053,142,3,Worth buying,2023-05-04
518,4329,187,3,Worth buying,2024-12-13
519,1365,272,1,Worth buying,2025-06-02
520,3571,211,1,Fast delivery,2025-01-17
521,1528,460,1,Not satisfied,2023-09-30
522,3856,343,4,Amazing experience,2023-04-03
523,3171,211,5,Not satisfied,2023-09-24
524,3641,415,5,Very good,2024-01-17
525,1137,395,1,Quality could improve,2023-04-20
526,4677,465,2,Good value,2024-02-28
527,3956,332,1,Good value,2023-08-27
528,1929,424,3,Average quality,2023-03-29
529,2759,196,2,Not satisfied,2023-10-08
530,4914,32,3,Quality could improve,2024-04-22
531,4982,82,5,Fast delivery,2024-02-13
532,966,300,1,Quality could improve,2023-05-29
533,2144,244,1,Excellent product,2024-12-10
534,3531,100,1,Very good,2025-01-07
535,172,237,5,Amazing experience,2024-08-17
536,3127,490,1,Average quality,2024-11-26
537,2142,39,1,Worth buying,2024-10-06
538,3341,477,1,Fast delivery,2024-09-06
539,1036,130,2,Good value,2024-04-22
540,217,58,4,Worth buying,2025-04-17
541,1863,131,1,Highly recommended,2023-03-20
542,976,469,1,Fast delivery,2024-08-16
543,4461,12,1,Amazing experience,2024-03-03
544,2340,464,4,Highly recommended,2025-05-03
545,3023,386,3,Good value,2025-03-08
546,4914,283,5,Worth buying,2024-03-12
547,4960,79,5,Very good,2024-06-15
548,4061,222,1,Average quality,2024-08-23
549,4301,286,2,Good value,2023-09-20
550,4610,140,2,Fast delivery,2025-01-30
551,3929,431,5,Average quality,2023-03-15
552,4535,449,5,Average quality,2023-06-04
553,3155,42,5,Fast delivery,2024-11-02
554,261,115,1,Quality could improve,2024-07-16
555,1714,149,5,Quality could improve,2023-08-01
556,4649,320,4,Good value,2025-05-14
557,2019,473,1,Not satisfied,2025-01-17
558,3416,263,4,Quality could improve,2023-02-20
559,4528,323,4,Average quality,2024-04-18
560,2991,53,5,Amazing experience,2024-07-20
561,2953,17,1,Fast delivery,2023-08-25
562,3198,179,2,Highly recommended,2023-04-14
563,2372,119,4,Average quality,2024-04-07
564,935,392,3,Good value,2023-10-03
565,3198,365,4,Very good,2023-07-12
566,1930,78,1,Fast delivery,2023-08-21
567,2519,113,4,Average quality,2023-06-26
568,3194,139,2,Highly recommended,2023-04-04
569,2012,418,4,Fast delivery,2025-04-05
570,4449,410,5,Excellent product,2025-01-02
571,2913,6,2,Highly recommended,2024-11-04
572,2617,363,1,Excellent product,2024-04-18
573,4260,121,4,Not satisfied,2024-11-04
574,1082,205,5,Quality could improve,2025-05-06
575,3740,8,1,Fast delivery,2023-10-13
576,3145,132,1,Worth buying,2023-12-12
577,3014,208,5,Quality could improve,2023-10-24
578,1230,234,1,Worth buying,2024-03-28
579,2933,409,2,Good value,2023-10-01
580,4006,321,4,Not satisfied,2024-07-31
581,2675,481,3,Good value,2024-06-18
582,2935,55,2,Average quality,2025-01-07
583,3760,482,3,Quality could improve,2023-12-12
584,3968,468,3,Fast delivery,2023-05-25
585,3862,11,2,Highly recommended,2024-11-17
586,4298,303,5,Highly recommended,2025-01-20
587,3553,169,5,Quality could improve,2024-03-19
588,4674,387,5,Worth buying,2025-02-18
589,2315,351,4,Good value,2024-06-02
590,425,64,5,Amazing experience,2024-07-06
591,855,359,3,Highly recommended,2023-03-15
592,2772,422,4,Quality could improve,2024-09-17
593,4552,314,1,Worth buying,2024-11-14
594,4674,253,2,Not satisfied,2023-02-12
595,3532,408,1,Good value,2023-11-22
596,4357,181,2,Good value,2025-02-28
597,4542,477,5,Highly recommended,2024-11-11
598,216,270,3,Fast delivery,2024-12-29
599,398,456,3,Worth buying,2023-06-06
600,1054,364,2,Quality could improve,2024-01-15
601,928,339,3,Worth buying,2023-04-16
602,1638,16,1,Average quality,2023-08-05
603,2029,300,2,Highly recommended,2025-03-05
604,1207,70,1,Amazing experience,2024-04-25
605,676,68,4,Highly recommended,2023-05-26
606,2480,488,3,Good value,2023-10-29
607,3070,417,4,Quality could improve,2023-10-13
608,2107,257,1,Not satisfied,2023-12-18
609,2044,197,1,Quality could improve,2025-03-22
610,779,74,3,Excellent product,2024-04-25
611,436,199,2,Amazing experience,2023-05-04
612,3699,215,4,Average quality,2025-03-29
613,2410,75,1,Fast delivery,2023-03-11
614,4274,254,1,Not satisfied,2023-04-06
615,3601,394,2,Amazing experience,2025-01-21
616,4156,368,1,Very good,2024-02-13
617,4953,88,2,Fast delivery,2024-11-01
618,4386,149,3,Very good,2023-01-04
619,2642,291,3,Good value,2024-07-08
620,4196,181,5,Quality could improve,2025-02-14
621,1163,191,2,Worth buying,2025-05-06
622,648,44,1,Fast delivery,2023-07-02
623,2715,208,2,Worth buying,2025-03-10
624,1732,352,4,Fast delivery,2023-07-03
625,3405,196,5,Worth buying,2024-01-30
626,510,428,3,Quality could improve,2023-12-15
627,4892,461,2,Excellent product,2025-03-05
628,564,459,4,Fast delivery,2024-07-20
629,4347,488,2,Amazing experience,2024-09-11
630,540,210,3,Highly recommended,2025-02-20
631,4845,491,5,Quality could improve,2024-10-26
632,4966,293,5,Excellent product,2024-12-27
633,1149,357,1,Excellent product,2024-11-28
634,1752,252,1,Excellent product,2025-02-28
635,62,188,5,Amazing experience,2023-02-02
636,325,40,5,Fast delivery,2024-04-30
637,305,213,1,Average quality,2023-04-02
638,4572,166,3,Highly recommended,2023-08-29
639,1890,46,1,Quality could improve,2023-12-29
640,1289,256,5,Amazing experience,2023-11-05
641,4309,222,1,Not satisfied,2024-07-22
642,97,183,4,Amazing experience,2024-04-23
643,1371,292,1,Average quality,2024-12-13
644,4680,280,3,Fast delivery,2023-08-11
645,2274,401,2,Not satisfied,2024-05-05
646,2197,139,2,Excellent product,2023-09-04
647,1529,341,1,Highly recommended,2024-05-10
648,1087,209,2,Amazing experience,2024-04-23
649,413,44,4,Very good,2023-01-22
650,4356,325,1,Highly recommended,2023-01-14
651,4242,305,3,Very good,2023-03-11
652,3723,448,5,Good value,2023-03-18
653,3560,310,4,Very good,2024-07-14
654,3390,388,4,Fast delivery,2024-02-04
655,1440,263,5,Amazing experience,2024-11-20
656,3703,423,2,Very good,2024-06-13
657,274,339,4,Fast delivery,2023-09-20
658,595,323,3,Worth buying,2025-02-21
659,3739,157,1,Excellent product,2024-06-24
660,4659,183,5,Average quality,2023-10-01
661,199,302,4,Quality could improve,2023-10-29
662,3857,167,2,Excellent product,2023-07-31
663,4611,194,2,Amazing experience,2023-05-24
664,717,86,4,Amazing experience,2025-03-30
665,175,117,4,Quality could improve,2024-09-03
666,1815,344,2,Good value,2025-04-27
667,1276,42,1,Not satisfied,2024-02-18
668,3315,90,1,Worth buying,2025-03-19
669,2747,364,2,Worth buying,2023-05-03
670,1262,338,5,Excellent product,2023-02-04
671,3294,396,1,Fast delivery,2023-11-21
672,1728,64,4,Fast delivery,2023-07-29
673,2060,376,4,Good value,2023-01-18
674,4533,337,4,Quality could improve,2025-02-01
675,4794,127,2,Very good,2023-10-10
676,3698,496,5,Fast delivery,2024-09-17
677,2735,115,4,Average quality,2023-11-21
678,4062,392,3,Not satisfied,2023-09-15
679,234,258,1,Average quality,2025-06-06
680,1910,178,5,Worth buying,2023-09-09
681,2981,88,2,Fast delivery,2024-06-05
682,3173,185,2,Excellent product,2024-02-16
683,3242,294,4,Very good,2025-06-11
684,4850,324,1,Amazing experience,2024-08-13
685,2699,248,2,Good value,2023-12-05
686,152,29,3,Amazing experience,2024-01-17
687,2637,207,4,Not satisfied,2024-01-08
688,4735,42,1,Amazing experience,2024-11-21
689,279,32,5,Amazing experience,2025-03-19
690,1778,31,1,Worth buying,2024-06-05
691,2802,179,5,Not satisfied,2024-05-05
692,1574,126,4,Not satisfied,2023-09-13
693,182,106,1,Very good,2023-10-11
694,3791,483,3,Good value,2023-05-31
695,4776,180,4,Quality could improve,2024-05-23
696,4964,25,5,Excellent product,2024-05-25
697,3768,389,2,Fast delivery,2025-03-18
698,2085,225,2,Very good,2023-08-15
699,1262,441,2,Excellent product,2025-01-03
700,1558,46,4,Highly recommended,2024-05-07
701,1544,177,1,Highly recommended,2024-04-23
702,4587,104,5,Quality could improve,2023-05-07
703,3616,367,1,Excellent product,2024-09-14
704,4392,413,4,Worth buying,2023-11-23
705,3710,143,2,Average quality,2024-08-18
706,3674,182,4,Amazing experience,2024-03-19
707,3471,218,3,Fast delivery,2023-09-22
708,2229,56,2,Fast delivery,2024-01-16
709,3494,431,5,Worth buying,2023-05-09
710,2611,462,1,Excellent product,2023-01-09
711,2392,178,2,Fast delivery,2024-10-13
712,1833,449,4,Very good,2025-05-24
713,2272,105,5,Quality could improve,2024-05-03
714,2779,173,2,Amazing experience,2024-08-25
715,616,304,4,Good value,2024-01-30
716,4238,464,3,Quality could improve,2024-12-09
717,4403,302,5,Good value,2024-02-14
718,3502,350,2,Excellent product,2023-03-27
719,911,111,2,Fast delivery,2023-01-19
720,4909,313,4,Average quality,2024-10-23
721,766,94,2,Excellent product,2024-12-04
722,2871,317,1,Very good,2024-08-06
723,1611,241,2,Good value,2023-10-25
724,1185,214,3,Quality could improve,2024-12-23
725,26,248,3,Highly recommended,2023-10-24
726,853,259,2,Very good,2023-10-28
727,3634,139,2,Quality could improve,2025-06-07
728,4918,216,1,Amazing experience,2024-11-11
729,2708,489,4,Average quality,2023-05-30
730,1006,249,2,Very good,2023-10-24
731,1983,102,2,Excellent product,2024-11-26
732,641,166,3,Amazing experience,2025-06-08
733,2079,311,2,Excellent product,2024-08-25
734,3971,223,4,Average quality,2024-07-22
735,1984,282,2,Good value,2023-03-23
736,4066,40,2,Fast delivery,2023-12-05
737,27,211,1,Average quality,2024-10-03
738,2088,110,4,Very good,2025-03-09
739,448,376,2,Excellent product,2024-11-22
740,2179,113,4,Fast delivery,2023-12-09
741,3138,469,4,Amazing experience,2023-09-14
742,151,344,1,Excellent product,2025-05-11
743,3028,470,4,Good value,2023-02-01
744,4542,403,1,Quality could improve,2024-07-29
745,2314,268,4,Not satisfied,2023-05-16
746,3424,2,5,Excellent product,2023-05-16
747,420,194,1,Average quality,2024-04-22
748,714,263,5,Worth buying,2025-05-06
749,1777,303,5,Worth buying,2023-11-18
750,4888,71,1,Highly recommended,2023-10-06
751,643,362,2,Excellent product,2023-06-12
752,4574,298,1,Good value,2025-04-26
753,2589,148,3,Highly recommended,2023-09-25
754,2163,33,1,Good value,2024-08-24
755,458,54,2,Not satisfied,2024-11-18
756,3094,305,4,Not satisfied,2024-09-16
757,3839,233,3,Fast delivery,2024-12-06
758,1175,460,5,Worth buying,2025-01-15
759,3603,475,4,Highly recommended,2023-01-06
760,1196,343,4,Average quality,2023-07-30
761,1614,154,4,Excellent product,2024-05-27
762,1121,114,4,Excellent product,2023-08-13
763,3490,378,3,Amazing experience,2025-02-19
764,3017,470,5,Not satisfied,2024-01-09
765,1413,425,4,Very good,2024-11-21
766,4802,284,2,Quality could improve,2024-05-13
767,905,302,3,Average quality,2025-03-28
768,1939,111,2,Excellent product,2023-04-24
769,1821,305,4,Excellent product,2023-10-16
770,4343,269,3,Worth buying,2024-03-19
771,3220,471,5,Worth buying,2024-03-27
772,4535,54,3,Highly recommended,2023-07-24
773,2921,436,2,Good value,2024-04-11
774,2615,159,2,Highly recommended,2024-01-07
775,4721,299,5,Very good,2024-03-15
776,1410,215,2,Average quality,2024-10-24
777,1387,165,1,Worth buying,2024-03-22
778,3422,409,1,Amazing experience,2025-06-07
779,3276,409,4,Good value,2024-09-11
780,4123,455,3,Highly recommended,2025-04-12
781,3874,132,3,Excellent product,2025-03-12
782,1271,121,5,Good value,2024-04-22
783,1958,129,5,Worth buying,2025-03-19
784,105,474,3,Quality could improve,2024-10-25
785,1574,387,5,Excellent product,2024-05-27
786,3942,108,1,Worth buying,2025-02-10
787,4645,330,1,Quality could improve,2023-08-20
788,1493,104,1,Excellent product,2024-01-28
789,1154,26,5,Fast delivery,2024-08-25
790,1461,434,5,Good value,2023-03-08
791,315,456,2,Highly recommended,2023-05-02
792,3056,197,1,Average quality,2023-10-29
793,1226,437,3,Excellent product,2023-05-03
794,3913,47,1,Worth buying,2025-01-27
795,535,373,2,Quality could improve,2023-12-01
796,2749,426,3,Excellent product,2024-01-23
797,1271,190,1,Quality could improve,2025-06-08
798,649,436,5,Not satisfied,2023-10-20
799,3269,200,3,Quality could improve,2025-01-24
800,2341,249,3,Very good,2023-05-08
801,1626,320,3,Excellent product,2024-01-22
802,3991,471,2,Quality could improve,2024-02-24
803,2200,376,4,Quality could improve,2024-02-17
804,1187,72,5,Worth buying,2024-03-26
805,894,328,2,Quality could improve,2023-12-15
806,873,368,4,Excellent product,2024-07-14
807,3961,453,5,Excellent product,2025-05-17
808,4731,73,1,Highly recommended,2023-12-13
809,730,65,3,Good value,2024-07-17
810,2100,286,5,Excellent product,2024-06-28
811,524,64,5,Worth buying,2023-08-14
812,3242,281,2,Good value,2024-09-10
813,3012,449,2,Quality could improve,2024-12-25
814,4253,186,5,Quality could improve,2023-12-05
815,1542,54,1,Average quality,2024-01-01
816,2751,215,4,Good value,2023-01-11
817,1752,65,4,Worth buying,2024-07-22
818,3290,283,3,Not satisfied,2024-05-23
819,463,159,2,Not satisfied,2024-07-20
820,3361,469,2,Quality could improve,2023-10-22
821,460,368,3,Worth buying,2024-01-02
822,3684,244,4,Very good,2024-10-29
823,4781,4,3,Amazing experience,2023-12-08
824,2239,97,5,Highly recommended,2024-10-14
825,1795,231,5,Not satisfied,2024-04-01
826,2411,455,5,Not satisfied,2023-03-26
827,204,223,2,Good value,2024-03-18
828,2819,317,4,Excellent product,2023-04-19
829,3433,429,5,Amazing experience,2023-12-30
830,4286,242,4,Excellent product,2024-02-25
831,1701,58,1,Quality could improve,2024-10-23
832,2185,482,1,Excellent product,2023-06-05
833,4724,395,1,Excellent product,2025-06-11
834,843,331,4,Quality could improve,2023-12-30
835,469,404,4,Highly recommended,2023-08-04
836,103,394,5,Average quality,2025-02-08
837,969,409,1,Not satisfied,2024-05-01
838,4925,374,3,Good value,2024-09-20
839,2251,20,1,Quality could improve,2025-01-11
840,27,21,2,Average quality,2023-06-20
841,2343,195,3,Amazing experience,2023-03-23
842,419,163,4,Quality could improve,2023-08-27
843,4507,224,1,Highly recommended,2024-04-10
844,1184,106,4,Highly recommended,2024-11-02
845,4038,184,4,Quality could improve,2024-09-15
846,1816,298,1,Highly recommended,2023-04-02
847,4593,478,3,Good value,2025-06-02
848,386,324,3,Worth buying,2023-07-25
849,1424,343,2,Average quality,2025-05-31
850,531,451,3,Worth buying,2023-04-07
851,4116,213,1,Good value,2024-11-14
852,504,61,5,Excellent product,2025-03-24
853,2702,492,4,Average quality,2024-02-07
854,264,340,3,Fast delivery,2024-07-30
855,1016,114,2,Excellent product,2023-06-18
856,2634,106,5,Good value,2025-01-07
857,4595,116,2,Good value,2025-03-19
858,2576,318,3,Amazing experience,2025-01-08
859,3927,216,3,Worth buying,2024-03-30
860,2188,318,5,Amazing experience,2023-11-28
861,2480,264,3,Worth buying,2024-12-17
862,2915,214,3,Quality could improve,2023-02-11
863,4871,135,2,Very good,2023-10-24
864,4664,456,3,Good value,2025-06-11
865,1721,212,4,Fast delivery,2024-04-24
866,404,206,5,Quality could improve,2023-09-06
867,3485,459,3,Excellent product,2024-06-27
868,2582,163,1,Fast delivery,2023-10-29
869,1599,411,3,Not satisfied,2024-04-24
870,597,295,5,Worth buying,2025-04-22
871,1097,89,2,Worth buying,2023-08-04
872,3956,69,1,Highly recommended,2025-03-18
873,4651,334,1,Worth buying,2023-09-01
874,4624,45,1,Fast delivery,2023-06-08
875,3512,405,1,Very good,2024-03-17
876,1505,206,5,Quality could improve,2024-12-02
877,1620,328,5,Fast delivery,2024-10-19
878,185,135,2,Worth buying,2025-04-24
879,2764,253,2,Not satisfied,2023-03-02
880,754,487,3,Fast delivery,2023-11-19
881,2560,126,4,Amazing experience,2023-12-28
882,2639,496,1,Amazing experience,2023-10-18
883,1716,94,3,Highly recommended,2023-07-16
884,4065,196,3,Average quality,2024-05-08
885,3368,133,4,Very good,2023-04-28
886,2354,198,2,Worth buying,2024-05-23
887,4285,166,1,Very good,2023-11-09
888,4950,77,2,Highly recommended,2024-04-14
889,1974,232,4,Very good,2025-05-22
890,1066,380,1,Not satisfied,2024-09-30
891,800,373,3,Very good,2023-10-04
892,3550,448,2,Amazing experience,2023-06-23
893,4894,267,1,Good value,2023-12-18
894,3251,32,5,Excellent product,2024-06-26
895,120,41,1,Highly recommended,2023-05-23
896,111,25,3,Excellent product,2024-01-13
897,1622,412,1,Average quality,2023-08-13
898,4091,204,1,Very good,2024-08-21
899,3962,302,5,Average quality,2024-09-26
900,514,199,2,Fast delivery,2024-05-26
901,942,92,2,Average quality,2023-12-08
902,3458,215,3,Average quality,2023-11-30
903,2113,363,3,Average quality,2023-05-15
904,4518,192,1,Quality could improve,2023-09-03
905,3349,214,5,Average quality,2023-01-23
906,71,235,4,Quality could improve,2023-05-21
907,3053,249,3,Worth buying,2025-02-13
908,4008,246,5,Quality could improve,2024-05-27
909,1496,233,2,Amazing experience,2023-02-06
910,4463,138,2,Quality could improve,2023-04-02
911,178,448,4,Excellent product,2024-05-11
912,3377,195,2,Good value,2023-10-19
913,3334,163,3,Worth buying,2025-01-03
914,3815,425,4,Good value,2024-10-25
915,4246,299,5,Very good,2024-03-14
916,3686,206,4,Very good,2023-12-17
917,4604,12,5,Quality could improve,2024-01-06
918,1255,403,5,Amazing experience,2023-12-27
919,4376,476,3,Fast delivery,2024-06-29
920,4261,332,4,Good value,2025-03-26
921,3626,375,3,Worth buying,2023-11-06
922,4473,357,1,Highly recommended,2023-05-23
923,4581,265,3,Quality could improve,2024-04-21
924,2646,327,2,Highly recommended,2023-09-22
925,105,3,1,Not satisfied,2023-01-06
926,662,413,5,Average quality,2023-11-26
927,894,23,4,Amazing experience,2025-04-09
928,3893,257,4,Good value,2024-01-19
929,1968,187,5,Excellent product,2024-06-04
930,2430,338,5,Very good,2024-05-07
931,1816,188,5,Quality could improve,2025-03-26
932,1954,143,2,Worth buying,2023-02-23
933,1603,456,4,Average quality,2023-05-02
934,4150,103,1,Excellent product,2024-01-03
935,2165,31,2,Highly recommended,2024-06-30
936,448,63,3,Amazing experience,2023-02-07
937,3192,80,4,Not satisfied,2025-02-09
938,1589,380,1,Good value,2024-12-05
939,25,237,5,Highly recommended,2023-08-07
940,2221,319,4,Fast delivery,2023-03-25
941,651,487,3,Amazing experience,2023-03-12
942,4572,278,4,Not satisfied,2023-02-16
943,4407,172,2,Not satisfied,2024-06-24
944,4700,446,3,Excellent product,2023-01-21
945,2083,155,1,Excellent product,2023-12-23
946,2336,481,4,Average quality,2024-06-24
947,4960,347,5,Fast delivery,2024-02-24
948,2258,188,1,Fast delivery,2023-12-02
949,2579,48,3,Highly recommended,2024-04-04
950,4182,483,4,Good value,2023-04-09
951,2287,411,3,Worth buying,2024-05-06
952,2218,439,3,Amazing experience,2023-09-23
953,434,192,1,Worth buying,2024-06-27
954,4517,144,3,Very good,2025-02-13
955,3173,438,3,Very good,2025-04-05
956,3430,28,2,Very good,2023-04-11
957,2167,3,1,Worth buying,2023-10-02
958,534,147,1,Quality could improve,2024-05-10
959,2908,487,4,Average quality,2025-03-03
960,3597,257,2,Quality could improve,2023-06-25
961,2260,435,5,Very good,2024-06-08
962,2937,142,4,Very good,2023-05-15
963,2257,358,2,Very good,2025-05-28
964,3293,340,3,Highly recommended,2024-02-23
965,934,12,1,Amazing experience,2023-10-14
966,2058,374,3,Highly recommended,2023-07-03
967,509,135,5,Amazing experience,2025-02-25
968,574,121,1,Very good,2025-06-19
969,2329,354,4,Fast delivery,2023-04-14
970,3201,405,2,Excellent product,2024-06-03
971,1939,191,2,Not satisfied,2025-01-28
972,784,280,2,Average quality,2025-05-23
973,178,147,5,Amazing experience,2023-09-19
974,2624,113,4,Worth buying,2023-07-16
975,3069,191,2,Average quality,2024-11-26
976,1145,20,1,Highly recommended,2024-08-06
977,968,328,2,Fast delivery,2025-06-18
978,2456,256,1,Excellent product,2023-05-01
979,1483,356,2,Average quality,2024-02-28
980,2934,75,1,Excellent product,2023-03-29
981,3180,4,5,Average quality,2023-09-03
982,74,488,4,Worth buying,2023-01-28
983,3096,137,3,Highly recommended,2024-10-01
984,3630,356,2,Average quality,2024-10-18
985,2178,380,4,Worth buying,2023-03-30
986,4898,174,3,Highly recommended,2024-12-25
987,3408,45,1,Amazing experience,2024-04-12
988,2515,27,2,Good value,2024-02-05
989,3689,15,5,Average quality,2024-11-11
990,946,402,5,Good value,2024-08-21
991,334,469,4,Average quality,2023-01-11
992,2902,272,4,Good value,2025-04-22
993,4566,210,5,Excellent product,2024-10-12
994,4891,217,5,Worth buying,2024-02-25
995,1584,167,4,Worth buying,2023-08-24
996,4848,220,1,Quality could improve,2024-02-04
997,3250,203,5,Amazing experience,2023-09-11
998,2931,279,4,Not satisfied,2024-03-21
999,272,172,4,Highly recommended,2025-04-15
1000,1683,263,5,Amazing experience,2023-01-25
1001,3968,431,4,Amazing experience,2024-10-23
1002,2716,51,2,Average quality,2025-04-30
1003,791,379,2,Worth buying,2024-06-24
1004,4459,282,4,Good value,2024-06-24
1005,2297,35,3,Good value,2023-02-10
1006,814,218,5,Amazing experience,2023-12-12
1007,2096,31,5,Fast delivery,2025-04-23
1008,2694,16,5,Fast delivery,2024-09-07
1009,3138,390,1,Not satisfied,2024-04-14
1010,214,92,4,Good value,2023-09-29
1011,3892,486,4,Fast delivery,2024-03-09
1012,1150,211,2,Amazing experience,2024-05-06
1013,2317,249,4,Amazing experience,2023-09-03
1014,1549,362,5,Not satisfied,2023-02-09
1015,1895,306,2,Good value,2025-01-19
1016,2256,106,4,Very good,2024-11-07
1017,2232,186,2,Highly recommended,2023-08-15
1018,478,390,2,Fast delivery,2024-05-21
1019,4647,215,2,Not satisfied,2023-01-06
1020,3771,93,3,Highly recommended,2025-01-29
1021,1804,128,1,Good value,2023-06-10
1022,176,187,1,Worth buying,2023-04-06
1023,3041,444,3,Amazing experience,2024-04-16
1024,2567,488,1,Very good,2023-09-19
1025,197,360,4,Excellent product,2024-05-22
1026,1863,178,1,Quality could improve,2023-12-14
1027,2146,443,4,Good value,2023-12-10
1028,4123,308,3,Amazing experience,2024-01-20
1029,2343,160,2,Amazing experience,2024-11-10
1030,2667,182,1,Very good,2023-07-23
1031,4029,284,3,Excellent product,2024-02-16
1032,1405,202,3,Amazing experience,2025-06-19
1033,3660,14,2,Good value,2023-01-14
1034,3462,215,5,Amazing experience,2024-09-26
1035,2204,178,1,Average quality,2025-03-08
1036,3390,258,3,Very good,2024-08-22
1037,3994,499,3,Excellent product,2023-02-04
1038,4492,243,1,Excellent product,2023-09-03
1039,3325,395,1,Not satisfied,2024-12-26
1040,3285,104,1,Not satisfied,2024-03-28
1041,517,313,1,Amazing experience,2023-12-02
1042,3562,77,4,Excellent product,2023-09-08
1043,4197,451,1,Excellent product,2024-10-01
1044,492,158,3,Good value,2023-05-06
1045,4513,94,2,Quality could improve,2025-05-01
1046,3360,458,5,Highly recommended,2025-05-16
1047,2174,55,3,Very good,2023-09-06
1048,2837,14,5,Worth buying,2024-05-16
1049,341,110,3,Good value,2024-01-13
1050,1846,89,1,Excellent product,2025-06-02
1051,1886,310,2,Not satisfied,2024-04-14
1052,2770,415,4,Excellent product,2024-02-10
1053,4530,483,2,Good value,2025-02-27
1054,3427,188,2,Good value,2024-10-03
1055,2712,427,3,Worth buying,2024-12-15
1056,1259,245,1,Good value,2023-05-10
1057,715,187,2,Very good,2024-10-28
1058,4259,10,2,Fast delivery,2023-04-10
1059,2150,87,4,Fast delivery,2024-05-12
1060,4653,108,2,Average quality,2023-05-28
1061,3061,208,5,Highly recommended,2023-10-27
1062,773,87,1,Amazing experience,2023-08-06
1063,3416,197,4,Very good,2025-05-16
1064,192,460,2,Good value,2024-09-08
1065,740,418,5,Fast delivery,2023-11-28
1066,1806,77,4,Amazing experience,2023-08-13
1067,279,171,1,Highly recommended,2023-05-21
1068,4957,105,5,Amazing experience,2025-01-02
1069,4652,147,3,Highly recommended,2023-06-04
1070,4853,344,5,Not satisfied,2023-11-01
1071,3989,407,2,Amazing experience,2024-06-20
1072,2083,369,1,Worth buying,2024-07-21
1073,1455,19,3,Average quality,2023-12-20
1074,2540,304,1,Fast delivery,2025-06-05
1075,718,249,3,Good value,2025-03-22
1076,4276,186,3,Excellent product,2024-09-11
1077,2914,190,3,Worth buying,2023-02-21
1078,3868,403,2,Not satisfied,2025-03-19
1079,3999,208,4,Excellent product,2023-08-29
1080,3365,478,3,Excellent product,2025-05-15
1081,117,435,1,Highly recommended,2024-05-16
1082,1829,459,1,Highly recommended,2023-09-25
1083,2223,372,1,Quality could improve,2024-05-07
1084,3882,13,1,Good value,2024-11-12
1085,3674,179,5,Fast delivery,2025-01-30
1086,4317,391,4,Very good,2025-03-18
1087,3289,183,5,Amazing experience,2024-12-15
1088,524,223,5,Good value,2025-03-16
1089,4750,226,4,Excellent product,2024-07-09
1090,2617,476,3,Highly recommended,2023-12-30
1091,4479,237,3,Quality could improve,2023-05-12
1092,195,380,4,Highly recommended,2024-04-04
1093,2267,113,2,Very good,2025-01-05
1094,3005,471,3,Very good,2023-08-08
1095,932,272,3,Amazing experience,2024-06-30
1096,1374,22,1,Excellent product,2023-04-28
1097,1885,33,1,Highly recommended,2024-03-14
1098,3376,18,1,Excellent product,2023-07-14
1099,2718,288,1,Worth buying,2024-06-19
1100,713,431,5,Excellent product,2024-07-10
1101,4305,157,5,Average quality,2024-02-16
1102,2334,313,3,Fast delivery,2024-06-13
1103,2218,99,5,Worth buying,2023-07-03
1104,715,129,5,Excellent product,2024-03-05
1105,896,38,2,Average quality,2025-05-20
1106,1262,76,5,Very good,2023-05-22
1107,4769,136,4,Fast delivery,2023-05-03
1108,3879,181,1,Excellent product,2025-02-04
1109,3895,265,1,Worth buying,2023-05-21
1110,4846,325,3,Excellent product,2024-07-11
1111,2391,77,1,Highly recommended,2023-06-19
1112,3632,116,2,Quality could improve,2023-09-29
1113,897,431,2,Excellent product,2023-02-07
1114,2263,419,4,Very good,2024-09-28
1115,2717,33,1,Amazing experience,2025-01-13
1116,3673,446,1,Worth buying,2023-06-29
1117,1639,166,2,Highly recommended,2024-08-23
1118,4173,466,4,Worth buying,2024-11-23
1119,118,397,1,Good value,2025-04-05
1120,1263,401,4,Worth buying,2024-04-22
1121,934,391,3,Excellent product,2025-04-05
1122,2762,64,1,Average quality,2025-05-24
1123,308,128,4,Good value,2024-08-15
1124,2940,340,4,Very good,2023-03-17
1125,1443,173,4,Not satisfied,2023-10-06
1126,3579,441,5,Good value,2023-12-11
1127,3024,325,3,Worth buying,2023-03-17
1128,3908,449,4,Fast delivery,2023-03-07
1129,361,179,3,Not satisfied,2023-06-06
1130,157,91,2,Quality could improve,2023-11-12
1131,2422,496,5,Fast delivery,2025-06-10
1132,4830,475,2,Good value,2024-09-19
1133,4275,208,2,Not satisfied,2025-05-31
1134,184,318,1,Average quality,2024-08-15
1135,111,241,2,Worth buying,2024-05-13
1136,706,41,1,Fast delivery,2024-01-13
1137,2001,52,3,Worth buying,2023-01-14
1138,4782,406,5,Excellent product,2024-04-04
1139,2511,247,4,Good value,2025-05-23
1140,4672,497,1,Amazing experience,2023-04-12
1141,3089,146,1,Excellent product,2023-09-18
1142,4991,410,4,Good value,2025-05-15
1143,1213,438,4,Quality could improve,2023-05-29
1144,3530,163,1,Worth buying,2024-06-18
1145,3754,250,5,Very good,2023-06-10
1146,4295,118,1,Quality could improve,2023-12-04
1147,1549,439,2,Worth buying,2023-01-31
1148,1194,52,5,Very good,2025-05-09
1149,2303,46,3,Good value,2025-02-03
1150,2271,127,4,Quality could improve,2024-10-21
1151,1608,355,3,Fast delivery,2023-05-31
1152,1128,165,3,Amazing experience,2023-08-15
1153,4017,288,4,Excellent product,2023-03-12
1154,4010,180,4,Amazing experience,2025-03-28
1155,3937,426,4,Good value,2025-03-27
1156,96,469,2,Highly recommended,2025-01-13
1157,397,208,2,Worth buying,2023-06-07
1158,3041,301,3,Quality could improve,2025-03-02
1159,4065,188,3,Average quality,2024-04-16
1160,3714,350,4,Worth buying,2025-04-18
1161,4977,217,5,Quality could improve,2023-07-12
1162,2351,466,5,Excellent product,2024-08-04
1163,4892,499,1,Highly recommended,2023-04-24
1164,3008,257,1,Average quality,2023-12-01
1165,3193,109,4,Highly recommended,2023-03-23
1166,4497,201,2,Amazing experience,2023-12-19
1167,2557,52,2,Average quality,2023-11-30
1168,2576,406,4,Not satisfied,2024-09-19
1169,254,150,2,Excellent product,2023-08-03
1170,1776,489,1,Good value,2024-08-31
1171,4203,10,5,Excellent product,2024-03-19
1172,1029,212,3,Fast delivery,2025-03-24
1173,3677,239,3,Quality could improve,2024-01-31
1174,52,309,4,Excellent product,2023-07-11
1175,1387,364,4,Good value,2025-06-08
1176,866,462,4,Highly recommended,2024-04-24
1177,1022,166,1,Highly recommended,2024-05-10
1178,2224,437,3,Fast delivery,2023-08-20
1179,4487,209,3,Average quality,2024-06-27
1180,1,164,5,Average quality,2024-12-29
1181,2778,377,2,Amazing experience,2023-09-11
1182,48,118,4,Quality could improve,2024-08-02
1183,1409,203,3,Excellent product,2023-10-17
1184,4933,416,1,Excellent product,2025-03-04
1185,3443,403,1,Good value,2023-04-15
1186,2098,8,3,Excellent product,2023-05-01
1187,4101,345,1,Very good,2023-07-07
1188,2294,230,4,Worth buying,2023-02-19
1189,4196,398,3,Worth buying,2023-01-23
1190,1309,299,1,Good value,2025-01-21
1191,2741,207,5,Highly recommended,2024-02-27
1192,203,314,3,Amazing experience,2023-03-30
1193,849,141,4,Amazing experience,2023-10-11
1194,18,464,5,Fast delivery,2023-12-27
1195,2432,21,3,Fast delivery,2023-03-15
1196,1546,342,4,Excellent product,2024-10-31
1197,3575,404,1,Amazing experience,2025-05-22
1198,2893,313,5,Very good,2024-01-26
1199,1359,240,3,Quality could improve,2025-04-18
1200,3684,290,1,Not satisfied,2023-01-09
1201,3265,171,3,Good value,2024-05-28
1202,2994,37,5,Not satisfied,2023-10-07
1203,3598,227,3,Good value,2023-02-18
1204,2871,190,1,Highly recommended,2024-03-05
1205,910,442,4,Excellent product,2024-01-01
1206,2123,317,5,Good value,2025-02-19
1207,3418,350,1,Highly recommended,2024-12-15
1208,354,476,4,Fast delivery,2023-10-26
1209,2671,277,2,Worth buying,2025-01-12
1210,347,353,1,Good value,2024-02-28
1211,905,479,4,Good value,2025-04-28
1212,2078,229,1,Amazing experience,2025-05-24
1213,4,173,4,Not satisfied,2024-10-28
1214,3474,52,4,Not satisfied,2023-12-20
1215,2083,54,3,Amazing experience,2023-01-30
1216,4295,413,2,Excellent product,2025-01-05
1217,4760,9,3,Worth buying,2023-01-27
1218,124,15,1,Highly recommended,2024-08-26
1219,4272,142,3,Worth buying,2023-04-17
1220,4904,409,2,Worth buying,2025-05-05
1221,19,430,5,Highly recommended,2025-03-29
1222,3259,342,4,Average quality,2023-04-15
1223,1348,430,2,Excellent product,2025-06-10
1224,1068,340,2,Amazing experience,2024-12-16
1225,267,60,3,Worth buying,2023-07-19
1226,2948,242,1,Average quality,2023-08-16
1227,3210,80,2,Highly recommended,2023-01-09
1228,1770,331,5,Good value,2024-10-16
1229,4043,399,4,Quality could improve,2024-10-18
1230,3833,107,4,Highly recommended,2023-10-21
1231,4574,119,5,Good value,2023-03-13
1232,1539,238,1,Amazing experience,2023-09-15
1233,3943,99,4,Highly recommended,2023-09-29
1234,2943,208,4,Average quality,2024-04-22
1235,386,396,1,Good value,2024-07-21
1236,2730,71,4,Fast delivery,2023-10-10
1237,3903,106,2,Highly recommended,2023-03-21
1238,3127,461,1,Amazing experience,2023-10-27
1239,4587,471,5,Excellent product,2025-06-06
1240,4599,222,2,Fast delivery,2025-04-27
1241,140,80,3,Good value,2025-02-22
1242,3528,181,5,Not satisfied,2024-07-22
1243,4234,201,1,Quality could improve,2023-07-20
1244,2416,192,5,Good value,2023-05-24
1245,4667,48,2,Not satisfied,2023-07-22
1246,2233,140,3,Not satisfied,2023-10-26
1247,3313,8,1,Average quality,2024-03-08
1248,4060,32,4,Fast delivery,2024-01-23
1249,3204,312,5,Quality could improve,2024-09-23
1250,3122,239,3,Excellent product,2024-03-25
1251,4944,378,2,Excellent product,2024-06-30
1252,3831,379,3,Average quality,2023-05-26
1253,3739,2,4,Not satisfied,2023-12-30
1254,1048,354,2,Quality could improve,2023-03-14
1255,1218,73,1,Quality could improve,2024-12-16
1256,1883,106,2,Not satisfied,2024-05-07
1257,4208,228,2,Quality could improve,2024-05-21
1258,120,200,4,Amazing experience,2025-01-29
1259,2802,483,3,Amazing experience,2024-04-09
1260,1533,405,2,Quality could improve,2023-04-18
1261,3097,37,1,Amazing experience,2025-05-25
1262,2446,53,4,Fast delivery,2024-09-09
1263,4829,439,3,Not satisfied,2023-10-17
1264,664,462,1,Quality could improve,2024-11-29
1265,3459,437,4,Average quality,2024-04-10
1266,1721,437,2,Not satisfied,2024-03-29
1267,4765,289,4,Fast delivery,2023-11-13
1268,3372,185,3,Not satisfied,2023-02-03
1269,1136,30,4,Amazing experience,2023-02-07
1270,2660,367,3,Highly recommended,2024-12-28
1271,2395,82,4,Highly recommended,2025-05-27
1272,1703,429,3,Average quality,2025-04-26
1273,1181,322,1,Very good,2024-04-26
1274,3690,9,1,Worth buying,2023-12-04
1275,1503,216,2,Highly recommended,2023-04-16
1276,790,208,3,Average quality,2024-12-20
1277,3756,277,2,Good value,2023-06-05
1278,3633,309,5,Excellent product,2024-09-29
1279,4336,10,3,Good value,2025-03-05
1280,3867,380,5,Quality could improve,2024-11-07
1281,169,211,1,Good value,2024-12-18
1282,4351,155,1,Quality could improve,2024-06-22
1283,4461,373,2,Quality could improve,2024-01-03
1284,4121,458,4,Quality could improve,2025-04-16
1285,1231,265,5,Quality could improve,2025-04-08
1286,4746,270,1,Not satisfied,2023-09-26
1287,4943,32,2,Fast delivery,2024-07-02
1288,2917,77,3,Not satisfied,2024-01-23
1289,32,56,4,Not satisfied,2023-09-14
1290,3325,437,3,Good value,2023-06-03
1291,2867,451,2,Fast delivery,2023-01-17
1292,4158,215,1,Not satisfied,2023-10-13
1293,2598,454,3,Average quality,2025-02-22
1294,1092,71,4,Quality could improve,2024-05-15
1295,1294,207,1,Amazing experience,2025-01-03
1296,247,489,5,Highly recommended,2024-03-26
1297,4761,457,2,Amazing experience,2023-10-21
1298,3624,33,1,Excellent product,2025-04-18
1299,316,419,2,Not satisfied,2023-06-18
1300,4810,206,3,Very good,2023-03-02
1301,1425,84,3,Average quality,2024-01-19
1302,4739,274,2,Highly recommended,2024-11-21
1303,2828,168,4,Excellent product,2024-07-31
1304,1572,61,5,Very good,2023-12-03
1305,1785,231,4,Highly recommended,2024-02-28
1306,2727,422,3,Good value,2024-07-02
1307,969,263,5,Quality could improve,2025-05-15
1308,4897,20,1,Excellent product,2024-05-20
1309,1602,333,4,Amazing experience,2024-07-31
1310,4541,103,4,Very good,2023-05-08
1311,1661,185,5,Excellent product,2025-01-10
1312,1787,38,4,Excellent product,2023-03-16
1313,4761,156,1,Fast delivery,2023-07-08
1314,140,23,5,Highly recommended,2024-05-30
1315,932,116,5,Quality could improve,2025-02-28
1316,3924,75,3,Highly recommended,2023-02-17
1317,3557,336,2,Excellent product,2023-03-19
1318,4072,19,5,Very good,2023-10-17
1319,3899,38,3,Very good,2023-05-16
1320,2137,266,3,Excellent product,2024-12-29
1321,4953,111,5,Very good,2023-11-02
1322,4785,322,1,Fast delivery,2023-09-24
1323,1214,291,3,Amazing experience,2024-03-16
1324,1978,52,2,Highly recommended,2023-06-14
1325,136,488,4,Amazing experience,2023-10-29
1326,2206,190,2,Amazing experience,2023-02-10
1327,4497,354,2,Good value,2024-04-18
1328,1074,457,5,Amazing experience,2023-12-06
1329,1112,300,3,Good value,2024-05-21
1330,975,187,1,Excellent product,2024-08-24
1331,3689,481,4,Quality could improve,2024-05-23
1332,4368,259,3,Good value,2024-03-17
1333,1829,433,5,Worth buying,2023-02-17
1334,4971,487,1,Not satisfied,2024-03-07
1335,500,350,5,Average quality,2025-04-27
1336,2799,276,1,Not satisfied,2024-03-26
1337,1374,328,4,Good value,2024-04-17
1338,1280,258,4,Average quality,2024-06-18
1339,446,490,4,Worth buying,2024-04-22
1340,1864,209,3,Very good,2025-03-09
1341,4209,418,3,Fast delivery,2023-11-09
1342,2241,58,5,Very good,2024-03-22
1343,3072,28,5,Good value,2024-03-08
1344,268,377,3,Good value,2024-05-22
1345,4265,11,2,Average quality,2024-07-23
1346,4896,318,2,Average quality,2023-08-08
1347,359,136,4,Excellent product,2024-03-14
1348,2337,53,1,Not satisfied,2024-04-26
1349,4170,134,3,Excellent product,2024-05-03
1350,1563,309,4,Average quality,2023-11-06
1351,2301,451,1,Fast delivery,2024-08-14
1352,3786,15,3,Quality could improve,2023-05-16
1353,3436,137,1,Not satisfied,2024-04-21
1354,1125,455,5,Worth buying,2025-03-12
1355,3892,77,5,Quality could improve,2024-10-15
1356,3881,182,1,Quality could improve,2023-10-30
1357,1029,62,3,Highly recommended,2024-05-14
1358,4928,38,5,Good value,2024-07-14
1359,1594,77,5,Average quality,2023-03-14
1360,2808,177,3,Excellent product,2023-10-14
1361,3690,275,3,Amazing experience,2023-09-27
1362,1113,399,2,Average quality,2024-12-03
1363,1103,418,5,Excellent product,2023-12-12
1364,3063,342,5,Fast delivery,2024-12-08
1365,3922,423,1,Very good,2025-03-10
1366,4847,145,3,Fast delivery,2024-02-19
1367,2894,194,5,Average quality,2025-03-08
1368,4387,93,5,Average quality,2023-06-28
1369,1754,67,2,Not satisfied,2023-12-24
1370,3517,496,1,Very good,2024-04-20
1371,1743,471,2,Excellent product,2023-07-10
1372,1589,292,5,Excellent product,2025-06-02
1373,3889,445,1,Amazing experience,2023-05-21
1374,1804,359,4,Average quality,2025-05-29
1375,4837,243,5,Worth buying,2024-01-20
1376,4776,73,1,Fast delivery,2023-12-28
1377,835,269,5,Worth buying,2024-03-04
1378,3112,43,4,Worth buying,2023-10-27
1379,550,179,2,Fast delivery,2025-06-01
1380,939,487,1,Worth buying,2024-12-24
1381,3308,19,4,Worth buying,2023-10-16
1382,3232,10,5,Amazing experience,2025-03-13
1383,2466,88,5,Average quality,2024-03-31
1384,4627,301,4,Good value,2023-06-12
1385,327,203,1,Average quality,2024-08-29
1386,3436,439,2,Excellent product,2025-06-02
1387,3439,341,4,Quality could improve,2023-07-16
1388,2266,115,2,Excellent product,2023-05-18
1389,2170,19,2,Worth buying,2024-05-01
1390,2171,495,3,Quality could improve,2024-07-19
1391,2483,450,1,Excellent product,2023-12-07
1392,3612,374,5,Highly recommended,2024-08-13
1393,2359,241,5,Average quality,2025-03-09
1394,1836,186,1,Good value,2024-10-23
1395,2882,99,2,Very good,2025-03-23
1396,3583,492,5,Worth buying,2023-04-08
1397,2767,275,1,Excellent product,2023-05-12
1398,2312,226,5,Excellent product,2025-01-11
1399,448,65,3,Not satisfied,2025-05-04
1400,3247,347,2,Fast delivery,2025-03-26
1401,924,237,4,Highly recommended,2025-02-12
1402,1265,354,3,Good value,2025-04-18
1403,4827,259,2,Good value,2023-08-11
1404,3182,200,1,Not satisfied,2023-06-18
1405,397,46,4,Very good,2025-05-07
1406,4657,242,2,Very good,2024-08-10
1407,1461,365,2,Amazing experience,2023-02-09
1408,2177,252,3,Not satisfied,2024-09-18
1409,2663,458,2,Not satisfied,2025-03-27
1410,4059,433,2,Quality could improve,2024-12-12
1411,3341,20,5,Worth buying,2024-01-22
1412,2297,94,3,Very good,2024-03-10
1413,90,147,5,Fast delivery,2023-04-05
1414,488,89,4,Amazing experience,2023-03-09
1415,2360,274,3,Highly recommended,2023-06-30
1416,2753,251,1,Amazing experience,2025-06-01
1417,1227,174,2,Worth buying,2024-02-25
1418,2838,169,2,Average quality,2023-07-22
1419,527,191,3,Worth buying,2023-10-11
1420,1382,413,5,Worth buying,2023-12-08
1421,4494,461,3,Amazing experience,2024-06-15
1422,278,42,4,Excellent product,2025-01-15
1423,1706,462,4,Very good,2024-11-27
1424,1559,103,2,Highly recommended,2024-07-01
1425,1911,499,1,Good value,2024-01-06
1426,2865,44,2,Good value,2025-01-11
1427,1087,428,5,Highly recommended,2025-05-26
1428,2471,278,5,Amazing experience,2023-05-28
1429,2461,243,1,Fast delivery,2023-10-22
1430,3364,476,3,Average quality,2025-01-11
1431,2274,451,1,Highly recommended,2024-09-28
1432,1707,120,1,Quality could improve,2024-08-05
1433,441,58,1,Average quality,2023-03-13
1434,4342,175,1,Highly recommended,2023-11-28
1435,4664,294,1,Very good,2024-05-09
1436,4236,489,3,Average quality,2023-06-15
1437,732,167,3,Excellent product,2024-12-22
1438,2818,305,3,Amazing experience,2023-09-23
1439,1408,144,4,Fast delivery,2024-09-25
1440,3204,355,3,Excellent product,2023-10-23
1441,285,486,2,Good value,2025-02-13
1442,4962,398,4,Very good,2024-07-01
1443,526,49,1,Highly recommended,2024-07-19
1444,4608,68,5,Fast delivery,2023-04-24
1445,4234,331,2,Worth buying,2025-01-06
1446,2260,341,2,Very good,2023-11-01
1447,3626,182,3,Quality could improve,2025-01-21
1448,1787,426,1,Average quality,2023-02-28
1449,3564,200,5,Worth buying,2023-10-23
1450,1264,211,1,Excellent product,2025-02-08
1451,3089,411,5,Good value,2024-05-25
1452,1636,396,4,Very good,2023-04-03
1453,3106,493,3,Good value,2023-05-15
1454,2982,21,4,Fast delivery,2024-01-27
1455,89,175,4,Worth buying,2023-12-25
1456,2606,181,1,Good value,2025-05-10
1457,4115,459,5,Worth buying,2023-04-09
1458,4717,409,4,Fast delivery,2024-12-17
1459,798,141,3,Worth buying,2023-06-07
1460,4837,241,4,Not satisfied,2023-07-27
1461,4271,437,5,Highly recommended,2024-09-09
1462,2948,44,3,Amazing experience,2024-02-18
1463,3238,62,4,Very good,2023-05-18
1464,2204,407,3,Fast delivery,2024-02-17
1465,4394,89,1,Very good,2023-12-12
1466,3624,321,5,Average quality,2024-10-01
1467,563,262,3,Quality could improve,2024-07-13
1468,815,29,5,Good value,2024-09-21
1469,470,108,4,Average quality,2025-01-19
1470,4998,231,5,Very good,2025-06-03
1471,700,436,2,Not satisfied,2024-09-05
1472,2448,5,3,Average quality,2023-06-21
1473,2991,211,5,Not satisfied,2024-10-25
1474,4583,253,5,Average quality,2024-03-19
1475,4204,209,2,Good value,2024-08-17
1476,1418,144,2,Highly recommended,2025-03-08
1477,4932,114,5,Average quality,2024-11-21
1478,3690,483,2,Excellent product,2023-01-16
1479,233,298,4,Not satisfied,2023-05-23
1480,1270,419,3,Excellent product,2024-10-21
1481,264,216,2,Amazing experience,2023-12-27
1482,177,411,2,Very good,2024-09-27
1483,3162,181,2,Worth buying,2024-04-13
1484,4108,379,3,Very good,2024-11-17
1485,2543,380,2,Highly recommended,2024-06-13
1486,35,31,4,Fast delivery,2025-02-19
1487,2792,108,4,Not satisfied,2023-05-18
1488,4304,448,1,Good value,2025-02-24
1489,4786,354,2,Highly recommended,2024-08-09
1490,3490,9,5,Fast delivery,2024-03-11
1491,4098,158,4,Excellent product,2023-11-09
1492,3030,386,1,Average quality,2023-04-29
1493,4562,418,5,Excellent product,2025-01-16
1494,1147,465,3,Amazing experience,2025-05-30
1495,1167,178,2,Not satisfied,2024-07-05
1496,4246,282,5,Amazing experience,2023-05-23
1497,4212,448,3,Highly recommended,2024-12-07
1498,3262,63,1,Not satisfied,2023-11-27
1499,160,219,4,Worth buying,2023-04-09
1500,2920,325,3,Very good,2024-12-12
1501,2989,449,3,Excellent product,2023-01-23
1502,810,200,4,Worth buying,2024-10-03
1503,4580,101,1,Worth buying,2023-04-08
1504,2427,306,5,Highly recommended,2024-11-19
1505,4614,88,3,Average quality,2024-05-10
1506,3737,247,1,Very good,2025-04-13
1507,3478,47,4,Worth buying,2024-01-18
1508,964,82,1,Highly recommended,2024-03-11
1509,2937,202,3,Average quality,2025-04-24
1510,4323,203,3,Very good,2023-07-30
1511,1334,429,3,Average quality,2024-03-28
1512,4331,117,4,Fast delivery,2024-11-02
1513,2717,178,2,Fast delivery,2024-11-04
1514,3737,59,4,Fast delivery,2024-08-28
1515,2152,109,2,Quality could improve,2023-08-07
1516,4324,488,1,Not satisfied,2025-05-20
1517,4427,496,4,Very good,2025-04-06
1518,3113,491,5,Very good,2023-06-25
1519,3967,301,5,Very good,2025-01-20
1520,3041,332,5,Worth buying,2025-05-22
1521,4598,300,4,Fast delivery,2024-06-15
1522,319,479,4,Good value,2023-11-18
1523,2317,254,3,Average quality,2024-09-24
1524,3442,82,4,Very good,2024-04-28
1525,2561,257,4,Good value,2025-05-06
1526,4969,200,5,Highly recommended,2023-12-28
1527,4267,436,2,Highly recommended,2024-02-28
1528,4313,374,4,Excellent product,2024-03-01
1529,2679,36,2,Good value,2025-04-03
1530,4683,276,2,Good value,2024-04-03
1531,906,258,5,Worth buying,2023-04-26
1532,2575,172,4,Highly recommended,2023-05-08
1533,79,316,4,Highly recommended,2023-09-08
1534,940,387,5,Average quality,2023-03-08
1535,292,404,5,Not satisfied,2023-08-03
1536,3157,298,2,Amazing experience,2025-04-19
1537,1955,287,3,Excellent product,2024-07-27
1538,3761,248,1,Average quality,2023-05-09
1539,2835,180,1,Excellent product,2023-11-22
1540,495,41,3,Excellent product,2024-05-07
1541,1999,131,1,Not satisfied,2025-05-24
1542,1786,14,2,Worth buying,2024-11-27
1543,616,434,4,Worth buying,2024-05-10
1544,1871,488,4,Fast delivery,2024-03-27
1545,3745,149,3,Average quality,2023-07-30
1546,3185,133,3,Worth buying,2023-08-29
1547,1793,19,1,Average quality,2024-03-31
1548,2909,245,4,Excellent product,2025-03-22
1549,4780,164,3,Worth buying,2025-04-20
1550,768,438,2,Worth buying,2023-06-13
1551,2059,356,3,Worth buying,2024-08-21
1552,2449,274,1,Good value,2024-10-25
1553,4452,356,1,Average quality,2024-05-20
1554,2251,337,3,Worth buying,2023-11-30
1555,3104,226,1,Average quality,2023-08-03
1556,1427,2,1,Very good,2023-03-07
1557,2063,142,4,Average quality,2024-11-24
1558,3680,208,1,Amazing experience,2023-02-12
1559,3670,244,2,Excellent product,2024-04-23
1560,4742,384,1,Quality could improve,2024-09-28
1561,2948,85,1,Amazing experience,2024-10-15
1562,144,415,1,Worth buying,2024-06-14
1563,3397,402,5,Not satisfied,2024-06-25
1564,728,175,3,Amazing experience,2024-01-23
1565,3521,10,1,Not satisfied,2023-05-02
1566,1260,276,2,Worth buying,2024-02-21
1567,4887,326,5,Very good,2023-02-12
1568,4396,121,1,Not satisfied,2024-01-15
1569,2509,51,2,Average quality,2024-08-31
1570,1714,218,5,Worth buying,2024-09-22
1571,173,164,1,Excellent product,2024-01-12
1572,4248,17,2,Amazing experience,2024-02-15
1573,1077,214,4,Not satisfied,2025-05-23
1574,3732,164,1,Not satisfied,2025-02-12
1575,2087,142,1,Amazing experience,2024-09-20
1576,2762,249,5,Excellent product,2023-03-04
1577,2686,125,3,Amazing experience,2025-06-01
1578,654,431,2,Good value,2024-05-05
1579,2758,478,5,Excellent product,2023-01-26
1580,3923,491,2,Very good,2023-07-16
1581,3454,163,4,Average quality,2024-01-02
1582,3796,420,5,Quality could improve,2025-03-04
1583,4422,428,3,Amazing experience,2024-07-01
1584,1879,328,1,Not satisfied,2023-05-28
1585,704,38,3,Highly recommended,2025-04-26
1586,911,44,5,Not satisfied,2025-04-03
1587,4239,80,5,Highly recommended,2023-12-01
1588,4548,206,4,Good value,2025-04-16
1589,569,276,3,Quality could improve,2025-02-18
1590,4641,323,1,Fast delivery,2024-01-19
1591,2386,87,1,Excellent product,2023-10-21
1592,4382,495,3,Good value,2023-10-28
1593,3186,6,2,Excellent product,2023-05-26
1594,922,43,1,Highly recommended,2023-10-14
1595,1592,57,5,Worth buying,2025-01-28
1596,429,230,5,Fast delivery,2025-03-18
1597,4494,417,3,Highly recommended,2025-03-08
1598,2029,359,5,Highly recommended,2025-03-18
1599,2741,59,1,Very good,2023-03-28
1600,3043,344,1,Very good,2024-10-02
1601,3080,472,3,Not satisfied,2023-02-03
1602,4914,189,4,Excellent product,2024-12-22
1603,3911,426,2,Highly recommended,2024-03-29
1604,405,215,2,Amazing experience,2024-07-30
1605,4121,272,1,Good value,2024-07-14
1606,2399,429,1,Excellent product,2024-07-20
1607,1904,30,2,Not satisfied,2023-02-19
1608,3300,14,4,Amazing experience,2023-03-14
1609,3371,475,5,Worth buying,2024-09-19
1610,4810,429,4,Very good,2024-04-15
1611,2857,322,3,Worth buying,2024-12-26
1612,1258,471,5,Very good,2023-01-15
1613,4904,411,3,Good value,2023-03-07
1614,3165,375,1,Good value,2023-06-24
1615,3867,128,4,Not satisfied,2023-03-31
1616,3152,345,1,Good value,2024-04-17
1617,2858,467,5,Good value,2024-05-07
1618,4100,178,2,Fast delivery,2023-11-17
1619,3631,91,2,Excellent product,2023-02-08
1620,2979,253,4,Average quality,2025-05-21
1621,2039,18,3,Fast delivery,2024-05-03
1622,2194,90,5,Quality could improve,2023-06-08
1623,3117,412,5,Quality could improve,2024-12-04
1624,271,127,3,Average quality,2024-04-22
1625,3624,169,5,Worth buying,2023-10-16
1626,4752,226,3,Worth buying,2025-03-22
1627,1969,182,4,Not satisfied,2024-05-23
1628,304,444,2,Highly recommended,2023-06-21
1629,693,500,1,Average quality,2023-03-10
1630,4701,233,1,Amazing experience,2024-12-31
1631,1203,196,1,Fast delivery,2024-01-31
1632,2335,310,3,Worth buying,2023-05-26
1633,4898,210,4,Very good,2024-01-31
1634,1339,189,4,Very good,2024-11-06
1635,2916,245,2,Very good,2024-02-07
1636,465,392,3,Not satisfied,2025-05-19
1637,4427,493,5,Fast delivery,2023-12-14
1638,1045,90,2,Very good,2025-05-07
1639,1975,370,3,Excellent product,2024-05-05
1640,2978,30,5,Not satisfied,2024-12-24
1641,1213,219,3,Quality could improve,2025-05-20
1642,319,235,2,Highly recommended,2024-08-25
1643,776,19,2,Good value,2023-04-16
1644,1220,84,3,Average quality,2024-08-08
1645,3361,112,5,Excellent product,2023-11-23
1646,3558,46,5,Not satisfied,2023-05-22
1647,1471,43,4,Fast delivery,2023-11-19
1648,941,320,1,Quality could improve,2023-05-19
1649,3380,74,3,Amazing experience,2024-01-15
1650,3663,353,1,Amazing experience,2023-09-21
1651,1963,330,1,Highly recommended,2023-05-25
1652,998,31,3,Good value,2023-07-09
1653,2975,316,4,Quality could improve,2023-07-20
1654,4735,71,5,Amazing experience,2024-03-21
1655,2186,250,4,Fast delivery,2023-11-18
1656,203,21,2,Fast delivery,2024-05-14
1657,4546,388,3,Excellent product,2024-07-22
1658,2084,328,1,Worth buying,2024-02-05
1659,2567,78,2,Not satisfied,2024-11-17
1660,1057,214,2,Good value,2023-11-12
1661,8,489,2,Amazing experience,2024-01-07
1662,2625,212,2,Good value,2024-02-06
1663,4390,225,1,Good value,2023-11-15
1664,2348,59,4,Amazing experience,2023-03-27
1665,4988,176,3,Excellent product,2024-06-26
1666,4666,426,4,Fast delivery,2025-01-27
1667,806,59,5,Amazing experience,2025-05-22
1668,926,390,3,Amazing experience,2025-01-31
1669,110,497,1,Excellent product,2024-06-21
1670,780,257,5,Average quality,2023-06-23
1671,284,483,2,Amazing experience,2023-04-03
1672,3830,62,4,Excellent product,2023-08-16
1673,2166,308,2,Quality could improve,2023-11-02
1674,13,362,3,Excellent product,2024-04-29
1675,523,301,3,Worth buying,2024-01-29
1676,2130,390,4,Fast delivery,2024-01-19
1677,3067,227,1,Not satisfied,2025-02-15
1678,3704,242,5,Highly recommended,2025-06-11
1679,3512,262,3,Fast delivery,2024-10-01
1680,1790,23,4,Excellent product,2024-11-22
1681,1694,84,4,Highly recommended,2023-06-22
1682,2438,433,4,Fast delivery,2024-04-02
1683,1465,33,3,Not satisfied,2025-04-01
1684,4497,102,2,Highly recommended,2023-03-03
1685,1851,450,3,Not satisfied,2023-12-29
1686,2940,98,1,Worth buying,2024-03-07
1687,766,341,2,Fast delivery,2023-05-28
1688,2323,440,1,Excellent product,2024-01-13
1689,4350,429,4,Amazing experience,2024-07-31
1690,4496,433,3,Not satisfied,2024-03-15
1691,3174,252,2,Average quality,2025-03-09
1692,2267,172,3,Highly recommended,2024-11-14
1693,4586,221,5,Highly recommended,2023-04-24
1694,3587,351,3,Highly recommended,2024-09-28
1695,3620,63,1,Not satisfied,2024-02-23
1696,1265,249,3,Average quality,2023-06-12
1697,2320,473,4,Quality could improve,2024-11-17
1698,1938,136,3,Excellent product,2023-07-05
1699,3194,222,4,Very good,2025-01-16
1700,1521,325,2,Excellent product,2024-07-18
1701,4947,355,4,Worth buying,2024-06-27
1702,1236,182,3,Good value,2023-09-27
1703,2573,191,2,Highly recommended,2024-09-26
1704,1815,384,3,Worth buying,2023-12-24
1705,2292,423,5,Highly recommended,2023-08-08
1706,4128,418,4,Worth buying,2023-07-02
1707,2550,466,3,Worth buying,2024-10-14
1708,4832,356,2,Worth buying,2023-09-29
1709,1317,494,3,Worth buying,2025-03-11
1710,1841,441,3,Worth buying,2023-05-21
1711,3646,492,2,Fast delivery,2024-05-17
1712,4297,424,1,Average quality,2025-04-18
1713,3223,194,4,Good value,2024-08-11
1714,4623,348,5,Highly recommended,2024-01-13
1715,1682,197,1,Not satisfied,2024-05-04
1716,2939,296,5,Very good,2024-09-13
1717,3237,350,4,Highly recommended,2024-12-08
1718,2212,191,1,Highly recommended,2024-11-13
1719,4506,302,2,Very good,2024-01-10
1720,3967,286,5,Fast delivery,2023-04-18
1721,2752,74,3,Not satisfied,2024-10-20
1722,507,259,1,Quality could improve,2024-11-20
1723,2613,208,5,Average quality,2024-02-07
1724,1338,198,5,Amazing experience,2023-05-16
1725,3873,432,1,Not satisfied,2024-11-12
1726,4270,417,1,Worth buying,2025-06-06
1727,3904,343,5,Average quality,2024-04-03
1728,1757,311,1,Highly recommended,2023-09-16
1729,1860,227,5,Fast delivery,2024-04-11
1730,2962,42,5,Good value,2024-06-23
1731,3947,147,2,Fast delivery,2024-08-08
1732,3475,390,1,Amazing experience,2024-04-25
1733,516,193,2,Average quality,2025-06-09
1734,3982,336,1,Fast delivery,2024-03-02
1735,1581,126,5,Good value,2023-05-05
1736,3063,263,2,Highly recommended,2023-09-15
1737,967,349,3,Highly recommended,2023-05-18
1738,3679,491,1,Amazing experience,2023-05-31
1739,4084,150,2,Good value,2023-03-25
1740,1932,397,1,Amazing experience,2024-01-11
1741,443,7,5,Not satisfied,2024-02-05
1742,4727,379,2,Very good,2023-11-08
1743,1959,495,2,Quality could improve,2025-02-21
1744,2620,413,3,Quality could improve,2024-03-08
1745,751,81,1,Highly recommended,2023-02-10
1746,1947,142,4,Excellent product,2025-03-02
1747,980,335,3,Excellent product,2023-08-18
1748,3677,250,1,Amazing experience,2024-12-11
1749,1101,331,3,Worth buying,2024-12-01
1750,1133,467,2,Good value,2023-08-08
1751,4228,329,1,Worth buying,2025-01-11
1752,4919,287,5,Highly recommended,2025-02-17
1753,2938,467,2,Highly recommended,2025-03-23
1754,3434,270,4,Good value,2024-02-22
1755,4473,21,2,Good value,2024-04-17
1756,2214,461,5,Average quality,2023-12-27
1757,3160,299,1,Average quality,2025-05-27
1758,1103,59,3,Not satisfied,2025-04-17
1759,3856,306,5,Very good,2024-03-08
1760,13,43,2,Very good,2023-11-21
1761,4997,311,2,Good value,2023-10-15
1762,220,52,1,Not satisfied,2023-12-04
1763,1825,445,5,Excellent product,2023-06-22
1764,2854,245,1,Highly recommended,2025-03-13
1765,2204,398,2,Average quality,2025-01-21
1766,536,36,3,Fast delivery,2024-03-14
1767,232,216,5,Fast delivery,2023-09-01
1768,20,474,1,Quality could improve,2024-08-15
1769,2160,300,4,Quality could improve,2023-11-17
1770,60,386,5,Excellent product,2024-11-15
1771,3858,250,3,Highly recommended,2023-10-17
1772,2031,74,2,Fast delivery,2024-09-13
1773,549,394,5,Very good,2024-02-18
1774,3172,124,1,Average quality,2023-06-08
1775,3621,111,3,Not satisfied,2023-11-08
1776,2372,114,4,Good value,2024-11-27
1777,157,106,2,Average quality,2023-05-15
1778,4675,116,4,Highly recommended,2023-05-23
1779,716,500,5,Highly recommended,2024-01-15
1780,1468,78,1,Amazing experience,2024-10-26
1781,1914,481,1,Highly recommended,2025-04-18
1782,2256,88,1,Excellent product,2024-02-27
1783,4891,264,5,Average quality,2024-07-25
1784,371,334,5,Highly recommended,2024-08-23
1785,3188,348,3,Worth buying,2024-01-25
1786,4455,124,3,Excellent product,2025-02-23
1787,460,251,2,Excellent product,2024-08-07
1788,466,331,4,Not satisfied,2023-05-05
1789,2137,394,1,Highly recommended,2023-06-24
1790,3538,400,4,Amazing experience,2023-01-13
1791,1220,65,4,Quality could improve,2024-04-17
1792,4594,36,1,Good value,2024-11-18
1793,2716,80,5,Fast delivery,2023-03-14
1794,3946,303,3,Fast delivery,2024-01-27
1795,1803,258,1,Fast delivery,2024-06-02
1796,4184,217,5,Not satisfied,2024-09-19
1797,1583,299,1,Worth buying,2024-06-16
1798,2757,333,1,Worth buying,2023-03-19
1799,4853,301,4,Quality could improve,2023-11-14
1800,441,85,2,Very good,2023-01-11
1801,2684,184,3,Excellent product,2025-01-18
1802,856,407,1,Excellent product,2025-01-29
1803,1842,474,5,Good value,2024-03-08
1804,3499,134,2,Average quality,2025-02-04
1805,3273,121,2,Quality could improve,2025-02-18
1806,2518,423,1,Average quality,2024-04-01
1807,599,484,3,Average quality,2023-12-26
1808,3834,238,3,Not satisfied,2024-02-13
1809,1134,306,3,Good value,2024-04-09
1810,401,336,5,Fast delivery,2023-02-19
1811,3481,98,3,Quality could improve,2025-04-22
1812,4822,231,4,Not satisfied,2024-03-19
1813,2564,250,3,Excellent product,2023-07-02
1814,480,411,4,Excellent product,2025-04-05
1815,27,75,4,Good value,2024-02-17
1816,3447,463,2,Excellent product,2024-05-23
1817,2652,413,4,Amazing experience,2024-12-10
1818,1574,60,5,Very good,2024-02-19
1819,3928,423,1,Very good,2023-04-20
1820,4810,481,3,Amazing experience,2024-04-02
1821,3017,164,2,Excellent product,2024-06-14
1822,919,360,1,Excellent product,2024-11-08
1823,1343,220,5,Average quality,2024-12-02
1824,3705,233,5,Not satisfied,2023-11-23
1825,724,350,3,Fast delivery,2025-05-17
1826,2980,269,3,Very good,2023-04-27
1827,3731,351,3,Not satisfied,2023-10-06
1828,3587,204,5,Very good,2023-02-14
1829,1931,395,3,Good value,2024-07-02
1830,1281,189,3,Highly recommended,2023-02-08
1831,1717,134,3,Not satisfied,2025-01-18
1832,1880,372,4,Highly recommended,2024-07-09
1833,1296,268,5,Very good,2024-05-25
1834,3010,341,4,Excellent product,2025-03-15
1835,3606,49,5,Average quality,2025-05-18
1836,2850,466,1,Very good,2023-07-16
1837,340,37,1,Average quality,2024-03-29
1838,2795,183,5,Good value,2023-10-30
1839,2283,337,4,Amazing experience,2024-08-06
1840,4550,367,3,Not satisfied,2023-01-01
1841,2873,31,1,Not satisfied,2023-09-26
1842,2747,162,5,Worth buying,2023-05-10
1843,1873,329,1,Very good,2025-05-07
1844,4319,359,4,Quality could improve,2025-05-31
1845,1026,497,1,Not satisfied,2025-05-14
1846,3541,319,5,Amazing experience,2023-10-22
1847,3284,295,2,Average quality,2023-01-04
1848,272,238,1,Highly recommended,2023-07-08
1849,361,72,4,Amazing experience,2025-05-25
1850,4006,424,5,Worth buying,2025-03-16
1851,3347,236,2,Good value,2024-03-26
1852,3979,397,4,Amazing experience,2024-11-29
1853,3220,470,1,Average quality,2024-12-25
1854,1013,187,5,Average quality,2025-04-05
1855,4599,152,1,Highly recommended,2023-06-29
1856,90,210,3,Excellent product,2024-06-30
1857,4917,97,2,Very good,2024-09-25
1858,440,345,5,Worth buying,2025-02-24
1859,4702,377,1,Not satisfied,2023-10-30
1860,1590,37,4,Worth buying,2023-04-15
1861,3997,255,3,Excellent product,2024-11-18
1862,1992,30,2,Not satisfied,2023-11-06
1863,4099,21,1,Average quality,2023-02-07
1864,81,180,2,Amazing experience,2023-11-24
1865,1937,352,2,Worth buying,2023-10-28
1866,492,116,5,Very good,2023-03-04
1867,4940,134,4,Not satisfied,2024-11-23
1868,1770,173,1,Highly recommended,2023-05-15
1869,3182,292,3,Not satisfied,2023-01-05
1870,4861,338,4,Average quality,2024-07-07
1871,2960,24,4,Quality could improve,2023-01-15
1872,2135,148,5,Average quality,2023-05-05
1873,4047,238,1,Very good,2023-11-21
1874,2736,31,1,Highly recommended,2023-08-23
1875,2959,424,3,Average quality,2025-01-08
1876,4975,336,3,Very good,2023-12-29
1877,4564,19,3,Not satisfied,2023-05-31
1878,1609,21,3,Quality could improve,2023-07-24
1879,1025,327,5,Quality could improve,2023-04-11
1880,2463,31,1,Fast delivery,2024-08-01
1881,1912,3,4,Average quality,2023-08-19
1882,4786,119,2,Excellent product,2023-05-25
1883,269,242,3,Amazing experience,2023-06-11
1884,1853,206,3,Quality could improve,2023-11-21
1885,1241,494,4,Good value,2023-02-01
1886,2301,26,3,Worth buying,2023-11-10
1887,4510,35,4,Average quality,2023-05-13
1888,4141,12,2,Quality could improve,2023-07-25
1889,2828,220,1,Highly recommended,2024-05-17
1890,4193,359,5,Highly recommended,2025-02-09
1891,3894,38,4,Quality could improve,2023-03-28
1892,2343,437,1,Very good,2025-01-27
1893,3581,243,2,Highly recommended,2023-11-29
1894,4662,50,3,Good value,2023-03-17
1895,948,25,5,Worth buying,2023-12-04
1896,3469,183,2,Highly recommended,2024-03-05
1897,34,84,5,Not satisfied,2023-10-22
1898,509,462,1,Excellent product,2023-09-29
1899,527,275,1,Not satisfied,2024-02-03
1900,929,360,1,Good value,2025-05-28
1901,4481,189,4,Good value,2024-06-24
1902,3834,164,4,Very good,2023-06-11
1903,4697,117,4,Excellent product,2023-12-28
1904,259,399,5,Worth buying,2023-09-01
1905,3162,51,5,Highly recommended,2023-01-18
1906,4046,172,3,Average quality,2025-02-15
1907,1850,239,3,Highly recommended,2024-07-10
1908,2038,392,1,Very good,2023-02-02
1909,242,382,3,Amazing experience,2024-01-01
1910,4748,491,4,Very good,2024-11-26
1911,2130,81,5,Very good,2023-11-14
1912,4627,91,4,Highly recommended,2024-01-17
1913,922,311,5,Average quality,2025-05-14
1914,173,192,1,Amazing experience,2024-12-29
1915,3657,119,4,Amazing experience,2024-10-20
1916,4180,2,2,Highly recommended,2025-05-29
1917,1244,9,1,Excellent product,2024-01-24
1918,515,417,2,Amazing experience,2023-11-23
1919,4581,350,1,Good value,2023-01-20
1920,4563,415,4,Worth buying,2024-02-28
1921,4958,390,2,Amazing experience,2024-03-18
1922,3654,111,4,Fast delivery,2024-05-28
1923,724,189,4,Fast delivery,2023-11-23
1924,1098,467,3,Quality could improve,2023-02-14
1925,3052,160,2,Excellent product,2025-05-22
1926,2854,165,4,Very good,2025-04-27
1927,150,448,1,Amazing experience,2023-07-25
1928,3878,481,2,Amazing experience,2024-01-25
1929,3557,101,4,Very good,2024-10-09
1930,1761,359,2,Average quality,2024-12-26
1931,3109,176,5,Worth buying,2023-06-30
1932,3387,96,1,Very good,2025-01-10
1933,313,72,2,Fast delivery,2024-05-26
1934,3205,388,5,Very good,2024-02-20
1935,745,444,3,Amazing experience,2024-03-22
1936,2241,121,1,Amazing experience,2023-02-04
1937,3658,1,3,Not satisfied,2023-11-09
1938,4341,255,1,Highly recommended,2024-12-25
1939,4383,152,5,Fast delivery,2025-01-28
1940,785,21,3,Excellent product,2023-12-23
1941,2933,318,1,Quality could improve,2025-05-17
1942,1185,293,4,Worth buying,2023-04-08
1943,241,95,2,Average quality,2024-03-30
1944,2911,38,4,Quality could improve,2023-10-26
1945,4267,406,3,Not satisfied,2024-11-13
1946,4322,44,4,Fast delivery,2025-03-12
1947,2485,133,1,Worth buying,2023-08-29
1948,3632,380,4,Very good,2023-07-12
1949,4349,474,1,Quality could improve,2023-07-03
1950,64,184,4,Excellent product,2025-01-07
1951,2979,132,2,Very good,2025-05-30
1952,4846,71,4,Excellent product,2024-11-12
1953,1202,188,5,Good value,2024-06-18
1954,4530,233,1,Not satisfied,2023-10-21
1955,201,56,2,Average quality,2023-09-02
1956,950,48,2,Worth buying,2024-12-10
1957,4690,458,4,Very good,2023-10-24
1958,3009,231,3,Not satisfied,2025-01-04
1959,3653,86,1,Excellent product,2023-01-22
1960,4215,367,4,Average quality,2024-01-27
1961,2668,62,3,Highly recommended,2023-12-07
1962,1813,475,4,Very good,2023-10-21
1963,1963,488,3,Quality could improve,2025-02-15
1964,4435,84,4,Very good,2023-10-30
1965,2887,429,1,Not satisfied,2023-06-01
1966,2711,296,4,Excellent product,2024-07-22
1967,1381,17,2,Fast delivery,2024-02-01
1968,3470,198,1,Fast delivery,2023-08-08
1969,1436,148,5,Good value,2025-04-16
1970,365,139,5,Very good,2025-01-30
1971,4187,408,5,Very good,2024-11-15
1972,1553,390,5,Excellent product,2025-04-10
1973,2959,309,2,Amazing experience,2024-11-15
1974,354,333,5,Average quality,2024-10-01
1975,636,201,3,Excellent product,2023-04-25
1976,4336,51,4,Good value,2024-10-15
1977,1151,204,5,Very good,2023-10-28
1978,4566,429,2,Excellent product,2023-07-02
1979,2082,213,2,Good value,2024-03-24
1980,3513,291,2,Good value,2024-08-23
1981,3692,250,5,Not satisfied,2025-05-31
1982,3323,147,1,Quality could improve,2023-03-22
1983,2293,191,1,Very good,2024-12-19
1984,4596,413,4,Very good,2023-04-17
1985,4645,59,1,Worth buying,2024-08-14
1986,4761,497,2,Excellent product,2023-11-09
1987,2129,471,3,Quality could improve,2024-04-04
1988,1597,68,4,Not satisfied,2024-08-02
1989,4757,407,1,Very good,2023-04-06
1990,2412,364,1,Amazing experience,2023-09-30
1991,3735,391,4,Excellent product,2023-12-19
1992,1747,292,5,Quality could improve,2024-08-23
1993,3159,138,5,Excellent product,2024-01-27
1994,1050,95,4,Average quality,2024-10-05
1995,565,135,3,Good value,2023-07-24
1996,3787,318,3,Very good,2023-03-29
1997,3994,196,5,Good value,2025-03-03
1998,1658,351,1,Worth buying,2024-03-25
1999,4000,371,1,Not satisfied,2025-03-19
2000,3807,160,5,Amazing experience,2025-05-09
2001,1422,497,5,Average quality,2023-09-01
2002,901,274,1,Quality could improve,2023-10-27
2003,4885,45,5,Not satisfied,2023-11-25
2004,95,436,2,Very good,2023-04-08
2005,3998,15,1,Excellent product,2025-01-18
2006,1811,500,5,Average quality,2024-02-06
2007,3278,340,4,Not satisfied,2025-05-12
2008,4890,21,5,Highly recommended,2024-07-21
2009,3949,489,4,Fast delivery,2023-05-24
2010,2305,166,2,Very good,2024-09-21
2011,3562,140,4,Excellent product,2024-06-20
2012,4922,496,2,Fast delivery,2023-05-16
2013,2141,54,4,Worth buying,2023-11-02
2014,2764,245,4,Good value,2023-12-13
2015,1320,25,4,Worth buying,2023-01-09
2016,3199,54,3,Quality could improve,2023-09-05
2017,3339,243,1,Average quality,2024-03-07
2018,2808,269,2,Not satisfied,2024-05-10
2019,4577,124,3,Quality could improve,2024-01-14
2020,2869,307,1,Worth buying,2024-02-27
2021,4692,107,1,Fast delivery,2024-03-03
2022,4679,463,4,Fast delivery,2024-11-04
2023,1835,459,2,Worth buying,2025-05-12
2024,3784,404,3,Quality could improve,2024-01-18
2025,1448,71,5,Highly recommended,2023-08-12
2026,624,175,4,Quality could improve,2024-12-03
2027,4596,459,2,Quality could improve,2023-03-12
2028,4512,152,5,Amazing experience,2023-11-19
2029,968,256,4,Excellent product,2024-09-12
2030,1572,466,3,Highly recommended,2024-06-15
2031,1250,166,3,Fast delivery,2023-08-12
2032,1456,365,4,Worth buying,2025-05-15
2033,1312,197,5,Worth buying,2023-11-29
2034,1289,371,1,Not satisfied,2025-01-04
2035,4323,372,3,Quality could improve,2023-05-07
2036,866,378,1,Excellent product,2025-02-19
2037,4928,301,4,Amazing experience,2023-02-24
2038,3350,455,5,Good value,2023-07-08
2039,3460,16,2,Worth buying,2023-11-20
2040,1556,102,2,Quality could improve,2024-09-04
2041,4274,471,3,Very good,2023-09-13
2042,2399,185,5,Average quality,2023-07-29
2043,3670,479,5,Amazing experience,2024-09-24
2044,940,325,2,Amazing experience,2025-06-16
2045,1137,291,3,Excellent product,2024-05-12
2046,3037,294,5,Worth buying,2023-08-06
2047,2087,5,4,Worth buying,2023-02-17
2048,3859,329,1,Amazing experience,2024-11-25
2049,15,488,3,Quality could improve,2023-03-21
2050,1348,353,2,Good value,2025-03-12
2051,2533,175,3,Not satisfied,2023-06-04
2052,4704,355,5,Amazing experience,2025-04-14
2053,4035,28,2,Amazing experience,2023-12-01
2054,1720,232,2,Highly recommended,2023-01-04
2055,1514,91,4,Fast delivery,2023-11-21
2056,599,92,5,Fast delivery,2023-01-29
2057,1921,496,3,Fast delivery,2023-03-24
2058,2571,426,1,Not satisfied,2023-11-21
2059,3567,413,1,Average quality,2024-08-18
2060,72,310,3,Average quality,2025-06-19
2061,2509,286,5,Good value,2024-05-11
2062,4992,306,3,Average quality,2024-07-21
2063,1541,244,2,Amazing experience,2024-10-17
2064,4642,200,5,Quality could improve,2025-01-12
2065,1391,473,5,Excellent product,2024-02-12
2066,364,321,3,Worth buying,2024-01-19
2067,1001,359,3,Very good,2024-05-18
2068,4797,122,2,Very good,2025-03-26
2069,1981,25,1,Not satisfied,2023-11-28
2070,1097,142,4,Fast delivery,2024-07-07
2071,4632,425,2,Quality could improve,2023-12-04
2072,3323,486,3,Very good,2024-08-11
2073,4917,442,3,Not satisfied,2025-03-18
2074,2694,174,4,Average quality,2023-06-26
2075,4588,152,3,Very good,2023-10-13
2076,3383,228,3,Not satisfied,2024-06-19
2077,1848,328,4,Very good,2024-04-24
2078,3121,235,4,Average quality,2023-02-15
2079,4856,135,1,Worth buying,2025-05-08
2080,3954,495,4,Good value,2024-12-31
2081,2174,434,1,Good value,2025-05-03
2082,4108,308,1,Quality could improve,2023-09-17
2083,4924,173,5,Not satisfied,2024-09-26
2084,394,308,1,Quality could improve,2024-10-26
2085,111,195,5,Highly recommended,2024-02-28
2086,466,215,5,Fast delivery,2024-08-26
2087,2715,405,2,Not satisfied,2024-11-17
2088,2033,458,3,Worth buying,2023-03-10
2089,4282,328,4,Worth buying,2023-08-12
2090,4357,162,5,Highly recommended,2023-07-05
2091,1750,295,5,Worth buying,2024-08-04
2092,512,142,1,Very good,2025-04-13
2093,4530,117,5,Quality could improve,2023-08-30
2094,2489,23,3,Good value,2025-01-23
2095,2578,8,5,Not satisfied,2024-10-21
2096,325,45,4,Fast delivery,2024-04-16
2097,4794,420,2,Fast delivery,2023-02-20
2098,4132,465,5,Quality could improve,2025-03-27
2099,1811,82,2,Highly recommended,2025-01-11
2100,3196,284,1,Quality could improve,2024-12-23
2101,130,322,5,Worth buying,2024-04-24
2102,1780,40,3,Not satisfied,2023-02-06
2103,442,370,2,Not satisfied,2023-12-05
2104,562,413,3,Excellent product,2024-06-13
2105,3879,315,5,Highly recommended,2024-06-20
2106,2116,80,2,Amazing experience,2025-05-05
2107,4384,387,3,Worth buying,2024-11-29
2108,4206,132,3,Worth buying,2024-08-13
2109,4307,18,3,Amazing experience,2025-02-05
2110,4496,269,5,Very good,2024-12-18
2111,1426,338,2,Very good,2023-11-24
2112,1696,347,3,Not satisfied,2023-08-02
2113,1235,489,5,Amazing experience,2025-03-12
2114,2040,415,2,Highly recommended,2023-10-28
2115,1336,68,4,Very good,2024-12-02
2116,1953,92,4,Good value,2024-08-06
2117,162,335,3,Worth buying,2023-11-10
2118,302,325,4,Worth buying,2025-02-04
2119,621,358,1,Excellent product,2023-03-31
2120,4473,129,5,Quality could improve,2024-02-24
2121,1318,6,2,Not satisfied,2023-11-20
2122,3679,214,4,Amazing experience,2023-01-22
2123,477,186,1,Excellent product,2024-10-28
2124,28,276,5,Highly recommended,2024-07-05
2125,4663,302,4,Fast delivery,2023-01-22
2126,3039,297,2,Fast delivery,2024-10-31
2127,3305,125,1,Worth buying,2024-10-07
2128,2765,5,5,Fast delivery,2024-02-01
2129,3925,75,2,Amazing experience,2025-01-18
2130,900,302,2,Fast delivery,2025-02-10
2131,3452,299,2,Worth buying,2024-05-22
2132,2110,474,4,Worth buying,2023-10-13
2133,1884,105,2,Highly recommended,2023-09-26
2134,4235,345,5,Very good,2024-03-07
2135,2570,287,2,Not satisfied,2023-09-29
2136,3544,127,2,Excellent product,2024-11-28
2137,1178,92,2,Very good,2023-10-15
2138,2405,473,4,Not satisfied,2025-04-26
2139,962,475,2,Good value,2024-01-04
2140,824,253,1,Quality could improve,2023-08-15
2141,3873,101,4,Excellent product,2023-05-12
2142,3576,104,3,Good value,2024-04-19
2143,3279,370,5,Not satisfied,2024-04-04
2144,4151,261,1,Average quality,2023-08-07
2145,1229,239,2,Good value,2024-01-24
2146,3772,232,1,Fast delivery,2025-05-11
2147,1918,480,2,Worth buying,2024-05-12
2148,955,56,3,Worth buying,2024-09-06
2149,2781,481,5,Quality could improve,2023-04-28
2150,4400,495,2,Amazing experience,2023-02-03
2151,2667,343,3,Fast delivery,2025-05-03
2152,1798,275,2,Quality could improve,2023-08-24
2153,3739,301,5,Excellent product,2025-02-11
2154,2203,436,3,Good value,2023-03-05
2155,1012,109,5,Fast delivery,2024-10-28
2156,164,241,3,Amazing experience,2025-04-14
2157,4125,229,2,Excellent product,2024-04-01
2158,4862,178,3,Very good,2024-07-06
2159,1465,204,4,Quality could improve,2023-10-15
2160,4717,1,2,Quality could improve,2024-10-07
2161,1842,337,5,Good value,2025-04-21
2162,383,271,3,Very good,2024-09-09
2163,3102,88,3,Fast delivery,2023-10-24
2164,931,33,4,Excellent product,2023-08-07
2165,3791,479,1,Highly recommended,2023-04-22
2166,3345,350,3,Not satisfied,2023-07-15
2167,3091,417,4,Not satisfied,2023-10-26
2168,4503,264,3,Average quality,2024-09-28
2169,572,40,5,Highly recommended,2023-12-06
2170,3911,39,1,Fast delivery,2025-05-21
2171,1715,445,3,Not satisfied,2024-02-25
2172,2609,375,2,Very good,2024-07-16
2173,2081,391,2,Quality could improve,2023-03-01
2174,1839,397,5,Worth buying,2024-03-18
2175,4138,88,3,Not satisfied,2023-06-08
2176,3595,484,5,Worth buying,2023-09-24
2177,337,85,5,Average quality,2025-04-27
2178,4768,24,2,Very good,2023-06-10
2179,3367,276,4,Very good,2025-04-21
2180,3647,199,2,Quality could improve,2024-12-11
2181,4408,11,5,Worth buying,2024-03-07
2182,4172,69,1,Highly recommended,2024-09-21
2183,522,164,1,Quality could improve,2023-08-04
2184,4320,393,2,Highly recommended,2025-03-08
2185,872,282,4,Not satisfied,2024-06-11
2186,3985,153,1,Worth buying,2025-05-20
2187,139,222,1,Excellent product,2024-11-18
2188,4939,20,3,Excellent product,2025-05-13
2189,2252,481,5,Amazing experience,2023-07-06
2190,4655,92,5,Worth buying,2023-11-28
2191,2398,91,2,Amazing experience,2023-09-22
2192,4455,449,3,Very good,2023-07-20
2193,176,314,1,Good value,2023-03-23
2194,355,396,2,Fast delivery,2024-01-21
2195,3084,336,1,Amazing experience,2023-12-31
2196,736,51,1,Excellent product,2024-03-14
2197,2267,283,1,Very good,2024-01-15
2198,4568,430,2,Highly recommended,2024-08-09
2199,985,278,4,Worth buying,2023-06-22
2200,2343,365,4,Highly recommended,2024-01-09
2201,80,257,3,Highly recommended,2024-01-19
2202,3541,379,3,Excellent product,2024-01-13
2203,2212,387,3,Fast delivery,2024-09-17
2204,675,330,1,Excellent product,2023-01-03
2205,3325,219,5,Not satisfied,2025-03-08
2206,614,296,3,Average quality,2023-12-20
2207,2399,381,2,Excellent product,2023-10-02
2208,4356,336,3,Not satisfied,2025-05-18
2209,1171,237,4,Highly recommended,2025-05-14
2210,899,373,1,Average quality,2024-05-23
2211,4568,433,2,Good value,2025-01-01
2212,625,497,1,Quality could improve,2024-12-24
2213,2648,462,5,Good value,2023-02-18
2214,4319,104,5,Worth buying,2023-01-06
2215,1009,306,3,Fast delivery,2024-06-08
2216,480,142,3,Highly recommended,2024-08-11
2217,995,439,2,Excellent product,2024-07-22
2218,2590,212,3,Average quality,2024-06-16
2219,56,326,1,Worth buying,2024-04-01
2220,2341,355,5,Average quality,2023-04-08
2221,3397,225,1,Worth buying,2023-11-19
2222,4196,242,3,Worth buying,2024-04-01
2223,2009,7,3,Very good,2023-05-12
2224,250,361,2,Not satisfied,2023-06-07
2225,3301,489,1,Worth buying,2024-05-05
2226,3517,370,5,Good value,2023-02-21
2227,1265,391,1,Average quality,2023-05-24
2228,3583,155,3,Excellent product,2023-03-31
2229,493,175,3,Good value,2025-06-06
2230,1611,214,3,Quality could improve,2024-07-10
2231,4756,21,1,Amazing experience,2023-11-25
2232,996,419,2,Average quality,2023-10-15
2233,2289,369,1,Quality could improve,2024-11-18
2234,1366,24,4,Quality could improve,2025-03-31
2235,3302,127,5,Worth buying,2023-12-18
2236,4145,181,1,Fast delivery,2025-06-19
2237,663,350,4,Very good,2024-06-24
2238,3564,20,4,Worth buying,2023-02-08
2239,4426,342,4,Average quality,2023-02-06
2240,3715,31,3,Average quality,2024-06-22
2241,2995,153,1,Amazing experience,2023-10-22
2242,3944,408,2,Fast delivery,2024-07-24
2243,961,217,4,Highly recommended,2023-05-29
2244,3085,421,1,Good value,2024-03-24
2245,593,246,5,Fast delivery,2023-10-08
2246,1858,28,3,Excellent product,2025-04-09
2247,254,131,2,Quality could improve,2024-12-08
2248,2277,153,2,Excellent product,2023-03-17
2249,883,286,1,Average quality,2024-03-13
2250,514,295,5,Very good,2024-01-10
2251,1640,274,4,Fast delivery,2024-07-09
2252,4614,252,4,Worth buying,2024-02-09
2253,1320,30,4,Quality could improve,2023-04-25
2254,3175,203,5,Not satisfied,2025-03-28
2255,653,309,1,Average quality,2025-02-22
2256,3179,258,1,Highly recommended,2025-03-11
2257,2626,354,5,Worth buying,2025-03-28
2258,4272,471,5,Amazing experience,2023-01-04
2259,3450,1,3,Highly recommended,2024-11-20
2260,1059,154,1,Very good,2023-06-26
2261,3436,133,5,Not satisfied,2023-09-17
2262,3161,384,5,Not satisfied,2024-01-10
2263,1624,77,4,Quality could improve,2024-11-06
2264,2177,123,4,Fast delivery,2025-04-22
2265,448,182,5,Not satisfied,2025-01-19
2266,1473,463,4,Quality could improve,2025-05-25
2267,877,268,4,Highly recommended,2024-04-29
2268,1847,300,1,Not satisfied,2024-08-15
2269,3380,117,5,Excellent product,2023-04-14
2270,3257,367,4,Excellent product,2025-05-25
2271,522,415,4,Fast delivery,2025-05-04
2272,225,110,1,Amazing experience,2023-09-08
2273,877,351,2,Worth buying,2023-11-17
2274,561,192,5,Fast delivery,2024-08-08
2275,2799,465,4,Amazing experience,2023-10-28
2276,1830,114,3,Average quality,2025-04-28
2277,3269,61,2,Fast delivery,2023-11-05
2278,4896,210,3,Not satisfied,2023-08-17
2279,508,262,4,Good value,2024-02-07
2280,1948,87,1,Not satisfied,2023-07-11
2281,2201,413,3,Highly recommended,2023-05-19
2282,1645,433,1,Worth buying,2025-05-14
2283,3308,307,2,Amazing experience,2025-05-17
2284,2246,271,2,Not satisfied,2023-11-04
2285,4421,285,1,Quality could improve,2023-11-02
2286,724,491,5,Excellent product,2023-05-08
2287,690,151,2,Amazing experience,2023-03-25
2288,1553,102,1,Highly recommended,2024-09-12
2289,1470,280,2,Average quality,2023-02-10
2290,4820,31,5,Quality could improve,2023-01-04
2291,1731,298,2,Average quality,2024-08-14
2292,2229,68,3,Quality could improve,2024-10-14
2293,2879,339,5,Fast delivery,2024-10-30
2294,2173,38,3,Fast delivery,2023-03-03
2295,1036,77,2,Fast delivery,2023-03-25
2296,971,448,3,Good value,2023-07-30
2297,433,244,1,Fast delivery,2025-02-01
2298,1314,259,5,Quality could improve,2024-10-07
2299,2435,420,3,Excellent product,2025-01-02
2300,192,336,1,Amazing experience,2025-02-05
2301,3776,234,5,Amazing experience,2024-03-26
2302,1459,240,4,Fast delivery,2023-08-03
2303,2902,353,4,Fast delivery,2024-05-22
2304,2529,303,4,Highly recommended,2023-06-02
2305,3571,73,4,Quality could improve,2024-07-22
2306,2980,119,3,Quality could improve,2023-06-16
2307,2232,370,1,Very good,2024-06-09
2308,4311,97,5,Average quality,2023-12-05
2309,4486,427,1,Highly recommended,2024-04-02
2310,624,119,5,Average quality,2024-11-17
2311,4455,472,3,Not satisfied,2024-02-28
2312,3518,199,3,Average quality,2025-06-13
2313,3029,169,5,Fast delivery,2024-01-15
2314,1148,46,3,Average quality,2024-07-17
2315,549,162,1,Highly recommended,2024-10-12
2316,2592,143,1,Quality could improve,2023-07-22
2317,288,280,1,Worth buying,2024-06-23
2318,2398,212,2,Worth buying,2025-04-19
2319,1428,427,5,Average quality,2025-01-17
2320,2523,8,1,Very good,2024-12-18
2321,4637,322,3,Amazing experience,2023-12-03
2322,2324,462,2,Excellent product,2023-12-18
2323,765,492,4,Worth buying,2023-06-03
2324,4445,278,1,Fast delivery,2024-07-15
2325,3488,248,3,Good value,2024-05-03
2326,43,26,1,Worth buying,2023-09-30
2327,2910,297,5,Amazing experience,2024-05-15
2328,606,343,3,Worth buying,2023-10-16
2329,3621,237,5,Highly recommended,2023-03-01
2330,2004,430,2,Fast delivery,2024-11-19
2331,2439,80,5,Excellent product,2023-12-29
2332,4179,111,5,Average quality,2023-09-24
2333,1592,153,4,Excellent product,2024-04-24
2334,2922,353,5,Fast delivery,2024-09-26
2335,344,305,2,Excellent product,2023-11-24
2336,2167,3,1,Average quality,2023-09-01
2337,2674,473,4,Quality could improve,2024-03-15
2338,603,224,1,Fast delivery,2023-03-04
2339,382,499,5,Highly recommended,2024-03-08
2340,4430,49,5,Average quality,2024-04-24
2341,960,347,2,Quality could improve,2023-03-12
2342,4657,468,1,Highly recommended,2024-01-13
2343,500,254,3,Average quality,2023-06-08
2344,3609,139,2,Very good,2025-02-23
2345,1973,127,5,Not satisfied,2023-07-17
2346,1041,282,2,Amazing experience,2025-05-03
2347,1791,119,1,Average quality,2024-03-15
2348,1641,253,1,Quality could improve,2023-08-29
2349,2220,234,1,Fast delivery,2024-03-18
2350,1938,179,2,Amazing experience,2024-02-01
2351,4090,110,2,Good value,2024-01-08
2352,3013,105,5,Worth buying,2025-01-16
2353,4747,182,1,Good value,2023-10-11
2354,2874,148,3,Quality could improve,2023-01-20
2355,2884,86,3,Not satisfied,2023-06-13
2356,590,486,5,Amazing experience,2023-01-26
2357,1,260,4,Fast delivery,2024-12-25
2358,4347,206,2,Good value,2024-03-11
2359,3891,327,1,Fast delivery,2023-12-03
2360,501,78,1,Very good,2023-11-25
2361,4149,14,1,Amazing experience,2023-07-19
2362,3603,500,3,Amazing experience,2023-07-11
2363,4384,23,2,Average quality,2024-11-02
2364,3977,2,2,Highly recommended,2023-08-11
2365,2067,175,3,Very good,2024-01-02
2366,3115,194,3,Very good,2023-05-10
2367,1537,42,1,Fast delivery,2025-01-13
2368,2762,113,3,Highly recommended,2023-05-18
2369,3826,262,2,Fast delivery,2025-04-14
2370,501,21,2,Good value,2023-12-13
2371,3440,115,1,Highly recommended,2024-01-29
2372,2832,406,3,Excellent product,2023-09-04
2373,2899,364,4,Amazing experience,2025-02-18
2374,64,281,2,Excellent product,2023-10-10
2375,140,221,3,Excellent product,2025-03-23
2376,2041,426,4,Good value,2024-07-20
2377,2656,81,4,Amazing experience,2024-07-26
2378,1781,190,2,Highly recommended,2024-03-17
2379,2108,68,1,Fast delivery,2023-01-05
2380,4238,148,2,Highly recommended,2023-05-27
2381,4745,78,5,Quality could improve,2024-06-28
2382,1150,250,3,Fast delivery,2024-12-01
2383,742,359,2,Average quality,2024-09-04
2384,3450,135,1,Worth buying,2024-05-22
2385,573,368,3,Average quality,2023-12-12
2386,1399,337,1,Worth buying,2024-04-02
2387,1260,182,2,Quality could improve,2023-06-06
2388,2971,95,2,Amazing experience,2024-08-01
2389,1093,383,5,Average quality,2024-03-02
2390,3044,74,3,Good value,2023-05-19
2391,4497,138,2,Highly recommended,2023-04-14
2392,1156,298,3,Highly recommended,2023-05-31
2393,1201,133,5,Excellent product,2023-11-20
2394,3603,193,3,Amazing experience,2025-01-28
2395,3270,1,2,Good value,2024-06-15
2396,933,245,3,Good value,2024-02-25
2397,1733,268,1,Not satisfied,2024-03-17
2398,2319,472,3,Amazing experience,2023-09-03
2399,957,460,1,Quality could improve,2023-09-13
2400,327,448,3,Worth buying,2024-11-20
2401,3826,438,2,Quality could improve,2024-12-15
2402,570,239,1,Excellent product,2023-09-07
2403,613,104,3,Excellent product,2024-04-06
2404,2256,323,3,Very good,2024-09-07
2405,4408,34,3,Amazing experience,2024-04-10
2406,4842,399,4,Worth buying,2025-04-28
2407,538,471,1,Very good,2024-12-21
2408,2423,95,4,Good value,2025-05-22
2409,4568,13,1,Good value,2023-11-02
2410,2817,492,3,Excellent product,2024-05-28
2411,1041,171,1,Not satisfied,2024-08-03
2412,1821,88,1,Good value,2024-12-03
2413,1134,163,3,Highly recommended,2023-06-04
2414,2337,6,5,Fast delivery,2024-11-27
2415,2287,340,4,Fast delivery,2023-11-29
2416,4776,150,5,Good value,2023-05-09
2417,1695,220,3,Amazing experience,2024-12-11
2418,2897,384,1,Quality could improve,2024-06-13
2419,648,52,4,Fast delivery,2025-05-22
2420,1004,185,5,Average quality,2024-02-06
2421,3090,259,1,Not satisfied,2025-05-03
2422,1291,45,3,Worth buying,2025-04-09
2423,772,10,2,Average quality,2023-05-03
2424,1635,62,3,Worth buying,2023-08-07
2425,785,183,1,Average quality,2024-05-23
2426,723,198,3,Highly recommended,2024-06-29
2427,1367,490,4,Fast delivery,2023-03-08
2428,2465,440,1,Worth buying,2023-07-09
2429,1251,48,3,Good value,2025-05-17
2430,1526,403,5,Excellent product,2025-03-30
2431,2804,495,2,Quality could improve,2023-10-12
2432,591,294,4,Excellent product,2024-09-03
2433,3363,370,2,Very good,2023-05-13
2434,3162,266,2,Not satisfied,2023-04-17
2435,4549,136,5,Average quality,2024-05-08
2436,3117,153,5,Highly recommended,2024-09-18
2437,1238,185,1,Highly recommended,2024-08-14
2438,3510,471,5,Excellent product,2023-06-14
2439,4452,384,1,Not satisfied,2023-03-28
2440,4625,97,3,Quality could improve,2024-02-20
2441,675,442,1,Highly recommended,2024-10-16
2442,4814,406,1,Worth buying,2024-01-14
2443,2679,197,4,Amazing experience,2025-03-25
2444,4730,146,4,Highly recommended,2024-08-16
2445,4628,324,1,Fast delivery,2025-05-22
2446,3044,254,1,Fast delivery,2024-09-29
2447,4247,46,5,Highly recommended,2024-08-23
2448,1407,225,2,Good value,2023-03-31
2449,1458,102,4,Good value,2024-10-21
2450,626,389,1,Fast delivery,2023-09-06
2451,613,224,2,Quality could improve,2025-06-01
2452,4710,77,1,Quality could improve,2023-10-06
2453,202,451,3,Very good,2024-11-10
2454,3333,290,3,Amazing experience,2024-05-21
2455,3862,470,2,Highly recommended,2025-03-27
2456,417,121,1,Highly recommended,2024-05-19
2457,2466,338,1,Quality could improve,2023-10-07
2458,890,144,4,Fast delivery,2025-03-16
2459,3755,175,1,Not satisfied,2025-01-09
2460,2920,302,4,Quality could improve,2024-04-10
2461,3663,110,3,Not satisfied,2025-01-20
2462,1790,453,5,Highly recommended,2024-01-06
2463,4557,365,3,Fast delivery,2023-12-27
2464,939,213,1,Good value,2024-05-10
2465,3948,353,2,Worth buying,2023-05-04
2466,3516,143,1,Amazing experience,2024-10-14
2467,1656,173,2,Worth buying,2025-01-08
2468,1029,384,1,Worth buying,2023-11-08
2469,4012,150,2,Worth buying,2023-04-27
2470,3019,281,5,Excellent product,2023-06-07
2471,200,206,4,Worth buying,2024-07-30
2472,4176,412,4,Average quality,2023-06-14
2473,1461,308,5,Excellent product,2023-06-14
2474,4042,270,3,Average quality,2024-12-25
2475,3702,97,1,Very good,2024-02-26
2476,2740,190,1,Very good,2023-03-12
2477,3004,189,1,Excellent product,2024-04-23
2478,2112,467,4,Quality could improve,2024-04-12
2479,4876,267,3,Quality could improve,2023-04-22
2480,648,80,2,Average quality,2023-12-29
2481,4694,70,4,Worth buying,2024-06-29
2482,1164,45,2,Highly recommended,2024-08-10
2483,3410,137,4,Average quality,2025-04-11
2484,3696,494,4,Worth buying,2023-10-31
2485,2068,164,4,Quality could improve,2025-01-10
2486,1848,439,5,Worth buying,2024-11-25
2487,3455,164,1,Average quality,2025-05-11
2488,1727,26,5,Fast delivery,2024-05-23
2489,1289,380,3,Fast delivery,2024-08-17
2490,3545,357,1,Fast delivery,2023-05-06
2491,1013,230,4,Excellent product,2024-05-11
2492,4673,296,3,Fast delivery,2023-11-06
2493,2016,438,1,Very good,2024-07-04
2494,3477,12,1,Average quality,2024-05-18
2495,2777,89,3,Quality could improve,2024-12-22
2496,1985,57,5,Fast delivery,2023-01-05
2497,4020,87,5,Fast delivery,2025-01-27
2498,4937,18,1,Highly recommended,2024-10-22
2499,2341,218,4,Highly recommended,2024-11-07
2500,1846,229,1,Quality could improve,2024-05-01
2501,2486,288,3,Worth buying,2024-05-16
2502,2293,231,1,Good value,2023-08-25
2503,3808,14,2,Average quality,2025-05-11
2504,4062,412,4,Amazing experience,2024-11-26
2505,4317,13,3,Not satisfied,2023-11-21
2506,3425,260,1,Fast delivery,2024-08-17
2507,569,374,1,Worth buying,2025-03-27
2508,2176,159,4,Fast delivery,2023-07-17
2509,1439,253,1,Worth buying,2023-02-11
2510,3341,416,1,Average quality,2023-10-16
2511,3968,260,5,Worth buying,2024-12-31
2512,2543,406,3,Not satisfied,2023-08-14
2513,3351,148,1,Fast delivery,2024-05-25
2514,546,494,4,Highly recommended,2023-05-06
2515,1316,249,1,Very good,2023-07-11
2516,1638,179,3,Average quality,2023-05-15
2517,1640,38,4,Average quality,2024-01-13
2518,3304,494,4,Average quality,2024-04-14
2519,2675,303,4,Not satisfied,2025-01-18
2520,3289,401,2,Excellent product,2024-10-14
2521,2622,500,4,Highly recommended,2025-01-14
2522,4683,56,3,Good value,2023-03-02
2523,3053,435,3,Worth buying,2024-09-25
2524,3524,32,1,Worth buying,2024-06-22
2525,1215,323,3,Excellent product,2024-07-25
2526,2774,321,1,Highly recommended,2023-10-18
2527,3839,202,5,Excellent product,2025-05-19
2528,2977,411,1,Fast delivery,2025-03-24
2529,4169,279,1,Very good,2023-06-25
2530,4323,390,1,Good value,2023-11-26
2531,2930,133,2,Amazing experience,2023-04-04
2532,1387,227,2,Quality could improve,2025-04-13
2533,3173,88,1,Quality could improve,2023-03-02
2534,779,379,1,Quality could improve,2024-06-09
2535,2741,170,3,Amazing experience,2025-05-18
2536,4665,48,4,Amazing experience,2023-01-21
2537,1822,11,3,Highly recommended,2025-02-12
2538,3156,127,2,Worth buying,2023-09-26
2539,2627,238,4,Fast delivery,2024-08-09
2540,4412,150,3,Not satisfied,2024-07-01
2541,3403,67,2,Average quality,2023-10-16
2542,4908,334,3,Very good,2024-05-17
2543,3128,173,5,Good value,2023-11-20
2544,1826,402,4,Good value,2023-02-08
2545,2207,31,3,Highly recommended,2023-08-05
2546,1885,91,2,Average quality,2024-08-24
2547,2642,70,1,Average quality,2023-06-26
2548,1958,190,4,Amazing experience,2023-11-07
2549,4927,429,5,Average quality,2025-02-09
2550,1888,246,5,Good value,2025-06-17
2551,2978,41,5,Very good,2024-09-30
2552,2244,73,4,Fast delivery,2024-09-04
2553,2620,372,2,Good value,2025-04-04
2554,4163,144,5,Amazing experience,2023-01-18
2555,4199,372,1,Quality could improve,2023-12-10
2556,2242,266,1,Amazing experience,2025-01-02
2557,2060,118,3,Excellent product,2023-07-24
2558,2483,219,3,Average quality,2024-07-13
2559,4804,156,4,Average quality,2023-10-09
2560,4621,192,5,Good value,2024-11-22
2561,1161,285,5,Good value,2023-08-14
2562,4355,165,5,Highly recommended,2023-05-03
2563,2135,49,5,Amazing experience,2025-03-23
2564,3930,418,5,Highly recommended,2024-09-05
2565,4469,499,5,Not satisfied,2023-01-07
2566,1550,233,3,Very good,2024-08-17
2567,1506,38,4,Highly recommended,2023-03-02
2568,4912,191,5,Excellent product,2024-01-17
2569,4934,403,5,Excellent product,2024-07-01
2570,4813,223,1,Excellent product,2025-01-31
2571,2688,146,1,Average quality,2024-10-28
2572,3047,153,5,Highly recommended,2024-12-19
2573,3505,182,2,Not satisfied,2023-09-13
2574,163,133,3,Excellent product,2023-08-15
2575,577,14,3,Average quality,2023-04-02
2576,4054,474,1,Average quality,2025-04-24
2577,3640,329,3,Highly recommended,2023-08-21
2578,1237,452,4,Quality could improve,2025-01-14
2579,598,259,3,Excellent product,2025-02-10
2580,4687,381,4,Good value,2023-12-13
2581,3946,62,2,Fast delivery,2024-05-31
2582,4289,208,4,Very good,2025-06-13
2583,4627,301,3,Amazing experience,2023-08-18
2584,2417,391,3,Not satisfied,2024-08-06
2585,1477,261,1,Average quality,2023-05-12
2586,969,421,4,Worth buying,2023-05-27
2587,2230,211,4,Quality could improve,2024-09-29
2588,2331,468,1,Not satisfied,2024-02-20
2589,3524,214,2,Not satisfied,2024-01-02
2590,2955,10,3,Average quality,2023-01-03
2591,2803,337,4,Highly recommended,2024-04-15
2592,3536,303,5,Very good,2023-02-08
2593,3022,88,1,Fast delivery,2025-01-22
2594,3795,5,1,Good value,2025-02-16
2595,2288,179,1,Very good,2024-04-28
2596,4317,429,1,Average quality,2023-06-09
2597,973,330,1,Very good,2025-01-15
2598,2739,148,5,Highly recommended,2025-02-05
2599,2099,448,2,Fast delivery,2023-12-12
2600,1239,339,1,Amazing experience,2024-03-27
2601,872,413,3,Quality could improve,2024-08-03
2602,4672,375,5,Average quality,2025-04-30
2603,830,478,5,Not satisfied,2025-04-03
2604,3861,481,1,Highly recommended,2024-11-28
2605,3666,352,5,Quality could improve,2025-06-12
2606,3268,483,4,Good value,2023-01-12
2607,1096,5,5,Amazing experience,2024-02-25
2608,2001,248,1,Excellent product,2023-04-05
2609,3047,446,5,Worth buying,2023-05-24
2610,4394,403,2,Average quality,2023-06-10
2611,538,229,5,Not satisfied,2025-05-19
2612,3226,292,3,Highly recommended,2023-12-10
2613,1754,165,4,Amazing experience,2025-03-20
2614,4664,71,5,Worth buying,2024-03-23
2615,2826,497,2,Not satisfied,2023-06-06
2616,2223,357,4,Not satisfied,2024-01-06
2617,1179,33,1,Not satisfied,2024-08-10
2618,2938,317,1,Very good,2025-05-25
2619,4265,394,4,Average quality,2024-04-27
2620,4035,326,3,Average quality,2023-12-23
2621,1699,161,1,Highly recommended,2023-01-08
2622,2475,335,1,Very good,2024-09-08
2623,4991,373,3,Excellent product,2024-08-02
2624,3953,81,2,Worth buying,2025-05-28
2625,756,294,2,Excellent product,2023-10-10
2626,1703,395,2,Amazing experience,2023-04-09
2627,2595,469,3,Very good,2024-11-03
2628,4747,395,5,Not satisfied,2024-04-23
2629,309,376,1,Fast delivery,2024-06-29
2630,2015,268,4,Highly recommended,2023-10-08
2631,1004,130,2,Not satisfied,2024-11-29
2632,934,25,3,Very good,2024-07-27
2633,3266,416,5,Highly recommended,2025-02-15
2634,1445,333,2,Not satisfied,2025-05-20
2635,4240,464,3,Not satisfied,2025-04-13
2636,774,451,1,Fast delivery,2025-03-22
2637,506,499,1,Excellent product,2025-04-06
2638,8,243,5,Excellent product,2023-11-21
2639,4032,352,1,Not satisfied,2023-04-19
2640,4063,39,1,Good value,2024-04-14
2641,766,108,4,Good value,2024-02-05
2642,4353,216,3,Quality could improve,2023-12-10
2643,3626,391,4,Excellent product,2024-06-13
2644,3203,163,2,Excellent product,2024-04-08
2645,4633,61,5,Highly recommended,2023-02-01
2646,701,244,4,Average quality,2024-05-18
2647,628,462,1,Very good,2024-09-05
2648,2212,93,2,Average quality,2023-04-24
2649,4760,285,4,Good value,2024-01-13
2650,530,316,2,Excellent product,2024-07-04
2651,4653,109,5,Quality could improve,2023-12-20
2652,2116,310,2,Quality could improve,2023-08-02
2653,3733,302,3,Amazing experience,2024-05-11
2654,319,71,2,Amazing experience,2024-04-09
2655,586,297,2,Not satisfied,2023-12-15
2656,1387,267,2,Excellent product,2023-03-28
2657,1935,240,1,Fast delivery,2023-07-22
2658,4596,464,3,Good value,2023-05-04
2659,521,169,3,Highly recommended,2024-10-03
2660,10,211,3,Amazing experience,2024-04-04
2661,660,500,1,Average quality,2024-04-10
2662,2383,225,1,Amazing experience,2023-09-04
2663,4009,427,4,Very good,2024-02-16
2664,4766,484,5,Good value,2023-02-04
2665,4812,415,5,Quality could improve,2024-12-20
2666,1270,99,4,Worth buying,2023-12-05
2667,3813,417,4,Quality could improve,2024-09-04
2668,3883,156,4,Fast delivery,2023-06-08
2669,3597,215,5,Fast delivery,2023-03-16
2670,2034,210,5,Worth buying,2025-03-25
2671,3719,108,5,Very good,2023-09-02
2672,2304,21,2,Good value,2023-03-01
2673,996,363,3,Excellent product,2023-11-29
2674,2320,53,4,Fast delivery,2024-04-26
2675,2990,81,3,Worth buying,2023-07-12
2676,1889,438,5,Worth buying,2023-08-25
2677,4823,33,1,Excellent product,2024-04-15
2678,1033,342,5,Not satisfied,2024-06-10
2679,876,34,2,Average quality,2025-06-14
2680,4746,5,2,Amazing experience,2024-04-01
2681,4750,360,4,Fast delivery,2023-12-03
2682,2284,35,2,Amazing experience,2025-05-14
2683,1040,60,5,Average quality,2024-02-22
2684,2060,350,2,Amazing experience,2023-02-14
2685,3139,167,3,Worth buying,2023-03-29
2686,4406,385,2,Amazing experience,2025-01-17
2687,4684,264,3,Highly recommended,2023-02-06
2688,90,240,3,Very good,2024-12-05
2689,1249,247,5,Worth buying,2023-06-18
2690,3192,287,2,Average quality,2024-07-26
2691,4758,318,2,Not satisfied,2023-07-06
2692,2967,88,1,Average quality,2023-06-16
2693,3647,94,2,Fast delivery,2025-04-15
2694,4198,296,1,Amazing experience,2024-07-25
2695,1870,76,5,Amazing experience,2024-05-17
2696,4116,89,2,Excellent product,2024-08-06
2697,2184,373,2,Very good,2024-02-11
2698,4560,182,2,Fast delivery,2023-11-03
2699,4597,366,3,Amazing experience,2023-08-04
2700,2932,250,1,Excellent product,2023-02-14
2701,3976,474,4,Good value,2023-11-29
2702,770,449,2,Average quality,2025-01-09
2703,2894,295,4,Good value,2024-10-30
2704,4171,433,5,Fast delivery,2024-10-19
2705,1692,16,1,Excellent product,2023-05-19
2706,512,262,3,Very good,2024-03-05
2707,1139,445,3,Worth buying,2023-04-20
2708,3554,311,5,Excellent product,2023-05-23
2709,4149,310,4,Not satisfied,2024-06-19
2710,1414,81,3,Not satisfied,2025-06-05
2711,384,118,5,Very good,2023-01-18
2712,2054,182,5,Not satisfied,2025-04-01
2713,1101,236,4,Very good,2024-08-19
2714,4806,107,1,Average quality,2023-04-18
2715,2676,88,4,Good value,2024-04-30
2716,425,125,1,Not satisfied,2025-01-04
2717,834,66,3,Very good,2025-03-05
2718,3245,15,1,Quality could improve,2024-01-26
2719,3455,240,2,Highly recommended,2024-01-01
2720,1766,467,2,Amazing experience,2023-09-12
2721,2820,26,4,Quality could improve,2023-08-12
2722,2746,19,1,Excellent product,2023-10-29
2723,1314,310,2,Not satisfied,2023-11-30
2724,1273,157,1,Highly recommended,2023-05-12
2725,3440,92,2,Excellent product,2024-09-20
2726,1808,494,2,Very good,2024-03-22
2727,698,490,1,Amazing experience,2025-01-01
2728,4086,236,4,Good value,2024-08-30
2729,4606,158,3,Fast delivery,2024-01-03
2730,1586,93,4,Fast delivery,2025-03-12
2731,863,205,1,Fast delivery,2024-03-30
2732,1044,391,5,Very good,2024-03-26
2733,80,367,2,Worth buying,2023-05-12
2734,879,118,5,Excellent product,2025-05-04
2735,4994,285,2,Highly recommended,2024-02-23
2736,1390,160,3,Quality could improve,2024-10-22
2737,876,281,5,Highly recommended,2024-08-12
2738,684,391,4,Worth buying,2024-03-12
2739,1477,105,4,Fast delivery,2025-05-27
2740,4394,210,3,Average quality,2025-05-14
2741,4873,225,3,Average quality,2023-03-23
2742,2468,464,2,Quality could improve,2023-01-31
2743,1497,62,2,Very good,2024-05-07
2744,4550,247,4,Good value,2023-12-06
2745,3790,213,5,Amazing experience,2024-06-06
2746,2139,99,5,Excellent product,2024-08-24
2747,764,374,3,Not satisfied,2023-08-22
2748,2682,167,1,Quality could improve,2024-05-12
2749,1736,196,5,Excellent product,2023-05-09
2750,4430,399,5,Average quality,2024-11-25
2751,626,343,2,Worth buying,2024-11-11
2752,3459,218,1,Excellent product,2024-04-22
2753,484,400,2,Amazing experience,2023-04-22
2754,4692,463,2,Excellent product,2023-02-09
2755,2139,252,1,Fast delivery,2024-09-22
2756,114,352,3,Highly recommended,2024-08-15
2757,230,214,4,Quality could improve,2025-04-10
2758,3775,216,1,Very good,2024-10-17
2759,3610,270,3,Very good,2024-01-15
2760,3746,335,1,Highly recommended,2025-04-09
2761,3897,244,4,Amazing experience,2023-03-03
2762,1340,307,3,Fast delivery,2024-10-01
2763,4104,177,5,Very good,2024-08-27
2764,1106,410,4,Excellent product,2024-11-29
2765,3113,451,3,Good value,2024-02-07
2766,1780,348,4,Excellent product,2025-05-25
2767,809,410,1,Average quality,2024-08-16
2768,4448,454,2,Quality could improve,2024-09-01
2769,4071,392,3,Amazing experience,2024-03-15
2770,334,403,3,Quality could improve,2024-07-15
2771,1599,446,2,Excellent product,2024-03-27
2772,4558,186,5,Amazing experience,2025-01-18
2773,4878,49,4,Average quality,2023-01-14
2774,768,61,4,Worth buying,2024-03-13
2775,2651,301,2,Average quality,2023-10-13
2776,4934,444,1,Average quality,2023-06-21
2777,4178,326,1,Excellent product,2023-03-02
2778,2966,357,4,Average quality,2024-11-27
2779,2807,116,2,Not satisfied,2024-08-03
2780,2797,332,1,Worth buying,2023-02-15
2781,126,147,4,Worth buying,2024-04-19
2782,4291,398,3,Good value,2024-09-02
2783,968,272,4,Not satisfied,2023-09-02
2784,4019,240,3,Highly recommended,2023-02-10
2785,4431,222,1,Good value,2023-01-09
2786,3609,193,4,Excellent product,2023-05-16
2787,1966,500,1,Excellent product,2025-06-05
2788,4672,162,5,Very good,2024-12-06
2789,4990,182,3,Amazing experience,2023-11-11
2790,1338,136,4,Excellent product,2024-03-31
2791,4078,182,2,Average quality,2025-06-02
2792,2080,225,4,Fast delivery,2024-08-14
2793,3289,103,3,Fast delivery,2025-04-05
2794,3890,143,2,Very good,2023-04-18
2795,1517,385,1,Worth buying,2025-02-08
2796,3635,228,4,Amazing experience,2025-06-13
2797,535,399,2,Average quality,2024-04-04
2798,4829,372,4,Not satisfied,2024-12-17
2799,1196,310,4,Amazing experience,2023-07-20
2800,2803,393,3,Not satisfied,2023-06-11
2801,77,187,2,Quality could improve,2023-06-26
2802,1726,7,5,Worth buying,2024-03-09
2803,4835,272,4,Worth buying,2023-12-25
2804,4145,468,2,Amazing experience,2023-11-02
2805,3243,272,2,Good value,2024-02-26
2806,1651,235,5,Very good,2023-02-25
2807,465,467,5,Very good,2024-05-13
2808,1688,337,3,Good value,2025-03-07
2809,2018,116,1,Quality could improve,2025-03-14
2810,4093,181,4,Amazing experience,2024-07-06
2811,716,346,4,Quality could improve,2023-04-12
2812,2319,395,4,Highly recommended,2024-08-29
2813,3847,91,2,Excellent product,2023-03-23
2814,4820,58,2,Not satisfied,2024-10-15
2815,2775,360,2,Quality could improve,2024-06-06
2816,4853,359,5,Excellent product,2023-11-04
2817,1014,360,1,Worth buying,2024-11-12
2818,1179,347,4,Average quality,2023-08-14
2819,780,96,4,Worth buying,2024-10-11
2820,2651,22,4,Good value,2023-03-18
2821,1707,421,4,Worth buying,2023-06-12
2822,2891,58,3,Good value,2024-07-24
2823,3165,67,2,Not satisfied,2023-01-17
2824,4198,221,3,Very good,2024-07-31
2825,4563,139,5,Worth buying,2024-06-14
2826,2409,174,5,Excellent product,2024-07-25
2827,990,190,1,Amazing experience,2025-01-20
2828,4880,368,1,Quality could improve,2024-03-05
2829,1629,448,5,Worth buying,2023-07-13
2830,4629,258,4,Highly recommended,2024-05-13
2831,2540,409,2,Fast delivery,2024-05-02
2832,2482,142,3,Worth buying,2025-04-14
2833,4022,30,2,Good value,2025-01-21
2834,2883,326,2,Excellent product,2023-09-29
2835,1144,124,5,Not satisfied,2024-04-10
2836,400,291,5,Very good,2024-03-07
2837,604,43,1,Average quality,2023-12-14
2838,1791,299,2,Good value,2023-07-01
2839,3478,159,3,Highly recommended,2024-01-19
2840,2742,224,3,Average quality,2023-09-21
2841,1668,272,1,Fast delivery,2024-05-31
2842,410,303,5,Very good,2025-03-01
2843,3396,232,2,Highly recommended,2025-06-08
2844,1525,318,1,Amazing experience,2024-09-07
2845,3083,76,1,Good value,2023-05-09
2846,3363,434,4,Good value,2023-09-06
2847,1090,210,4,Worth buying,2024-04-09
2848,4727,371,3,Excellent product,2023-10-03
2849,1690,51,5,Average quality,2024-10-28
2850,2507,365,2,Amazing experience,2023-01-07
2851,1348,88,5,Excellent product,2024-02-27
2852,4745,97,4,Quality could improve,2025-05-01
2853,3996,54,2,Amazing experience,2023-05-10
2854,4193,143,2,Worth buying,2023-10-14
2855,4548,146,2,Quality could improve,2024-06-14
2856,3838,307,1,Excellent product,2023-11-01
2857,4651,17,4,Good value,2023-02-01
2858,1286,308,3,Very good,2023-07-27
2859,4695,179,3,Worth buying,2024-12-23
2860,150,301,5,Fast delivery,2024-09-04
2861,3377,197,3,Not satisfied,2025-05-14
2862,2451,179,2,Average quality,2023-08-23
2863,4672,14,4,Not satisfied,2024-11-03
2864,2028,163,2,Good value,2024-07-25
2865,1840,305,5,Average quality,2025-05-01
2866,45,213,2,Highly recommended,2024-08-18
2867,4804,220,5,Fast delivery,2023-11-03
2868,3322,450,3,Not satisfied,2023-10-03
2869,4754,165,4,Very good,2023-01-27
2870,4721,345,4,Amazing experience,2024-12-04
2871,473,381,3,Highly recommended,2024-03-17
2872,1575,391,2,Excellent product,2025-04-03
2873,3891,366,3,Excellent product,2023-11-22
2874,790,440,5,Not satisfied,2024-05-30
2875,3682,424,5,Worth buying,2024-09-26
2876,3738,379,5,Very good,2023-09-01
2877,3827,353,5,Good value,2024-04-10
2878,1293,240,1,Amazing experience,2025-02-28
2879,3335,442,3,Not satisfied,2025-06-18
2880,3300,178,3,Average quality,2024-02-15
2881,3310,489,5,Very good,2023-06-21
2882,1217,456,2,Worth buying,2024-09-20
2883,3034,195,5,Highly recommended,2025-05-27
2884,2271,39,1,Fast delivery,2024-08-16
2885,431,478,1,Average quality,2023-03-01
2886,294,49,4,Average quality,2024-05-18
2887,1285,342,1,Average quality,2023-12-11
2888,4227,444,1,Quality could improve,2024-06-26
2889,3601,65,5,Highly recommended,2024-12-20
2890,4473,468,4,Amazing experience,2024-08-22
2891,4168,365,5,Highly recommended,2023-12-10
2892,4939,130,2,Worth buying,2025-06-05
2893,815,427,4,Very good,2024-04-10
2894,4891,301,5,Quality could improve,2023-06-07
2895,1795,275,3,Amazing experience,2024-06-04
2896,2976,286,4,Quality could improve,2024-02-28
2897,2841,455,4,Quality could improve,2024-10-17
2898,4355,250,5,Worth buying,2023-05-04
2899,2083,227,2,Excellent product,2023-03-17
2900,4986,357,4,Average quality,2024-06-29
2901,942,412,3,Amazing experience,2024-05-04
2902,438,165,2,Amazing experience,2023-05-25
2903,4128,406,1,Amazing experience,2023-01-27
2904,3812,37,3,Good value,2023-12-20
2905,2991,440,5,Quality could improve,2023-03-17
2906,3139,452,4,Quality could improve,2024-05-16
2907,544,437,2,Worth buying,2024-06-02
2908,1255,392,2,Quality could improve,2024-12-08
2909,2732,229,3,Very good,2023-06-25
2910,2771,82,1,Amazing experience,2025-03-26
2911,18,492,5,Very good,2024-11-29
2912,3616,8,5,Very good,2024-01-14
2913,3175,29,1,Excellent product,2024-05-09
2914,3611,43,4,Very good,2023-10-15
2915,4032,280,4,Worth buying,2025-05-15
2916,561,25,1,Very good,2025-03-21
2917,2682,415,1,Good value,2023-11-29
2918,2624,370,2,Worth buying,2023-08-26
2919,1134,64,3,Quality could improve,2024-02-24
2920,3896,20,5,Fast delivery,2024-10-16
2921,1167,189,5,Average quality,2023-04-12
2922,1398,160,4,Good value,2023-03-11
2923,4580,334,4,Excellent product,2024-06-07
2924,125,119,5,Quality could improve,2023-07-11
2925,1065,241,5,Worth buying,2023-05-17
2926,2855,163,5,Good value,2025-04-20
2927,1868,168,4,Average quality,2024-04-01
2928,4710,135,2,Worth buying,2023-10-13
2929,4888,267,3,Worth buying,2024-10-02
2930,4796,425,5,Fast delivery,2023-11-17
2931,1426,127,1,Fast delivery,2023-01-12
2932,4807,380,4,Highly recommended,2023-12-07
2933,487,210,1,Highly recommended,2023-01-15
2934,914,60,4,Quality could improve,2023-10-02
2935,3872,107,3,Very good,2023-04-30
2936,2128,91,5,Fast delivery,2023-09-22
2937,2366,348,5,Good value,2023-11-27
2938,458,175,5,Average quality,2023-10-13
2939,3086,38,2,Amazing experience,2025-06-15
2940,114,12,4,Not satisfied,2023-01-18
2941,30,4,2,Good value,2023-02-22
2942,783,477,3,Highly recommended,2024-08-11
2943,4474,255,5,Quality could improve,2025-01-25
2944,4868,125,2,Quality could improve,2023-03-16
2945,2729,21,1,Very good,2023-05-17
2946,4498,446,2,Quality could improve,2023-03-16
2947,2306,458,2,Excellent product,2024-10-01
2948,4152,469,3,Amazing experience,2025-05-23
2949,4099,371,2,Worth buying,2025-06-11
2950,334,311,2,Amazing experience,2023-01-10
2951,1826,174,3,Amazing experience,2024-10-28
2952,2125,197,5,Highly recommended,2024-02-20
2953,2435,203,2,Good value,2023-10-28
2954,194,107,5,Highly recommended,2023-06-17
2955,216,477,4,Highly recommended,2024-12-15
2956,1980,345,3,Fast delivery,2025-05-17
2957,4759,222,5,Good value,2024-11-08
2958,4006,51,2,Very good,2023-08-02
2959,2265,150,2,Amazing experience,2024-10-19
2960,4442,166,4,Amazing experience,2025-05-02
2961,2715,378,3,Fast delivery,2024-08-20
2962,3902,64,4,Quality could improve,2025-05-07
2963,783,446,4,Excellent product,2023-04-21
2964,2543,154,1,Highly recommended,2023-10-24
2965,1597,191,4,Very good,2025-04-26
2966,2178,352,1,Quality could improve,2024-06-07
2967,2238,309,3,Good value,2024-03-08
2968,3425,151,1,Good value,2023-07-02
2969,2330,355,3,Average quality,2025-05-16
2970,2943,401,1,Worth buying,2023-08-23
2971,2529,494,2,Not satisfied,2023-01-18
2972,4193,410,3,Amazing experience,2024-06-27
2973,3339,88,4,Highly recommended,2024-01-09
2974,2295,234,1,Average quality,2025-04-05
2975,4173,92,2,Average quality,2023-10-15
2976,3181,422,1,Very good,2023-01-02
2977,285,304,1,Worth buying,2024-06-04
2978,1563,38,4,Good value,2024-01-21
2979,4291,483,3,Good value,2023-08-25
2980,4415,359,4,Amazing experience,2023-07-15
2981,2905,105,4,Good value,2023-06-12
2982,3268,86,5,Very good,2024-08-17
2983,274,25,5,Fast delivery,2023-04-01
2984,1965,441,3,Good value,2024-02-17
2985,4873,320,1,Not satisfied,2023-07-26
2986,3566,262,5,Quality could improve,2024-12-08
2987,2020,433,2,Excellent product,2025-04-02
2988,23,494,2,Not satisfied,2025-04-02
2989,340,317,4,Very good,2023-04-15
2990,2877,425,1,Average quality,2023-01-15
2991,3089,342,4,Fast delivery,2023-09-21
2992,631,12,5,Worth buying,2024-09-03
2993,4931,444,1,Fast delivery,2024-09-20
2994,1701,413,2,Not satisfied,2023-11-25
2995,649,21,2,Fast delivery,2023-03-17
2996,398,475,4,Excellent product,2023-10-14
2997,2101,365,5,Average quality,2023-11-15
2998,4755,43,5,Not satisfied,2024-06-08
2999,3575,237,1,Quality could improve,2025-05-04
3000,2932,257,3,Not satisfied,2023-12-22
3001,476,302,3,Average quality,2024-12-02
3002,3451,245,5,Highly recommended,2025-05-30
3003,1963,262,5,Not satisfied,2023-07-16
3004,535,30,3,Excellent product,2024-12-20
3005,84,290,3,Amazing experience,2023-01-04
3006,389,74,5,Very good,2024-04-30
3007,4152,363,4,Fast delivery,2025-06-05
3008,2958,116,2,Excellent product,2024-05-07
3009,3841,29,5,Not satisfied,2025-06-13
3010,1898,167,1,Worth buying,2025-03-22
3011,1274,472,4,Highly recommended,2025-01-22
3012,3707,400,5,Good value,2023-06-06
3013,4239,336,4,Good value,2024-12-05
3014,2491,135,4,Excellent product,2023-01-10
3015,4670,369,1,Good value,2025-03-17
3016,1453,66,2,Quality could improve,2024-06-20
3017,670,357,2,Average quality,2024-06-17
3018,280,286,1,Not satisfied,2024-12-27
3019,1030,85,1,Fast delivery,2024-04-19
3020,1052,216,5,Worth buying,2023-07-29
3021,4108,206,1,Worth buying,2024-06-04
3022,1909,74,5,Not satisfied,2025-01-01
3023,4,283,5,Amazing experience,2024-01-01
3024,1966,63,3,Average quality,2023-07-18
3025,2279,334,3,Very good,2025-01-03
3026,1464,219,4,Fast delivery,2025-04-26
3027,784,269,4,Amazing experience,2024-02-21
3028,1374,489,3,Quality could improve,2024-03-28
3029,1084,353,5,Fast delivery,2023-02-05
3030,4265,209,5,Quality could improve,2024-10-24
3031,77,392,2,Good value,2024-12-28
3032,2376,475,1,Average quality,2025-05-01
3033,1635,100,5,Not satisfied,2024-08-24
3034,4781,318,2,Fast delivery,2024-03-26
3035,2871,353,2,Quality could improve,2023-06-23
3036,2589,287,3,Not satisfied,2023-06-25
3037,2702,437,5,Not satisfied,2024-05-14
3038,4378,317,5,Quality could improve,2024-11-04
3039,1187,248,3,Highly recommended,2024-11-08
3040,3984,155,3,Amazing experience,2024-09-18
3041,1568,410,1,Highly recommended,2023-05-14
3042,871,416,1,Worth buying,2024-11-01
3043,3200,2,5,Fast delivery,2023-10-29
3044,2668,210,5,Very good,2024-07-15
3045,359,377,2,Not satisfied,2023-03-28
3046,2715,86,3,Not satisfied,2025-06-19
3047,1972,72,5,Excellent product,2023-01-31
3048,2217,272,5,Amazing experience,2023-03-27
3049,1936,264,3,Worth buying,2024-11-24
3050,1926,485,5,Good value,2025-03-25
3051,4271,172,2,Not satisfied,2024-02-29
3052,797,162,4,Average quality,2024-12-11
3053,3561,25,1,Good value,2024-05-21
3054,4336,450,4,Not satisfied,2023-10-26
3055,1457,112,3,Not satisfied,2023-02-09
3056,1124,392,3,Highly recommended,2023-11-27
3057,1123,110,5,Fast delivery,2023-05-22
3058,3874,42,4,Highly recommended,2025-06-14
3059,3746,136,1,Excellent product,2024-02-22
3060,4451,458,5,Average quality,2024-04-21
3061,2670,126,4,Amazing experience,2023-08-12
3062,295,462,1,Amazing experience,2024-09-19
3063,2994,173,4,Worth buying,2024-09-06
3064,2750,373,5,Excellent product,2023-05-28
3065,1029,330,1,Average quality,2025-04-11
3066,58,323,5,Excellent product,2024-01-28
3067,3614,185,4,Fast delivery,2023-06-17
3068,2277,450,1,Worth buying,2023-08-12
3069,2459,410,1,Average quality,2024-04-18
3070,1737,51,4,Worth buying,2023-03-14
3071,503,159,4,Good value,2024-11-16
3072,183,196,3,Fast delivery,2023-02-07
3073,927,176,4,Good value,2023-12-14
3074,199,241,2,Average quality,2023-04-18
3075,4738,75,1,Highly recommended,2024-01-06
3076,4472,112,1,Fast delivery,2025-01-10
3077,760,218,2,Good value,2024-11-06
3078,1347,462,5,Very good,2025-04-10
3079,3091,124,1,Highly recommended,2024-08-30
3080,4082,49,5,Not satisfied,2025-03-04
3081,4230,78,1,Amazing experience,2023-12-08
3082,94,52,3,Quality could improve,2024-10-02
3083,866,25,1,Amazing experience,2024-08-30
3084,2065,313,5,Worth buying,2024-10-25
3085,3477,391,3,Fast delivery,2023-01-26
3086,1932,76,5,Quality could improve,2024-06-04
3087,3703,69,2,Quality could improve,2023-08-26
3088,1301,149,4,Not satisfied,2024-08-21
3089,2825,141,4,Quality could improve,2024-09-17
3090,2015,43,4,Quality could improve,2023-12-15
3091,2372,349,3,Average quality,2023-03-05
3092,3301,297,3,Worth buying,2024-01-09
3093,835,66,4,Good value,2024-08-12
3094,1657,233,5,Not satisfied,2024-08-06
3095,2254,152,2,Fast delivery,2023-02-15
3096,1567,211,3,Excellent product,2024-04-01
3097,601,200,5,Very good,2023-05-07
3098,691,319,2,Quality could improve,2025-05-11
3099,4191,247,1,Worth buying,2023-10-27
3100,3278,266,5,Very good,2024-07-06
3101,4309,398,5,Excellent product,2024-08-28
3102,3808,84,3,Worth buying,2023-08-16
3103,1948,489,1,Highly recommended,2024-01-04
3104,3098,464,5,Amazing experience,2023-08-24
3105,2881,334,5,Not satisfied,2025-04-02
3106,1856,398,3,Excellent product,2024-05-07
3107,2439,456,4,Highly recommended,2023-03-11
3108,2447,417,1,Average quality,2025-03-10
3109,1431,187,3,Good value,2024-03-22
3110,3542,119,1,Not satisfied,2024-04-08
3111,3556,375,5,Fast delivery,2024-02-29
3112,4006,438,4,Excellent product,2024-12-22
3113,4477,394,2,Average quality,2025-03-17
3114,607,389,2,Very good,2023-02-17
3115,4132,234,5,Quality could improve,2025-03-01
3116,2688,166,2,Not satisfied,2024-12-02
3117,102,344,5,Amazing experience,2023-04-22
3118,1574,244,1,Amazing experience,2024-10-06
3119,1006,175,2,Average quality,2023-10-08
3120,2866,117,5,Quality could improve,2024-08-25
3121,3008,67,2,Highly recommended,2024-02-24
3122,1423,488,4,Average quality,2024-06-06
3123,1020,329,3,Highly recommended,2024-03-15
3124,569,471,2,Amazing experience,2025-03-31
3125,431,86,1,Very good,2023-05-12
3126,3240,103,2,Quality could improve,2024-02-07
3127,3748,493,2,Excellent product,2023-12-30
3128,3500,319,4,Quality could improve,2023-07-03
3129,2771,186,1,Worth buying,2023-10-02
3130,2251,14,1,Amazing experience,2024-06-25
3131,741,31,2,Excellent product,2024-06-04
3132,1630,168,4,Excellent product,2024-10-28
3133,1579,360,1,Highly recommended,2025-03-08
3134,625,114,4,Excellent product,2024-01-15
3135,1823,159,3,Excellent product,2025-01-29
3136,1421,283,3,Amazing experience,2023-10-19
3137,1208,138,4,Very good,2024-11-18
3138,1790,120,5,Very good,2023-03-25
3139,4529,156,2,Not satisfied,2023-10-26
3140,3888,63,5,Not satisfied,2023-12-27
3141,1669,83,5,Quality could improve,2024-04-14
3142,1926,310,1,Fast delivery,2023-08-25
3143,736,459,1,Not satisfied,2024-04-30
3144,961,359,3,Excellent product,2024-01-19
3145,132,344,4,Fast delivery,2025-03-04
3146,3171,210,1,Fast delivery,2023-04-10
3147,3800,399,5,Worth buying,2025-01-29
3148,4788,243,1,Highly recommended,2024-05-20
3149,1520,75,2,Amazing experience,2025-05-21
3150,4304,149,3,Very good,2025-02-26
3151,4785,34,2,Average quality,2023-11-12
3152,1435,220,3,Amazing experience,2024-06-01
3153,2528,10,1,Excellent product,2023-02-19
3154,745,55,1,Good value,2023-01-22
3155,1768,364,2,Quality could improve,2023-06-25
3156,3817,450,1,Quality could improve,2023-06-13
3157,2311,158,3,Highly recommended,2024-10-11
3158,214,459,3,Good value,2023-12-27
3159,1139,133,2,Worth buying,2025-01-18
3160,2819,101,3,Fast delivery,2024-01-19
3161,3826,321,4,Quality could improve,2024-11-28
3162,210,486,5,Average quality,2023-06-16
3163,100,288,1,Worth buying,2023-03-28
3164,1800,488,2,Very good,2024-09-28
3165,4435,131,1,Good value,2024-02-26
3166,262,315,1,Amazing experience,2024-11-07
3167,4243,476,4,Highly recommended,2024-04-25
3168,3670,205,3,Fast delivery,2023-03-23
3169,667,196,3,Fast delivery,2024-08-15
3170,3999,310,1,Not satisfied,2023-11-11
3171,4968,124,5,Very good,2025-01-01
3172,4182,204,5,Average quality,2024-10-16
3173,2879,92,2,Amazing experience,2023-04-09
3174,1495,431,4,Very good,2024-05-14
3175,1712,383,1,Fast delivery,2023-03-10
3176,2479,342,3,Fast delivery,2025-01-22
3177,739,110,1,Good value,2023-04-05
3178,2915,284,3,Average quality,2025-05-26
3179,1882,424,5,Not satisfied,2024-01-02
3180,666,138,2,Very good,2024-01-13
3181,3315,138,3,Worth buying,2024-03-08
3182,920,290,4,Excellent product,2024-10-02
3183,1808,468,4,Fast delivery,2023-03-29
3184,35,233,3,Very good,2023-11-30
3185,3490,25,5,Very good,2023-09-08
3186,1780,271,4,Not satisfied,2024-02-04
3187,2442,344,4,Not satisfied,2023-11-22
3188,2134,236,4,Average quality,2023-07-23
3189,2443,377,2,Quality could improve,2023-03-02
3190,2853,168,3,Highly recommended,2024-05-02
3191,1872,442,3,Worth buying,2023-03-14
3192,4655,265,1,Average quality,2025-06-08
3193,2847,52,2,Fast delivery,2024-03-04
3194,3689,384,3,Not satisfied,2024-12-05
3195,865,374,5,Very good,2025-03-20
3196,2476,370,4,Fast delivery,2023-11-18
3197,4815,39,2,Quality could improve,2023-07-15
3198,1925,105,1,Quality could improve,2024-11-11
3199,333,152,4,Good value,2024-08-05
3200,4950,355,4,Average quality,2025-01-20
3201,4617,65,2,Highly recommended,2023-02-20
3202,1220,88,2,Good value,2024-09-29
3203,1692,283,5,Amazing experience,2023-08-01
3204,4199,145,4,Very good,2025-04-29
3205,3173,39,3,Amazing experience,2023-10-13
3206,1253,116,1,Average quality,2024-06-21
3207,2562,4,5,Very good,2025-03-01
3208,3451,295,2,Average quality,2024-09-23
3209,762,229,3,Very good,2023-02-04
3210,1216,114,3,Fast delivery,2024-12-20
3211,2833,224,4,Very good,2023-07-31
3212,1595,297,5,Quality could improve,2023-01-24
3213,2881,265,4,Very good,2023-01-19
3214,1787,149,4,Very good,2024-07-14
3215,3131,323,4,Not satisfied,2024-04-24
3216,2966,294,4,Not satisfied,2024-01-02
3217,2883,104,3,Not satisfied,2023-09-15
3218,324,156,3,Fast delivery,2024-05-29
3219,262,348,3,Amazing experience,2023-09-30
3220,2941,352,3,Worth buying,2023-12-29
3221,459,29,1,Worth buying,2023-02-17
3222,4150,113,3,Highly recommended,2023-11-19
3223,4102,398,5,Average quality,2025-06-15
3224,1478,238,5,Not satisfied,2023-02-17
3225,1302,418,4,Fast delivery,2023-11-22
3226,3887,482,2,Quality could improve,2025-05-30
3227,1796,19,3,Average quality,2024-09-30
3228,4297,232,2,Not satisfied,2024-07-20
3229,946,262,2,Excellent product,2025-02-08
3230,3321,357,3,Highly recommended,2023-07-17
3231,2842,139,1,Worth buying,2025-06-11
3232,4739,365,5,Quality could improve,2023-02-19
3233,759,234,3,Worth buying,2024-02-05
3234,3737,385,1,Amazing experience,2023-04-29
3235,4359,289,5,Fast delivery,2025-03-19
3236,622,297,1,Excellent product,2024-10-30
3237,4873,388,4,Not satisfied,2024-01-02
3238,4545,98,1,Quality could improve,2025-04-09
3239,3839,431,4,Very good,2023-08-31
3240,4010,225,2,Worth buying,2025-04-27
3241,4583,158,4,Average quality,2023-01-21
3242,2286,46,3,Very good,2023-10-27
3243,2019,201,4,Very good,2023-10-10
3244,3619,281,1,Good value,2024-12-08
3245,4483,122,1,Highly recommended,2024-01-12
3246,312,399,1,Good value,2023-05-21
3247,2965,438,3,Worth buying,2025-05-23
3248,3042,495,4,Good value,2024-03-04
3249,1504,113,5,Fast delivery,2024-12-22
3250,1381,173,2,Good value,2024-08-17
3251,1498,395,2,Not satisfied,2024-11-04
3252,4212,171,4,Not satisfied,2025-05-25
3253,2486,479,3,Average quality,2024-05-14
3254,1362,257,2,Quality could improve,2024-05-14
3255,1964,280,3,Good value,2024-12-19
3256,659,447,4,Fast delivery,2025-02-20
3257,561,34,1,Fast delivery,2024-02-21
3258,4336,480,3,Fast delivery,2024-12-03
3259,2882,209,5,Amazing experience,2024-05-14
3260,2891,369,3,Amazing experience,2024-07-30
3261,3054,79,3,Fast delivery,2024-10-23
3262,3568,54,4,Average quality,2023-08-15
3263,3871,333,2,Highly recommended,2025-06-16
3264,2125,161,3,Very good,2024-12-03
3265,2799,19,5,Good value,2024-01-20
3266,4632,31,4,Worth buying,2023-07-31
3267,3914,386,5,Excellent product,2024-08-28
3268,2224,489,5,Good value,2023-01-15
3269,3871,46,3,Not satisfied,2023-04-20
3270,3507,187,1,Average quality,2024-01-10
3271,4054,250,1,Not satisfied,2023-05-30
3272,2618,184,4,Very good,2024-11-18
3273,1416,482,2,Quality could improve,2025-05-17
3274,3393,193,2,Good value,2025-04-22
3275,4300,292,5,Fast delivery,2024-12-18
3276,3906,490,2,Highly recommended,2024-09-26
3277,4177,456,5,Worth buying,2023-11-17
3278,899,482,4,Very good,2023-09-11
3279,3057,357,4,Excellent product,2024-10-18
3280,2810,414,1,Amazing experience,2023-02-20
3281,1927,368,1,Worth buying,2024-08-13
3282,1503,398,2,Worth buying,2023-11-17
3283,3527,29,1,Good value,2024-01-04
3284,1195,203,5,Very good,2023-03-22
3285,1109,114,5,Fast delivery,2024-04-05
3286,3362,229,3,Amazing experience,2024-12-09
3287,3609,26,1,Not satisfied,2025-02-21
3288,4004,283,4,Good value,2023-04-10
3289,2619,144,4,Fast delivery,2024-10-27
3290,3684,498,1,Worth buying,2024-10-17
3291,634,131,2,Amazing experience,2024-10-13
3292,1491,382,4,Amazing experience,2024-09-01
3293,213,31,2,Quality could improve,2023-09-29
3294,3171,364,2,Average quality,2024-01-11
3295,2005,394,2,Amazing experience,2023-07-21
3296,4061,330,3,Highly recommended,2023-08-27
3297,2017,204,5,Highly recommended,2023-04-15
3298,60,141,2,Not satisfied,2025-01-11
3299,245,359,5,Amazing experience,2025-02-12
3300,1358,222,3,Excellent product,2023-10-26
3301,83,497,4,Very good,2023-10-28
3302,1531,470,3,Highly recommended,2024-07-21
3303,2816,17,1,Quality could improve,2023-07-03
3304,1861,302,2,Fast delivery,2024-04-19
3305,1907,445,5,Worth buying,2024-10-19
3306,1979,428,4,Fast delivery,2023-08-30
3307,1121,286,3,Excellent product,2024-02-22
3308,3231,2,5,Quality could improve,2023-06-09
3309,870,334,3,Excellent product,2025-05-08
3310,1704,64,4,Very good,2023-11-24
3311,1099,481,4,Good value,2024-08-25
3312,3332,222,5,Amazing experience,2025-03-08
3313,399,259,4,Average quality,2024-11-09
3314,147,398,3,Amazing experience,2023-03-11
3315,2840,379,5,Highly recommended,2024-03-30
3316,1720,77,2,Good value,2023-08-15
3317,3075,125,2,Worth buying,2024-03-17
3318,697,391,5,Quality could improve,2023-03-02
3319,4888,144,2,Worth buying,2023-12-31
3320,3942,432,3,Quality could improve,2024-09-15
3321,3499,274,5,Not satisfied,2023-11-26
3322,3466,24,2,Worth buying,2023-09-24
3323,429,276,3,Very good,2025-05-09
3324,2722,155,1,Not satisfied,2023-11-07
3325,600,20,5,Amazing experience,2024-01-29
3326,1048,251,3,Good value,2024-11-09
3327,979,263,2,Excellent product,2025-03-24
3328,665,446,3,Good value,2023-07-27
3329,1608,247,5,Quality could improve,2024-11-02
3330,3124,157,3,Excellent product,2023-12-29
3331,3567,335,5,Highly recommended,2025-03-05
3332,563,288,2,Amazing experience,2025-03-09
3333,2790,127,5,Worth buying,2025-06-05
3334,2850,417,1,Amazing experience,2024-01-01
3335,135,20,2,Fast delivery,2023-01-22
3336,3441,456,4,Highly recommended,2024-07-01
3337,4489,289,5,Fast delivery,2024-07-27
3338,412,241,3,Excellent product,2023-11-20
3339,479,434,4,Excellent product,2023-09-06
3340,4720,222,2,Average quality,2024-06-25
3341,133,499,3,Not satisfied,2025-04-17
3342,4171,54,4,Not satisfied,2023-09-23
3343,4753,418,1,Average quality,2023-10-31
3344,342,112,5,Fast delivery,2024-05-06
3345,3714,66,5,Excellent product,2024-04-17
3346,4411,80,4,Highly recommended,2024-04-24
3347,2418,383,1,Amazing experience,2024-02-25
3348,970,441,4,Worth buying,2023-09-15
3349,141,414,3,Quality could improve,2023-07-15
3350,3595,450,4,Very good,2023-09-29
3351,3471,398,1,Amazing experience,2024-06-09
3352,4268,182,3,Amazing experience,2023-03-28
3353,137,235,1,Excellent product,2024-04-19
3354,206,376,1,Quality could improve,2025-03-13
3355,3387,191,3,Excellent product,2023-09-09
3356,1798,310,1,Average quality,2024-01-22
3357,2664,57,3,Quality could improve,2023-11-02
3358,4558,288,5,Excellent product,2023-01-18
3359,2580,410,5,Fast delivery,2023-02-23
3360,4581,417,4,Worth buying,2024-01-30
3361,4433,172,5,Worth buying,2023-11-12
3362,2845,211,5,Excellent product,2024-07-15
3363,57,417,5,Excellent product,2025-01-25
3364,3710,337,3,Worth buying,2025-05-11
3365,3610,288,5,Fast delivery,2023-07-11
3366,3965,327,5,Quality could improve,2024-01-10
3367,1094,226,1,Worth buying,2023-07-18
3368,1922,111,2,Quality could improve,2023-10-17
3369,1716,339,5,Worth buying,2023-09-28
3370,4838,297,1,Excellent product,2024-05-16
3371,3425,173,4,Amazing experience,2024-12-31
3372,4251,448,1,Highly recommended,2025-06-02
3373,4189,494,1,Good value,2023-06-27
3374,2804,350,4,Highly recommended,2023-07-12
3375,2967,1,2,Not satisfied,2025-03-13
3376,4012,470,5,Fast delivery,2023-06-22
3377,2324,243,3,Quality could improve,2023-11-15
3378,2421,393,2,Quality could improve,2025-05-18
3379,1955,398,4,Very good,2024-05-07
3380,3242,232,1,Highly recommended,2023-08-18
3381,609,286,2,Amazing experience,2023-10-30
3382,2966,266,5,Excellent product,2024-10-29
3383,2511,371,5,Worth buying,2023-10-10
3384,3065,29,2,Quality could improve,2025-03-23
3385,3744,239,2,Highly recommended,2024-04-11
3386,2553,204,1,Excellent product,2023-03-21
3387,2531,331,2,Very good,2023-12-14
3388,3320,155,1,Worth buying,2023-08-31
3389,1933,48,3,Worth buying,2023-10-24
3390,621,30,3,Average quality,2025-03-26
3391,828,491,5,Not satisfied,2025-01-18
3392,3950,10,2,Very good,2024-04-18
3393,1303,218,4,Not satisfied,2023-04-10
3394,1020,215,4,Highly recommended,2024-09-15
3395,986,413,3,Worth buying,2024-05-17
3396,2838,63,3,Very good,2024-10-02
3397,4019,399,5,Not satisfied,2023-02-23
3398,4561,274,3,Worth buying,2024-05-21
3399,1198,492,2,Worth buying,2023-12-10
3400,1708,472,4,Worth buying,2023-11-25
3401,4366,449,4,Not satisfied,2024-07-24
3402,4415,147,5,Highly recommended,2023-02-27
3403,4976,326,5,Fast delivery,2023-12-17
3404,4531,484,4,Fast delivery,2024-08-21
3405,3418,413,4,Very good,2025-03-28
3406,1558,455,4,Amazing experience,2023-07-09
3407,3138,201,1,Quality could improve,2024-05-15
3408,4411,369,2,Amazing experience,2023-09-01
3409,1479,387,1,Quality could improve,2024-05-14
3410,4197,125,2,Highly recommended,2024-02-22
3411,3844,390,4,Average quality,2023-04-06
3412,1734,231,5,Quality could improve,2023-05-16
3413,4705,400,2,Highly recommended,2023-11-21
3414,2319,109,5,Fast delivery,2023-05-21
3415,596,463,4,Very good,2023-09-17
3416,869,411,3,Very good,2024-04-14
3417,4565,341,2,Excellent product,2023-05-23
3418,566,280,4,Excellent product,2024-11-12
3419,4506,109,5,Worth buying,2024-12-03
3420,4377,259,4,Not satisfied,2024-12-17
3421,3113,8,2,Highly recommended,2025-06-09
3422,3515,183,2,Not satisfied,2025-04-27
3423,1713,203,3,Not satisfied,2023-02-17
3424,1402,252,3,Highly recommended,2025-01-16
3425,1296,60,2,Very good,2023-05-20
3426,1398,35,4,Excellent product,2023-07-07
3427,3735,70,5,Very good,2024-08-29
3428,3867,429,3,Very good,2024-12-24
3429,751,94,5,Amazing experience,2023-04-14
3430,2596,295,5,Quality could improve,2023-12-06
3431,4537,405,5,Amazing experience,2023-06-17
3432,2947,89,3,Worth buying,2023-01-07
3433,3868,361,3,Average quality,2024-02-10
3434,4742,145,1,Quality could improve,2025-01-03
3435,244,160,2,Worth buying,2025-06-03
3436,1846,287,5,Not satisfied,2024-04-29
3437,1084,198,5,Not satisfied,2023-08-15
3438,1085,354,4,Amazing experience,2025-04-08
3439,1584,5,3,Very good,2023-06-23
3440,2779,333,5,Worth buying,2025-02-06
3441,1447,251,2,Quality could improve,2024-09-17
3442,2517,90,5,Amazing experience,2023-09-24
3443,3006,116,2,Good value,2025-06-18
3444,1884,239,4,Highly recommended,2023-03-06
3445,1603,6,4,Worth buying,2024-10-29
3446,326,421,2,Average quality,2024-06-13
3447,116,314,4,Highly recommended,2023-07-10
3448,2571,335,2,Quality could improve,2023-10-20
3449,3869,84,2,Not satisfied,2024-11-08
3450,1430,82,1,Not satisfied,2023-02-14
3451,2444,63,3,Excellent product,2024-05-08
3452,400,330,4,Not satisfied,2023-05-14
3453,1209,223,4,Average quality,2025-02-04
3454,3213,358,4,Not satisfied,2024-02-10
3455,1832,143,4,Amazing experience,2023-10-26
3456,108,409,5,Average quality,2025-01-13
3457,2881,174,3,Worth buying,2023-08-06
3458,1763,40,5,Excellent product,2025-05-23
3459,3268,250,4,Fast delivery,2023-05-27
3460,1742,395,3,Worth buying,2025-01-22
3461,4355,253,4,Worth buying,2023-11-04
3462,2810,8,2,Not satisfied,2025-01-15
3463,2413,430,3,Worth buying,2024-04-11
3464,781,91,1,Fast delivery,2024-09-09
3465,4978,470,1,Average quality,2025-01-23
3466,3990,37,1,Good value,2023-02-09
3467,486,214,1,Not satisfied,2023-05-04
3468,3620,40,4,Fast delivery,2024-02-12
3469,418,484,5,Quality could improve,2024-04-26
3470,2579,99,1,Average quality,2024-03-19
3471,2598,28,5,Highly recommended,2023-07-26
3472,2403,490,4,Excellent product,2024-12-15
3473,3453,18,2,Excellent product,2023-04-28
3474,3221,364,4,Fast delivery,2025-05-17
3475,2869,409,3,Quality could improve,2024-09-24
3476,550,137,4,Very good,2024-04-25
3477,4560,240,5,Worth buying,2023-11-09
3478,955,105,5,Not satisfied,2023-11-13
3479,2128,210,1,Excellent product,2024-08-29
3480,3419,158,4,Excellent product,2023-09-16
3481,1146,49,1,Quality could improve,2023-10-01
3482,2587,253,1,Excellent product,2024-11-29
3483,2823,296,4,Average quality,2024-07-20
3484,2346,178,5,Fast delivery,2023-05-13
3485,2273,395,3,Average quality,2025-05-02
3486,4428,321,3,Amazing experience,2023-03-21
3487,3611,468,1,Average quality,2023-06-26
3488,1700,483,3,Average quality,2025-04-04
3489,1981,16,2,Highly recommended,2025-01-12
3490,1192,80,2,Good value,2023-08-10
3491,342,369,2,Fast delivery,2024-12-25
3492,1757,143,2,Not satisfied,2023-09-03
3493,3232,137,2,Excellent product,2024-11-03
3494,421,320,1,Fast delivery,2023-05-28
3495,1072,218,3,Quality could improve,2023-05-23
3496,3013,205,1,Amazing experience,2024-10-31
3497,1801,185,5,Average quality,2023-09-20
3498,2067,140,3,Not satisfied,2025-06-12
3499,3912,466,5,Average quality,2024-07-09
3500,3173,311,1,Average quality,2023-06-27
3501,4311,115,2,Fast delivery,2024-09-20
3502,678,192,1,Good value,2023-02-11
3503,4614,343,1,Average quality,2023-02-08
3504,4790,346,3,Fast delivery,2023-04-03
3505,2281,430,4,Excellent product,2024-06-19
3506,949,81,2,Highly recommended,2025-04-28
3507,4359,354,1,Amazing experience,2025-05-13
3508,2035,58,3,Good value,2023-06-28
3509,3256,220,2,Average quality,2023-05-02
3510,986,156,4,Not satisfied,2023-01-02
3511,334,389,1,Excellent product,2023-06-09
3512,1680,498,3,Quality could improve,2023-07-30
3513,4295,259,3,Worth buying,2024-06-22
3514,4163,165,4,Fast delivery,2025-02-03
3515,3595,470,5,Highly recommended,2024-11-09
3516,1303,253,5,Amazing experience,2025-04-08
3517,2894,411,5,Worth buying,2023-01-23
3518,3644,272,2,Excellent product,2024-10-22
3519,2266,90,1,Worth buying,2024-12-27
3520,567,258,1,Quality could improve,2023-08-13
3521,1745,301,3,Excellent product,2024-01-14
3522,3139,439,4,Fast delivery,2023-09-16
3523,4591,202,3,Not satisfied,2023-10-02
3524,1919,401,2,Not satisfied,2023-11-21
3525,1824,430,5,Average quality,2024-08-03
3526,2904,385,2,Average quality,2025-05-30
3527,3974,281,4,Excellent product,2023-10-22
3528,3826,368,1,Good value,2025-06-08
3529,2378,86,4,Excellent product,2023-02-06
3530,4641,3,5,Fast delivery,2025-05-15
3531,2084,315,4,Quality could improve,2024-12-14
3532,3617,74,3,Good value,2025-06-08
3533,3502,47,2,Worth buying,2024-04-12
3534,1175,201,5,Worth buying,2025-01-26
3535,1471,313,4,Not satisfied,2024-06-02
3536,836,251,2,Amazing experience,2023-11-20
3537,4403,238,2,Very good,2024-11-04
3538,2307,456,5,Quality could improve,2024-03-22
3539,3821,144,2,Very good,2023-01-27
3540,1854,243,5,Not satisfied,2024-05-13
3541,1815,371,2,Amazing experience,2024-08-27
3542,2489,498,3,Worth buying,2023-10-23
3543,4188,178,2,Average quality,2025-02-22
3544,2631,280,2,Excellent product,2025-01-01
3545,2831,468,3,Quality could improve,2023-03-22
3546,2684,369,1,Very good,2024-09-16
3547,95,225,2,Highly recommended,2025-05-30
3548,1938,228,3,Average quality,2023-05-26
3549,1292,278,2,Amazing experience,2025-01-23
3550,296,159,5,Highly recommended,2023-03-10
3551,4049,462,1,Amazing experience,2025-04-01
3552,463,162,4,Average quality,2023-11-24
3553,1381,216,4,Fast delivery,2024-10-28
3554,3147,85,3,Amazing experience,2024-11-17
3555,3704,497,1,Average quality,2023-05-12
3556,4094,382,5,Fast delivery,2024-04-26
3557,4935,380,5,Highly recommended,2025-04-30
3558,1622,309,4,Worth buying,2025-04-14
3559,382,282,4,Excellent product,2025-06-11
3560,3534,145,5,Not satisfied,2024-08-22
3561,596,227,4,Highly recommended,2024-07-15
3562,4061,454,1,Not satisfied,2024-05-26
3563,815,234,2,Very good,2023-12-27
3564,491,311,5,Fast delivery,2024-10-26
3565,75,315,1,Very good,2025-05-15
3566,1790,107,5,Quality could improve,2025-04-08
3567,735,387,3,Average quality,2025-01-24
3568,3370,419,2,Not satisfied,2023-01-22
3569,4024,405,2,Excellent product,2024-04-23
3570,4030,275,4,Worth buying,2023-03-20
3571,4173,99,1,Average quality,2024-12-21
3572,1582,288,2,Average quality,2023-09-22
3573,27,134,5,Average quality,2024-01-21
3574,862,45,4,Worth buying,2023-01-17
3575,199,495,2,Average quality,2024-05-16
3576,3563,183,3,Worth buying,2023-02-25
3577,994,379,3,Very good,2025-05-29
3578,1143,15,4,Quality could improve,2023-05-17
3579,877,340,3,Excellent product,2025-05-21
3580,2843,369,4,Fast delivery,2023-01-15
3581,4375,144,4,Amazing experience,2023-09-25
3582,1193,65,2,Worth buying,2023-01-02
3583,4088,266,3,Fast delivery,2024-11-17
3584,3453,416,4,Highly recommended,2025-02-20
3585,3989,274,1,Worth buying,2024-07-11
3586,127,258,2,Average quality,2023-09-29
3587,1931,429,1,Average quality,2023-02-14
3588,1444,185,4,Quality could improve,2024-06-15
3589,868,115,3,Not satisfied,2024-08-18
3590,4559,318,2,Worth buying,2024-09-06
3591,3621,209,2,Good value,2024-06-16
3592,2904,256,2,Very good,2025-02-12
3593,2575,174,5,Quality could improve,2023-04-23
3594,868,184,4,Worth buying,2024-04-18
3595,282,314,3,Worth buying,2024-11-27
3596,4793,295,3,Average quality,2024-07-28
3597,4893,363,4,Worth buying,2024-09-12
3598,2273,204,2,Fast delivery,2023-08-14
3599,2588,218,1,Quality could improve,2024-10-03
3600,4649,105,5,Highly recommended,2023-01-25
3601,924,473,3,Not satisfied,2023-10-19
3602,1868,6,3,Amazing experience,2023-01-08
3603,2308,80,1,Excellent product,2024-01-28
3604,1438,417,5,Excellent product,2023-07-13
3605,3124,373,2,Very good,2024-02-20
3606,833,176,2,Excellent product,2024-06-22
3607,1682,164,4,Highly recommended,2024-09-02
3608,1039,66,2,Amazing experience,2023-01-27
3609,2189,88,4,Quality could improve,2024-09-04
3610,1459,395,1,Excellent product,2024-02-29
3611,6,406,3,Worth buying,2023-11-02
3612,4526,218,2,Worth buying,2025-04-06
3613,3324,291,5,Excellent product,2025-02-12
3614,3578,215,4,Amazing experience,2025-04-23
3615,3721,472,1,Excellent product,2024-09-17
3616,1696,131,4,Highly recommended,2023-10-13
3617,3192,157,5,Excellent product,2024-12-14
3618,3726,247,3,Excellent product,2024-01-03
3619,1733,490,5,Average quality,2025-05-04
3620,1328,87,2,Average quality,2024-08-03
3621,637,151,1,Average quality,2025-01-17
3622,331,143,3,Very good,2024-06-27
3623,3118,245,2,Highly recommended,2024-09-15
3624,368,130,1,Fast delivery,2024-07-16
3625,1503,96,3,Worth buying,2024-05-08
3626,4377,214,2,Amazing experience,2023-11-21
3627,3830,365,2,Amazing experience,2023-11-07
3628,516,9,5,Average quality,2024-06-17
3629,456,500,1,Worth buying,2025-05-14
3630,855,297,5,Amazing experience,2024-12-18
3631,2099,40,5,Fast delivery,2024-07-27
3632,168,235,1,Quality could improve,2023-12-16
3633,2885,301,2,Excellent product,2024-05-05
3634,145,60,3,Very good,2024-10-22
3635,1390,41,3,Worth buying,2025-05-13
3636,3513,454,2,Fast delivery,2023-04-05
3637,1818,221,3,Very good,2023-03-20
3638,929,145,4,Fast delivery,2024-01-01
3639,4426,276,2,Worth buying,2023-08-14
3640,3932,323,1,Excellent product,2024-07-21
3641,863,341,2,Quality could improve,2024-04-01
3642,118,56,1,Fast delivery,2023-12-25
3643,4565,286,4,Amazing experience,2023-02-28
3644,3155,410,5,Quality could improve,2024-05-19
3645,2286,261,2,Highly recommended,2024-03-16
3646,148,440,5,Worth buying,2024-07-24
3647,4358,440,1,Excellent product,2023-10-17
3648,2853,312,3,Fast delivery,2024-08-16
3649,1215,429,2,Excellent product,2024-09-03
3650,4347,330,3,Amazing experience,2024-06-11
3651,4258,378,2,Good value,2023-03-07
3652,2898,100,5,Amazing experience,2023-11-10
3653,4487,480,4,Amazing experience,2024-08-10
3654,4962,170,4,Fast delivery,2023-06-18
3655,3533,30,3,Amazing experience,2023-10-11
3656,3911,478,4,Very good,2025-06-07
3657,2927,423,2,Quality could improve,2023-07-04
3658,2438,476,5,Highly recommended,2023-11-17
3659,1836,25,2,Average quality,2023-08-13
3660,4225,192,3,Quality could improve,2024-09-14
3661,3970,140,1,Very good,2023-02-20
3662,1374,53,4,Good value,2024-12-30
3663,3095,416,2,Good value,2024-05-27
3664,3743,485,2,Good value,2023-03-15
3665,1613,447,4,Very good,2023-03-31
3666,2260,233,4,Highly recommended,2024-11-04
3667,4672,478,4,Good value,2024-10-07
3668,3939,92,5,Very good,2024-01-24
3669,4032,308,4,Highly recommended,2023-03-26
3670,2624,28,4,Worth buying,2024-10-31
3671,3691,426,1,Amazing experience,2024-01-02
3672,679,340,5,Good value,2023-04-25
3673,2971,122,5,Not satisfied,2023-01-18
3674,3982,324,4,Average quality,2023-02-26
3675,3495,53,4,Amazing experience,2023-08-08
3676,304,249,5,Very good,2023-08-27
3677,3277,461,2,Fast delivery,2025-02-06
3678,3383,286,4,Good value,2023-10-13
3679,3715,141,5,Average quality,2024-06-19
3680,667,347,3,Excellent product,2024-10-07
3681,2870,368,2,Amazing experience,2024-07-19
3682,3675,230,4,Quality could improve,2024-05-29
3683,1736,93,5,Amazing experience,2023-01-05
3684,3603,333,5,Good value,2023-11-07
3685,545,452,3,Quality could improve,2025-01-24
3686,4119,199,3,Excellent product,2025-06-17
3687,2454,475,5,Average quality,2025-04-28
3688,184,490,5,Very good,2024-05-29
3689,3646,339,1,Highly recommended,2023-02-03
3690,1409,38,4,Highly recommended,2025-04-23
3691,3920,249,4,Highly recommended,2023-08-10
3692,1212,335,1,Fast delivery,2025-04-17
3693,3169,242,5,Very good,2023-12-11
3694,4987,20,3,Very good,2024-12-30
3695,2240,245,4,Excellent product,2025-03-07
3696,1436,327,4,Fast delivery,2024-09-16
3697,2778,362,1,Excellent product,2023-06-09
3698,2120,213,2,Worth buying,2023-06-19
3699,1049,375,1,Quality could improve,2023-08-25
3700,594,262,2,Worth buying,2024-03-04
3701,3844,28,2,Excellent product,2024-06-22
3702,259,156,1,Very good,2023-09-18
3703,2267,3,5,Amazing experience,2023-08-25
3704,3163,288,4,Not satisfied,2024-05-16
3705,1555,310,1,Quality could improve,2023-08-15
3706,8,394,5,Very good,2025-05-27
3707,4298,104,4,Very good,2024-01-18
3708,2358,54,2,Not satisfied,2023-08-19
3709,3428,171,5,Worth buying,2024-01-07
3710,3054,420,1,Excellent product,2023-03-27
3711,1425,375,2,Average quality,2023-07-25
3712,3826,119,4,Very good,2025-02-08
3713,3159,241,1,Not satisfied,2025-06-08
3714,3747,357,2,Worth buying,2025-04-25
3715,2973,202,2,Fast delivery,2023-07-04
3716,2185,327,1,Fast delivery,2023-04-05
3717,2236,155,4,Amazing experience,2023-08-24
3718,3713,136,3,Highly recommended,2023-02-24
3719,3172,467,3,Very good,2023-10-13
3720,2919,184,1,Worth buying,2023-11-05
3721,3596,139,1,Average quality,2024-01-25
3722,1479,2,5,Very good,2024-10-07
3723,4836,477,4,Worth buying,2023-04-09
3724,3405,260,1,Excellent product,2023-12-02
3725,2658,453,5,Very good,2023-03-30
3726,1095,66,5,Fast delivery,2024-10-02
3727,2357,419,5,Very good,2024-11-29
3728,4525,224,1,Fast delivery,2025-03-09
3729,2012,411,4,Excellent product,2023-04-19
3730,602,343,1,Not satisfied,2024-04-18
3731,3516,384,2,Average quality,2024-02-12
3732,1807,129,5,Worth buying,2023-08-17
3733,1444,98,3,Quality could improve,2025-01-18
3734,865,441,4,Amazing experience,2023-11-18
3735,3599,499,1,Average quality,2024-09-17
3736,415,435,4,Excellent product,2024-09-04
3737,2902,160,2,Average quality,2024-05-09
3738,4687,78,1,Highly recommended,2024-11-08
3739,1123,334,4,Fast delivery,2024-11-14
3740,205,497,1,Amazing experience,2024-08-07
3741,2282,130,1,Highly recommended,2024-11-29
3742,2791,18,5,Worth buying,2024-01-14
3743,4495,225,5,Excellent product,2024-03-05
3744,4049,407,3,Worth buying,2024-01-26
3745,2580,227,4,Worth buying,2024-08-17
3746,847,190,3,Fast delivery,2023-01-15
3747,3672,106,4,Good value,2023-02-04
3748,4813,72,5,Worth buying,2025-01-01
3749,4447,139,1,Highly recommended,2023-09-20
3750,3034,262,5,Fast delivery,2025-04-29
3751,4999,263,5,Good value,2024-06-27
3752,3619,89,2,Fast delivery,2024-04-13
3753,1846,53,5,Amazing experience,2023-04-14
3754,1010,327,2,Good value,2023-03-05
3755,2787,236,4,Fast delivery,2023-09-05
3756,4233,73,2,Quality could improve,2023-06-05
3757,865,21,2,Quality could improve,2023-07-15
3758,3421,281,5,Not satisfied,2023-09-20
3759,2344,258,3,Very good,2025-01-18
3760,3894,12,3,Amazing experience,2024-01-19
3761,209,13,2,Not satisfied,2023-09-30
3762,16,394,5,Excellent product,2023-02-23
3763,3305,89,4,Quality could improve,2024-04-23
3764,4673,72,2,Amazing experience,2024-12-05
3765,2666,90,3,Good value,2025-05-29
3766,3613,16,3,Amazing experience,2023-06-06
3767,4216,415,2,Very good,2023-05-30
3768,1169,215,1,Average quality,2025-04-05
3769,1712,434,3,Worth buying,2023-02-20
3770,488,293,2,Quality could improve,2023-06-24
3771,2276,284,5,Amazing experience,2023-01-15
3772,4421,36,5,Average quality,2024-12-05
3773,4677,283,1,Very good,2023-05-09
3774,1184,401,5,Amazing experience,2023-10-12
3775,4765,35,4,Worth buying,2025-05-16
3776,3799,338,4,Not satisfied,2023-03-17
3777,292,314,3,Good value,2024-11-29
3778,238,400,5,Very good,2023-06-11
3779,4814,239,3,Good value,2025-05-16
3780,72,74,1,Highly recommended,2024-07-23
3781,1611,141,4,Fast delivery,2025-02-13
3782,2952,298,3,Amazing experience,2024-06-10
3783,1834,135,3,Excellent product,2024-09-13
3784,1465,492,1,Worth buying,2023-05-13
3785,3584,459,5,Quality could improve,2023-06-14
3786,1966,362,4,Excellent product,2023-09-10
3787,1411,410,2,Fast delivery,2024-09-18
3788,778,131,2,Average quality,2023-11-29
3789,341,91,1,Good value,2024-10-28
3790,2606,253,1,Very good,2024-02-14
3791,484,329,3,Highly recommended,2023-03-28
3792,841,189,3,Excellent product,2024-11-07
3793,1847,230,1,Good value,2023-01-05
3794,318,87,5,Not satisfied,2025-06-04
3795,3760,476,3,Worth buying,2023-03-26
3796,866,52,2,Average quality,2024-04-03
3797,2072,461,5,Highly recommended,2023-01-19
3798,3132,371,2,Excellent product,2024-11-25
3799,4554,483,3,Excellent product,2024-01-05
3800,1734,217,5,Quality could improve,2023-06-07
3801,630,118,3,Not satisfied,2023-07-03
3802,700,387,1,Fast delivery,2025-01-28
3803,3736,405,2,Amazing experience,2025-01-24
3804,4900,276,3,Highly recommended,2024-01-02
3805,1033,247,3,Very good,2023-09-30
3806,366,111,3,Not satisfied,2023-01-11
3807,4126,499,4,Excellent product,2024-10-19
3808,1262,23,3,Amazing experience,2024-12-20
3809,2887,2,4,Quality could improve,2024-12-30
3810,2973,260,2,Highly recommended,2025-04-27
3811,923,28,2,Quality could improve,2025-02-04
3812,3023,454,4,Not satisfied,2024-02-07
3813,2675,53,4,Excellent product,2023-12-23
3814,1772,260,2,Not satisfied,2023-02-01
3815,4218,259,4,Good value,2025-06-14
3816,4355,447,3,Fast delivery,2023-12-03
3817,561,480,4,Quality could improve,2024-05-08
3818,3107,310,4,Not satisfied,2024-02-11
3819,1174,389,2,Fast delivery,2023-02-08
3820,2065,4,2,Quality could improve,2023-11-10
3821,1856,204,4,Not satisfied,2023-03-14
3822,3715,253,3,Worth buying,2024-07-14
3823,2724,404,3,Worth buying,2023-09-21
3824,2952,498,2,Excellent product,2025-03-28
3825,1086,418,4,Amazing experience,2023-08-01
3826,4105,107,5,Amazing experience,2024-09-03
3827,3440,156,3,Highly recommended,2023-08-04
3828,2408,393,4,Quality could improve,2023-09-25
3829,761,46,4,Quality could improve,2024-11-22
3830,4058,348,4,Amazing experience,2023-11-17
3831,1178,112,4,Fast delivery,2023-05-06
3832,328,126,5,Very good,2024-06-02
3833,3737,371,4,Highly recommended,2023-03-19
3834,2480,110,1,Good value,2025-01-16
3835,370,456,5,Excellent product,2023-03-10
3836,4393,304,4,Very good,2024-10-24
3837,316,14,1,Very good,2023-07-25
3838,3710,31,4,Quality could improve,2024-02-08
3839,4260,498,5,Excellent product,2023-11-30
3840,17,131,1,Quality could improve,2025-06-09
3841,2984,213,3,Excellent product,2024-09-18
3842,3086,496,5,Highly recommended,2023-02-10
3843,2948,125,1,Average quality,2023-08-12
3844,1404,405,4,Good value,2023-05-04
3845,1662,63,4,Quality could improve,2023-03-14
3846,1086,476,3,Quality could improve,2024-12-06
3847,2993,79,5,Good value,2023-08-11
3848,1189,139,4,Not satisfied,2023-11-28
3849,1851,175,5,Not satisfied,2023-12-19
3850,2096,291,3,Very good,2023-03-08
3851,96,229,2,Good value,2024-01-19
3852,3990,278,2,Amazing experience,2023-01-04
3853,3748,420,3,Not satisfied,2024-10-18
3854,516,140,4,Average quality,2023-02-20
3855,507,448,1,Amazing experience,2023-09-01
3856,3530,268,1,Very good,2023-10-04
3857,4624,38,4,Highly recommended,2023-07-08
3858,1658,366,5,Quality could improve,2023-07-13
3859,1812,79,5,Excellent product,2023-04-06
3860,3983,418,2,Not satisfied,2025-03-13
3861,4837,313,4,Fast delivery,2023-05-02
3862,220,75,3,Good value,2024-10-08
3863,4642,475,5,Amazing experience,2023-07-17
3864,1627,115,5,Very good,2024-04-27
3865,1945,150,4,Fast delivery,2024-10-16
3866,884,395,2,Worth buying,2024-06-11
3867,4633,332,5,Very good,2024-08-10
3868,3044,167,1,Quality could improve,2024-03-04
3869,2236,328,4,Not satisfied,2024-08-14
3870,279,492,3,Very good,2023-01-23
3871,4014,174,3,Average quality,2024-03-30
3872,2500,371,1,Very good,2024-07-07
3873,3900,184,3,Worth buying,2024-03-13
3874,1621,56,1,Not satisfied,2025-04-28
3875,2689,316,1,Amazing experience,2025-04-12
3876,4101,320,2,Excellent product,2024-11-30
3877,2810,123,5,Excellent product,2023-09-27
3878,3343,142,1,Worth buying,2023-01-19
3879,1703,320,5,Average quality,2023-02-15
3880,3448,427,4,Not satisfied,2024-11-25
3881,1421,449,5,Excellent product,2025-05-26
3882,2740,342,3,Worth buying,2024-08-05
3883,3475,27,2,Worth buying,2023-04-17
3884,2341,230,1,Quality could improve,2025-04-04
3885,4444,57,4,Highly recommended,2024-12-01
3886,1350,42,3,Worth buying,2023-09-25
3887,4208,420,2,Not satisfied,2023-04-01
3888,2897,51,3,Not satisfied,2025-05-16
3889,2936,142,3,Fast delivery,2023-10-15
3890,3015,52,5,Amazing experience,2023-02-07
3891,3803,287,5,Highly recommended,2023-12-14
3892,636,192,2,Average quality,2023-10-28
3893,3239,2,5,Very good,2024-09-02
3894,265,137,3,Quality could improve,2023-06-17
3895,1200,279,1,Average quality,2024-11-18
3896,3129,76,3,Not satisfied,2023-08-20
3897,4810,62,5,Good value,2023-03-28
3898,545,368,3,Amazing experience,2024-04-09
3899,4692,123,2,Amazing experience,2023-07-21
3900,3140,31,4,Good value,2023-03-09
3901,550,137,1,Fast delivery,2024-09-22
3902,1130,28,3,Average quality,2025-01-18
3903,1639,181,3,Worth buying,2023-10-15
3904,2242,3,1,Worth buying,2024-01-24
3905,150,16,5,Quality could improve,2023-02-14
3906,23,140,2,Not satisfied,2024-05-29
3907,4841,260,1,Amazing experience,2023-05-28
3908,4129,79,2,Very good,2024-10-05
3909,3453,438,4,Highly recommended,2023-01-19
3910,2111,69,1,Good value,2025-04-07
3911,4440,391,3,Good value,2024-05-09
3912,4889,34,5,Amazing experience,2023-06-28
3913,134,153,5,Not satisfied,2024-12-20
3914,468,439,2,Excellent product,2023-08-11
3915,4931,24,4,Fast delivery,2025-05-23
3916,3647,420,1,Good value,2023-08-27
3917,4881,429,3,Excellent product,2024-07-21
3918,4540,29,3,Worth buying,2023-09-22
3919,1472,145,2,Not satisfied,2024-05-02
3920,1085,416,2,Highly recommended,2024-02-07
3921,762,111,4,Worth buying,2025-02-07
3922,1455,22,3,Very good,2023-09-04
3923,898,76,1,Highly recommended,2024-11-15
3924,4920,312,2,Amazing experience,2023-03-16
3925,2223,382,4,Fast delivery,2025-05-24
3926,4536,140,3,Highly recommended,2024-08-31
3927,4721,221,1,Not satisfied,2024-10-25
3928,3299,467,3,Worth buying,2023-05-17
3929,3839,9,3,Average quality,2023-10-28
3930,4279,391,3,Worth buying,2025-05-04
3931,4194,163,5,Highly recommended,2023-06-30
3932,3488,485,1,Highly recommended,2023-12-30
3933,4949,29,2,Excellent product,2023-08-31
3934,1875,439,5,Amazing experience,2024-04-11
3935,2635,358,4,Excellent product,2023-10-08
3936,2944,423,5,Very good,2023-12-22
3937,4839,11,5,Quality could improve,2024-12-30
3938,4529,251,1,Worth buying,2023-09-12
3939,541,140,4,Very good,2023-08-04
3940,2044,248,4,Fast delivery,2025-03-03
3941,593,442,1,Average quality,2024-08-01
3942,770,388,1,Not satisfied,2023-07-21
3943,2043,14,3,Not satisfied,2024-11-28
3944,3681,15,1,Amazing experience,2023-11-28
3945,1479,97,3,Amazing experience,2023-03-21
3946,881,320,1,Amazing experience,2024-06-01
3947,3017,466,1,Amazing experience,2023-05-26
3948,478,415,4,Average quality,2025-02-09
3949,1922,210,1,Average quality,2025-05-13
3950,1067,179,5,Not satisfied,2024-04-13
3951,305,26,5,Good value,2024-07-16
3952,2217,141,4,Amazing experience,2024-07-09
3953,793,478,3,Good value,2025-05-04
3954,1428,154,4,Good value,2023-03-24
3955,220,221,2,Excellent product,2024-01-26
3956,2703,196,3,Average quality,2024-01-23
3957,1198,94,2,Average quality,2025-06-17
3958,1473,27,5,Average quality,2023-07-11
3959,1225,114,1,Amazing experience,2023-08-27
3960,2463,289,5,Worth buying,2023-11-02
3961,3720,326,4,Very good,2024-04-10
3962,4154,228,2,Not satisfied,2023-04-19
3963,4548,383,4,Quality could improve,2023-03-26
3964,4484,417,4,Very good,2024-09-27
3965,1933,31,2,Average quality,2023-01-13
3966,1401,302,4,Worth buying,2024-07-30
3967,1838,441,2,Fast delivery,2023-04-09
3968,2954,376,2,Fast delivery,2023-06-05
3969,477,207,1,Highly recommended,2023-09-20
3970,229,373,1,Fast delivery,2023-01-15
3971,3664,184,2,Good value,2024-01-26
3972,1133,476,5,Average quality,2025-03-14
3973,1383,467,5,Quality could improve,2025-02-25
3974,4431,207,3,Excellent product,2025-01-12
3975,4510,54,5,Excellent product,2024-11-02
3976,4127,206,1,Highly recommended,2023-06-24
3977,2786,249,1,Worth buying,2023-08-28
3978,2559,34,1,Amazing experience,2024-05-18
3979,1896,135,3,Average quality,2023-10-09
3980,2927,248,3,Amazing experience,2025-02-09
3981,382,223,1,Fast delivery,2024-09-27
3982,2908,54,4,Amazing experience,2024-09-13
3983,987,172,2,Not satisfied,2024-02-23
3984,2381,113,3,Good value,2023-04-13
3985,884,306,5,Fast delivery,2023-04-22
3986,3634,2,5,Excellent product,2023-04-09
3987,1627,163,1,Not satisfied,2023-06-13
3988,3945,185,1,Very good,2024-10-26
3989,2088,395,4,Excellent product,2024-07-20
3990,2464,450,1,Highly recommended,2023-01-01
3991,3877,311,1,Average quality,2025-05-11
3992,3229,351,4,Amazing experience,2025-02-04
3993,3013,37,5,Quality could improve,2023-11-01
3994,2358,426,3,Highly recommended,2025-05-03
3995,4036,299,5,Amazing experience,2024-05-12
3996,3282,205,3,Worth buying,2023-09-18
3997,506,9,5,Average quality,2023-07-12
3998,2397,34,2,Not satisfied,2023-11-06
3999,1695,254,1,Highly recommended,2024-01-21
4000,3282,313,3,Excellent product,2024-01-31
4001,4145,19,1,Average quality,2025-01-19
4002,4073,35,4,Average quality,2023-04-18
4003,3673,465,1,Worth buying,2023-04-04
4004,1855,259,3,Amazing experience,2023-08-01
4005,4768,317,1,Good value,2023-11-14
4006,2328,370,4,Amazing experience,2025-05-23
4007,3165,440,4,Not satisfied,2025-01-26
4008,860,334,5,Worth buying,2025-05-22
4009,1869,95,5,Worth buying,2023-09-12
4010,1715,429,5,Worth buying,2024-04-22
4011,3088,143,2,Worth buying,2024-02-16
4012,4518,394,3,Fast delivery,2024-10-08
4013,560,207,2,Average quality,2023-07-16
4014,2990,228,2,Worth buying,2024-07-04
4015,874,99,5,Worth buying,2025-01-27
4016,3123,117,3,Worth buying,2024-09-13
4017,2150,459,3,Very good,2024-11-02
4018,1168,87,5,Fast delivery,2024-03-29
4019,2256,341,4,Average quality,2023-04-21
4020,4887,472,5,Quality could improve,2023-09-26
4021,1604,187,3,Good value,2024-04-11
4022,4556,265,3,Not satisfied,2023-05-12
4023,1091,288,3,Good value,2023-03-18
4024,1824,77,2,Quality could improve,2023-09-05
4025,4607,375,2,Good value,2024-04-22
4026,2428,37,3,Amazing experience,2023-04-24
4027,4863,484,3,Quality could improve,2023-08-21
4028,3470,59,1,Good value,2024-08-19
4029,4628,489,3,Very good,2024-11-24
4030,2926,259,1,Very good,2024-12-31
4031,2740,398,2,Amazing experience,2025-03-12
4032,702,90,4,Good value,2024-03-17
4033,2614,180,5,Very good,2023-08-31
4034,4486,456,5,Worth buying,2023-12-17
4035,4689,85,3,Worth buying,2023-02-22
4036,2749,21,2,Good value,2023-09-20
4037,4360,126,3,Not satisfied,2025-01-20
4038,3069,36,1,Fast delivery,2023-09-21
4039,2445,352,3,Quality could improve,2023-01-29
4040,3045,500,1,Amazing experience,2023-05-28
4041,3715,433,4,Amazing experience,2023-08-10
4042,4037,479,5,Highly recommended,2024-09-04
4043,3747,172,2,Not satisfied,2023-01-30
4044,4288,256,3,Worth buying,2023-01-11
4045,2029,424,2,Good value,2023-02-16
4046,2340,169,2,Quality could improve,2023-02-10
4047,2984,336,1,Good value,2023-02-13
4048,230,158,3,Not satisfied,2024-08-19
4049,3345,488,4,Very good,2023-11-06
4050,3752,261,4,Average quality,2024-03-10
4051,657,222,3,Highly recommended,2025-03-17
4052,1261,96,2,Highly recommended,2024-09-20
4053,4105,270,3,Very good,2024-04-05
4054,1954,369,2,Quality could improve,2025-03-28
4055,3244,282,4,Highly recommended,2025-02-17
4056,109,277,3,Average quality,2023-11-11
4057,4712,421,3,Fast delivery,2024-06-14
4058,3447,176,3,Not satisfied,2024-07-03
4059,1352,348,1,Average quality,2023-07-12
4060,863,91,4,Highly recommended,2024-01-12
4061,2301,122,4,Very good,2023-07-23
4062,4732,58,1,Fast delivery,2024-11-04
4063,4808,333,3,Average quality,2024-01-15
4064,699,90,3,Amazing experience,2023-10-05
4065,2114,431,3,Highly recommended,2023-12-18
4066,4597,180,3,Excellent product,2023-07-08
4067,103,411,2,Very good,2023-12-31
4068,3608,430,3,Fast delivery,2023-03-30
4069,187,197,5,Quality could improve,2023-08-27
4070,1495,20,3,Very good,2024-02-25
4071,1011,259,4,Amazing experience,2023-06-12
4072,1731,468,2,Average quality,2024-09-28
4073,3703,116,4,Highly recommended,2025-03-28
4074,1213,215,3,Worth buying,2025-05-02
4075,1638,169,3,Excellent product,2025-02-13
4076,586,279,1,Worth buying,2024-08-13
4077,627,300,2,Very good,2023-02-25
4078,2440,337,5,Highly recommended,2024-09-25
4079,795,188,4,Quality could improve,2024-05-13
4080,3522,409,1,Excellent product,2024-10-22
4081,1451,59,5,Highly recommended,2023-07-22
4082,516,339,2,Very good,2024-06-18
4083,2848,391,2,Highly recommended,2024-09-13
4084,1972,54,3,Fast delivery,2023-11-12
4085,1137,184,3,Fast delivery,2025-03-05
4086,185,253,1,Average quality,2023-04-26
4087,2960,160,1,Very good,2024-05-22
4088,4405,257,3,Worth buying,2024-11-11
4089,450,465,4,Worth buying,2025-01-22
4090,3086,301,3,Excellent product,2023-05-30
4091,2720,375,3,Excellent product,2025-02-11
4092,623,187,2,Amazing experience,2024-12-28
4093,3039,114,2,Fast delivery,2023-05-16
4094,3273,153,4,Worth buying,2025-06-15
4095,3084,451,2,Worth buying,2023-09-05
4096,1489,182,3,Quality could improve,2025-02-23
4097,617,461,5,Excellent product,2023-12-21
4098,1174,245,1,Not satisfied,2023-06-24
4099,3418,224,3,Highly recommended,2025-04-08
4100,4605,75,5,Highly recommended,2024-01-12
4101,910,44,4,Fast delivery,2024-12-17
4102,2173,424,4,Not satisfied,2023-08-03
4103,3852,216,4,Amazing experience,2025-02-18
4104,4977,330,4,Good value,2023-05-28
4105,1112,238,4,Amazing experience,2025-02-18
4106,4516,318,4,Fast delivery,2025-03-23
4107,4410,57,1,Highly recommended,2024-09-04
4108,1356,304,4,Quality could improve,2025-01-08
4109,3233,405,4,Quality could improve,2024-05-21
4110,3972,191,1,Good value,2024-09-11
4111,515,442,2,Very good,2025-03-23
4112,2990,155,2,Not satisfied,2024-02-01
4113,2917,55,4,Quality could improve,2023-04-29
4114,707,130,2,Excellent product,2024-07-02
4115,1637,219,2,Highly recommended,2023-10-10
4116,4375,325,3,Quality could improve,2023-10-06
4117,4520,409,4,Good value,2024-12-03
4118,2952,499,2,Amazing experience,2023-05-13
4119,2427,468,5,Average quality,2024-02-12
4120,3539,244,3,Amazing experience,2023-06-16
4121,1543,7,2,Not satisfied,2024-08-07
4122,1612,407,5,Excellent product,2025-02-12
4123,3447,244,3,Amazing experience,2023-10-31
4124,4896,171,2,Worth buying,2023-01-04
4125,4570,344,3,Very good,2025-03-31
4126,4806,270,1,Average quality,2024-06-24
4127,3199,237,2,Fast delivery,2025-05-26
4128,2145,321,3,Excellent product,2024-04-20
4129,4578,376,5,Worth buying,2024-06-10
4130,3029,331,3,Fast delivery,2023-11-22
4131,4568,445,1,Very good,2024-11-22
4132,1866,51,1,Excellent product,2024-05-10
4133,2150,14,3,Very good,2024-02-09
4134,1388,115,4,Excellent product,2024-12-21
4135,851,126,3,Quality could improve,2025-02-13
4136,3135,455,5,Not satisfied,2023-02-01
4137,1242,288,5,Amazing experience,2025-01-03
4138,2263,397,1,Good value,2023-01-12
4139,226,466,5,Excellent product,2024-03-23
4140,845,358,5,Amazing experience,2023-12-10
4141,4493,417,5,Amazing experience,2023-07-09
4142,4753,225,4,Worth buying,2024-07-01
4143,168,433,4,Average quality,2024-04-29
4144,3791,377,2,Highly recommended,2025-01-08
4145,889,20,4,Fast delivery,2023-08-11
4146,1483,60,2,Excellent product,2024-05-09
4147,2996,262,2,Not satisfied,2023-11-27
4148,4138,348,4,Average quality,2024-04-02
4149,44,4,5,Average quality,2023-07-17
4150,875,40,4,Highly recommended,2023-01-04
4151,2209,20,3,Fast delivery,2025-02-14
4152,1974,407,3,Fast delivery,2025-05-05
4153,545,432,5,Average quality,2023-08-12
4154,2356,75,1,Fast delivery,2024-09-23
4155,1254,455,3,Good value,2025-05-02
4156,1647,216,5,Excellent product,2023-12-12
4157,3096,183,5,Amazing experience,2024-03-24
4158,2026,49,2,Quality could improve,2024-05-31
4159,3781,369,5,Worth buying,2024-12-30
4160,4282,466,1,Very good,2025-02-18
4161,1144,42,1,Highly recommended,2023-11-25
4162,915,135,4,Fast delivery,2023-09-05
4163,1618,431,4,Good value,2025-02-22
4164,3656,411,2,Very good,2024-03-20
4165,1391,305,1,Very good,2023-07-26
4166,209,119,5,Good value,2023-06-17
4167,1656,429,2,Fast delivery,2023-12-01
4168,3858,24,2,Amazing experience,2024-08-08
4169,3458,481,2,Amazing experience,2023-05-31
4170,733,41,2,Very good,2025-05-20
4171,1407,500,5,Worth buying,2025-02-24
4172,1387,478,5,Excellent product,2024-05-17
4173,3378,259,1,Amazing experience,2024-12-22
4174,3802,345,3,Amazing experience,2023-12-09
4175,453,118,2,Not satisfied,2025-04-02
4176,13,247,2,Excellent product,2024-11-03
4177,3906,183,1,Good value,2023-02-16
4178,1747,59,3,Not satisfied,2025-04-18
4179,1938,477,3,Excellent product,2023-02-08
4180,1028,17,5,Worth buying,2024-12-20
4181,301,149,5,Very good,2024-10-20
4182,62,488,5,Worth buying,2025-01-08
4183,2786,357,3,Very good,2024-04-11
4184,4797,498,2,Average quality,2024-06-23
4185,2424,421,2,Worth buying,2023-10-24
4186,3795,480,2,Quality could improve,2024-03-05
4187,1450,107,3,Quality could improve,2023-06-24
4188,49,231,1,Highly recommended,2023-11-08
4189,1961,161,1,Fast delivery,2023-08-01
4190,1471,327,4,Good value,2023-07-02
4191,3447,22,3,Fast delivery,2024-07-30
4192,3496,312,3,Very good,2024-06-07
4193,1500,435,4,Quality could improve,2023-08-02
4194,4767,85,5,Quality could improve,2023-04-23
4195,2179,90,3,Good value,2024-07-17
4196,1969,216,1,Good value,2023-10-26
4197,2259,350,4,Quality could improve,2025-03-05
4198,358,175,5,Very good,2023-11-20
4199,166,114,5,Amazing experience,2024-10-23
4200,2192,329,1,Worth buying,2023-02-12
4201,240,76,3,Average quality,2024-08-10
4202,1665,34,4,Worth buying,2025-04-16
4203,3417,190,5,Fast delivery,2023-04-14
4204,1758,15,5,Good value,2023-04-27
4205,4305,284,1,Good value,2023-09-03
4206,1718,232,5,Worth buying,2025-05-09
4207,1468,188,2,Highly recommended,2024-02-29
4208,442,252,4,Excellent product,2024-10-24
4209,3478,278,5,Excellent product,2024-01-01
4210,426,483,3,Average quality,2024-03-11
4211,4660,209,4,Excellent product,2024-06-11
4212,4430,248,3,Worth buying,2023-05-10
4213,116,153,2,Excellent product,2024-09-03
4214,4742,137,2,Very good,2023-01-06
4215,3159,117,1,Amazing experience,2025-01-02
4216,1448,249,5,Fast delivery,2024-03-19
4217,4534,10,2,Excellent product,2024-10-21
4218,2951,489,5,Good value,2025-06-03
4219,4437,482,4,Highly recommended,2025-01-12
4220,2031,117,2,Not satisfied,2025-04-12
4221,1801,174,3,Average quality,2024-06-01
4222,3326,14,1,Quality could improve,2023-07-31
4223,1720,368,2,Fast delivery,2023-10-27
4224,4553,295,2,Good value,2024-11-09
4225,2420,326,5,Amazing experience,2024-10-30
4226,975,216,3,Amazing experience,2023-06-15
4227,4950,71,5,Worth buying,2024-02-23
4228,4286,302,1,Not satisfied,2024-07-12
4229,2789,211,5,Quality could improve,2024-08-01
4230,1028,94,1,Excellent product,2025-01-10
4231,3965,68,3,Highly recommended,2024-05-04
4232,3956,36,5,Worth buying,2025-03-26
4233,2986,485,5,Very good,2023-08-26
4234,759,63,5,Very good,2024-10-19
4235,1055,76,2,Not satisfied,2023-06-15
4236,3194,423,3,Fast delivery,2025-02-25
4237,471,357,1,Highly recommended,2023-11-01
4238,217,458,5,Amazing experience,2024-02-07
4239,2396,137,3,Excellent product,2024-02-16
4240,339,286,3,Very good,2025-01-04
4241,628,216,2,Amazing experience,2024-02-19
4242,4461,86,3,Amazing experience,2024-11-13
4243,2917,198,5,Highly recommended,2023-05-07
4244,1731,227,5,Excellent product,2023-05-29
4245,4067,426,3,Average quality,2023-10-27
4246,2690,178,3,Quality could improve,2024-05-04
4247,1785,169,5,Average quality,2023-04-10
4248,758,173,1,Amazing experience,2023-07-21
4249,869,83,3,Good value,2024-03-08
4250,3686,88,3,Very good,2023-01-14
4251,1620,446,5,Fast delivery,2025-06-08
4252,4572,136,4,Amazing experience,2024-03-15
4253,1187,276,5,Fast delivery,2024-06-14
4254,428,194,1,Worth buying,2024-11-08
4255,1570,310,4,Highly recommended,2023-03-27
4256,802,240,4,Very good,2024-04-26
4257,3093,282,2,Fast delivery,2025-02-09
4258,1964,137,3,Worth buying,2024-11-08
4259,3355,162,2,Quality could improve,2024-06-08
4260,2249,462,4,Fast delivery,2024-09-25
4261,4113,22,3,Fast delivery,2024-10-27
4262,3520,233,4,Fast delivery,2023-12-31
4263,1981,321,2,Quality could improve,2025-03-30
4264,2391,132,3,Quality could improve,2024-08-21
4265,4387,365,1,Good value,2023-12-30
4266,1237,96,3,Very good,2025-05-13
4267,3930,448,1,Fast delivery,2023-01-24
4268,171,383,4,Worth buying,2025-04-09
4269,1621,270,2,Very good,2023-12-14
4270,4905,392,3,Excellent product,2024-11-24
4271,2600,312,1,Amazing experience,2025-05-28
4272,2717,3,3,Average quality,2023-07-03
4273,2537,346,5,Highly recommended,2024-08-22
4274,1914,448,2,Amazing experience,2023-04-16
4275,3292,15,4,Fast delivery,2024-11-14
4276,3977,58,3,Very good,2024-07-29
4277,4453,96,3,Fast delivery,2024-11-10
4278,1155,499,5,Excellent product,2024-10-01
4279,2089,64,3,Fast delivery,2023-03-17
4280,4380,483,4,Highly recommended,2024-07-26
4281,3153,266,1,Excellent product,2024-10-30
4282,851,76,3,Fast delivery,2024-01-17
4283,591,68,3,Average quality,2024-06-13
4284,4111,318,2,Fast delivery,2024-06-05
4285,3552,466,2,Excellent product,2023-05-05
4286,416,131,1,Not satisfied,2025-01-30
4287,475,6,2,Worth buying,2023-11-24
4288,1380,397,3,Quality could improve,2024-08-26
4289,2975,287,1,Not satisfied,2025-05-26
4290,1175,149,5,Very good,2023-09-11
4291,4431,225,5,Highly recommended,2024-09-22
4292,4009,86,5,Worth buying,2023-08-18
4293,2418,117,3,Highly recommended,2024-06-15
4294,3153,256,5,Highly recommended,2024-07-17
4295,176,178,4,Quality could improve,2023-01-26
4296,915,187,2,Worth buying,2024-02-12
4297,2131,385,1,Amazing experience,2024-02-01
4298,1932,170,5,Not satisfied,2024-06-03
4299,356,338,2,Amazing experience,2024-01-07
4300,4130,182,4,Amazing experience,2023-07-30
4301,2449,52,4,Quality could improve,2024-01-11
4302,1129,96,1,Excellent product,2025-05-23
4303,1922,346,1,Very good,2025-04-24
4304,3848,27,5,Highly recommended,2024-01-01
4305,2331,356,3,Quality could improve,2024-10-05
4306,3998,19,5,Good value,2023-05-04
4307,1695,182,4,Fast delivery,2024-03-14
4308,4744,494,3,Amazing experience,2025-01-06
4309,2204,438,5,Highly recommended,2023-08-26
4310,4238,6,5,Fast delivery,2023-09-24
4311,1327,77,1,Average quality,2025-05-12
4312,3220,226,5,Excellent product,2024-11-23
4313,17,311,2,Not satisfied,2024-05-24
4314,4451,331,4,Highly recommended,2023-04-21
4315,796,354,4,Highly recommended,2024-12-26
4316,1783,56,1,Fast delivery,2025-01-16
4317,1301,41,3,Highly recommended,2025-05-29
4318,237,179,1,Fast delivery,2024-08-19
4319,732,98,5,Excellent product,2025-05-17
4320,2826,260,4,Very good,2023-04-22
4321,3482,97,3,Fast delivery,2023-09-18
4322,3117,315,3,Worth buying,2023-04-13
4323,1680,174,3,Fast delivery,2023-08-13
4324,991,64,3,Excellent product,2025-02-16
4325,3154,280,4,Average quality,2024-07-15
4326,3055,237,5,Fast delivery,2023-12-13
4327,4653,209,1,Very good,2024-12-16
4328,3549,343,2,Quality could improve,2024-02-25
4329,730,2,4,Good value,2024-09-24
4330,694,194,2,Not satisfied,2023-04-17
4331,1004,310,3,Average quality,2024-11-26
4332,2295,347,4,Quality could improve,2025-01-26
4333,2090,447,1,Good value,2025-01-14
4334,2848,423,1,Very good,2024-03-23
4335,2032,270,4,Highly recommended,2024-11-19
4336,3040,474,4,Average quality,2024-10-16
4337,490,374,4,Not satisfied,2023-06-27
4338,4964,369,5,Excellent product,2024-12-17
4339,708,50,5,Good value,2023-06-16
4340,1653,220,4,Quality could improve,2025-02-11
4341,896,407,1,Good value,2024-06-29
4342,4523,36,4,Average quality,2024-04-20
4343,1840,169,1,Very good,2023-01-03
4344,4915,61,4,Highly recommended,2024-05-29
4345,2326,238,3,Good value,2024-07-30
4346,1828,188,2,Good value,2023-05-21
4347,3884,371,5,Fast delivery,2023-09-10
4348,3291,365,3,Excellent product,2025-02-01
4349,2504,372,3,Good value,2023-07-29
4350,4045,343,5,Very good,2023-09-30
4351,2416,270,5,Good value,2024-06-16
4352,2380,318,4,Amazing experience,2023-12-14
4353,2751,467,3,Worth buying,2023-11-12
4354,2456,465,3,Excellent product,2025-02-25
4355,2383,400,5,Excellent product,2024-11-23
4356,4566,387,4,Not satisfied,2024-10-05
4357,1337,308,5,Very good,2025-01-17
4358,1738,39,1,Not satisfied,2024-10-08
4359,16,208,4,Highly recommended,2023-03-19
4360,2694,260,5,Amazing experience,2023-04-16
4361,1357,424,1,Excellent product,2024-11-25
4362,168,49,5,Worth buying,2023-12-09
4363,1220,299,4,Fast delivery,2024-11-26
4364,4470,104,3,Amazing experience,2024-07-31
4365,1698,25,4,Amazing experience,2024-11-29
4366,807,154,2,Not satisfied,2024-01-07
4367,310,153,4,Good value,2023-09-18
4368,1060,292,2,Good value,2024-10-14
4369,2928,320,3,Average quality,2023-04-10
4370,4775,167,5,Worth buying,2023-05-25
4371,1165,36,5,Excellent product,2023-06-22
4372,1231,240,1,Average quality,2025-01-20
4373,1965,449,5,Not satisfied,2024-05-14
4374,2122,60,5,Average quality,2023-05-21
4375,3236,436,4,Amazing experience,2023-08-12
4376,173,292,5,Very good,2024-11-12
4377,2175,311,2,Amazing experience,2025-02-08
4378,4583,415,2,Worth buying,2023-04-05
4379,2506,64,4,Very good,2023-03-29
4380,4442,369,5,Fast delivery,2023-06-18
4381,1475,113,1,Not satisfied,2024-02-22
4382,2087,139,4,Very good,2024-07-29
4383,1765,17,1,Very good,2023-06-01
4384,4004,298,3,Excellent product,2025-01-24
4385,2011,451,4,Worth buying,2024-04-23
4386,3315,190,4,Amazing experience,2023-07-10
4387,3963,264,3,Fast delivery,2023-02-16
4388,4942,61,2,Average quality,2024-10-30
4389,2582,380,1,Excellent product,2024-10-26
4390,3472,111,3,Average quality,2023-04-13
4391,4987,332,1,Worth buying,2024-09-27
4392,3325,166,1,Not satisfied,2025-04-11
4393,1146,290,3,Average quality,2023-12-10
4394,765,14,3,Very good,2023-03-12
4395,4666,165,5,Quality could improve,2023-05-12
4396,3711,367,4,Amazing experience,2023-02-24
4397,1123,236,3,Amazing experience,2025-01-28
4398,1939,226,4,Excellent product,2023-03-12
4399,1212,151,5,Average quality,2024-03-04
4400,7,75,4,Not satisfied,2024-07-20
4401,2549,500,4,Highly recommended,2025-05-14
4402,2012,85,4,Excellent product,2024-03-02
4403,1995,136,3,Not satisfied,2023-10-05
4404,1883,139,5,Quality could improve,2025-01-04
4405,2523,27,5,Excellent product,2023-02-21
4406,4452,377,5,Highly recommended,2023-01-18
4407,1249,286,5,Highly recommended,2024-06-12
4408,270,382,5,Highly recommended,2025-02-17
4409,543,174,2,Good value,2025-06-10
4410,12,165,3,Not satisfied,2025-06-14
4411,4832,456,3,Worth buying,2023-12-28
4412,2688,118,3,Not satisfied,2025-04-22
4413,1066,490,2,Excellent product,2023-09-10
4414,688,442,4,Fast delivery,2023-02-13
4415,873,138,5,Quality could improve,2023-10-05
4416,1405,258,3,Worth buying,2024-03-28
4417,4831,247,1,Not satisfied,2023-02-17
4418,4760,10,2,Not satisfied,2024-06-06
4419,2180,438,3,Not satisfied,2023-08-16
4420,4379,302,2,Good value,2025-01-30
4421,4364,29,3,Good value,2024-11-30
4422,3666,228,5,Good value,2023-02-10
4423,468,229,3,Excellent product,2023-09-24
4424,4985,139,3,Not satisfied,2023-12-14
4425,4027,54,1,Worth buying,2024-05-02
4426,509,290,3,Average quality,2024-11-22
4427,2019,181,1,Average quality,2024-11-13
4428,2593,478,2,Fast delivery,2023-09-18
4429,3240,255,2,Fast delivery,2025-03-09
4430,196,10,1,Not satisfied,2023-03-25
4431,4645,128,2,Very good,2024-01-14
4432,4646,190,5,Excellent product,2024-11-02
4433,4870,13,2,Very good,2024-09-07
4434,4042,248,4,Highly recommended,2025-03-26
4435,3475,405,5,Highly recommended,2023-05-26
4436,2150,238,1,Excellent product,2024-07-01
4437,920,284,3,Worth buying,2023-04-19
4438,1971,69,4,Highly recommended,2023-05-12
4439,2761,391,2,Excellent product,2024-10-01
4440,4952,172,5,Average quality,2024-10-03
4441,620,120,4,Good value,2023-02-18
4442,4740,86,2,Quality could improve,2024-09-27
4443,2319,458,2,Quality could improve,2024-08-09
4444,2420,142,4,Good value,2024-10-04
4445,3809,245,3,Quality could improve,2023-12-06
4446,3753,316,4,Excellent product,2024-11-05
4447,550,206,2,Excellent product,2024-08-09
4448,1802,313,1,Good value,2023-09-09
4449,2525,4,2,Very good,2023-06-30
4450,27,282,1,Quality could improve,2024-02-28
4451,3560,377,3,Not satisfied,2024-07-13
4452,4897,372,2,Good value,2023-10-16
4453,3037,78,3,Quality could improve,2023-02-09
4454,4582,26,4,Highly recommended,2024-12-21
4455,2478,19,3,Amazing experience,2024-12-23
4456,2818,413,2,Quality could improve,2023-01-21
4457,4322,457,4,Worth buying,2024-01-14
4458,4865,53,4,Amazing experience,2025-01-18
4459,2372,233,5,Very good,2024-07-21
4460,3010,54,2,Worth buying,2023-04-14
4461,2190,498,2,Good value,2025-04-05
4462,4840,129,5,Quality could improve,2023-01-27
4463,3383,411,2,Average quality,2024-06-12
4464,3424,254,5,Fast delivery,2025-02-15
4465,4660,191,1,Average quality,2025-02-10
4466,613,331,2,Fast delivery,2023-06-11
4467,4375,113,5,Worth buying,2023-10-28
4468,2029,56,3,Quality could improve,2024-08-27
4469,4716,416,3,Average quality,2023-12-05
4470,111,377,2,Worth buying,2024-05-21
4471,3221,476,1,Excellent product,2025-03-04
4472,2960,371,5,Highly recommended,2023-12-08
4473,1289,54,3,Good value,2023-04-22
4474,1273,30,4,Amazing experience,2025-05-21
4475,4944,289,2,Fast delivery,2025-02-22
4476,4453,64,1,Highly recommended,2024-01-08
4477,1242,222,5,Fast delivery,2025-02-28
4478,2041,303,5,Very good,2024-12-06
4479,3310,258,4,Average quality,2023-07-24
4480,442,94,1,Highly recommended,2024-02-20
4481,4573,180,5,Very good,2023-09-21
4482,218,115,2,Worth buying,2023-12-01
4483,1220,256,2,Good value,2024-04-27
4484,1224,63,4,Very good,2024-12-07
4485,3686,384,3,Not satisfied,2024-12-07
4486,3676,272,2,Worth buying,2023-07-27
4487,4333,191,1,Worth buying,2023-03-26
4488,792,124,5,Good value,2025-04-17
4489,2252,60,1,Not satisfied,2024-03-02
4490,2283,142,2,Fast delivery,2023-02-23
4491,2969,266,1,Excellent product,2023-04-25
4492,2817,139,2,Average quality,2025-02-09
4493,873,133,2,Amazing experience,2025-05-06
4494,900,308,5,Excellent product,2023-06-24
4495,3868,348,1,Fast delivery,2024-05-03
4496,2522,430,5,Highly recommended,2025-03-07
4497,3026,45,5,Excellent product,2024-06-25
4498,4450,337,4,Average quality,2024-02-13
4499,4631,470,5,Excellent product,2025-04-15
4500,3452,131,3,Not satisfied,2024-10-20
4501,2548,101,4,Worth buying,2024-01-06
4502,1087,72,5,Quality could improve,2024-10-03
4503,3184,187,2,Average quality,2023-02-15
4504,2652,61,1,Good value,2023-01-09
4505,1095,130,3,Fast delivery,2025-01-07
4506,653,346,3,Not satisfied,2025-04-30
4507,2049,442,3,Fast delivery,2024-05-02
4508,2341,495,4,Good value,2024-05-27
4509,1813,26,4,Quality could improve,2023-02-21
4510,2260,483,4,Amazing experience,2023-08-26
4511,268,175,1,Very good,2023-08-21
4512,4923,327,3,Very good,2024-05-07
4513,1073,289,3,Highly recommended,2023-02-12
4514,3642,432,1,Not satisfied,2023-10-24
4515,1944,177,2,Excellent product,2024-03-12
4516,3685,125,5,Worth buying,2024-01-12
4517,2816,10,5,Worth buying,2024-08-21
4518,4865,170,1,Amazing experience,2023-03-02
4519,3743,476,4,Excellent product,2024-10-27
4520,1612,188,4,Amazing experience,2023-10-20
4521,4637,151,5,Fast delivery,2023-07-01
4522,450,76,5,Worth buying,2024-12-04
4523,2431,367,5,Quality could improve,2025-02-11
4524,4152,359,4,Highly recommended,2024-01-09
4525,1940,124,1,Highly recommended,2025-05-05
4526,2038,114,3,Quality could improve,2025-05-17
4527,4121,403,2,Excellent product,2024-08-22
4528,1470,80,3,Average quality,2025-03-12
4529,704,36,1,Good value,2024-04-30
4530,3909,370,3,Quality could improve,2023-11-29
4531,951,461,1,Worth buying,2025-01-10
4532,1697,244,2,Quality could improve,2024-03-08
4533,4981,154,2,Average quality,2023-09-13
4534,3216,380,3,Highly recommended,2023-01-01
4535,2168,323,1,Highly recommended,2023-08-01
4536,3042,66,4,Fast delivery,2024-11-19
4537,3558,281,1,Good value,2024-05-30
4538,3450,462,3,Highly recommended,2024-08-05
4539,2705,261,4,Excellent product,2024-08-17
4540,1338,465,3,Highly recommended,2024-05-11
4541,1384,425,2,Very good,2025-03-29
4542,2332,17,5,Fast delivery,2023-01-05
4543,2083,202,3,Amazing experience,2024-12-31
4544,2375,227,3,Very good,2024-10-03
4545,4817,23,3,Very good,2025-03-15
4546,2901,412,5,Quality could improve,2024-04-13
4547,1774,88,5,Very good,2025-03-04
4548,266,75,5,Amazing experience,2024-11-14
4549,2993,432,3,Very good,2024-02-24
4550,253,275,2,Amazing experience,2025-04-12
4551,2861,469,1,Highly recommended,2023-09-28
4552,4782,157,2,Excellent product,2023-09-06
4553,4283,178,1,Worth buying,2025-02-27
4554,1662,17,3,Not satisfied,2023-02-05
4555,223,226,1,Fast delivery,2023-04-17
4556,4319,327,3,Quality could improve,2024-02-02
4557,2376,345,4,Good value,2024-02-07
4558,456,257,5,Excellent product,2023-04-27
4559,4718,440,3,Not satisfied,2024-02-07
4560,587,212,5,Fast delivery,2025-01-01
4561,655,107,5,Quality could improve,2025-04-13
4562,4165,491,4,Highly recommended,2024-08-03
4563,1908,239,4,Very good,2023-07-16
4564,1198,225,4,Very good,2024-03-12
4565,1696,285,1,Quality could improve,2023-11-20
4566,1698,3,2,Not satisfied,2024-02-23
4567,4360,107,4,Worth buying,2024-06-03
4568,623,340,3,Amazing experience,2023-05-19
4569,2902,344,2,Worth buying,2023-05-18
4570,4056,473,4,Worth buying,2025-05-31
4571,3283,401,3,Amazing experience,2024-01-03
4572,3081,29,5,Amazing experience,2025-04-25
4573,4124,476,5,Average quality,2023-06-21
4574,4293,134,1,Not satisfied,2024-01-07
4575,4358,160,4,Amazing experience,2024-05-27
4576,183,122,4,Very good,2023-12-29
4577,3746,397,2,Excellent product,2024-09-18
4578,4510,361,5,Not satisfied,2024-07-14
4579,4116,423,3,Average quality,2025-06-09
4580,3448,214,1,Excellent product,2025-03-14
4581,2619,14,5,Very good,2024-06-08
4582,2240,406,5,Not satisfied,2025-03-07
4583,1647,447,4,Not satisfied,2024-11-08
4584,709,421,4,Not satisfied,2023-07-04
4585,2178,142,2,Amazing experience,2024-04-12
4586,4589,397,3,Good value,2023-04-11
4587,627,117,5,Excellent product,2024-04-10
4588,1499,411,2,Not satisfied,2025-02-01
4589,2139,149,3,Very good,2024-06-13
4590,2476,177,2,Fast delivery,2023-01-06
4591,730,467,2,Amazing experience,2023-02-11
4592,4914,227,1,Quality could improve,2023-09-21
4593,3830,123,3,Worth buying,2024-08-15
4594,2363,490,3,Worth buying,2023-11-13
4595,1635,169,2,Excellent product,2024-05-22
4596,823,367,4,Average quality,2025-05-21
4597,3509,77,4,Good value,2023-05-12
4598,2861,433,3,Amazing experience,2023-09-14
4599,591,370,3,Worth buying,2024-01-20
4600,2127,314,1,Good value,2023-03-20
4601,3830,102,4,Quality could improve,2023-03-15
4602,4390,476,3,Good value,2024-11-18
4603,3168,155,3,Worth buying,2023-05-26
4604,4542,9,4,Worth buying,2025-02-27
4605,3288,259,1,Very good,2023-03-20
4606,1102,106,5,Not satisfied,2023-07-31
4607,2619,153,3,Excellent product,2025-04-09
4608,2948,496,1,Not satisfied,2025-03-28
4609,1180,125,4,Excellent product,2024-03-04
4610,2320,66,4,Very good,2024-09-29
4611,4958,272,3,Excellent product,2024-10-21
4612,2300,242,4,Worth buying,2023-03-28
4613,4775,347,4,Excellent product,2023-01-24
4614,4190,494,1,Excellent product,2024-05-06
4615,4806,265,1,Excellent product,2023-03-29
4616,4829,133,2,Quality could improve,2024-08-22
4617,1661,433,5,Highly recommended,2024-01-04
4618,2980,332,2,Amazing experience,2023-02-17
4619,294,294,3,Average quality,2024-07-13
4620,2525,454,2,Quality could improve,2023-04-12
4621,2494,476,4,Excellent product,2025-06-16
4622,3679,194,5,Excellent product,2023-12-22
4623,902,372,1,Very good,2025-05-18
4624,3709,400,4,Not satisfied,2024-11-20
4625,4665,325,2,Amazing experience,2024-09-25
4626,1581,341,5,Not satisfied,2023-02-08
4627,2763,10,1,Excellent product,2023-08-21
4628,2677,113,2,Not satisfied,2023-07-11
4629,939,229,3,Good value,2023-11-21
4630,100,420,4,Average quality,2023-05-02
4631,3046,253,4,Very good,2023-08-16
4632,4681,129,2,Very good,2023-05-13
4633,1875,244,5,Not satisfied,2024-06-16
4634,829,69,5,Average quality,2023-07-20
4635,1832,419,3,Worth buying,2023-04-20
4636,111,208,1,Average quality,2024-01-01
4637,2448,215,4,Good value,2023-10-25
4638,4425,273,3,Very good,2024-01-01
4639,1030,281,5,Very good,2023-10-11
4640,4302,61,3,Amazing experience,2024-03-11
4641,1003,62,1,Good value,2024-07-21
4642,3481,304,1,Fast delivery,2024-02-06
4643,3146,299,2,Worth buying,2024-03-06
4644,3979,373,1,Not satisfied,2025-01-08
4645,4868,37,5,Worth buying,2023-12-13
4646,8,371,4,Excellent product,2024-11-02
4647,2421,238,1,Worth buying,2024-06-19
4648,3313,270,4,Fast delivery,2023-03-16
4649,3805,125,4,Quality could improve,2025-03-25
4650,1728,331,2,Excellent product,2023-11-17
4651,4855,291,4,Highly recommended,2023-04-04
4652,1876,258,1,Fast delivery,2023-03-13
4653,1170,178,1,Highly recommended,2023-04-17
4654,3556,438,5,Highly recommended,2025-06-09
4655,4993,382,1,Not satisfied,2023-07-17
4656,58,169,4,Quality could improve,2024-09-02
4657,1924,111,1,Good value,2025-06-14
4658,415,126,1,Good value,2023-07-22
4659,168,401,2,Highly recommended,2024-01-17
4660,2498,305,5,Average quality,2025-03-09
4661,116,332,4,Average quality,2025-02-19
4662,3614,302,2,Amazing experience,2024-02-10
4663,2892,166,2,Not satisfied,2024-07-31
4664,4175,44,3,Average quality,2025-02-04
4665,1926,455,3,Very good,2024-08-20
4666,4881,156,5,Not satisfied,2025-03-21
4667,3894,444,2,Good value,2023-09-26
4668,3743,244,5,Very good,2024-08-07
4669,3293,440,3,Not satisfied,2025-02-07
4670,3118,124,3,Not satisfied,2023-12-09
4671,1881,231,5,Worth buying,2025-06-19
4672,3373,242,5,Excellent product,2024-03-11
4673,3269,14,4,Not satisfied,2024-01-23
4674,2790,97,2,Highly recommended,2023-06-23
4675,199,342,4,Amazing experience,2024-11-13
4676,2023,486,2,Quality could improve,2025-03-12
4677,2441,189,1,Not satisfied,2025-05-30
4678,439,67,2,Amazing experience,2024-09-03
4679,3411,302,3,Quality could improve,2024-10-23
4680,3765,406,2,Highly recommended,2023-06-15
4681,1574,412,2,Worth buying,2024-03-01
4682,4234,318,1,Highly recommended,2023-08-15
4683,3838,496,1,Fast delivery,2024-08-17
4684,1796,202,3,Quality could improve,2023-07-14
4685,722,144,3,Good value,2024-04-19
4686,4913,122,4,Worth buying,2023-06-10
4687,2040,113,4,Highly recommended,2023-04-12
4688,776,220,3,Very good,2025-03-10
4689,4738,161,4,Good value,2024-02-07
4690,436,371,5,Worth buying,2025-02-08
4691,1698,280,3,Excellent product,2024-04-16
4692,3567,188,3,Very good,2024-11-04
4693,552,198,3,Excellent product,2024-06-07
4694,2315,427,2,Average quality,2024-03-31
4695,720,445,4,Worth buying,2023-03-05
4696,769,290,2,Not satisfied,2023-10-26
4697,4321,459,5,Good value,2024-03-12
4698,4708,418,5,Worth buying,2025-05-04
4699,2409,411,1,Worth buying,2023-03-26
4700,1917,72,5,Fast delivery,2025-05-13
4701,2543,477,1,Not satisfied,2024-08-11
4702,1160,445,1,Excellent product,2023-10-23
4703,4443,416,5,Very good,2024-10-25
4704,3933,441,3,Worth buying,2023-04-29
4705,1835,166,2,Good value,2023-09-04
4706,2,375,5,Good value,2023-08-18
4707,576,236,5,Good value,2025-05-18
4708,3148,155,5,Worth buying,2025-02-18
4709,2190,138,5,Worth buying,2024-09-18
4710,2205,87,2,Very good,2024-12-11
4711,4721,76,3,Fast delivery,2024-12-11
4712,893,245,2,Not satisfied,2024-10-17
4713,2073,483,3,Highly recommended,2024-11-13
4714,2327,7,2,Worth buying,2024-10-04
4715,1808,141,5,Not satisfied,2024-11-04
4716,4485,421,1,Excellent product,2025-04-23
4717,2292,463,1,Not satisfied,2024-02-04
4718,2961,415,2,Highly recommended,2023-06-19
4719,4644,176,1,Quality could improve,2024-05-10
4720,2031,96,2,Not satisfied,2024-12-11
4721,3166,3,3,Highly recommended,2023-08-03
4722,4855,57,1,Very good,2023-12-17
4723,1215,54,2,Amazing experience,2024-08-08
4724,3660,183,4,Amazing experience,2025-05-01
4725,2858,139,2,Very good,2024-10-26
4726,2377,157,3,Not satisfied,2025-01-05
4727,3823,110,4,Good value,2023-10-24
4728,4247,291,1,Not satisfied,2024-11-07
4729,2373,447,1,Fast delivery,2023-01-28
4730,4103,437,2,Excellent product,2024-06-24
4731,3132,78,4,Very good,2025-02-28
4732,3648,394,2,Worth buying,2023-02-16
4733,3224,357,4,Quality could improve,2023-03-14
4734,1373,115,5,Fast delivery,2024-08-19
4735,3703,95,4,Amazing experience,2025-04-09
4736,3086,80,1,Good value,2025-01-09
4737,1327,128,1,Good value,2023-06-26
4738,3247,434,4,Very good,2024-03-10
4739,4167,459,4,Excellent product,2023-12-21
4740,540,449,5,Worth buying,2023-08-13
4741,4582,345,3,Quality could improve,2024-06-16
4742,4211,415,5,Fast delivery,2023-06-11
4743,2786,430,3,Not satisfied,2023-09-30
4744,3264,458,2,Highly recommended,2023-04-04
4745,4174,367,3,Amazing experience,2025-06-11
4746,1799,160,1,Average quality,2025-05-15
4747,4787,363,2,Excellent product,2024-04-06
4748,3023,423,1,Quality could improve,2024-01-18
4749,2603,100,5,Worth buying,2023-12-17
4750,4089,276,4,Fast delivery,2024-03-29
4751,2131,133,5,Worth buying,2025-04-12
4752,4261,480,1,Highly recommended,2024-12-08
4753,3752,203,5,Quality could improve,2023-12-19
4754,3759,451,2,Worth buying,2023-12-21
4755,2196,446,3,Amazing experience,2023-07-04
4756,1267,323,4,Fast delivery,2023-05-30
4757,3235,1,4,Good value,2023-07-10
4758,1475,234,4,Very good,2024-04-07
4759,1713,459,5,Amazing experience,2023-07-10
4760,4070,62,1,Fast delivery,2025-04-14
4761,4001,126,5,Good value,2023-02-06
4762,3692,499,2,Amazing experience,2025-03-13
4763,3428,326,2,Fast delivery,2023-06-26
4764,886,306,3,Quality could improve,2023-11-21
4765,2679,448,1,Fast delivery,2025-02-07
4766,362,139,3,Amazing experience,2025-03-27
4767,3174,86,1,Highly recommended,2023-11-28
4768,2,161,1,Worth buying,2024-06-22
4769,2998,407,3,Excellent product,2024-12-31
4770,1212,381,3,Not satisfied,2023-06-03
4771,1941,50,4,Amazing experience,2024-04-21
4772,1723,50,5,Good value,2023-12-05
4773,3828,332,4,Amazing experience,2023-02-04
4774,4969,403,3,Not satisfied,2023-11-30
4775,4778,67,1,Good value,2025-05-27
4776,1059,157,1,Worth buying,2024-08-26
4777,2310,216,3,Good value,2024-11-02
4778,104,315,4,Worth buying,2025-03-24
4779,3481,297,5,Fast delivery,2023-09-17
4780,3005,44,5,Average quality,2024-08-14
4781,67,493,2,Fast delivery,2024-06-22
4782,4548,158,3,Worth buying,2025-05-05
4783,4277,448,4,Excellent product,2025-03-10
4784,1412,441,4,Worth buying,2024-06-15
4785,2316,471,4,Amazing experience,2024-07-20
4786,1027,65,2,Quality could improve,2025-04-12
4787,368,143,4,Very good,2025-03-05
4788,2676,210,5,Fast delivery,2025-05-04
4789,3858,335,4,Average quality,2023-07-19
4790,3746,390,1,Amazing experience,2023-07-20
4791,3682,125,3,Quality could improve,2024-10-06
4792,1238,29,4,Highly recommended,2023-05-25
4793,2801,221,2,Very good,2025-01-03
4794,4033,315,5,Quality could improve,2024-10-13
4795,4595,201,2,Average quality,2023-09-18
4796,4018,500,1,Fast delivery,2023-11-19
4797,4480,282,1,Worth buying,2024-08-11
4798,2084,488,5,Not satisfied,2023-07-25
4799,1850,286,2,Amazing experience,2023-08-02
4800,4756,167,4,Very good,2024-07-28
4801,4837,230,1,Excellent product,2024-07-28
4802,3004,111,2,Average quality,2024-08-26
4803,1348,10,1,Not satisfied,2023-03-18
4804,2206,158,3,Average quality,2023-09-07
4805,90,356,3,Quality could improve,2024-05-08
4806,2118,113,1,Amazing experience,2025-05-10
4807,1526,301,2,Quality could improve,2025-04-23
4808,4058,166,2,Average quality,2023-11-24
4809,1634,486,5,Highly recommended,2023-12-27
4810,474,226,1,Very good,2024-10-28
4811,461,325,4,Good value,2024-04-30
4812,1407,268,3,Amazing experience,2024-05-31
4813,2005,169,4,Quality could improve,2023-08-08
4814,4930,490,4,Fast delivery,2024-04-03
4815,1728,122,4,Excellent product,2023-12-19
4816,3264,404,1,Worth buying,2025-04-06
4817,3532,250,4,Not satisfied,2025-05-01
4818,2590,379,5,Good value,2024-12-20
4819,3831,64,2,Amazing experience,2023-04-15
4820,789,247,4,Worth buying,2024-07-01
4821,2931,239,4,Good value,2025-04-11
4822,1266,328,3,Excellent product,2023-03-28
4823,4759,202,2,Quality could improve,2023-08-15
4824,2085,157,1,Very good,2023-10-21
4825,4119,42,1,Quality could improve,2023-02-14
4826,2099,291,2,Average quality,2024-09-09
4827,726,38,4,Good value,2024-12-31
4828,442,399,2,Worth buying,2024-05-02
4829,1094,235,4,Excellent product,2023-03-19
4830,4311,113,1,Worth buying,2025-05-13
4831,2007,230,5,Fast delivery,2023-02-27
4832,594,148,1,Very good,2023-06-07
4833,3301,81,2,Good value,2023-12-16
4834,4684,40,1,Quality could improve,2023-06-11
4835,1083,269,5,Not satisfied,2025-06-06
4836,1564,111,3,Not satisfied,2023-06-21
4837,2833,326,3,Amazing experience,2025-05-27
4838,1151,51,4,Average quality,2024-12-12
4839,3549,381,1,Not satisfied,2024-07-11
4840,3357,323,4,Quality could improve,2023-08-29
4841,2145,176,4,Amazing experience,2023-09-23
4842,2888,101,2,Average quality,2023-02-26
4843,3699,154,1,Average quality,2024-07-04
4844,2049,493,4,Worth buying,2024-01-02
4845,3596,348,4,Good value,2023-08-28
4846,2565,265,1,Quality could improve,2024-08-03
4847,4625,222,3,Very good,2024-06-26
4848,2253,183,3,Very good,2023-09-26
4849,3126,33,2,Amazing experience,2024-05-14
4850,4360,86,5,Average quality,2023-07-02
4851,4496,445,4,Good value,2025-04-08
4852,4290,340,2,Not satisfied,2024-06-09
4853,468,462,4,Average quality,2024-12-11
4854,3536,434,5,Good value,2024-07-20
4855,3226,240,2,Average quality,2025-04-20
4856,1477,109,2,Very good,2024-07-04
4857,1135,392,4,Not satisfied,2024-09-15
4858,4132,337,5,Very good,2024-10-13
4859,4659,35,5,Good value,2024-02-23
4860,449,58,5,Not satisfied,2024-11-15
4861,3898,166,3,Fast delivery,2025-05-18
4862,1304,233,5,Excellent product,2024-05-20
4863,1855,116,2,Amazing experience,2024-11-15
4864,3678,161,1,Highly recommended,2024-02-12
4865,3978,485,4,Average quality,2023-08-08
4866,2011,479,3,Excellent product,2023-11-05
4867,1561,130,5,Excellent product,2024-09-12
4868,2636,56,1,Amazing experience,2024-01-17
4869,932,198,2,Amazing experience,2023-11-18
4870,3775,46,5,Average quality,2025-02-09
4871,3933,237,1,Amazing experience,2023-02-12
4872,412,2,1,Good value,2024-05-25
4873,4706,383,4,Not satisfied,2025-05-13
4874,1708,154,5,Quality could improve,2023-04-22
4875,4864,494,2,Excellent product,2023-07-14
4876,492,121,2,Very good,2024-07-09
4877,3190,180,3,Good value,2023-10-01
4878,1660,60,2,Amazing experience,2024-12-08
4879,32,437,2,Highly recommended,2024-06-28
4880,1948,290,3,Fast delivery,2024-06-15
4881,3850,269,4,Very good,2024-08-16
4882,1235,111,5,Good value,2024-12-21
4883,110,484,2,Highly recommended,2025-06-04
4884,2342,376,2,Excellent product,2023-01-30
4885,469,146,3,Good value,2024-05-31
4886,1548,33,5,Not satisfied,2025-01-08
4887,2807,167,1,Average quality,2024-07-18
4888,1937,42,2,Amazing experience,2024-06-21
4889,654,477,5,Not satisfied,2025-03-18
4890,2755,493,5,Very good,2024-06-15
4891,3847,371,1,Not satisfied,2025-06-05
4892,2483,435,5,Very good,2025-04-01
4893,4918,482,3,Fast delivery,2024-12-17
4894,4297,189,5,Average quality,2023-09-28
4895,2466,13,5,Good value,2025-02-15
4896,4326,330,1,Quality could improve,2023-09-19
4897,2226,449,4,Good value,2023-12-17
4898,4543,73,2,Excellent product,2024-09-03
4899,222,260,5,Fast delivery,2023-12-24
4900,638,208,1,Not satisfied,2023-04-20
4901,2385,450,3,Quality could improve,2024-12-07
4902,259,329,5,Average quality,2023-05-01
4903,4110,123,4,Worth buying,2023-02-16
4904,4170,441,2,Fast delivery,2023-10-12
4905,3375,488,2,Highly recommended,2023-09-13
4906,3588,380,1,Fast delivery,2023-04-07
4907,3461,113,2,Fast delivery,2025-02-18
4908,2147,134,1,Amazing experience,2024-02-17
4909,2508,92,5,Worth buying,2025-04-23
4910,2873,303,3,Excellent product,2024-08-03
4911,2503,453,4,Amazing experience,2025-05-11
4912,2816,350,3,Excellent product,2024-05-17
4913,1261,317,4,Fast delivery,2023-07-18
4914,4241,482,2,Good value,2024-12-23
4915,757,43,4,Amazing experience,2024-04-09
4916,4696,253,4,Not satisfied,2024-10-17
4917,2994,368,5,Fast delivery,2025-03-13
4918,2728,6,4,Quality could improve,2023-08-12
4919,1813,117,3,Fast delivery,2025-01-25
4920,1062,204,5,Quality could improve,2024-02-22
4921,4380,152,5,Very good,2024-09-26
4922,461,289,3,Average quality,2024-11-22
4923,588,239,4,Worth buying,2024-09-22
4924,2627,150,5,Amazing experience,2023-08-20
4925,769,290,2,Excellent product,2024-12-02
4926,427,245,3,Worth buying,2025-04-06
4927,3608,366,3,Fast delivery,2024-01-24
4928,4116,83,2,Amazing experience,2024-08-22
4929,4272,377,3,Excellent product,2023-01-08
4930,4665,64,2,Not satisfied,2023-02-26
4931,93,282,1,Quality could improve,2024-08-02
4932,63,110,4,Worth buying,2024-03-14
4933,1221,232,2,Fast delivery,2023-04-21
4934,4668,86,1,Excellent product,2023-12-28
4935,4555,484,2,Average quality,2024-11-25
4936,2175,306,1,Highly recommended,2024-07-16
4937,3355,122,2,Quality could improve,2023-01-15
4938,3124,19,5,Excellent product,2023-04-25
4939,2047,120,4,Very good,2023-11-05
4940,2493,108,1,Quality could improve,2024-02-04
4941,488,404,3,Highly recommended,2024-04-01
4942,3217,430,2,Average quality,2025-03-10
4943,2289,378,5,Not satisfied,2025-04-30
4944,2612,410,1,Highly recommended,2023-07-05
4945,3768,38,4,Very good,2023-09-03
4946,4789,41,5,Amazing experience,2024-11-24
4947,1349,364,4,Very good,2025-03-29
4948,4851,477,3,Highly recommended,2023-07-12
4949,1923,52,1,Amazing experience,2023-12-29
4950,1548,324,5,Good value,2023-07-02
4951,2937,346,2,Good value,2023-03-22
4952,1433,136,1,Worth buying,2024-05-16
4953,90,32,4,Good value,2025-05-23
4954,3742,111,3,Good value,2023-10-18
4955,2001,23,5,Average quality,2023-02-21
4956,866,164,5,Highly recommended,2025-02-19
4957,2420,410,2,Fast delivery,2024-05-06
4958,1931,67,4,Good value,2024-03-05
4959,398,369,5,Amazing experience,2023-06-15
4960,3778,146,3,Not satisfied,2024-01-13
4961,1628,489,4,Very good,2024-09-15
4962,996,131,1,Excellent product,2023-03-21
4963,3565,200,4,Amazing experience,2025-03-28
4964,4411,146,4,Not satisfied,2023-03-31
4965,2119,167,1,Highly recommended,2023-08-03
4966,546,124,3,Good value,2023-06-14
4967,4167,55,4,Excellent product,2025-01-20
4968,2036,149,3,Average quality,2024-01-08
4969,1050,408,4,Highly recommended,2024-05-09
4970,846,28,1,Very good,2023-09-13
4971,3240,257,2,Not satisfied,2024-12-29
4972,2304,76,4,Highly recommended,2023-09-10
4973,1579,422,5,Average quality,2024-01-04
4974,2661,89,1,Worth buying,2025-03-20
4975,963,439,1,Average quality,2023-05-27
4976,1876,252,1,Worth buying,2025-01-12
4977,3383,285,2,Average quality,2023-05-29
4978,940,205,5,Good value,2024-07-19
4979,1677,357,3,Average quality,2025-01-06
4980,1980,78,5,Amazing experience,2025-01-22
4981,4248,45,1,Average quality,2025-02-25
4982,4486,44,4,Excellent product,2023-12-13
4983,1876,206,3,Worth buying,2025-05-08
4984,4691,283,2,Very good,2023-05-18
4985,1935,488,2,Not satisfied,2023-01-08
4986,4449,228,4,Not satisfied,2025-01-09
4987,2279,413,3,Highly recommended,2023-02-07
4988,2661,204,1,Excellent product,2023-09-20
4989,4176,291,3,Good value,2025-03-21
4990,1188,427,2,Amazing experience,2024-05-05
4991,3412,474,1,Amazing experience,2025-05-25
4992,4352,124,2,Quality could improve,2024-03-09
4993,1101,468,4,Very good,2024-06-05
4994,3256,250,5,Highly recommended,2025-04-29
4995,97,196,5,Good value,2024-01-11
4996,3087,63,1,Very good,2023-09-21
4997,585,389,5,Not satisfied,2024-03-12
4998,1536,226,1,Average quality,2024-12-17
4999,680,62,3,Worth buying,2023-07-14
5000,1374,353,5,Highly recommended,2024-12-10
5001,4973,216,1,Very good,2023-11-30
5002,4498,356,1,Excellent product,2025-03-18
5003,568,69,5,Fast delivery,2024-08-17
5004,4521,372,2,Quality could improve,2024-06-29
5005,1016,232,4,Excellent product,2025-03-18
5006,1371,277,1,Very good,2024-02-05
5007,3714,95,5,Worth buying,2025-04-14
5008,1421,116,2,Very good,2024-12-07
5009,4144,141,5,Amazing experience,2023-01-19
5010,4263,279,4,Quality could improve,2023-12-18
5011,1149,2,5,Very good,2024-07-22
5012,2444,226,4,Good value,2025-06-02
5013,3586,220,3,Very good,2024-04-13
5014,2083,211,3,Very good,2025-03-24
5015,4428,165,1,Highly recommended,2024-05-18
5016,3909,364,1,Excellent product,2023-09-09
5017,2125,153,4,Highly recommended,2025-05-18
5018,2324,192,4,Very good,2024-06-19
5019,3498,398,5,Good value,2023-11-16
5020,4540,124,1,Good value,2024-04-18
5021,3625,289,3,Good value,2025-01-06
5022,3092,151,2,Average quality,2023-07-14
5023,2329,290,2,Worth buying,2023-08-13
5024,411,441,5,Excellent product,2023-11-25
5025,4651,264,1,Highly recommended,2023-09-01
5026,2172,210,3,Very good,2024-03-12
5027,2716,440,1,Highly recommended,2024-03-30
5028,3213,86,2,Average quality,2025-03-27
5029,4082,307,1,Excellent product,2023-10-16
5030,3463,468,2,Worth buying,2024-10-09
5031,3629,395,1,Good value,2023-06-08
5032,2528,93,5,Amazing experience,2024-03-13
5033,3793,235,5,Average quality,2024-09-22
5034,2636,227,3,Highly recommended,2024-02-03
5035,4789,228,5,Not satisfied,2024-01-29
5036,4378,50,2,Amazing experience,2025-03-04
5037,4691,159,5,Worth buying,2023-09-13
5038,4622,300,3,Fast delivery,2023-10-18
5039,1391,116,5,Worth buying,2024-03-15
5040,3936,247,2,Fast delivery,2023-01-26
5041,4605,373,3,Quality could improve,2023-03-16
5042,446,20,1,Quality could improve,2023-11-27
5043,1083,269,1,Fast delivery,2023-03-09
5044,1976,278,4,Fast delivery,2025-05-24
5045,3325,98,2,Fast delivery,2023-04-11
5046,3966,329,4,Fast delivery,2024-02-13
5047,1419,458,1,Good value,2023-10-12
5048,3309,162,3,Very good,2023-03-11
5049,3938,344,1,Worth buying,2025-04-26
5050,670,215,4,Average quality,2024-11-24
5051,4446,106,2,Amazing experience,2023-09-30
5052,4519,104,4,Worth buying,2023-11-26
5053,2022,190,1,Highly recommended,2023-04-24
5054,486,299,5,Amazing experience,2025-03-03
5055,4626,301,4,Excellent product,2023-04-10
5056,4319,282,2,Good value,2023-02-17
5057,3688,279,1,Worth buying,2025-05-05
5058,2384,325,5,Excellent product,2024-08-02
5059,2412,418,4,Excellent product,2023-09-06
5060,4355,465,5,Highly recommended,2024-07-14
5061,974,161,3,Good value,2023-05-28
5062,2235,110,3,Worth buying,2024-09-16
5063,4102,457,2,Worth buying,2023-06-27
5064,1828,440,5,Excellent product,2025-03-10
5065,3442,44,5,Fast delivery,2023-03-17
5066,2969,387,3,Highly recommended,2025-02-16
5067,383,479,5,Excellent product,2023-03-08
5068,4572,280,5,Excellent product,2023-05-21
5069,2989,209,4,Fast delivery,2023-02-03
5070,1236,486,3,Good value,2023-08-15
5071,1207,122,4,Amazing experience,2023-01-05
5072,3617,247,5,Excellent product,2023-10-20
5073,1986,77,5,Not satisfied,2023-08-19
5074,4311,347,4,Fast delivery,2024-08-01
5075,1571,317,5,Fast delivery,2023-09-12
5076,4778,364,2,Very good,2023-08-03
5077,3974,340,2,Very good,2025-02-23
5078,4187,57,4,Worth buying,2023-10-11
5079,103,160,3,Worth buying,2024-01-18
5080,4339,59,4,Worth buying,2023-09-21
5081,3612,359,3,Highly recommended,2024-11-07
5082,3157,51,5,Very good,2024-07-25
5083,3531,432,5,Highly recommended,2024-05-28
5084,2311,9,1,Worth buying,2024-09-17
5085,3646,380,2,Average quality,2025-06-18
5086,3896,408,5,Excellent product,2023-10-27
5087,725,371,3,Not satisfied,2023-03-17
5088,2152,122,3,Quality could improve,2023-02-01
5089,974,478,4,Good value,2023-11-02
5090,4768,461,1,Quality could improve,2024-09-07
5091,1420,400,5,Excellent product,2023-04-16
5092,1378,311,1,Good value,2023-06-15
5093,2340,121,4,Fast delivery,2023-07-22
5094,4086,111,1,Worth buying,2025-01-12
5095,1363,24,3,Highly recommended,2025-04-21
5096,3820,404,4,Fast delivery,2024-02-19
5097,1163,65,5,Quality could improve,2023-03-23
5098,2106,4,4,Fast delivery,2023-06-28
5099,4872,394,4,Fast delivery,2024-09-20
5100,2489,322,3,Average quality,2024-03-31
5101,913,124,1,Fast delivery,2023-05-23
5102,4045,18,3,Average quality,2024-11-30
5103,3884,271,1,Fast delivery,2025-04-10
5104,370,469,3,Worth buying,2023-02-27
5105,4276,283,2,Average quality,2024-02-28
5106,1314,127,4,Fast delivery,2025-01-26
5107,888,220,3,Not satisfied,2023-12-02
5108,3640,216,3,Highly recommended,2025-01-15
5109,2923,361,5,Amazing experience,2024-03-16
5110,1564,257,5,Fast delivery,2023-08-03
5111,599,364,5,Very good,2023-04-15
5112,648,200,3,Excellent product,2025-04-19
5113,420,390,5,Quality could improve,2024-05-18
5114,4127,271,4,Worth buying,2025-01-30
5115,549,442,2,Worth buying,2023-09-12
5116,487,11,1,Average quality,2023-07-05
5117,3929,363,1,Fast delivery,2024-02-15
5118,3072,439,1,Highly recommended,2025-06-11
5119,1199,160,5,Highly recommended,2024-03-04
5120,594,383,2,Worth buying,2024-11-26
5121,1178,204,3,Excellent product,2024-01-31
5122,2413,17,4,Amazing experience,2024-11-29
5123,3127,403,3,Very good,2023-12-27
5124,4641,176,4,Average quality,2023-12-30
5125,4676,151,4,Excellent product,2024-01-21
5126,746,379,3,Amazing experience,2024-04-28
5127,3331,242,2,Worth buying,2024-10-27
5128,3763,427,1,Very good,2025-06-04
5129,4854,227,1,Quality could improve,2024-06-16
5130,958,216,3,Worth buying,2024-02-28
5131,4234,442,5,Not satisfied,2024-08-09
5132,3769,1,1,Amazing experience,2024-04-20
5133,2676,453,1,Quality could improve,2024-02-23
5134,92,129,5,Amazing experience,2025-02-05
5135,609,329,5,Quality could improve,2024-03-19
5136,81,413,2,Average quality,2023-02-26
5137,2528,229,2,Very good,2024-05-17
5138,127,237,4,Fast delivery,2024-09-28
5139,1059,438,2,Not satisfied,2023-06-23
5140,1459,215,4,Fast delivery,2024-04-24
5141,2322,143,4,Quality could improve,2025-01-11
5142,2549,24,1,Excellent product,2024-04-11
5143,984,148,3,Fast delivery,2024-06-03
5144,4869,373,2,Very good,2024-10-07
5145,3310,141,3,Not satisfied,2023-07-24
5146,3379,219,2,Quality could improve,2024-02-09
5147,3684,174,2,Amazing experience,2024-07-25
5148,872,259,5,Worth buying,2025-06-04
5149,665,218,5,Very good,2023-07-26
5150,1201,454,2,Fast delivery,2024-04-02
5151,2756,352,1,Not satisfied,2023-09-16
5152,580,462,5,Worth buying,2024-05-21
5153,3439,460,1,Amazing experience,2025-03-07
5154,1739,212,1,Highly recommended,2024-12-19
5155,4145,249,4,Not satisfied,2024-10-16
5156,2108,84,1,Good value,2023-02-21
5157,353,446,4,Worth buying,2024-07-29
5158,152,429,1,Not satisfied,2023-02-01
5159,296,227,5,Worth buying,2024-07-02
5160,4040,341,1,Good value,2023-12-22
5161,4585,490,5,Not satisfied,2025-03-24
5162,1396,399,1,Excellent product,2024-08-22
5163,4902,144,1,Highly recommended,2024-06-10
5164,2905,205,3,Quality could improve,2023-09-18
5165,27,477,4,Not satisfied,2024-10-27
5166,1033,303,3,Average quality,2023-06-06
5167,4413,323,2,Excellent product,2024-08-07
5168,2004,411,5,Worth buying,2024-11-24
5169,1820,100,2,Very good,2024-06-07
5170,3468,59,1,Excellent product,2024-09-16
5171,1243,243,1,Highly recommended,2023-02-01
5172,4534,460,3,Average quality,2024-10-12
5173,2374,466,3,Quality could improve,2023-07-09
5174,4859,265,2,Excellent product,2025-05-15
5175,4481,497,1,Amazing experience,2025-01-22
5176,3828,23,1,Quality could improve,2023-10-05
5177,4107,22,2,Amazing experience,2023-10-13
5178,3628,19,4,Fast delivery,2024-10-31
5179,2698,50,5,Quality could improve,2024-01-08
5180,3709,118,5,Highly recommended,2023-07-27
5181,4728,312,5,Fast delivery,2025-04-12
5182,303,248,2,Excellent product,2024-09-08
5183,3448,148,4,Excellent product,2023-12-23
5184,3323,497,3,Quality could improve,2024-10-03
5185,3193,87,4,Not satisfied,2023-10-07
5186,4358,54,1,Good value,2024-12-21
5187,4958,256,5,Worth buying,2023-03-31
5188,4723,472,2,Very good,2023-10-16
5189,4370,462,5,Very good,2025-02-02
5190,4831,427,3,Very good,2023-05-28
5191,2946,356,2,Worth buying,2023-02-08
5192,2193,222,4,Fast delivery,2023-06-30
5193,3587,392,5,Excellent product,2024-12-09
5194,4463,67,4,Fast delivery,2025-03-08
5195,4345,226,2,Average quality,2023-07-05
5196,2224,142,3,Not satisfied,2025-05-31
5197,4202,63,4,Amazing experience,2024-12-23
5198,4833,219,2,Not satisfied,2025-06-06
5199,1544,428,5,Very good,2024-12-18
5200,1394,76,3,Good value,2023-12-23
5201,1549,290,3,Fast delivery,2023-10-01
5202,4550,73,1,Fast delivery,2024-05-11
5203,404,255,3,Highly recommended,2024-12-31
5204,2115,9,5,Fast delivery,2023-08-31
5205,2883,49,3,Very good,2023-08-21
5206,1680,487,1,Highly recommended,2025-05-03
5207,925,461,1,Worth buying,2023-11-18
5208,1124,340,1,Fast delivery,2023-01-10
5209,1659,116,4,Not satisfied,2025-06-19
5210,929,72,1,Good value,2024-07-20
5211,4580,9,1,Excellent product,2023-02-16
5212,1412,262,3,Good value,2023-11-04
5213,4174,84,2,Average quality,2023-09-23
5214,3227,316,5,Fast delivery,2024-01-06
5215,531,104,5,Quality could improve,2024-02-16
5216,765,306,2,Average quality,2025-06-07
5217,2543,341,4,Good value,2023-10-04
5218,3945,436,4,Good value,2023-07-25
5219,1113,190,2,Not satisfied,2025-03-15
5220,3360,11,3,Good value,2024-12-22
5221,5,320,5,Very good,2024-03-15
5222,3372,364,4,Quality could improve,2025-04-25
5223,2412,200,3,Excellent product,2024-12-29
5224,1289,317,4,Average quality,2023-01-11
5225,1640,148,2,Fast delivery,2025-05-24
5226,2737,247,4,Very good,2025-04-27
5227,655,94,3,Not satisfied,2023-01-10
5228,1453,56,5,Fast delivery,2024-09-12
5229,4029,411,4,Highly recommended,2024-04-27
5230,599,380,4,Average quality,2024-09-21
5231,714,217,5,Good value,2023-03-24
5232,2755,473,1,Highly recommended,2024-03-17
5233,2155,280,3,Worth buying,2023-06-03
5234,3859,216,5,Quality could improve,2025-03-28
5235,1675,184,3,Fast delivery,2023-12-28
5236,672,142,1,Amazing experience,2023-05-11
5237,1018,20,3,Not satisfied,2024-07-08
5238,4127,63,2,Average quality,2023-05-20
5239,2343,90,3,Amazing experience,2023-01-20
5240,1683,107,5,Worth buying,2025-01-25
5241,4519,100,4,Not satisfied,2024-04-06
5242,3329,164,5,Fast delivery,2023-10-18
5243,322,384,4,Excellent product,2023-11-26
5244,1223,471,1,Not satisfied,2023-11-26
5245,1327,353,3,Quality could improve,2023-03-10
5246,1546,102,2,Not satisfied,2023-09-19
5247,2004,126,3,Fast delivery,2023-09-18
5248,595,332,4,Highly recommended,2023-10-30
5249,2087,397,4,Fast delivery,2023-02-22
5250,4607,211,2,Very good,2023-06-29
5251,2623,489,1,Amazing experience,2024-05-09
5252,3626,232,3,Worth buying,2023-04-16
5253,499,312,3,Amazing experience,2024-08-03
5254,4309,273,5,Not satisfied,2023-09-24
5255,1214,433,2,Average quality,2025-04-08
5256,4653,148,3,Quality could improve,2024-08-18
5257,3606,412,5,Excellent product,2024-12-26
5258,2871,231,4,Excellent product,2025-01-04
5259,4438,31,2,Fast delivery,2024-01-13
5260,4204,247,1,Fast delivery,2025-06-06
5261,4719,496,1,Very good,2024-03-11
5262,2735,180,2,Worth buying,2025-06-18
5263,3372,456,4,Very good,2023-04-06
5264,373,62,1,Good value,2024-05-14
5265,4826,383,5,Good value,2024-06-05
5266,332,39,1,Good value,2024-08-09
5267,4989,253,2,Average quality,2024-09-12
5268,1741,301,4,Quality could improve,2025-01-31
5269,2983,236,4,Average quality,2025-01-20
5270,3516,338,1,Average quality,2025-05-18
5271,1663,294,4,Worth buying,2024-04-21
5272,3381,237,2,Highly recommended,2024-08-21
5273,4407,66,4,Worth buying,2024-12-21
5274,4165,379,4,Average quality,2025-02-24
5275,4558,188,2,Excellent product,2025-03-26
5276,2279,349,2,Very good,2024-11-08
5277,3501,386,5,Quality could improve,2024-07-08
5278,711,457,3,Highly recommended,2024-11-30
5279,2254,181,3,Fast delivery,2025-03-17
5280,3534,176,2,Amazing experience,2023-02-12
5281,4826,235,5,Fast delivery,2023-03-27
5282,2440,270,3,Very good,2024-09-03
5283,4892,452,5,Highly recommended,2023-01-19
5284,1441,196,2,Fast delivery,2024-03-06
5285,4175,398,4,Amazing experience,2023-04-28
5286,1875,409,2,Amazing experience,2023-10-27
5287,864,205,5,Very good,2025-02-20
5288,3609,304,4,Good value,2023-06-30
5289,1226,389,5,Good value,2023-06-26
5290,3079,440,2,Quality could improve,2025-05-30
5291,1199,374,4,Worth buying,2023-05-23
5292,1812,161,5,Not satisfied,2024-06-02
5293,3254,205,5,Worth buying,2024-10-22
5294,1219,482,2,Not satisfied,2025-02-01
5295,3869,69,3,Highly recommended,2023-04-14
5296,4160,360,4,Amazing experience,2025-01-09
5297,3584,196,4,Fast delivery,2023-04-30
5298,2324,253,4,Worth buying,2025-01-29
5299,3628,384,3,Worth buying,2024-12-23
5300,875,51,5,Quality could improve,2023-03-03
5301,2510,125,5,Quality could improve,2024-08-11
5302,1240,99,1,Fast delivery,2024-11-05
5303,4620,40,1,Quality could improve,2025-03-29
5304,2957,123,3,Average quality,2023-12-05
5305,3428,128,2,Very good,2025-01-11
5306,1829,330,1,Average quality,2025-05-28
5307,91,344,3,Highly recommended,2024-08-17
5308,3623,206,1,Good value,2024-10-01
5309,3952,25,5,Excellent product,2023-08-28
5310,1482,326,1,Highly recommended,2024-03-09
5311,1288,331,1,Excellent product,2025-05-13
5312,3150,89,3,Excellent product,2024-07-22
5313,4595,163,4,Highly recommended,2025-02-15
5314,4162,476,1,Excellent product,2023-05-14
5315,3876,187,1,Excellent product,2025-03-31
5316,4807,140,2,Excellent product,2024-01-18
5317,606,415,5,Very good,2024-11-28
5318,2685,281,3,Worth buying,2024-08-01
5319,1632,495,5,Quality could improve,2023-12-10
5320,1804,335,4,Excellent product,2023-06-27
5321,896,219,2,Amazing experience,2024-05-06
5322,2147,18,1,Average quality,2023-08-27
5323,4081,73,3,Good value,2023-09-03
5324,144,291,4,Highly recommended,2024-12-15
5325,2693,324,4,Worth buying,2025-04-27
5326,3043,18,4,Worth buying,2024-07-29
5327,3933,418,4,Very good,2024-12-26
5328,557,403,1,Fast delivery,2024-10-31
5329,2114,60,1,Highly recommended,2024-03-27
5330,1220,224,3,Fast delivery,2025-04-05
5331,1915,379,4,Not satisfied,2023-08-06
5332,476,250,5,Good value,2023-10-03
5333,835,145,1,Amazing experience,2024-08-23
5334,4588,45,5,Average quality,2025-06-01
5335,3934,127,3,Highly recommended,2023-03-10
5336,3601,247,2,Quality could improve,2025-02-17
5337,3810,331,3,Not satisfied,2023-02-21
5338,339,50,2,Amazing experience,2024-05-01
5339,3857,271,4,Average quality,2023-09-28
5340,2019,126,3,Worth buying,2024-02-29
5341,376,266,5,Quality could improve,2024-11-14
5342,4681,80,4,Not satisfied,2023-12-25
5343,2504,355,5,Excellent product,2023-07-20
5344,4529,176,1,Worth buying,2023-02-06
5345,568,285,1,Excellent product,2023-08-24
5346,4200,235,2,Very good,2023-06-06
5347,4386,17,2,Excellent product,2023-05-15
5348,2648,155,4,Worth buying,2023-06-18
5349,610,232,2,Amazing experience,2023-10-22
5350,1496,353,3,Excellent product,2024-07-13
5351,4442,196,1,Average quality,2023-06-14
5352,1225,55,5,Worth buying,2023-05-05
5353,3514,190,1,Highly recommended,2025-03-08
5354,4447,217,3,Average quality,2024-04-29
5355,3863,11,4,Good value,2023-08-23
5356,1050,195,2,Good value,2023-07-03
5357,1197,43,4,Very good,2023-07-20
5358,214,389,1,Quality could improve,2025-03-13
5359,2803,407,1,Good value,2023-02-27
5360,2545,62,4,Average quality,2023-03-30
5361,2306,101,1,Very good,2023-11-08
5362,4252,50,1,Very good,2023-11-05
5363,3914,142,2,Highly recommended,2024-12-25
5364,2825,183,1,Worth buying,2024-07-16
5365,4498,325,2,Average quality,2024-10-13
5366,4747,486,4,Very good,2023-07-21
5367,3661,261,3,Fast delivery,2024-06-07
5368,995,134,5,Quality could improve,2024-07-24
5369,674,145,1,Amazing experience,2023-09-15
5370,3733,68,3,Good value,2025-05-08
5371,1407,431,1,Fast delivery,2025-04-20
5372,4303,361,2,Highly recommended,2025-01-31
5373,4542,119,1,Quality could improve,2024-08-06
5374,1901,166,2,Quality could improve,2024-07-08
5375,1306,224,3,Good value,2023-08-14
5376,1353,307,3,Average quality,2025-02-11
5377,4508,206,3,Worth buying,2024-02-25
5378,2789,153,4,Good value,2024-01-11
5379,4189,12,5,Highly recommended,2024-01-03
5380,2060,36,4,Worth buying,2024-03-07
5381,1911,256,2,Excellent product,2024-09-19
5382,2138,256,2,Highly recommended,2023-04-21
5383,1155,230,4,Excellent product,2024-04-18
5384,4418,375,3,Very good,2023-09-30
5385,634,302,2,Amazing experience,2023-08-14
5386,1019,233,3,Average quality,2023-08-03
5387,1956,375,3,Worth buying,2025-03-03
5388,1967,368,1,Highly recommended,2023-08-29
5389,3026,429,5,Quality could improve,2025-01-07
5390,1932,362,1,Not satisfied,2024-02-07
5391,2582,62,5,Quality could improve,2023-04-11
5392,3449,154,2,Average quality,2024-04-29
5393,4112,312,3,Amazing experience,2023-03-16
5394,3635,273,1,Worth buying,2025-03-31
5395,3763,145,5,Worth buying,2023-11-26
5396,4114,330,5,Very good,2025-03-10
5397,1857,33,4,Good value,2024-10-31
5398,1468,32,1,Fast delivery,2023-07-17
5399,2518,384,4,Good value,2023-10-16
5400,4082,228,1,Worth buying,2024-07-15
5401,2715,87,4,Quality could improve,2024-03-18
5402,3983,352,1,Highly recommended,2024-07-16
5403,2006,78,5,Average quality,2025-01-23
5404,3697,438,4,Worth buying,2023-12-22
5405,3279,176,2,Fast delivery,2025-06-07
5406,462,468,4,Very good,2024-03-29
5407,3617,483,3,Not satisfied,2024-07-08
5408,3402,327,5,Highly recommended,2024-07-24
5409,1648,221,4,Average quality,2025-03-23
5410,4533,191,4,Highly recommended,2023-09-03
5411,2549,449,2,Good value,2023-05-06
5412,2561,179,4,Excellent product,2023-12-10
5413,3104,30,2,Very good,2023-03-26
5414,482,332,4,Excellent product,2024-07-08
5415,3381,317,5,Worth buying,2023-06-05
5416,3723,366,1,Excellent product,2023-07-26
5417,457,195,2,Not satisfied,2023-10-02
5418,525,12,4,Highly recommended,2024-12-27
5419,3043,260,3,Quality could improve,2024-07-10
5420,4729,334,3,Average quality,2025-05-06
5421,2855,192,4,Average quality,2024-08-15
5422,503,130,2,Excellent product,2023-10-07
5423,4243,61,4,Excellent product,2023-08-21
5424,1115,53,5,Excellent product,2025-03-19
5425,3761,248,4,Quality could improve,2023-01-21
5426,1017,346,1,Quality could improve,2024-05-18
5427,1627,262,5,Quality could improve,2023-10-11
5428,3004,431,5,Highly recommended,2025-01-08
5429,4949,178,5,Quality could improve,2024-01-03
5430,223,39,1,Fast delivery,2023-04-26
5431,343,285,3,Highly recommended,2025-05-05
5432,990,87,3,Good value,2024-01-11
5433,4816,162,1,Amazing experience,2024-06-03
5434,80,167,4,Quality could improve,2024-01-23
5435,102,274,2,Not satisfied,2025-06-13
5436,1201,362,4,Not satisfied,2024-02-18
5437,287,59,5,Good value,2024-06-07
5438,2808,140,1,Not satisfied,2024-10-17
5439,4801,257,1,Worth buying,2025-06-10
5440,1237,169,4,Excellent product,2024-03-28
5441,3552,173,1,Excellent product,2023-04-17
5442,3427,321,5,Average quality,2024-06-05
5443,3682,94,5,Fast delivery,2023-06-21
5444,2906,268,5,Good value,2024-10-25
5445,1083,189,1,Quality could improve,2023-08-15
5446,1518,378,4,Highly recommended,2025-02-18
5447,714,319,2,Quality could improve,2025-03-14
5448,27,10,5,Excellent product,2023-08-10
5449,3069,214,4,Quality could improve,2024-10-13
5450,3198,143,4,Quality could improve,2023-05-28
5451,115,354,1,Not satisfied,2024-03-12
5452,2647,428,3,Quality could improve,2023-11-15
5453,1459,113,4,Amazing experience,2023-02-28
5454,2327,278,2,Very good,2023-04-21
5455,1314,20,3,Not satisfied,2025-02-22
5456,2081,40,2,Excellent product,2023-09-10
5457,2397,148,5,Amazing experience,2024-12-28
5458,577,28,4,Amazing experience,2024-05-17
5459,1210,206,4,Quality could improve,2024-01-28
5460,3129,18,3,Amazing experience,2023-06-22
5461,4657,262,1,Quality could improve,2024-12-20
5462,89,472,2,Worth buying,2025-05-17
5463,90,152,1,Amazing experience,2023-03-18
5464,2162,225,1,Good value,2025-04-03
5465,2960,144,4,Average quality,2023-07-05
5466,841,365,5,Average quality,2024-10-26
5467,466,281,1,Average quality,2024-04-25
5468,50,498,5,Average quality,2023-09-23
5469,4289,465,1,Fast delivery,2024-03-25
5470,2292,155,2,Amazing experience,2025-01-30
5471,4005,286,3,Amazing experience,2025-04-04
5472,2723,176,5,Highly recommended,2023-09-10
5473,1996,291,3,Excellent product,2024-09-29
5474,2718,274,5,Very good,2024-02-21
5475,2771,142,3,Excellent product,2024-04-08
5476,882,150,2,Very good,2024-02-05
5477,4664,395,1,Excellent product,2025-04-01
5478,2681,292,2,Highly recommended,2024-11-04
5479,2199,349,5,Average quality,2023-04-15
5480,1496,317,3,Very good,2024-02-17
5481,4581,67,2,Quality could improve,2024-08-14
5482,919,120,5,Excellent product,2023-10-02
5483,4906,382,3,Good value,2023-01-24
5484,2263,357,5,Amazing experience,2024-08-25
5485,1968,60,5,Good value,2023-12-17
5486,556,391,5,Very good,2023-07-18
5487,3520,332,1,Good value,2025-06-17
5488,2440,484,4,Not satisfied,2023-01-17
5489,1635,170,2,Average quality,2024-10-24
5490,3408,405,5,Highly recommended,2023-09-15
5491,1647,35,1,Amazing experience,2024-07-16
5492,990,50,5,Highly recommended,2024-06-15
5493,4333,254,4,Very good,2024-12-02
5494,3704,43,2,Quality could improve,2023-06-17
5495,1291,79,3,Fast delivery,2024-11-17
5496,2419,162,1,Excellent product,2023-08-13
5497,4879,133,5,Good value,2025-01-03
5498,4583,304,3,Amazing experience,2024-09-16
5499,4054,280,4,Average quality,2023-10-17
5500,682,107,4,Excellent product,2023-08-23
5501,2170,244,5,Amazing experience,2023-07-30
5502,2375,138,1,Good value,2024-11-15
5503,4535,152,5,Quality could improve,2024-05-14
5504,251,147,3,Very good,2023-12-12
5505,2903,232,5,Worth buying,2023-09-09
5506,4629,486,4,Worth buying,2023-02-06
5507,3378,36,5,Highly recommended,2023-04-17
5508,1483,135,3,Not satisfied,2023-01-28
5509,3653,381,2,Worth buying,2025-02-13
5510,2127,147,5,Very good,2025-01-29
5511,2356,116,4,Highly recommended,2024-10-27
5512,1182,76,5,Fast delivery,2024-09-11
5513,4988,233,2,Worth buying,2023-02-11
5514,2897,91,4,Fast delivery,2025-04-06
5515,1049,126,5,Not satisfied,2023-11-17
5516,1410,429,2,Good value,2023-09-20
5517,2187,497,2,Average quality,2024-04-14
5518,1637,201,1,Very good,2025-02-07
5519,850,162,4,Amazing experience,2023-07-02
5520,4015,276,3,Average quality,2025-05-31
5521,3640,187,1,Fast delivery,2024-11-07
5522,3120,12,5,Good value,2024-11-20
5523,3831,457,4,Worth buying,2023-01-11
5524,540,124,4,Good value,2024-08-26
5525,4841,376,4,Worth buying,2023-07-05
5526,1539,110,2,Very good,2023-12-09
5527,770,170,5,Good value,2023-02-04
5528,4103,291,1,Fast delivery,2023-10-25
5529,3679,297,2,Not satisfied,2025-05-22
5530,2079,456,5,Not satisfied,2024-11-06
5531,1210,104,5,Highly recommended,2025-03-20
5532,1444,499,4,Average quality,2023-04-21
5533,2276,236,5,Quality could improve,2024-11-22
5534,4968,367,5,Worth buying,2023-01-03
5535,735,93,4,Worth buying,2024-10-19
5536,2319,144,5,Very good,2023-12-18
5537,3373,401,1,Good value,2023-09-28
5538,513,37,2,Excellent product,2024-01-04
5539,1857,472,4,Excellent product,2023-11-28
5540,1764,465,5,Fast delivery,2023-05-24
5541,2290,195,3,Quality could improve,2023-03-21
5542,1973,476,3,Quality could improve,2024-12-22
5543,2860,172,4,Amazing experience,2025-04-14
5544,449,246,5,Excellent product,2024-06-07
5545,4263,361,4,Fast delivery,2023-12-03
5546,3904,282,3,Good value,2023-10-21
5547,1232,445,1,Worth buying,2025-06-14
5548,2776,466,2,Highly recommended,2024-01-02
5549,4738,221,3,Good value,2023-12-24
5550,775,225,4,Excellent product,2025-01-09
5551,3968,437,1,Excellent product,2024-10-14
5552,2809,314,1,Very good,2024-10-07
5553,544,353,3,Average quality,2023-01-31
5554,3958,179,4,Excellent product,2024-10-17
5555,2926,469,4,Excellent product,2023-05-28
5556,3168,457,3,Worth buying,2023-08-18
5557,1723,361,4,Excellent product,2024-02-04
5558,4910,450,2,Fast delivery,2025-05-07
5559,2525,292,4,Worth buying,2024-04-05
5560,830,312,5,Quality could improve,2024-03-03
5561,410,45,2,Average quality,2024-04-23
5562,1851,358,2,Average quality,2025-01-14
5563,2267,144,3,Amazing experience,2023-06-16
5564,828,424,3,Not satisfied,2025-01-27
5565,2471,456,5,Excellent product,2024-03-07
5566,3961,301,1,Amazing experience,2025-06-10
5567,1545,384,2,Good value,2024-10-29
5568,1957,37,4,Not satisfied,2023-01-16
5569,2029,407,1,Fast delivery,2023-02-24
5570,4664,168,1,Highly recommended,2023-01-08
5571,1311,286,1,Average quality,2024-02-05
5572,1497,381,1,Good value,2023-02-01
5573,72,15,5,Worth buying,2023-06-11
5574,3036,167,4,Fast delivery,2024-04-05
5575,496,316,5,Quality could improve,2024-11-05
5576,3214,51,1,Very good,2024-10-28
5577,4940,263,3,Quality could improve,2024-07-09
5578,1746,233,5,Good value,2024-03-14
5579,57,497,1,Not satisfied,2023-01-18
5580,2592,407,2,Excellent product,2024-10-17
5581,2180,345,2,Fast delivery,2023-03-02
5582,1328,167,1,Not satisfied,2024-02-22
5583,2125,438,1,Average quality,2023-01-27
5584,711,466,4,Very good,2024-03-28
5585,1684,63,3,Worth buying,2024-10-08
5586,905,166,1,Worth buying,2024-05-23
5587,3408,258,2,Average quality,2023-05-01
5588,4831,188,5,Fast delivery,2023-05-15
5589,2963,23,4,Excellent product,2025-02-12
5590,4535,110,1,Good value,2024-11-06
5591,3276,462,2,Quality could improve,2023-11-02
5592,2502,2,3,Good value,2025-05-29
5593,466,322,2,Average quality,2024-04-27
5594,4688,288,3,Amazing experience,2023-08-21
5595,2890,138,2,Average quality,2024-10-31
5596,3356,267,3,Fast delivery,2024-02-22
5597,4402,224,4,Fast delivery,2024-12-26
5598,4637,36,3,Not satisfied,2023-01-27
5599,2712,218,1,Highly recommended,2024-06-17
5600,353,475,2,Quality could improve,2024-06-22
5601,140,266,4,Worth buying,2025-03-04
5602,3241,451,3,Not satisfied,2025-02-12
5603,2917,46,3,Fast delivery,2025-03-21
5604,1771,487,3,Good value,2024-06-07
5605,3200,137,1,Good value,2024-02-23
5606,4161,408,4,Amazing experience,2025-03-13
5607,2361,472,4,Fast delivery,2024-12-21
5608,821,323,4,Good value,2025-06-09
5609,377,437,5,Fast delivery,2023-12-31
5610,1871,441,4,Not satisfied,2024-04-07
5611,1493,61,5,Good value,2023-05-17
5612,1552,262,1,Amazing experience,2023-06-10
5613,2252,320,4,Excellent product,2024-09-19
5614,4897,350,2,Average quality,2024-05-21
5615,806,30,4,Good value,2023-12-11
5616,1017,65,5,Worth buying,2024-06-27
5617,4289,379,5,Worth buying,2024-09-14
5618,1723,18,3,Good value,2024-04-10
5619,1966,443,4,Quality could improve,2024-02-13
5620,1115,490,4,Good value,2024-06-01
5621,1156,83,1,Good value,2025-02-22
5622,4449,256,4,Fast delivery,2024-09-05
5623,3749,144,4,Fast delivery,2024-06-05
5624,400,53,4,Highly recommended,2023-10-27
5625,2458,334,5,Not satisfied,2023-09-03
5626,3884,257,1,Not satisfied,2024-10-26
5627,1621,239,1,Highly recommended,2023-07-14
5628,4805,62,4,Amazing experience,2024-10-19
5629,470,387,5,Excellent product,2024-02-29
5630,2161,10,4,Highly recommended,2024-08-30
5631,1959,119,5,Quality could improve,2023-09-12
5632,2156,436,4,Excellent product,2023-11-28
5633,4142,240,3,Highly recommended,2023-07-09
5634,1461,209,4,Fast delivery,2023-09-09
5635,4213,366,5,Quality could improve,2024-11-17
5636,3583,295,3,Very good,2024-03-22
5637,883,323,4,Average quality,2023-08-29
5638,799,89,3,Worth buying,2024-10-27
5639,4834,486,4,Good value,2023-09-09
5640,4994,378,2,Fast delivery,2024-02-03
5641,3737,129,2,Highly recommended,2023-08-26
5642,3441,172,4,Excellent product,2024-05-21
5643,820,453,3,Very good,2025-05-12
5644,3289,372,2,Fast delivery,2024-09-21
5645,3257,230,2,Worth buying,2025-03-11
5646,2249,364,4,Fast delivery,2023-11-04
5647,3791,393,5,Quality could improve,2024-03-14
5648,4283,419,4,Amazing experience,2025-04-25
5649,1459,63,3,Quality could improve,2024-06-01
5650,4679,270,4,Excellent product,2023-11-19
5651,1923,389,2,Excellent product,2023-08-23
5652,3306,230,5,Very good,2024-02-13
5653,471,489,5,Good value,2024-08-01
5654,1737,12,2,Not satisfied,2024-02-17
5655,1810,131,4,Worth buying,2023-11-12
5656,1469,257,5,Excellent product,2024-02-05
5657,4948,470,1,Highly recommended,2023-09-22
5658,4821,170,2,Excellent product,2024-09-17
5659,2364,38,4,Good value,2024-12-15
5660,1315,376,2,Highly recommended,2024-06-11
5661,3882,166,4,Not satisfied,2023-05-29
5662,44,196,4,Excellent product,2023-11-12
5663,2321,491,2,Amazing experience,2023-02-09
5664,2184,121,1,Worth buying,2024-06-05
5665,3918,439,3,Excellent product,2023-12-24
5666,1679,454,2,Good value,2023-05-02
5667,4415,331,3,Highly recommended,2024-05-18
5668,758,314,5,Good value,2023-07-25
5669,3241,278,3,Highly recommended,2023-06-11
5670,1770,375,4,Average quality,2025-05-14
5671,3413,89,1,Worth buying,2024-06-02
5672,3637,242,2,Worth buying,2023-10-03
5673,2491,487,5,Highly recommended,2023-07-12
5674,4917,88,5,Average quality,2024-09-02
5675,588,406,1,Average quality,2024-01-14
5676,2856,273,5,Not satisfied,2023-12-27
5677,4123,296,1,Average quality,2023-12-21
5678,2149,167,4,Not satisfied,2023-02-18
5679,1195,182,5,Quality could improve,2023-11-12
5680,3208,316,4,Excellent product,2023-03-09
5681,2272,493,3,Fast delivery,2023-07-19
5682,250,181,4,Excellent product,2024-11-30
5683,4963,116,1,Average quality,2024-05-17
5684,487,145,3,Fast delivery,2024-07-21
5685,2623,249,5,Fast delivery,2024-07-02
5686,2276,243,3,Average quality,2025-02-04
5687,34,89,2,Worth buying,2024-07-27
5688,2246,244,4,Very good,2024-05-29
5689,687,291,4,Very good,2023-12-12
5690,3080,176,3,Amazing experience,2025-03-08
5691,1260,135,4,Amazing experience,2025-01-26
5692,979,280,3,Worth buying,2024-01-25
5693,3359,219,3,Very good,2023-09-13
5694,2253,293,3,Not satisfied,2023-01-13
5695,2828,191,4,Quality could improve,2025-02-10
5696,2596,450,4,Excellent product,2023-10-22
5697,3206,364,3,Amazing experience,2023-09-25
5698,4065,471,1,Worth buying,2023-08-03
5699,2413,389,1,Very good,2024-11-11
5700,1342,139,2,Worth buying,2023-04-04
5701,4382,331,3,Amazing experience,2023-11-19
5702,2092,69,5,Not satisfied,2023-07-15
5703,1907,329,3,Highly recommended,2024-01-16
5704,1049,215,3,Highly recommended,2023-07-06
5705,3264,500,5,Highly recommended,2024-08-16
5706,2831,228,1,Good value,2023-04-17
5707,2241,431,5,Very good,2023-02-28
5708,4271,496,2,Very good,2024-08-28
5709,3678,295,3,Amazing experience,2024-11-19
5710,1710,51,4,Very good,2024-01-18
5711,267,458,3,Fast delivery,2023-09-13
5712,2745,455,1,Highly recommended,2024-05-17
5713,4257,147,1,Very good,2023-10-28
5714,213,68,4,Highly recommended,2024-04-25
5715,4456,128,4,Excellent product,2023-11-01
5716,920,39,4,Amazing experience,2023-07-07
5717,2676,97,2,Good value,2025-02-16
5718,1239,205,2,Not satisfied,2023-12-28
5719,3426,207,4,Worth buying,2023-10-10
5720,137,499,2,Fast delivery,2025-05-24
5721,4072,298,1,Highly recommended,2023-02-01
5722,86,50,2,Good value,2023-10-24
5723,2368,471,5,Average quality,2025-04-15
5724,751,45,3,Worth buying,2023-08-10
5725,4384,9,4,Very good,2023-09-24
5726,317,64,1,Not satisfied,2024-06-30
5727,3644,356,2,Highly recommended,2023-07-10
5728,3994,24,3,Amazing experience,2023-10-27
5729,3767,447,1,Average quality,2023-08-20
5730,3627,106,2,Average quality,2023-09-20
5731,1620,100,3,Fast delivery,2024-12-26
5732,3786,309,4,Good value,2024-12-19
5733,2475,76,5,Worth buying,2025-06-03
5734,2748,245,5,Amazing experience,2023-07-24
5735,2242,496,3,Fast delivery,2023-11-09
5736,490,315,3,Amazing experience,2024-02-22
5737,3256,200,1,Average quality,2023-08-29
5738,4266,321,3,Highly recommended,2025-06-17
5739,2340,395,4,Amazing experience,2023-01-27
5740,874,404,4,Excellent product,2023-06-25
5741,2489,459,4,Highly recommended,2023-08-10
5742,3503,108,2,Worth buying,2023-01-26
5743,4175,371,5,Excellent product,2023-11-25
5744,3589,207,2,Not satisfied,2024-05-07
5745,1879,78,4,Very good,2025-01-27
5746,3268,466,1,Good value,2024-09-05
5747,914,383,4,Fast delivery,2023-09-24
5748,3332,154,5,Good value,2024-02-06
5749,667,20,2,Highly recommended,2023-10-05
5750,3573,233,5,Not satisfied,2023-03-20
5751,3717,199,2,Amazing experience,2024-03-21
5752,4795,408,4,Not satisfied,2023-08-23
5753,2760,362,5,Very good,2024-12-02
5754,3349,84,1,Quality could improve,2023-11-24
5755,436,162,4,Very good,2025-06-12
5756,2751,306,3,Excellent product,2023-02-01
5757,2053,405,1,Worth buying,2023-08-20
5758,2086,374,2,Excellent product,2024-12-12
5759,2659,389,2,Fast delivery,2025-03-13
5760,1791,461,5,Amazing experience,2024-10-31
5761,2011,390,1,Amazing experience,2023-02-04
5762,3410,71,2,Average quality,2024-09-18
5763,3816,82,3,Very good,2023-03-29
5764,1722,349,5,Good value,2025-02-26
5765,3054,495,2,Good value,2025-06-14
5766,1679,232,3,Fast delivery,2023-10-13
5767,2318,425,1,Quality could improve,2024-01-17
5768,4073,345,5,Quality could improve,2025-02-19
5769,3537,232,4,Worth buying,2023-08-28
5770,1906,232,2,Quality could improve,2023-12-31
5771,759,408,2,Amazing experience,2023-06-24
5772,3120,120,4,Average quality,2023-02-22
5773,761,397,5,Highly recommended,2024-04-20
5774,188,256,3,Worth buying,2023-10-29
5775,3940,243,2,Not satisfied,2023-08-11
5776,924,156,5,Quality could improve,2024-06-27
5777,2605,96,4,Average quality,2023-05-29
5778,25,344,1,Amazing experience,2024-03-30
5779,3754,121,3,Excellent product,2024-02-19
5780,902,135,3,Not satisfied,2025-01-05
5781,4610,30,2,Good value,2024-08-01
5782,2385,232,2,Quality could improve,2025-01-02
5783,3230,286,2,Good value,2025-05-01
5784,4935,259,2,Quality could improve,2023-12-21
5785,1615,34,5,Fast delivery,2024-11-12
5786,1214,350,2,Highly recommended,2024-03-18
5787,1545,180,4,Good value,2023-02-12
5788,4347,9,2,Good value,2025-03-07
5789,3949,267,3,Very good,2024-12-16
5790,872,262,3,Not satisfied,2023-10-23
5791,4256,340,5,Excellent product,2023-01-01
5792,1737,433,5,Not satisfied,2023-01-28
5793,9,456,3,Very good,2024-03-18
5794,4802,301,1,Very good,2023-02-26
5795,4459,74,4,Very good,2024-07-26
5796,2385,383,4,Highly recommended,2025-03-27
5797,3094,288,5,Amazing experience,2025-01-26
5798,1935,344,3,Quality could improve,2023-10-07
5799,4602,440,2,Excellent product,2024-12-03
5800,2021,6,2,Good value,2023-05-16
5801,2335,486,1,Good value,2025-02-02
5802,2029,376,4,Quality could improve,2023-06-07
5803,237,259,4,Quality could improve,2024-02-11
5804,4786,255,1,Good value,2023-10-24
5805,4549,284,4,Amazing experience,2024-11-12
5806,2734,253,2,Very good,2023-11-24
5807,3808,130,1,Very good,2025-01-19
5808,785,188,5,Good value,2023-09-28
5809,2599,321,5,Highly recommended,2023-05-23
5810,1061,416,4,Average quality,2024-09-15
5811,4280,235,2,Quality could improve,2023-10-22
5812,4295,110,1,Not satisfied,2023-02-04
5813,522,460,5,Worth buying,2025-05-17
5814,2944,447,5,Highly recommended,2023-06-09
5815,1380,378,1,Amazing experience,2023-02-15
5816,2491,60,5,Very good,2024-03-11
5817,2351,191,2,Average quality,2023-02-13
5818,1629,278,5,Worth buying,2024-09-09
5819,985,271,4,Very good,2023-03-11
5820,4387,96,3,Very good,2024-02-14
5821,2827,378,5,Amazing experience,2025-04-07
5822,1408,217,1,Good value,2024-08-06
5823,3118,81,1,Fast delivery,2024-08-13
5824,1567,297,3,Highly recommended,2024-07-19
5825,81,248,1,Good value,2025-02-06
5826,2595,369,3,Highly recommended,2023-06-05
5827,1928,389,5,Quality could improve,2024-05-28
5828,4850,470,1,Fast delivery,2024-05-11
5829,4981,349,2,Good value,2023-08-27
5830,1463,488,2,Good value,2023-07-10
5831,2270,335,2,Excellent product,2023-08-10
5832,2631,27,2,Quality could improve,2023-04-15
5833,95,129,5,Quality could improve,2024-03-25
5834,4623,134,5,Amazing experience,2023-11-08
5835,3692,297,2,Excellent product,2023-07-12
5836,2563,212,3,Fast delivery,2024-11-21
5837,4436,102,1,Fast delivery,2023-03-18
5838,520,125,4,Excellent product,2024-12-15
5839,3334,105,5,Amazing experience,2024-12-08
5840,3033,81,5,Very good,2024-07-17
5841,4923,243,1,Excellent product,2023-07-22
5842,2194,65,2,Good value,2023-05-17
5843,217,367,3,Excellent product,2023-11-13
5844,3849,450,4,Average quality,2024-06-25
5845,4007,143,3,Fast delivery,2024-10-16
5846,4347,311,2,Excellent product,2024-09-09
5847,1199,493,2,Worth buying,2023-02-26
5848,3209,242,5,Amazing experience,2023-01-30
5849,3412,77,1,Excellent product,2024-12-31
5850,4137,32,5,Good value,2023-03-15
5851,1057,365,5,Average quality,2023-02-10
5852,1346,378,4,Worth buying,2024-11-25
5853,617,402,1,Not satisfied,2024-01-14
5854,1376,205,4,Worth buying,2023-10-16
5855,4045,476,1,Excellent product,2023-03-01
5856,952,283,2,Quality could improve,2023-11-23
5857,2447,151,3,Worth buying,2024-12-28
5858,3382,153,5,Very good,2023-10-13
5859,1592,30,1,Excellent product,2023-01-07
5860,3727,48,2,Very good,2024-11-30
5861,1433,146,2,Fast delivery,2023-03-10
5862,1588,84,5,Amazing experience,2024-11-24
5863,4913,118,4,Fast delivery,2023-05-21
5864,269,124,4,Worth buying,2024-01-02
5865,4384,104,4,Worth buying,2024-10-01
5866,4066,282,4,Amazing experience,2024-04-24
5867,4709,334,2,Amazing experience,2023-05-12
5868,4863,181,1,Average quality,2023-12-18
5869,3784,80,3,Excellent product,2024-06-26
5870,2647,218,3,Not satisfied,2023-03-25
5871,2426,171,3,Excellent product,2025-05-01
5872,3217,122,5,Highly recommended,2023-02-17
5873,2202,236,4,Good value,2025-03-10
5874,4739,95,2,Not satisfied,2025-01-27
5875,958,82,3,Worth buying,2025-05-30
5876,4696,440,3,Highly recommended,2023-06-04
5877,263,59,5,Highly recommended,2025-03-04
5878,2902,415,1,Average quality,2025-01-25
5879,2493,179,1,Highly recommended,2023-07-29
5880,2506,301,5,Not satisfied,2023-09-23
5881,4516,68,2,Average quality,2025-04-23
5882,2678,78,1,Highly recommended,2024-07-11
5883,2547,3,5,Average quality,2024-08-24
5884,2789,223,4,Excellent product,2023-07-30
5885,4783,358,3,Very good,2023-03-10
5886,2911,13,4,Good value,2023-11-08
5887,1969,83,2,Worth buying,2023-02-25
5888,636,346,4,Quality could improve,2024-12-19
5889,2006,194,5,Worth buying,2024-06-21
5890,326,413,2,Quality could improve,2023-06-22
5891,4294,306,3,Quality could improve,2024-03-14
5892,3777,107,5,Amazing experience,2024-01-14
5893,2401,199,3,Excellent product,2023-07-03
5894,1924,125,4,Quality could improve,2024-06-12
5895,1177,483,2,Worth buying,2024-04-17
5896,3939,412,2,Excellent product,2023-12-24
5897,1429,9,1,Amazing experience,2025-04-17
5898,76,349,4,Fast delivery,2023-03-25
5899,4096,350,4,Worth buying,2023-05-18
5900,2666,175,5,Not satisfied,2024-07-15
5901,3660,92,5,Worth buying,2023-01-01
5902,3958,126,2,Average quality,2023-11-29
5903,2710,47,2,Average quality,2025-05-30
5904,536,146,3,Not satisfied,2024-11-12
5905,1095,76,3,Excellent product,2024-12-03
5906,4101,50,1,Not satisfied,2024-07-22
5907,368,252,3,Very good,2023-02-14
5908,1092,13,1,Highly recommended,2025-05-12
5909,4125,306,4,Good value,2024-02-26
5910,929,171,1,Quality could improve,2025-03-30
5911,3585,165,1,Worth buying,2024-06-30
5912,2421,156,5,Excellent product,2024-05-30
5913,3858,399,1,Excellent product,2024-05-12
5914,2772,369,5,Average quality,2024-05-21
5915,922,40,5,Highly recommended,2023-03-04
5916,2904,384,3,Excellent product,2023-09-04
5917,4122,367,4,Highly recommended,2024-11-21
5918,2233,167,3,Amazing experience,2023-08-10
5919,3408,132,1,Worth buying,2025-02-21
5920,189,365,3,Highly recommended,2024-08-20
5921,595,194,1,Quality could improve,2025-02-21
5922,4070,91,5,Worth buying,2023-12-02
5923,46,419,3,Highly recommended,2024-10-20
5924,468,393,4,Average quality,2023-08-01
5925,1039,282,4,Fast delivery,2023-08-18
5926,1052,312,3,Worth buying,2023-03-15
5927,3071,155,2,Good value,2025-03-13
5928,2213,1,4,Worth buying,2023-11-05
5929,3150,76,1,Not satisfied,2025-02-17
5930,4203,220,4,Highly recommended,2024-11-16
5931,3956,154,5,Worth buying,2024-11-12
5932,3605,379,2,Fast delivery,2025-01-17
5933,1130,444,4,Very good,2024-05-30
5934,2383,20,1,Fast delivery,2024-07-20
5935,2967,303,5,Highly recommended,2023-08-12
5936,3742,152,1,Not satisfied,2023-12-12
5937,704,103,3,Worth buying,2024-12-09
5938,3556,354,3,Average quality,2023-07-15
5939,85,134,5,Excellent product,2023-10-20
5940,2536,421,4,Highly recommended,2023-06-18
5941,4881,192,5,Good value,2023-07-20
5942,3261,472,5,Fast delivery,2023-05-08
5943,676,41,4,Very good,2024-03-21
5944,4167,471,2,Good value,2023-04-24
5945,855,312,3,Highly recommended,2025-06-16
5946,192,28,1,Not satisfied,2024-01-22
5947,1560,75,3,Average quality,2023-12-01
5948,4346,212,3,Fast delivery,2024-09-10
5949,3375,464,2,Amazing experience,2025-06-03
5950,4172,76,1,Quality could improve,2023-06-02
5951,2200,405,1,Highly recommended,2023-03-15
5952,3324,5,2,Fast delivery,2025-04-05
5953,1685,11,3,Worth buying,2024-10-12
5954,4190,78,5,Fast delivery,2024-04-13
5955,314,441,5,Not satisfied,2024-07-26
5956,508,64,1,Not satisfied,2024-07-24
5957,4462,493,2,Average quality,2024-09-24
5958,4441,8,1,Good value,2023-10-15
5959,4214,317,1,Very good,2024-04-12
5960,3765,496,1,Excellent product,2025-05-02
5961,2829,40,5,Fast delivery,2023-05-24
5962,1677,463,3,Highly recommended,2023-12-10
5963,3690,38,1,Not satisfied,2024-01-14
5964,227,142,4,Highly recommended,2024-08-23
5965,1324,407,5,Highly recommended,2024-10-23
5966,4026,64,2,Very good,2024-05-09
5967,4846,441,5,Fast delivery,2024-05-29
5968,2477,441,3,Quality could improve,2024-12-22
5969,4406,486,2,Highly recommended,2024-07-21
5970,1438,268,5,Not satisfied,2023-01-26
5971,413,183,4,Fast delivery,2023-09-11
5972,4480,139,4,Amazing experience,2023-03-19
5973,2644,271,5,Not satisfied,2023-08-08
5974,1895,444,2,Excellent product,2024-10-05
5975,535,471,5,Highly recommended,2024-04-06
5976,1767,460,3,Good value,2024-07-21
5977,584,17,2,Average quality,2023-07-20
5978,1691,389,4,Amazing experience,2023-02-26
5979,4539,389,1,Amazing experience,2024-08-04
5980,4861,330,5,Not satisfied,2023-07-21
5981,818,189,3,Not satisfied,2024-06-02
5982,3584,76,2,Not satisfied,2024-09-07
5983,3051,139,4,Quality could improve,2024-09-24
5984,4272,240,1,Average quality,2023-08-28
5985,1933,30,5,Excellent product,2025-02-19
5986,2999,301,2,Amazing experience,2024-08-24
5987,2017,29,1,Excellent product,2023-08-08
5988,2668,52,4,Very good,2024-02-10
5989,1199,459,2,Excellent product,2023-11-30
5990,1939,480,4,Worth buying,2023-12-25
5991,1603,427,2,Fast delivery,2023-06-01
5992,1501,5,2,Worth buying,2025-05-06
5993,2200,373,2,Average quality,2024-04-14
5994,1872,74,2,Amazing experience,2024-10-29
5995,4919,291,4,Not satisfied,2024-06-06
5996,2532,137,5,Amazing experience,2025-02-21
5997,2125,293,1,Very good,2023-05-27
5998,1446,405,4,Quality could improve,2023-03-26
5999,1469,265,5,Excellent product,2023-08-15
6000,131,299,4,Good value,2024-06-27
6001,1882,70,4,Highly recommended,2024-02-23
6002,3306,91,2,Worth buying,2024-10-22
6003,2881,274,3,Fast delivery,2023-03-21
6004,2982,390,4,Excellent product,2023-12-19
6005,3875,311,2,Amazing experience,2023-05-12
6006,3431,157,5,Worth buying,2024-12-23
6007,2428,478,3,Very good,2023-04-10
6008,4635,281,5,Good value,2024-10-14
6009,4805,173,3,Excellent product,2023-09-13
6010,3548,349,2,Very good,2023-12-17
6011,1945,461,3,Excellent product,2023-06-07
6012,994,305,5,Worth buying,2023-10-20
6013,1190,57,3,Worth buying,2024-09-14
6014,4172,449,2,Good value,2024-05-11
6015,4377,399,4,Not satisfied,2025-03-13
6016,2485,53,3,Excellent product,2025-02-18
6017,1457,248,1,Average quality,2023-04-19
6018,1938,196,3,Highly recommended,2024-01-17
6019,2644,245,1,Fast delivery,2023-06-07
6020,4688,200,1,Highly recommended,2024-06-07
6021,1155,279,1,Average quality,2024-05-03
6022,3327,152,2,Fast delivery,2023-05-15
6023,989,335,2,Not satisfied,2023-01-03
6024,4553,44,2,Excellent product,2024-07-19
6025,1018,388,4,Not satisfied,2024-03-10
6026,3150,31,1,Excellent product,2023-01-12
6027,3466,168,5,Excellent product,2023-06-18
6028,3057,433,1,Amazing experience,2023-09-18
6029,2762,354,1,Average quality,2025-01-26
6030,4329,487,2,Fast delivery,2025-04-25
6031,180,448,3,Very good,2025-01-07
6032,473,256,1,Average quality,2024-10-17
6033,2158,94,3,Very good,2023-01-01
6034,4371,488,1,Not satisfied,2023-02-14
6035,2347,495,4,Quality could improve,2025-03-22
6036,631,13,4,Worth buying,2024-09-21
6037,1983,360,1,Very good,2023-09-18
6038,3222,469,3,Highly recommended,2024-06-06
6039,483,377,5,Excellent product,2023-04-12
6040,1395,33,1,Very good,2023-11-08
6041,3550,379,4,Good value,2025-04-08
6042,489,146,5,Highly recommended,2025-06-08
6043,3724,38,4,Quality could improve,2024-01-01
6044,4965,19,2,Fast delivery,2025-04-20
6045,3072,156,4,Fast delivery,2024-02-14
6046,684,416,1,Quality could improve,2023-11-05
6047,2908,468,1,Highly recommended,2023-12-26
6048,3497,399,5,Very good,2023-09-22
6049,459,439,4,Average quality,2024-01-15
6050,3326,74,4,Fast delivery,2024-03-06
6051,950,397,5,Worth buying,2024-03-05
6052,4304,312,2,Quality could improve,2023-09-14
6053,788,183,3,Worth buying,2024-06-04
6054,4238,275,1,Highly recommended,2024-01-12
6055,2954,118,2,Average quality,2024-11-07
6056,85,457,1,Not satisfied,2023-03-02
6057,2625,95,2,Quality could improve,2023-03-01
6058,2060,459,1,Excellent product,2024-07-25
6059,1092,289,2,Average quality,2025-05-01
6060,4610,37,5,Amazing experience,2023-09-14
6061,3548,193,1,Quality could improve,2025-06-02
6062,3151,126,1,Amazing experience,2023-10-28
6063,1070,473,5,Highly recommended,2024-10-30
6064,417,139,5,Not satisfied,2023-10-13
6065,474,104,2,Excellent product,2023-09-18
6066,740,170,1,Amazing experience,2024-12-24
6067,303,233,2,Good value,2024-01-26
6068,1903,187,1,Fast delivery,2024-11-24
6069,4034,360,4,Good value,2024-04-27
6070,182,219,2,Not satisfied,2023-10-14
6071,383,438,3,Highly recommended,2024-08-20
6072,1327,294,5,Worth buying,2024-11-03
6073,4340,438,3,Not satisfied,2023-12-29
6074,2012,253,1,Fast delivery,2024-11-07
6075,4044,318,2,Excellent product,2023-12-12
6076,337,138,4,Not satisfied,2023-08-23
6077,2975,258,1,Quality could improve,2024-10-08
6078,722,463,5,Highly recommended,2024-05-01
6079,3620,289,4,Highly recommended,2023-11-22
6080,1012,136,4,Good value,2023-02-28
6081,4244,48,2,Very good,2023-08-16
6082,4858,26,1,Amazing experience,2024-01-22
6083,3983,214,2,Good value,2025-03-14
6084,1263,323,5,Very good,2023-11-23
6085,2829,210,5,Highly recommended,2023-06-30
6086,3886,459,5,Excellent product,2023-06-23
6087,2112,307,1,Quality could improve,2023-08-19
6088,152,204,5,Not satisfied,2023-04-02
6089,259,183,2,Good value,2023-08-12
6090,4295,162,5,Fast delivery,2023-09-12
6091,2277,291,1,Excellent product,2025-04-26
6092,3039,177,4,Excellent product,2023-06-01
6093,4306,437,1,Quality could improve,2023-10-01
6094,1782,127,2,Worth buying,2025-03-29
6095,1625,125,5,Quality could improve,2023-08-11
6096,3871,47,5,Highly recommended,2023-09-26
6097,803,109,2,Good value,2024-03-20
6098,4447,396,1,Quality could improve,2023-04-09
6099,3102,121,4,Worth buying,2023-08-27
6100,1808,197,4,Amazing experience,2024-04-14
6101,4565,344,4,Average quality,2024-07-26
6102,631,471,1,Good value,2024-01-04
6103,2574,115,4,Very good,2025-05-20
6104,2629,252,4,Highly recommended,2024-02-18
6105,1194,488,2,Quality could improve,2025-04-06
6106,310,374,1,Not satisfied,2025-05-19
6107,2932,485,2,Very good,2023-09-10
6108,1776,446,1,Excellent product,2024-12-02
6109,2529,430,2,Average quality,2024-02-20
6110,3661,278,2,Highly recommended,2025-02-07
6111,3792,153,5,Fast delivery,2025-01-21
6112,1450,484,3,Worth buying,2024-07-31
6113,4469,168,5,Amazing experience,2024-05-17
6114,4942,386,3,Quality could improve,2025-02-08
6115,3236,69,2,Good value,2023-10-01
6116,1974,304,1,Amazing experience,2024-12-16
6117,4848,96,2,Worth buying,2025-02-05
6118,3788,450,3,Highly recommended,2023-03-10
6119,548,371,4,Quality could improve,2025-04-04
6120,4759,257,1,Fast delivery,2025-03-31
6121,4040,64,1,Not satisfied,2025-06-18
6122,2637,287,1,Good value,2023-12-22
6123,2290,106,5,Amazing experience,2025-01-18
6124,4070,392,2,Excellent product,2023-04-23
6125,2788,469,3,Amazing experience,2023-05-19
6126,2626,424,1,Very good,2024-08-22
6127,2550,102,2,Very good,2024-08-24
6128,3674,335,1,Average quality,2023-09-02
6129,3541,484,2,Good value,2024-02-27
6130,875,28,4,Amazing experience,2023-02-03
6131,379,186,2,Amazing experience,2023-01-24
6132,3388,139,1,Highly recommended,2024-02-18
6133,1597,47,3,Average quality,2023-03-26
6134,4280,151,2,Highly recommended,2024-09-16
6135,2708,107,3,Average quality,2024-08-23
6136,3044,250,5,Good value,2023-01-06
6137,1572,458,5,Highly recommended,2024-03-03
6138,1740,76,5,Amazing experience,2024-07-28
6139,1741,397,3,Excellent product,2023-04-27
6140,4545,417,1,Not satisfied,2025-03-31
6141,2379,129,3,Fast delivery,2024-12-21
6142,943,29,3,Quality could improve,2023-10-08
6143,4452,429,5,Average quality,2023-10-29
6144,1165,238,4,Good value,2024-04-16
6145,2639,54,3,Highly recommended,2024-08-14
6146,125,231,3,Fast delivery,2025-05-22
6147,1859,323,3,Excellent product,2023-05-04
6148,3104,126,3,Average quality,2023-02-25
6149,4756,435,2,Amazing experience,2024-03-07
6150,4851,171,4,Quality could improve,2025-02-27
6151,201,234,5,Fast delivery,2023-05-01
6152,3869,194,2,Very good,2023-04-27
6153,3439,157,3,Good value,2023-05-07
6154,3314,414,3,Quality could improve,2024-01-22
6155,4111,114,1,Excellent product,2024-11-11
6156,918,51,3,Excellent product,2024-02-10
6157,4976,375,3,Amazing experience,2025-04-17
6158,1397,492,3,Good value,2024-05-23
6159,190,211,4,Fast delivery,2023-08-21
6160,4012,105,5,Very good,2023-05-02
6161,3118,366,5,Average quality,2023-01-24
6162,4511,176,2,Worth buying,2024-12-06
6163,1047,190,2,Average quality,2024-06-17
6164,2607,190,5,Excellent product,2023-01-06
6165,2653,264,1,Worth buying,2023-03-30
6166,388,20,1,Not satisfied,2024-08-16
6167,2076,418,4,Good value,2023-08-12
6168,1683,101,4,Excellent product,2024-11-19
6169,4431,69,2,Highly recommended,2023-05-02
6170,1327,145,4,Average quality,2024-02-08
6171,528,268,3,Amazing experience,2023-04-27
6172,22,155,5,Good value,2024-08-08
6173,322,256,4,Average quality,2024-05-21
6174,327,386,3,Excellent product,2025-05-13
6175,1433,6,3,Not satisfied,2024-02-15
6176,118,161,5,Worth buying,2023-01-02
6177,2412,112,3,Excellent product,2023-08-08
6178,1492,290,1,Fast delivery,2025-05-15
6179,2322,455,4,Average quality,2024-09-24
6180,3926,145,1,Amazing experience,2023-10-23
6181,528,76,5,Average quality,2024-05-15
6182,2150,265,2,Fast delivery,2023-04-01
6183,3615,134,2,Highly recommended,2023-07-20
6184,1270,309,1,Average quality,2023-07-08
6185,1545,309,4,Amazing experience,2023-08-25
6186,785,490,2,Good value,2023-07-09
6187,1011,190,5,Fast delivery,2024-02-23
6188,741,223,1,Good value,2024-11-07
6189,327,361,2,Fast delivery,2024-02-01
6190,2165,381,4,Not satisfied,2023-07-21
6191,846,484,1,Not satisfied,2024-10-18
6192,4292,65,1,Quality could improve,2023-06-11
6193,3323,111,1,Excellent product,2025-03-18
6194,3938,325,2,Highly recommended,2024-07-17
6195,1966,204,3,Not satisfied,2024-01-26
6196,4417,465,3,Good value,2023-02-15
6197,2120,441,4,Average quality,2024-10-30
6198,3478,220,2,Average quality,2023-03-15
6199,2744,443,1,Good value,2024-07-07
6200,1790,143,2,Excellent product,2023-08-10
6201,698,434,3,Not satisfied,2025-03-11
6202,3491,8,5,Worth buying,2024-09-26
6203,2650,413,2,Good value,2025-03-08
6204,2588,233,2,Highly recommended,2024-08-05
6205,2177,329,1,Fast delivery,2024-04-21
6206,4158,93,3,Worth buying,2024-08-02
6207,4353,481,5,Worth buying,2023-02-09
6208,2695,317,4,Very good,2024-05-31
6209,2432,99,5,Good value,2024-03-13
6210,98,156,3,Average quality,2024-03-03
6211,70,119,3,Good value,2024-03-30
6212,1693,72,3,Not satisfied,2024-07-19
6213,3956,177,3,Worth buying,2023-05-11
6214,2261,357,4,Excellent product,2025-06-16
6215,3594,394,2,Excellent product,2024-12-29
6216,2300,26,3,Good value,2024-07-20
6217,53,348,4,Good value,2023-08-13
6218,2942,118,2,Worth buying,2023-07-08
6219,2706,449,4,Good value,2024-11-16
6220,669,146,2,Quality could improve,2024-11-23
6221,3507,481,1,Amazing experience,2023-08-02
6222,1329,284,1,Not satisfied,2024-03-07
6223,4108,364,5,Worth buying,2023-08-04
6224,79,408,5,Amazing experience,2025-05-31
6225,2670,445,5,Good value,2024-12-03
6226,4419,260,1,Highly recommended,2024-03-29
6227,4508,39,2,Highly recommended,2025-01-15
6228,706,372,4,Fast delivery,2025-01-01
6229,3424,189,2,Highly recommended,2023-03-02
6230,2895,99,3,Excellent product,2023-02-19
6231,3546,277,3,Not satisfied,2023-02-21
6232,2556,243,5,Amazing experience,2025-05-28
6233,3249,237,3,Good value,2024-08-28
6234,2567,188,4,Not satisfied,2023-11-09
6235,4316,106,1,Average quality,2025-01-21
6236,866,296,2,Excellent product,2023-10-02
6237,2000,300,3,Not satisfied,2025-04-12
6238,2464,374,5,Quality could improve,2023-05-06
6239,1409,387,2,Excellent product,2025-02-28
6240,1820,192,4,Fast delivery,2025-01-14
6241,4230,126,1,Average quality,2023-11-05
6242,3955,322,3,Amazing experience,2024-03-13
6243,2649,131,3,Very good,2024-12-27
6244,4521,347,1,Excellent product,2024-09-29
6245,279,345,5,Very good,2024-12-06
6246,3407,326,3,Good value,2023-07-31
6247,4259,170,4,Average quality,2024-01-17
6248,2766,416,4,Average quality,2023-06-10
6249,951,466,2,Good value,2023-04-07
6250,1396,118,4,Very good,2025-03-07
6251,2385,462,5,Excellent product,2023-09-05
6252,436,43,4,Excellent product,2024-12-09
6253,1900,20,2,Average quality,2025-01-12
6254,2835,124,1,Quality could improve,2025-02-02
6255,137,236,2,Excellent product,2025-02-14
6256,1561,434,4,Worth buying,2024-05-12
6257,1624,314,4,Amazing experience,2023-03-02
6258,1438,239,4,Amazing experience,2024-01-09
6259,2282,367,3,Quality could improve,2023-11-07
6260,398,408,4,Amazing experience,2024-03-27
6261,3375,449,5,Average quality,2023-02-28
6262,2976,82,1,Worth buying,2024-01-18
6263,444,35,5,Very good,2023-08-22
6264,1201,1,4,Excellent product,2025-05-08
6265,2656,43,3,Highly recommended,2023-08-16
6266,783,485,5,Worth buying,2023-11-20
6267,4553,12,2,Average quality,2024-11-27
6268,3040,364,2,Very good,2023-01-06
6269,2984,136,5,Amazing experience,2023-10-02
6270,4975,103,3,Fast delivery,2023-11-10
6271,158,21,2,Not satisfied,2023-05-01
6272,2285,110,5,Quality could improve,2025-03-06
6273,1456,210,5,Amazing experience,2023-11-23
6274,1289,93,1,Fast delivery,2025-06-18
6275,3510,83,4,Average quality,2024-08-05
6276,1063,381,4,Highly recommended,2024-10-23
6277,453,33,2,Very good,2023-05-29
6278,719,481,1,Amazing experience,2023-11-04
6279,3247,409,2,Average quality,2024-11-08
6280,812,255,1,Excellent product,2023-10-31
6281,2119,147,1,Fast delivery,2023-02-27
6282,2977,243,4,Excellent product,2024-06-24
6283,1941,429,1,Quality could improve,2024-02-09
6284,3736,103,2,Highly recommended,2024-11-16
6285,78,56,5,Amazing experience,2024-12-09
6286,2448,354,5,Average quality,2023-10-09
6287,4544,422,2,Amazing experience,2024-03-02
6288,3817,188,1,Amazing experience,2024-01-11
6289,1721,352,3,Average quality,2024-02-24
6290,1717,66,4,Good value,2023-06-23
6291,2529,198,2,Amazing experience,2024-06-19
6292,86,13,5,Excellent product,2023-06-02
6293,3464,109,4,Highly recommended,2023-06-25
6294,4422,63,3,Excellent product,2024-07-23
6295,4255,4,3,Fast delivery,2023-12-12
6296,4597,289,2,Excellent product,2023-03-27
6297,1701,122,5,Amazing experience,2023-06-28
6298,3719,59,1,Very good,2023-08-01
6299,940,428,1,Excellent product,2024-03-10
6300,3638,281,3,Excellent product,2023-11-17
6301,3021,332,1,Quality could improve,2023-03-06
6302,1643,118,5,Average quality,2025-01-28
6303,4011,156,3,Average quality,2025-01-16
6304,4881,55,2,Good value,2023-10-25
6305,502,302,1,Highly recommended,2023-12-11
6306,3366,261,4,Fast delivery,2024-07-07
6307,3228,22,2,Excellent product,2023-04-04
6308,3694,366,2,Excellent product,2023-04-20
6309,2668,3,1,Very good,2023-09-24
6310,4635,469,2,Fast delivery,2024-05-15
6311,311,415,3,Worth buying,2024-08-25
6312,215,250,3,Fast delivery,2025-02-21
6313,1992,445,1,Amazing experience,2023-09-01
6314,579,192,5,Not satisfied,2023-11-20
6315,4958,192,3,Highly recommended,2023-08-07
6316,578,380,3,Not satisfied,2023-11-10
6317,356,131,4,Good value,2025-01-16
6318,2061,414,5,Very good,2023-06-25
6319,2594,455,2,Quality could improve,2024-11-16
6320,3937,302,3,Excellent product,2023-08-22
6321,3231,444,2,Excellent product,2023-05-27
6322,479,186,2,Worth buying,2023-11-24
6323,3999,19,4,Average quality,2024-11-20
6324,3335,101,1,Average quality,2023-03-01
6325,4453,485,2,Not satisfied,2023-10-17
6326,2144,48,5,Quality could improve,2023-04-22
6327,4296,404,5,Average quality,2023-10-13
6328,4082,62,5,Average quality,2025-01-14
6329,4607,230,3,Worth buying,2023-07-11
6330,2293,60,3,Amazing experience,2023-05-26
6331,4424,27,4,Average quality,2023-12-17
6332,1708,456,1,Very good,2023-05-21
6333,923,454,2,Very good,2024-04-05
6334,4572,145,3,Fast delivery,2025-05-28
6335,758,230,2,Worth buying,2023-06-24
6336,951,456,5,Amazing experience,2023-11-22
6337,2979,134,1,Not satisfied,2024-10-03
6338,2265,366,2,Amazing experience,2024-08-08
6339,4839,47,2,Highly recommended,2023-06-06
6340,416,275,3,Fast delivery,2023-08-11
6341,3707,285,1,Highly recommended,2023-08-27
6342,73,204,1,Amazing experience,2024-08-03
6343,2496,15,5,Amazing experience,2024-04-25
6344,3319,111,5,Amazing experience,2024-07-07
6345,613,81,2,Not satisfied,2023-12-10
6346,4492,463,1,Good value,2023-11-20
6347,10,389,1,Fast delivery,2025-03-14
6348,273,112,1,Fast delivery,2023-06-01
6349,232,336,3,Amazing experience,2023-08-26
6350,1550,486,1,Not satisfied,2023-11-13
6351,1375,254,2,Highly recommended,2023-03-06
6352,4380,357,1,Excellent product,2023-09-22
6353,3640,199,3,Fast delivery,2023-06-03
6354,4902,250,2,Fast delivery,2023-02-21
6355,437,474,4,Very good,2023-09-02
6356,2134,281,3,Amazing experience,2024-01-31
6357,347,500,5,Worth buying,2024-09-16
6358,3527,238,1,Amazing experience,2024-01-29
6359,3393,100,5,Very good,2023-09-03
6360,808,417,4,Quality could improve,2025-04-16
6361,355,77,3,Quality could improve,2024-11-29
6362,2506,88,3,Quality could improve,2024-05-30
6363,357,49,3,Highly recommended,2025-04-08
6364,1251,491,2,Quality could improve,2025-01-21
6365,2865,232,2,Fast delivery,2023-11-09
6366,2740,446,1,Amazing experience,2024-10-15
6367,4322,134,4,Average quality,2024-01-05
6368,3105,326,1,Very good,2025-05-28
6369,1169,71,2,Highly recommended,2024-02-09
6370,3159,273,5,Worth buying,2023-02-19
6371,1874,87,4,Average quality,2023-09-23
6372,403,271,4,Worth buying,2024-11-16
6373,987,214,1,Quality could improve,2025-06-15
6374,1491,222,5,Good value,2023-01-08
6375,3581,230,2,Very good,2024-11-01
6376,2957,56,2,Average quality,2023-08-22
6377,3210,86,2,Not satisfied,2024-12-12
6378,3853,350,2,Average quality,2024-09-08
6379,2907,70,2,Highly recommended,2024-02-12
6380,2011,370,4,Excellent product,2024-11-13
6381,205,167,1,Good value,2024-12-22
6382,3282,442,2,Worth buying,2024-03-02
6383,4156,173,2,Highly recommended,2023-08-03
6384,736,178,2,Average quality,2024-04-24
6385,2996,397,4,Highly recommended,2024-09-29
6386,1202,122,1,Quality could improve,2025-02-10
6387,1019,457,3,Amazing experience,2023-07-11
6388,1111,209,3,Worth buying,2024-12-22
6389,1824,355,2,Quality could improve,2023-11-07
6390,2963,441,5,Not satisfied,2023-03-17
6391,3827,456,1,Not satisfied,2024-03-23
6392,2065,179,2,Average quality,2024-02-15
6393,1386,75,4,Highly recommended,2024-10-26
6394,955,298,1,Not satisfied,2024-07-07
6395,3919,259,3,Average quality,2025-04-23
6396,1450,116,2,Good value,2023-10-12
6397,2204,146,3,Very good,2024-08-31
6398,3136,142,3,Not satisfied,2024-07-22
6399,3485,160,4,Quality could improve,2024-05-15
6400,2256,301,5,Worth buying,2024-01-07
6401,3039,321,2,Very good,2023-04-05
6402,368,299,1,Very good,2024-06-19
6403,1933,229,1,Worth buying,2023-05-04
6404,783,447,4,Very good,2023-07-22
6405,3121,57,3,Excellent product,2024-03-13
6406,546,178,1,Quality could improve,2023-02-21
6407,2171,433,3,Very good,2024-01-26
6408,1653,331,5,Worth buying,2024-08-28
6409,1851,80,3,Average quality,2025-04-18
6410,4222,341,3,Excellent product,2023-11-11
6411,768,408,1,Average quality,2024-12-14
6412,3702,481,1,Excellent product,2024-09-17
6413,3643,466,4,Good value,2023-01-27
6414,1153,394,5,Not satisfied,2024-07-31
6415,1209,331,5,Worth buying,2024-06-14
6416,3945,264,1,Worth buying,2023-09-27
6417,2049,144,2,Fast delivery,2025-04-02
6418,2506,26,5,Fast delivery,2024-12-19
6419,1839,195,2,Not satisfied,2023-05-31
6420,725,81,5,Highly recommended,2023-03-02
6421,180,216,2,Average quality,2023-07-13
6422,2799,402,3,Highly recommended,2023-03-08
6423,179,432,3,Not satisfied,2023-09-07
6424,1465,413,5,Fast delivery,2024-10-22
6425,3725,18,5,Highly recommended,2023-09-19
6426,807,204,5,Not satisfied,2023-02-18
6427,3166,346,5,Not satisfied,2023-02-24
6428,3486,312,1,Excellent product,2025-02-16
6429,3911,373,4,Highly recommended,2024-04-05
6430,1932,422,4,Not satisfied,2024-11-10
6431,1404,43,3,Quality could improve,2023-03-26
6432,2679,144,1,Worth buying,2025-03-27
6433,4071,85,1,Average quality,2024-06-21
6434,2865,101,3,Worth buying,2023-03-15
6435,2534,222,2,Amazing experience,2023-06-21
6436,4941,125,2,Highly recommended,2024-09-29
6437,4745,172,3,Excellent product,2023-03-12
6438,4625,379,4,Very good,2023-02-28
6439,2821,437,2,Amazing experience,2024-09-28
6440,4766,325,2,Good value,2023-01-06
6441,2264,337,2,Excellent product,2024-08-18
6442,4755,380,3,Amazing experience,2025-05-31
6443,3621,206,2,Very good,2024-12-28
6444,1728,497,4,Average quality,2024-09-25
6445,1544,228,1,Worth buying,2024-06-09
6446,306,61,4,Worth buying,2024-10-30
6447,2687,474,1,Quality could improve,2023-04-05
6448,1425,426,1,Fast delivery,2023-01-24
6449,273,444,1,Highly recommended,2024-07-21
6450,3766,174,5,Very good,2025-02-14
6451,952,133,2,Highly recommended,2024-11-09
6452,916,156,5,Good value,2024-02-05
6453,1087,28,1,Highly recommended,2025-05-26
6454,1842,69,1,Worth buying,2023-04-09
6455,2975,354,1,Quality could improve,2024-04-04
6456,7,27,4,Highly recommended,2025-06-08
6457,4250,166,4,Excellent product,2025-03-12
6458,3276,89,5,Good value,2025-06-11
6459,167,314,5,Quality could improve,2023-12-17
6460,1832,383,3,Not satisfied,2023-07-15
6461,2667,277,3,Amazing experience,2023-01-07
6462,4000,131,3,Not satisfied,2024-05-07
6463,497,24,1,Amazing experience,2023-03-12
6464,2272,120,2,Very good,2024-01-07
6465,1746,458,1,Quality could improve,2023-12-17
6466,4678,280,1,Quality could improve,2024-08-03
6467,1719,64,2,Quality could improve,2024-11-14
6468,4296,113,1,Amazing experience,2023-11-26
6469,64,138,2,Excellent product,2023-03-26
6470,1294,166,4,Good value,2023-05-17
6471,4766,150,4,Quality could improve,2023-07-24
6472,1908,411,1,Worth buying,2025-01-24
6473,4227,41,1,Quality could improve,2024-12-21
6474,293,74,3,Not satisfied,2025-02-21
6475,3772,194,2,Worth buying,2025-05-21
6476,1640,131,5,Average quality,2025-05-07
6477,2752,371,1,Good value,2023-10-17
6478,3453,467,4,Very good,2023-03-23
6479,4992,310,2,Very good,2024-05-26
6480,4574,228,5,Good value,2023-03-23
6481,4953,450,5,Not satisfied,2025-06-10
6482,1251,403,1,Excellent product,2025-03-08
6483,2707,456,3,Average quality,2024-10-16
6484,4999,426,2,Good value,2024-05-11
6485,1430,129,5,Excellent product,2024-03-11
6486,2812,48,3,Very good,2025-05-21
6487,4089,308,2,Amazing experience,2025-03-04
6488,697,141,4,Fast delivery,2025-06-12
6489,784,147,3,Quality could improve,2024-04-05
6490,3889,489,5,Excellent product,2025-05-22
6491,4394,225,3,Worth buying,2023-04-02
6492,425,400,5,Average quality,2023-03-20
6493,1898,480,2,Amazing experience,2023-06-24
6494,2699,432,2,Amazing experience,2024-08-25
6495,529,102,3,Highly recommended,2025-01-23
6496,507,485,4,Highly recommended,2024-06-29
6497,911,431,1,Worth buying,2024-03-18
6498,567,437,5,Excellent product,2025-04-05
6499,1852,285,4,Average quality,2024-07-28
6500,4607,439,5,Not satisfied,2024-09-04
6501,4433,461,4,Not satisfied,2024-12-23
6502,2356,249,1,Quality could improve,2025-03-15
6503,4026,148,1,Not satisfied,2023-01-30
6504,4909,492,4,Not satisfied,2025-04-30
6505,3697,400,3,Amazing experience,2024-06-23
6506,4091,325,1,Highly recommended,2025-06-06
6507,3258,238,1,Fast delivery,2023-03-22
6508,2745,110,2,Good value,2024-11-16
6509,761,497,2,Good value,2025-03-15
6510,2247,349,3,Worth buying,2024-02-26
6511,2894,194,5,Average quality,2024-03-14
6512,1629,465,2,Good value,2024-03-28
6513,1862,473,2,Very good,2024-09-30
6514,1108,188,3,Highly recommended,2025-05-06
6515,3600,351,3,Not satisfied,2025-06-02
6516,4526,75,4,Excellent product,2025-03-01
6517,4508,376,3,Excellent product,2023-10-04
6518,3055,337,1,Excellent product,2024-04-19
6519,4624,477,3,Highly recommended,2023-11-10
6520,892,209,5,Excellent product,2024-04-29
6521,4075,399,1,Very good,2023-01-29
6522,2434,219,4,Not satisfied,2023-03-30
6523,434,333,2,Highly recommended,2024-07-08
6524,3225,352,2,Average quality,2023-07-30
6525,43,407,5,Quality could improve,2025-05-13
6526,2083,341,2,Not satisfied,2024-03-29
6527,812,117,5,Average quality,2023-06-20
6528,4518,141,2,Good value,2023-12-15
6529,3472,37,1,Good value,2024-07-18
6530,4307,236,3,Quality could improve,2023-06-08
6531,1949,83,4,Not satisfied,2023-05-22
6532,111,173,1,Fast delivery,2025-03-18
6533,2299,155,5,Very good,2023-06-04
6534,232,330,2,Excellent product,2025-04-10
6535,3627,456,2,Highly recommended,2023-11-15
6536,2244,113,4,Amazing experience,2024-01-16
6537,3499,473,3,Excellent product,2023-06-12
6538,3260,123,5,Not satisfied,2023-08-06
6539,2141,264,4,Amazing experience,2023-06-29
6540,2701,223,4,Fast delivery,2025-05-01
6541,4336,312,4,Good value,2025-06-11
6542,929,297,3,Fast delivery,2024-08-15
6543,1461,356,5,Average quality,2025-05-27
6544,4359,313,5,Very good,2023-03-13
6545,4716,16,5,Amazing experience,2023-03-31
6546,2030,388,1,Highly recommended,2024-05-11
6547,290,11,5,Worth buying,2024-05-19
6548,4809,152,4,Fast delivery,2023-02-18
6549,789,400,2,Fast delivery,2024-04-19
6550,598,321,5,Fast delivery,2025-05-26
6551,2095,400,1,Worth buying,2023-09-12
6552,3234,19,5,Very good,2024-10-19
6553,2640,172,3,Excellent product,2024-04-22
6554,8,91,4,Not satisfied,2024-04-24
6555,2126,486,4,Amazing experience,2024-04-20
6556,3412,26,4,Very good,2023-01-11
6557,4017,60,3,Highly recommended,2023-10-14
6558,2442,274,1,Very good,2024-06-20
6559,1505,150,1,Not satisfied,2024-07-24
6560,4519,494,2,Not satisfied,2024-06-26
6561,2268,322,5,Worth buying,2024-01-18
6562,646,472,1,Amazing experience,2023-07-04
6563,3672,214,5,Very good,2025-05-01
6564,4173,238,1,Very good,2023-10-15
6565,206,44,5,Worth buying,2024-10-06
6566,338,414,1,Amazing experience,2023-02-01
6567,412,373,5,Fast delivery,2024-12-17
6568,2140,312,5,Average quality,2024-06-04
6569,1429,120,4,Average quality,2023-11-28
6570,2384,358,3,Quality could improve,2023-01-12
6571,2455,308,1,Fast delivery,2025-03-09
6572,1821,387,3,Very good,2024-08-24
6573,1851,223,4,Average quality,2023-06-07
6574,4897,91,3,Highly recommended,2024-10-10
6575,4580,286,4,Amazing experience,2023-01-16
6576,1763,426,2,Good value,2024-10-20
6577,4923,332,1,Fast delivery,2023-02-27
6578,3314,263,3,Quality could improve,2024-04-20
6579,717,448,4,Excellent product,2024-12-17
6580,3261,417,3,Average quality,2024-07-29
6581,3743,431,2,Fast delivery,2025-04-21
6582,3806,135,1,Not satisfied,2023-02-16
6583,3676,333,3,Average quality,2023-10-08
6584,655,140,4,Worth buying,2023-12-07
6585,1477,114,3,Fast delivery,2025-03-20
6586,4550,70,3,Not satisfied,2024-02-29
6587,974,26,1,Excellent product,2024-03-03
6588,1795,358,4,Not satisfied,2023-10-04
6589,3582,444,5,Amazing experience,2024-09-25
6590,1101,482,4,Worth buying,2023-06-25
6591,3086,392,3,Good value,2023-08-02
6592,658,64,2,Not satisfied,2024-04-08
6593,4786,331,2,Good value,2023-09-23
6594,1785,373,1,Amazing experience,2023-01-08
6595,2721,204,1,Excellent product,2025-04-17
6596,692,497,2,Fast delivery,2025-06-05
6597,4398,428,5,Very good,2023-05-24
6598,1691,100,3,Very good,2023-06-09
6599,1511,338,1,Good value,2024-09-14
6600,3530,152,5,Fast delivery,2024-09-10
6601,2860,46,2,Fast delivery,2024-02-01
6602,1973,393,3,Quality could improve,2024-04-03
6603,3772,145,2,Average quality,2024-03-03
6604,2677,266,1,Excellent product,2023-07-11
6605,841,353,5,Average quality,2023-12-30
6606,3224,42,5,Fast delivery,2025-03-25
6607,1989,69,1,Worth buying,2024-06-06
6608,3408,341,3,Amazing experience,2024-09-21
6609,354,292,3,Amazing experience,2024-06-07
6610,3159,250,4,Fast delivery,2024-04-11
6611,2451,459,4,Fast delivery,2023-01-02
6612,3348,2,1,Amazing experience,2025-02-28
6613,799,44,5,Excellent product,2023-08-28
6614,3451,152,1,Average quality,2025-04-01
6615,4662,321,1,Average quality,2023-07-22
6616,470,141,5,Amazing experience,2024-09-15
6617,2758,204,5,Amazing experience,2025-06-06
6618,3017,108,2,Fast delivery,2024-08-25
6619,4311,130,3,Good value,2024-02-16
6620,2766,353,2,Quality could improve,2024-03-13
6621,4618,406,3,Very good,2024-10-31
6622,2271,407,4,Highly recommended,2024-05-22
6623,3865,261,3,Worth buying,2023-12-19
6624,3628,293,4,Excellent product,2023-10-07
6625,2954,56,5,Amazing experience,2023-07-27
6626,2505,78,4,Excellent product,2024-05-09
6627,2669,126,2,Good value,2025-01-15
6628,3194,201,4,Good value,2023-11-07
6629,2311,30,3,Excellent product,2024-09-18
6630,216,204,2,Good value,2024-09-30
6631,1430,434,3,Worth buying,2023-08-05
6632,2358,89,5,Fast delivery,2024-10-06
6633,1924,477,1,Worth buying,2024-02-26
6634,4038,103,2,Amazing experience,2024-07-30
6635,2206,224,1,Worth buying,2023-04-14
6636,3992,294,2,Not satisfied,2025-03-02
6637,507,394,5,Amazing experience,2023-01-22
6638,679,108,3,Very good,2024-04-23
6639,691,69,5,Worth buying,2023-08-23
6640,4978,228,2,Not satisfied,2023-06-21
6641,3500,191,2,Worth buying,2024-06-24
6642,762,157,1,Fast delivery,2024-12-14
6643,2783,322,3,Very good,2023-01-25
6644,1710,372,1,Worth buying,2023-05-24
6645,3579,499,5,Quality could improve,2024-12-17
6646,923,456,1,Good value,2024-02-10
6647,260,376,1,Very good,2023-03-31
6648,672,163,1,Average quality,2023-09-12
6649,4389,444,2,Amazing experience,2024-04-24
6650,3282,228,1,Excellent product,2024-09-28
6651,803,101,3,Good value,2023-04-03
6652,747,364,1,Quality could improve,2023-01-17
6653,3268,391,4,Average quality,2024-04-11
6654,1231,202,3,Amazing experience,2023-12-19
6655,2426,339,3,Average quality,2025-02-14
6656,1733,190,5,Good value,2025-04-07
6657,2915,372,3,Very good,2023-10-21
6658,3975,45,5,Highly recommended,2023-01-21
6659,383,155,4,Excellent product,2024-08-25
6660,1656,378,5,Amazing experience,2024-08-20
6661,1228,222,5,Highly recommended,2023-04-11
6662,2396,71,4,Very good,2025-05-21
6663,2388,436,4,Worth buying,2023-04-17
6664,2788,239,1,Average quality,2023-01-14
6665,197,29,2,Very good,2023-02-18
6666,571,31,1,Not satisfied,2025-05-22
6667,2527,458,1,Fast delivery,2024-01-30
6668,1599,137,5,Excellent product,2023-02-08
6669,2195,273,2,Amazing experience,2023-03-21
6670,3690,43,2,Average quality,2024-03-11
6671,2057,423,2,Average quality,2023-12-20
6672,4610,491,2,Not satisfied,2023-12-13
6673,4245,362,3,Quality could improve,2023-06-25
6674,4522,330,5,Excellent product,2024-10-13
6675,1410,303,3,Very good,2025-06-03
6676,3729,73,2,Worth buying,2024-08-29
6677,1131,396,3,Very good,2025-03-23
6678,4387,273,4,Not satisfied,2025-06-12
6679,1339,344,1,Amazing experience,2023-05-20
6680,1992,309,5,Good value,2024-11-01
6681,1038,150,3,Excellent product,2024-02-22
6682,4478,473,2,Excellent product,2023-09-23
6683,2389,96,4,Fast delivery,2024-12-14
6684,3177,256,5,Worth buying,2025-01-10
6685,2952,119,3,Amazing experience,2025-01-24
6686,3189,255,5,Not satisfied,2024-07-10
6687,2809,92,1,Amazing experience,2023-11-02
6688,3418,217,2,Not satisfied,2024-01-31
6689,4145,122,1,Excellent product,2024-04-25
6690,256,389,3,Amazing experience,2023-12-31
6691,3138,175,3,Good value,2023-10-30
6692,997,321,4,Average quality,2023-01-31
6693,634,181,2,Worth buying,2023-11-21
6694,4000,354,3,Amazing experience,2023-10-17
6695,1013,219,2,Not satisfied,2025-05-27
6696,4362,173,2,Excellent product,2025-02-16
6697,2729,391,5,Very good,2024-03-27
6698,953,378,4,Good value,2023-12-22
6699,4530,328,5,Fast delivery,2024-04-27
6700,4245,323,4,Amazing experience,2024-04-11
6701,3248,66,4,Worth buying,2023-11-29
6702,4087,369,3,Average quality,2025-04-05
6703,1379,250,5,Quality could improve,2023-06-30
6704,3897,71,1,Excellent product,2024-03-02
6705,3538,159,4,Not satisfied,2023-05-21
6706,1339,49,3,Quality could improve,2023-05-13
6707,4707,269,5,Not satisfied,2024-04-18
6708,3922,444,3,Worth buying,2024-03-21
6709,2545,189,5,Very good,2024-12-22
6710,1882,435,5,Amazing experience,2024-02-01
6711,3217,388,2,Very good,2025-06-14
6712,819,295,1,Very good,2024-05-30
6713,3691,98,1,Average quality,2024-12-09
6714,3597,45,3,Excellent product,2025-06-17
6715,1470,325,3,Fast delivery,2024-06-14
6716,41,41,1,Quality could improve,2023-10-06
6717,874,400,1,Highly recommended,2024-05-24
6718,3076,298,3,Worth buying,2023-03-25
6719,2362,322,4,Average quality,2023-06-14
6720,1681,453,3,Worth buying,2023-05-22
6721,1307,348,2,Quality could improve,2025-06-04
6722,64,129,1,Amazing experience,2023-06-14
6723,3200,158,1,Not satisfied,2024-09-11
6724,4410,251,5,Good value,2024-12-23
6725,1199,65,4,Fast delivery,2024-12-30
6726,2447,362,1,Amazing experience,2024-11-26
6727,2556,142,5,Very good,2023-09-01
6728,1348,376,4,Not satisfied,2024-02-05
6729,1587,111,4,Good value,2023-11-28
6730,3806,488,4,Very good,2023-09-28
6731,4155,320,5,Average quality,2023-07-30
6732,1103,138,1,Not satisfied,2024-06-14
6733,167,7,3,Not satisfied,2023-05-03
6734,4136,200,1,Not satisfied,2023-10-25
6735,1581,118,4,Good value,2024-01-19
6736,1954,318,2,Quality could improve,2023-08-12
6737,4514,50,5,Excellent product,2023-10-24
6738,3395,39,3,Excellent product,2023-05-02
6739,2715,484,3,Highly recommended,2025-04-08
6740,3573,287,1,Good value,2023-12-12
6741,877,269,1,Fast delivery,2024-05-26
6742,342,418,4,Quality could improve,2024-06-27
6743,3935,59,4,Highly recommended,2024-11-23
6744,4564,202,2,Worth buying,2023-10-04
6745,4471,265,5,Not satisfied,2025-05-11
6746,406,439,4,Quality could improve,2023-06-25
6747,3674,426,5,Highly recommended,2023-09-01
6748,2991,442,5,Worth buying,2025-01-21
6749,966,463,5,Good value,2025-04-06
6750,4392,316,5,Quality could improve,2024-01-17
6751,4666,29,2,Quality could improve,2023-01-18
6752,3354,148,2,Average quality,2023-06-09
6753,331,246,1,Highly recommended,2023-08-04
6754,1627,450,3,Average quality,2023-11-20
6755,1722,11,4,Fast delivery,2023-09-28
6756,4768,204,3,Average quality,2023-09-22
6757,2709,139,5,Amazing experience,2024-06-11
6758,4551,333,3,Worth buying,2025-02-11
6759,1228,229,2,Amazing experience,2024-06-27
6760,4787,222,2,Very good,2024-11-14
6761,2396,409,3,Highly recommended,2023-04-18
6762,1419,445,4,Worth buying,2024-03-28
6763,52,203,5,Average quality,2025-03-24
6764,212,248,2,Quality could improve,2024-04-01
6765,771,291,4,Good value,2024-07-30
6766,2610,158,2,Amazing experience,2025-04-12
6767,1678,67,1,Worth buying,2024-11-21
6768,3477,191,5,Not satisfied,2025-03-10
6769,1588,270,5,Fast delivery,2023-06-22
6770,3853,301,3,Highly recommended,2025-04-23
6771,1869,388,2,Excellent product,2024-07-27
6772,3734,189,5,Fast delivery,2023-01-08
6773,1611,189,4,Good value,2023-11-25
6774,199,38,4,Fast delivery,2023-02-14
6775,3095,155,5,Worth buying,2025-04-06
6776,4949,278,4,Quality could improve,2023-05-21
6777,416,71,4,Good value,2023-09-17
6778,1987,19,5,Amazing experience,2024-09-15
6779,3942,124,4,Good value,2024-11-04
6780,4057,428,5,Quality could improve,2024-09-06
6781,1585,62,4,Average quality,2024-06-30
6782,3467,83,1,Highly recommended,2023-02-08
6783,319,77,1,Very good,2025-01-01
6784,554,79,5,Fast delivery,2023-07-04
6785,3193,287,3,Good value,2024-07-10
6786,4587,409,5,Not satisfied,2023-11-23
6787,3976,445,2,Very good,2023-11-06
6788,1093,199,3,Amazing experience,2025-05-06
6789,2227,252,1,Excellent product,2024-12-18
6790,303,236,3,Average quality,2023-06-29
6791,895,59,5,Very good,2023-05-30
6792,4501,56,1,Fast delivery,2024-12-08
6793,3380,496,2,Excellent product,2023-06-02
6794,3262,362,4,Excellent product,2023-10-04
6795,3041,50,5,Good value,2024-07-22
6796,3908,408,2,Worth buying,2025-02-07
6797,2008,471,5,Quality could improve,2023-04-13
6798,732,492,2,Not satisfied,2024-09-28
6799,1614,37,5,Average quality,2023-10-10
6800,2477,259,4,Average quality,2024-12-31
6801,3912,429,4,Quality could improve,2024-04-27
6802,1171,389,4,Excellent product,2024-06-10
6803,3594,335,5,Good value,2023-09-23
6804,1939,224,4,Fast delivery,2023-07-26
6805,4717,173,3,Very good,2023-03-04
6806,1353,225,3,Not satisfied,2025-02-20
6807,4421,292,3,Highly recommended,2023-01-30
6808,846,388,2,Excellent product,2024-05-29
6809,1218,427,3,Average quality,2023-03-08
6810,4246,53,4,Quality could improve,2023-06-17
6811,4151,165,2,Excellent product,2023-10-16
6812,3773,423,4,Excellent product,2024-12-15
6813,43,62,1,Good value,2023-12-03
6814,2470,264,5,Amazing experience,2023-06-10
6815,3976,158,4,Fast delivery,2023-07-24
6816,37,130,3,Amazing experience,2025-04-28
6817,2584,332,5,Quality could improve,2025-06-11
6818,3208,39,5,Worth buying,2024-12-18
6819,1055,375,1,Average quality,2023-10-26
6820,1034,48,3,Average quality,2023-04-06
6821,4392,405,3,Good value,2025-02-05
6822,4710,128,1,Excellent product,2024-05-28
6823,1095,255,2,Not satisfied,2024-12-20
6824,1183,234,4,Average quality,2024-11-09
6825,2327,400,2,Not satisfied,2024-06-08
6826,2388,199,4,Excellent product,2023-11-20
6827,457,258,3,Very good,2023-11-16
6828,426,442,3,Good value,2025-05-28
6829,4820,500,1,Fast delivery,2024-05-05
6830,462,149,3,Not satisfied,2025-02-14
6831,2297,347,4,Fast delivery,2024-01-08
6832,4954,287,5,Excellent product,2024-04-05
6833,503,493,2,Fast delivery,2025-01-01
6834,925,476,5,Very good,2023-08-11
6835,4403,499,3,Average quality,2023-11-26
6836,4398,286,4,Average quality,2023-10-17
6837,2711,21,1,Good value,2023-09-07
6838,1283,238,5,Worth buying,2024-11-01
6839,2393,382,1,Worth buying,2024-07-11
6840,3812,88,1,Amazing experience,2024-06-28
6841,3835,15,3,Excellent product,2024-06-01
6842,2662,349,5,Worth buying,2024-09-26
6843,4066,331,2,Average quality,2024-03-05
6844,879,314,4,Not satisfied,2024-10-19
6845,1971,480,2,Excellent product,2023-01-22
6846,242,376,1,Highly recommended,2023-12-08
6847,466,175,4,Amazing experience,2023-10-20
6848,3505,281,5,Excellent product,2024-11-30
6849,3891,27,2,Highly recommended,2023-12-06
6850,3265,208,3,Good value,2023-09-10
6851,2902,461,4,Worth buying,2025-04-16
6852,4958,449,3,Worth buying,2023-09-22
6853,4519,4,3,Amazing experience,2023-08-14
6854,4729,408,4,Worth buying,2024-05-23
6855,827,74,1,Worth buying,2024-12-01
6856,715,65,1,Fast delivery,2024-03-24
6857,1739,399,5,Good value,2024-07-09
6858,762,253,5,Not satisfied,2023-12-12
6859,708,217,3,Amazing experience,2023-11-22
6860,230,486,4,Amazing experience,2023-07-11
6861,3974,298,4,Very good,2024-02-23
6862,2225,54,5,Excellent product,2024-08-09
6863,4113,34,3,Highly recommended,2025-05-21
6864,4975,335,1,Fast delivery,2024-08-31
6865,1299,9,2,Worth buying,2023-02-18
6866,171,161,4,Worth buying,2023-12-23
6867,2924,295,3,Highly recommended,2023-03-05
6868,1980,337,2,Fast delivery,2024-08-04
6869,1382,123,3,Highly recommended,2023-02-07
6870,1397,459,5,Worth buying,2024-11-06
6871,1658,423,5,Worth buying,2023-08-02
6872,2893,35,3,Very good,2023-04-18
6873,355,33,3,Very good,2024-11-24
6874,1104,458,3,Not satisfied,2023-10-03
6875,1687,248,1,Average quality,2024-02-22
6876,4944,333,2,Worth buying,2024-03-29
6877,1271,112,5,Fast delivery,2023-06-04
6878,4459,281,2,Amazing experience,2023-02-20
6879,2116,396,2,Average quality,2023-12-06
6880,2690,489,2,Very good,2025-05-02
6881,4135,55,3,Fast delivery,2023-05-06
6882,2654,103,3,Average quality,2025-03-17
6883,1708,57,3,Very good,2025-06-19
6884,3409,390,4,Worth buying,2024-12-26
6885,1602,317,4,Quality could improve,2023-07-10
6886,1711,240,4,Not satisfied,2024-05-16
6887,2991,111,2,Good value,2023-08-01
6888,137,324,5,Good value,2023-08-09
6889,2111,138,1,Worth buying,2025-05-30
6890,2603,226,2,Very good,2023-01-11
6891,4610,295,3,Very good,2023-11-18
6892,3154,6,4,Good value,2024-04-10
6893,3247,169,4,Excellent product,2024-08-18
6894,3235,197,1,Worth buying,2023-01-08
6895,1286,288,4,Very good,2025-03-16
6896,3758,363,4,Highly recommended,2025-01-15
6897,2347,158,5,Very good,2023-03-11
6898,20,127,3,Very good,2024-05-26
6899,1099,292,3,Fast delivery,2023-05-01
6900,3789,137,5,Worth buying,2023-08-25
6901,813,375,4,Good value,2024-02-17
6902,3699,44,3,Average quality,2023-12-27
6903,2351,23,5,Average quality,2025-05-23
6904,878,261,3,Worth buying,2023-01-12
6905,1412,405,2,Worth buying,2024-12-18
6906,2257,179,4,Excellent product,2024-07-21
6907,490,228,2,Average quality,2025-04-10
6908,2282,235,1,Good value,2024-07-31
6909,1922,36,1,Fast delivery,2025-06-11
6910,1246,206,1,Fast delivery,2023-05-07
6911,2048,4,1,Highly recommended,2023-04-05
6912,1928,100,5,Worth buying,2024-01-04
6913,4427,387,4,Amazing experience,2023-07-19
6914,4926,489,5,Fast delivery,2024-12-15
6915,614,246,1,Fast delivery,2025-03-18
6916,1420,101,3,Average quality,2024-01-29
6917,500,440,3,Fast delivery,2024-04-14
6918,3038,67,3,Worth buying,2023-10-14
6919,1329,29,4,Not satisfied,2023-09-06
6920,4851,356,1,Average quality,2024-10-15
6921,2870,362,1,Good value,2024-05-28
6922,2543,29,2,Amazing experience,2024-03-02
6923,3497,98,2,Very good,2023-07-10
6924,1915,96,1,Quality could improve,2023-09-18
6925,635,109,4,Fast delivery,2023-09-07
6926,1919,492,3,Amazing experience,2025-06-09
6927,797,163,1,Fast delivery,2023-02-28
6928,2169,360,5,Highly recommended,2024-07-16
6929,2219,245,5,Fast delivery,2023-12-12
6930,590,103,5,Fast delivery,2024-01-07
6931,1954,247,3,Amazing experience,2023-07-21
6932,53,239,2,Excellent product,2024-03-27
6933,2434,244,2,Worth buying,2023-06-03
6934,2230,76,3,Quality could improve,2024-01-28
6935,886,355,1,Average quality,2024-07-27
6936,1825,427,4,Not satisfied,2024-08-09
6937,771,116,5,Excellent product,2023-08-28
6938,679,132,5,Excellent product,2024-12-30
6939,1640,414,2,Worth buying,2025-02-10
6940,2105,361,5,Fast delivery,2023-07-17
6941,2752,165,3,Excellent product,2025-03-10
6942,4488,347,4,Highly recommended,2024-04-10
6943,864,125,4,Good value,2025-02-11
6944,1391,426,3,Amazing experience,2023-03-08
6945,773,103,3,Worth buying,2023-05-01
6946,3124,156,5,Worth buying,2024-12-03
6947,1900,393,3,Excellent product,2024-11-07
6948,1747,266,3,Worth buying,2023-01-05
6949,800,282,3,Not satisfied,2024-08-01
6950,873,154,4,Excellent product,2025-05-06
6951,3580,461,1,Excellent product,2024-03-07
6952,1589,166,5,Not satisfied,2023-09-07
6953,2344,85,1,Excellent product,2023-07-26
6954,3332,278,1,Quality could improve,2023-11-05
6955,3238,283,4,Average quality,2025-04-10
6956,330,262,1,Not satisfied,2023-01-30
6957,807,198,5,Good value,2024-05-07
6958,2508,457,3,Amazing experience,2025-04-19
6959,4359,126,4,Quality could improve,2023-04-21
6960,2009,439,3,Quality could improve,2024-01-31
6961,4300,419,2,Very good,2024-04-01
6962,2241,254,1,Quality could improve,2024-01-08
6963,3188,42,3,Very good,2023-09-02
6964,3024,248,4,Very good,2024-02-26
6965,625,197,1,Good value,2024-01-04
6966,1250,213,2,Very good,2024-03-22
6967,4976,427,3,Worth buying,2023-03-11
6968,277,231,5,Very good,2024-11-01
6969,2266,450,4,Worth buying,2024-09-17
6970,2474,177,5,Worth buying,2023-08-31
6971,3302,87,3,Amazing experience,2023-09-02
6972,1885,417,3,Quality could improve,2024-02-02
6973,4227,161,2,Very good,2025-06-17
6974,1526,476,4,Highly recommended,2023-07-22
6975,3620,287,1,Excellent product,2023-03-15
6976,3499,265,2,Not satisfied,2023-09-21
6977,376,435,2,Excellent product,2023-11-16
6978,1946,122,5,Worth buying,2024-09-10
6979,628,365,5,Excellent product,2024-02-21
6980,3237,85,1,Worth buying,2024-05-19
6981,4125,17,5,Average quality,2024-01-27
6982,970,97,2,Good value,2024-10-16
6983,4520,346,5,Good value,2025-02-07
6984,860,393,1,Quality could improve,2023-03-11
6985,661,179,4,Quality could improve,2024-03-21
6986,4205,35,4,Very good,2024-03-05
6987,2238,187,4,Good value,2023-10-26
6988,2815,351,1,Highly recommended,2025-04-18
6989,3151,148,2,Excellent product,2023-07-19
6990,262,58,2,Not satisfied,2024-08-12
6991,4121,173,2,Highly recommended,2024-11-14
6992,2391,481,3,Fast delivery,2023-03-12
6993,75,407,3,Good value,2023-05-05
6994,3884,171,5,Excellent product,2024-06-11
6995,4901,439,4,Worth buying,2024-05-20
6996,3629,310,4,Average quality,2025-01-15
6997,3343,49,2,Quality could improve,2023-03-09
6998,4985,393,5,Not satisfied,2023-07-21
6999,1167,56,3,Good value,2024-08-15
7000,1980,375,3,Quality could improve,2024-09-15
7001,1569,52,3,Very good,2024-05-23
7002,852,131,5,Good value,2025-02-05
7003,4849,300,5,Highly recommended,2023-06-16
7004,2360,217,5,Amazing experience,2024-09-30
7005,932,470,5,Excellent product,2024-09-13
7006,284,330,1,Average quality,2024-07-20
7007,4694,194,3,Excellent product,2024-02-09
7008,43,13,1,Very good,2023-02-20
7009,505,465,1,Excellent product,2024-07-03
7010,1645,290,2,Good value,2024-03-25
7011,4501,10,5,Quality could improve,2025-04-21
7012,311,346,2,Amazing experience,2024-06-24
7013,343,317,4,Excellent product,2024-04-08
7014,2522,403,2,Quality could improve,2023-10-23
7015,3812,289,2,Fast delivery,2025-04-03
7016,3984,41,5,Fast delivery,2023-07-06
7017,4429,221,5,Amazing experience,2023-01-05
7018,445,99,4,Excellent product,2025-01-06
7019,981,320,4,Very good,2024-05-12
7020,4266,460,4,Highly recommended,2024-09-08
7021,4308,448,1,Quality could improve,2023-07-01
7022,3541,304,4,Good value,2024-07-19
7023,292,6,4,Good value,2024-08-16
7024,607,180,4,Quality could improve,2024-08-31
7025,1996,350,4,Quality could improve,2024-07-19
7026,3700,125,3,Not satisfied,2024-04-03
7027,1726,44,2,Excellent product,2024-11-06
7028,1882,84,5,Good value,2024-01-20
7029,1322,71,4,Not satisfied,2023-12-04
7030,4948,87,5,Average quality,2024-11-11
7031,2375,202,2,Not satisfied,2023-03-10
7032,2105,145,3,Good value,2023-07-11
7033,1389,455,5,Quality could improve,2023-02-22
7034,2006,451,1,Worth buying,2024-10-01
7035,4832,161,3,Quality could improve,2023-09-09
7036,278,245,2,Excellent product,2023-03-25
7037,2431,352,1,Good value,2025-01-24
7038,752,261,2,Excellent product,2023-10-30
7039,1437,275,5,Not satisfied,2023-04-30
7040,2566,257,4,Quality could improve,2025-01-26
7041,2610,465,2,Amazing experience,2025-05-27
7042,2814,39,4,Not satisfied,2024-04-21
7043,3983,388,2,Very good,2023-06-19
7044,4045,316,1,Good value,2024-07-27
7045,587,349,3,Excellent product,2024-02-24
7046,3831,429,4,Very good,2024-10-07
7047,2966,378,5,Highly recommended,2024-06-09
7048,4878,289,3,Quality could improve,2023-06-15
7049,2931,340,1,Average quality,2024-02-14
7050,2619,277,3,Very good,2023-08-26
7051,189,391,3,Very good,2024-06-05
7052,681,173,5,Average quality,2024-11-07
7053,2379,75,5,Amazing experience,2023-03-31
7054,2311,273,3,Excellent product,2023-01-04
7055,2898,420,1,Highly recommended,2024-12-01
7056,3031,188,4,Highly recommended,2024-11-20
7057,3673,125,3,Not satisfied,2024-03-07
7058,4157,267,2,Amazing experience,2024-10-17
7059,1129,481,5,Very good,2023-03-20
7060,2052,440,4,Not satisfied,2024-01-24
7061,2012,144,1,Very good,2025-02-18
7062,2160,244,1,Not satisfied,2023-09-17
7063,3739,399,3,Highly recommended,2024-06-20
7064,1383,383,2,Worth buying,2023-12-07
7065,3729,363,2,Not satisfied,2024-12-15
7066,2582,487,3,Very good,2025-02-18
7067,3871,62,4,Worth buying,2023-04-21
7068,4720,164,5,Excellent product,2023-08-11
7069,1600,269,4,Highly recommended,2025-02-21
7070,796,476,4,Amazing experience,2024-04-26
7071,2266,363,1,Quality could improve,2023-03-08
7072,2640,367,2,Excellent product,2023-08-09
7073,1040,387,1,Amazing experience,2025-05-24
7074,4602,84,4,Good value,2025-01-12
7075,490,340,4,Very good,2025-04-21
7076,2204,315,2,Average quality,2025-05-13
7077,1256,7,1,Excellent product,2024-11-19
7078,2001,58,5,Highly recommended,2025-05-20
7079,2331,292,5,Not satisfied,2024-02-12
7080,92,248,1,Worth buying,2024-09-27
7081,248,238,2,Good value,2024-12-05
7082,4637,308,5,Highly recommended,2024-02-24
7083,3477,406,3,Excellent product,2023-04-19
7084,4883,439,4,Highly recommended,2023-12-31
7085,954,179,5,Good value,2024-02-08
7086,2014,11,5,Very good,2023-03-26
7087,4915,237,2,Fast delivery,2024-09-09
7088,2660,275,2,Very good,2023-12-14
7089,1889,208,2,Average quality,2023-05-26
7090,3041,17,5,Not satisfied,2024-03-09
7091,2083,366,4,Fast delivery,2023-10-04
7092,1659,207,4,Fast delivery,2024-07-19
7093,1931,397,1,Not satisfied,2024-08-01
7094,4031,30,2,Good value,2023-02-28
7095,1426,230,3,Good value,2023-09-07
7096,653,341,4,Highly recommended,2023-05-18
7097,1936,486,1,Very good,2025-04-18
7098,3282,414,4,Not satisfied,2024-12-22
7099,3428,47,5,Very good,2024-12-14
7100,1205,379,3,Fast delivery,2023-06-18
7101,822,456,5,Not satisfied,2025-05-05
7102,4633,405,2,Fast delivery,2023-08-16
7103,2972,37,4,Very good,2024-07-18
7104,4795,270,5,Fast delivery,2023-01-13
7105,4605,451,5,Quality could improve,2025-03-23
7106,4277,425,4,Very good,2023-06-26
7107,534,96,1,Fast delivery,2025-06-06
7108,4816,151,1,Highly recommended,2025-01-05
7109,1216,120,1,Highly recommended,2024-11-11
7110,4133,183,1,Fast delivery,2025-01-03
7111,3643,169,1,Very good,2025-03-09
7112,4783,405,5,Very good,2023-12-17
7113,2085,69,2,Very good,2025-04-06
7114,1410,111,2,Good value,2024-04-15
7115,162,86,5,Amazing experience,2023-10-24
7116,4701,278,3,Very good,2024-11-27
7117,1480,49,1,Highly recommended,2024-07-16
7118,4124,329,5,Worth buying,2025-03-10
7119,2236,96,1,Very good,2024-03-05
7120,4870,439,5,Highly recommended,2024-03-26
7121,1649,152,2,Good value,2025-03-15
7122,1249,1,3,Highly recommended,2024-03-02
7123,1066,32,2,Worth buying,2024-10-07
7124,171,347,2,Good value,2023-04-01
7125,3404,353,3,Average quality,2023-07-17
7126,3899,137,1,Highly recommended,2024-10-24
7127,3111,190,4,Amazing experience,2024-08-30
7128,4012,369,2,Not satisfied,2024-12-18
7129,2334,442,1,Quality could improve,2023-07-15
7130,578,257,5,Highly recommended,2024-01-20
7131,4501,169,3,Amazing experience,2023-03-08
7132,3856,296,4,Excellent product,2024-04-07
7133,2391,391,1,Quality could improve,2025-03-01
7134,4416,368,2,Not satisfied,2023-10-15
7135,810,188,2,Amazing experience,2023-11-15
7136,2538,84,1,Amazing experience,2025-02-15
7137,4974,204,3,Worth buying,2024-02-15
7138,1032,473,2,Highly recommended,2025-04-10
7139,4349,407,3,Very good,2023-02-07
7140,4315,238,4,Worth buying,2025-02-18
7141,4247,312,4,Not satisfied,2024-03-06
7142,1058,51,3,Amazing experience,2024-06-16
7143,2142,112,1,Very good,2024-01-31
7144,4521,93,1,Good value,2024-12-27
7145,3672,143,1,Fast delivery,2023-05-24
7146,287,311,5,Excellent product,2024-04-10
7147,3407,62,3,Not satisfied,2024-08-26
7148,174,202,3,Fast delivery,2024-05-20
7149,2549,339,2,Average quality,2024-07-14
7150,2511,358,3,Not satisfied,2024-02-12
7151,2942,336,4,Very good,2024-04-06
7152,1109,122,2,Quality could improve,2023-04-09
7153,527,390,3,Amazing experience,2025-01-27
7154,1387,115,5,Amazing experience,2024-10-28
7155,4437,124,2,Quality could improve,2024-02-15
7156,2618,313,2,Excellent product,2025-03-07
7157,1564,476,1,Highly recommended,2024-05-31
7158,3098,11,2,Amazing experience,2025-01-11
7159,3298,68,4,Worth buying,2024-03-29
7160,1534,453,2,Excellent product,2023-11-25
7161,1353,411,3,Highly recommended,2023-03-24
7162,115,23,2,Not satisfied,2024-05-16
7163,1529,27,2,Fast delivery,2024-01-06
7164,2297,101,1,Worth buying,2025-01-02
7165,2344,79,4,Average quality,2025-04-13
7166,2511,371,3,Average quality,2024-09-15
7167,3529,490,4,Highly recommended,2023-12-09
7168,2682,434,4,Amazing experience,2024-05-05
7169,1344,69,1,Good value,2025-06-15
7170,57,356,2,Very good,2023-09-27
7171,3293,50,5,Worth buying,2024-11-25
7172,2536,46,3,Quality could improve,2023-12-24
7173,4224,37,4,Highly recommended,2024-05-03
7174,271,494,4,Fast delivery,2024-04-29
7175,4652,284,2,Amazing experience,2025-02-26
7176,3683,42,1,Not satisfied,2023-12-09
7177,578,167,1,Good value,2024-11-23
7178,48,353,2,Not satisfied,2025-03-13
7179,4499,368,3,Amazing experience,2024-01-18
7180,4900,406,4,Not satisfied,2023-09-10
7181,4940,464,2,Fast delivery,2023-09-06
7182,819,431,2,Worth buying,2023-10-04
7183,283,201,1,Good value,2025-06-07
7184,469,127,5,Worth buying,2025-05-26
7185,1403,45,3,Very good,2023-02-05
7186,2364,288,2,Worth buying,2025-04-11
7187,3560,154,3,Average quality,2023-08-02
7188,4981,200,2,Excellent product,2024-09-09
7189,1117,158,3,Excellent product,2024-09-02
7190,2760,236,4,Good value,2024-03-27
7191,543,64,2,Highly recommended,2024-11-01
7192,2611,12,4,Average quality,2024-10-02
7193,904,211,5,Not satisfied,2025-01-19
7194,3379,418,1,Not satisfied,2023-04-27
7195,3230,212,2,Excellent product,2024-06-23
7196,2726,205,4,Excellent product,2024-02-01
7197,1076,99,3,Amazing experience,2023-04-16
7198,1811,136,5,Excellent product,2025-03-28
7199,4953,425,1,Amazing experience,2024-10-10
7200,2329,257,2,Amazing experience,2023-05-08
7201,4644,185,3,Quality could improve,2023-12-04
7202,2907,406,1,Very good,2023-09-12
7203,4395,168,2,Highly recommended,2023-11-06
7204,2275,237,5,Good value,2024-10-08
7205,3059,245,4,Fast delivery,2024-03-14
7206,180,479,3,Quality could improve,2024-03-30
7207,3005,439,2,Fast delivery,2023-12-10
7208,233,21,1,Amazing experience,2023-01-30
7209,4841,204,4,Quality could improve,2023-09-19
7210,4652,96,1,Fast delivery,2025-01-04
7211,3570,16,4,Amazing experience,2023-11-08
7212,1956,242,1,Fast delivery,2025-04-29
7213,1567,190,1,Very good,2024-07-21
7214,2197,432,2,Quality could improve,2024-03-19
7215,1229,208,2,Worth buying,2023-06-29
7216,854,221,1,Quality could improve,2024-07-20
7217,236,64,1,Highly recommended,2023-03-03
7218,2756,41,1,Amazing experience,2024-09-29
7219,3057,19,2,Worth buying,2023-11-10
7220,2336,294,1,Quality could improve,2025-06-05
7221,3936,221,5,Average quality,2023-03-27
7222,1746,214,5,Good value,2025-05-16
7223,3541,250,1,Good value,2023-02-10
7224,462,499,4,Quality could improve,2024-03-07
7225,3803,281,4,Highly recommended,2024-02-17
7226,171,328,5,Not satisfied,2024-06-10
7227,442,217,4,Fast delivery,2023-09-10
7228,382,57,3,Quality could improve,2023-11-17
7229,359,362,4,Not satisfied,2025-04-06
7230,4912,428,4,Highly recommended,2023-08-28
7231,3165,383,5,Good value,2023-07-22
7232,3825,34,5,Fast delivery,2024-12-01
7233,4325,99,4,Very good,2023-01-17
7234,4608,175,4,Very good,2023-09-03
7235,1365,386,5,Worth buying,2024-12-15
7236,431,118,5,Amazing experience,2024-08-27
7237,2040,182,2,Fast delivery,2024-03-18
7238,178,310,1,Good value,2025-02-15
7239,4116,74,5,Worth buying,2025-04-16
7240,3364,123,5,Average quality,2024-07-30
7241,985,344,3,Not satisfied,2023-10-09
7242,910,76,1,Good value,2023-07-08
7243,4981,229,4,Fast delivery,2023-07-02
7244,4096,167,5,Very good,2023-12-04
7245,339,52,1,Average quality,2024-11-04
7246,2986,193,5,Very good,2024-11-27
7247,2779,406,2,Excellent product,2024-12-11
7248,1449,22,4,Quality could improve,2024-04-09
7249,3989,448,1,Worth buying,2024-10-01
7250,3983,305,5,Not satisfied,2024-07-10
7251,3587,285,2,Very good,2024-10-27
7252,2415,212,2,Amazing experience,2025-04-24
7253,1225,342,3,Very good,2024-09-09
7254,4098,289,5,Amazing experience,2023-09-09
7255,1114,243,4,Highly recommended,2023-05-07
7256,293,110,3,Not satisfied,2024-12-07
7257,4074,297,1,Very good,2024-08-15
7258,4273,303,4,Good value,2024-05-20
7259,1956,146,1,Highly recommended,2023-08-18
7260,319,111,4,Good value,2025-04-18
7261,690,44,1,Worth buying,2023-10-09
7262,4453,257,2,Worth buying,2024-06-14
7263,4884,248,2,Very good,2024-01-20
7264,3979,307,4,Fast delivery,2024-01-28
7265,1549,415,1,Excellent product,2024-09-04
7266,671,51,3,Average quality,2025-03-01
7267,3350,138,2,Fast delivery,2024-09-13
7268,2548,358,5,Excellent product,2025-04-20
7269,2783,52,1,Average quality,2024-03-22
7270,3659,108,5,Fast delivery,2023-10-05
7271,2075,146,5,Good value,2025-02-27
7272,2893,406,5,Good value,2023-04-26
7273,4696,40,4,Excellent product,2025-04-16
7274,1201,370,5,Good value,2023-05-15
7275,2389,466,4,Very good,2024-03-14
7276,1425,297,2,Worth buying,2023-12-26
7277,740,432,3,Highly recommended,2025-03-26
7278,783,363,1,Excellent product,2024-08-28
7279,4145,286,1,Good value,2023-08-17
7280,4110,323,1,Worth buying,2024-01-24
7281,1583,51,2,Worth buying,2024-05-25
7282,4154,121,2,Good value,2023-03-23
7283,1014,89,3,Worth buying,2023-10-02
7284,2242,77,1,Excellent product,2023-04-22
7285,3740,267,3,Good value,2023-04-18
7286,2314,208,2,Fast delivery,2024-10-16
7287,1958,399,5,Excellent product,2023-06-20
7288,4939,431,2,Average quality,2025-06-15
7289,1945,342,2,Good value,2024-06-13
7290,4149,13,1,Excellent product,2025-03-14
7291,4109,65,1,Fast delivery,2024-08-26
7292,1548,296,3,Worth buying,2023-04-08
7293,4256,127,5,Excellent product,2023-06-07
7294,272,29,4,Highly recommended,2025-01-29
7295,4425,491,5,Very good,2023-01-17
7296,2042,349,2,Amazing experience,2024-12-12
7297,670,135,1,Amazing experience,2025-04-27
7298,206,65,2,Excellent product,2024-11-09
7299,4468,395,5,Very good,2023-11-29
7300,2805,495,5,Worth buying,2025-03-14
7301,1773,62,2,Average quality,2024-11-18
7302,1853,499,2,Excellent product,2025-04-26
7303,1562,96,2,Average quality,2024-01-16
7304,2355,124,4,Quality could improve,2024-12-28
7305,2048,286,4,Excellent product,2023-03-01
7306,1122,349,2,Worth buying,2023-04-02
7307,3739,216,3,Average quality,2023-08-19
7308,1570,251,4,Excellent product,2024-03-22
7309,3645,182,1,Highly recommended,2023-12-21
7310,4276,441,3,Average quality,2024-07-27
7311,4079,79,5,Highly recommended,2024-04-15
7312,1355,224,5,Good value,2024-03-22
7313,40,144,5,Fast delivery,2024-06-11
7314,1193,6,4,Excellent product,2023-06-22
7315,4321,346,5,Average quality,2025-05-25
7316,3689,458,5,Good value,2023-08-11
7317,1679,463,4,Amazing experience,2023-04-02
7318,1855,209,4,Excellent product,2024-02-09
7319,1300,381,5,Quality could improve,2024-10-11
7320,3664,257,5,Highly recommended,2024-06-06
7321,2908,332,2,Quality could improve,2025-01-03
7322,3575,87,2,Very good,2025-01-01
7323,2054,138,2,Average quality,2024-05-16
7324,1271,426,5,Very good,2023-06-02
7325,2308,228,1,Excellent product,2025-03-30
7326,318,201,4,Very good,2023-06-30
7327,864,140,2,Fast delivery,2025-04-11
7328,1863,12,2,Average quality,2025-03-12
7329,3710,86,5,Very good,2024-05-14
7330,977,85,5,Not satisfied,2023-01-29
7331,763,484,5,Worth buying,2024-06-20
7332,152,320,1,Good value,2023-11-27
7333,502,336,3,Worth buying,2024-09-09
7334,1257,447,1,Very good,2024-01-10
7335,3259,91,3,Highly recommended,2024-05-27
7336,883,449,5,Quality could improve,2025-01-27
7337,807,144,3,Fast delivery,2024-02-18
7338,1136,6,5,Excellent product,2023-06-10
7339,4646,417,1,Very good,2024-03-09
7340,1819,48,2,Highly recommended,2024-06-09
7341,41,410,3,Not satisfied,2025-01-01
7342,4128,173,4,Good value,2025-04-24
7343,2013,359,4,Average quality,2023-07-03
7344,4900,147,2,Very good,2024-03-10
7345,4847,162,2,Quality could improve,2023-09-19
7346,3835,419,1,Not satisfied,2023-11-19
7347,4260,412,2,Average quality,2023-09-22
7348,582,264,5,Average quality,2024-03-10
7349,4499,210,4,Very good,2024-06-06
7350,4964,107,3,Highly recommended,2023-11-08
7351,4926,418,1,Very good,2024-01-29
7352,829,232,3,Good value,2023-12-26
7353,1442,278,1,Not satisfied,2024-03-18
7354,929,341,3,Quality could improve,2024-11-08
7355,4713,171,4,Not satisfied,2025-06-11
7356,3510,473,1,Quality could improve,2024-03-01
7357,1718,438,5,Fast delivery,2025-02-25
7358,2367,347,1,Worth buying,2024-07-28
7359,2290,288,1,Worth buying,2023-08-30
7360,3033,372,1,Amazing experience,2025-04-02
7361,1688,356,2,Good value,2025-02-10
7362,2965,180,5,Worth buying,2023-07-11
7363,2322,180,1,Highly recommended,2025-06-17
7364,3987,229,2,Very good,2024-02-14
7365,2413,177,1,Fast delivery,2023-02-23
7366,4814,72,1,Fast delivery,2024-08-06
7367,2834,411,4,Amazing experience,2023-10-28
7368,2013,250,1,Very good,2024-11-10
7369,3896,302,3,Not satisfied,2024-01-05
7370,202,5,2,Not satisfied,2023-05-04
7371,3570,283,1,Fast delivery,2023-04-22
7372,574,184,5,Highly recommended,2023-12-07
7373,1410,454,2,Not satisfied,2023-01-10
7374,221,401,1,Good value,2023-06-20
7375,1120,283,3,Worth buying,2023-04-20
7376,17,343,1,Not satisfied,2024-02-24
7377,89,92,1,Very good,2024-01-19
7378,3153,378,2,Fast delivery,2025-04-27
7379,4061,481,2,Excellent product,2023-04-17
7380,4521,38,3,Very good,2024-09-01
7381,4745,371,4,Amazing experience,2024-12-05
7382,2612,134,3,Amazing experience,2023-10-08
7383,1735,66,2,Not satisfied,2025-03-24
7384,406,320,5,Quality could improve,2024-06-01
7385,2321,12,1,Very good,2024-12-30
7386,4218,329,5,Fast delivery,2023-10-08
7387,3851,105,3,Fast delivery,2023-09-28
7388,3100,208,4,Very good,2024-05-30
7389,3789,370,3,Very good,2025-02-15
7390,397,58,1,Quality could improve,2024-09-26
7391,3787,298,2,Highly recommended,2023-05-24
7392,4344,473,4,Worth buying,2023-09-15
7393,1832,15,3,Fast delivery,2023-11-22
7394,3796,460,5,Worth buying,2024-05-21
7395,3166,294,2,Not satisfied,2024-06-27
7396,98,24,1,Good value,2023-05-30
7397,1146,452,2,Amazing experience,2024-12-07
7398,122,21,3,Highly recommended,2024-02-25
7399,161,5,4,Very good,2024-06-23
7400,3583,365,1,Average quality,2023-04-25
7401,680,61,5,Very good,2023-02-12
7402,4009,210,1,Not satisfied,2023-09-02
7403,1373,7,3,Fast delivery,2024-06-23
7404,731,284,2,Not satisfied,2023-10-19
7405,40,168,4,Worth buying,2023-04-01
7406,3489,63,3,Quality could improve,2025-04-13
7407,4358,439,4,Not satisfied,2024-11-13
7408,3746,75,5,Quality could improve,2023-02-12
7409,126,488,2,Not satisfied,2023-01-17
7410,83,430,2,Highly recommended,2024-11-09
7411,2636,318,3,Average quality,2024-07-17
7412,3719,206,1,Worth buying,2024-10-31
7413,4768,427,5,Excellent product,2024-06-28
7414,860,201,2,Highly recommended,2023-01-15
7415,3765,377,5,Fast delivery,2023-08-22
7416,2817,127,4,Quality could improve,2024-04-23
7417,3449,348,3,Quality could improve,2024-12-30
7418,2340,77,5,Average quality,2023-08-18
7419,2858,355,1,Good value,2023-04-17
7420,1367,46,1,Quality could improve,2023-08-10
7421,4191,468,2,Worth buying,2023-08-31
7422,2516,474,4,Average quality,2025-05-17
7423,3178,47,4,Worth buying,2023-05-08
7424,1506,64,3,Worth buying,2024-05-06
7425,1908,233,5,Worth buying,2023-08-25
7426,3618,196,5,Highly recommended,2024-04-16
7427,4686,91,5,Very good,2023-12-22
7428,1301,90,2,Amazing experience,2024-09-13
7429,3808,444,4,Average quality,2023-01-12
7430,1356,224,4,Amazing experience,2024-05-30
7431,4309,485,4,Fast delivery,2023-01-30
7432,2928,23,1,Amazing experience,2024-01-29
7433,3053,168,3,Excellent product,2023-07-09
7434,2096,281,3,Highly recommended,2024-10-27
7435,2287,300,3,Highly recommended,2023-11-28
7436,661,154,4,Worth buying,2025-04-02
7437,3690,318,1,Highly recommended,2023-03-20
7438,4021,199,4,Worth buying,2023-07-04
7439,3614,157,5,Quality could improve,2024-12-25
7440,1460,400,5,Excellent product,2024-12-02
7441,1377,430,1,Fast delivery,2023-05-21
7442,1343,9,2,Very good,2024-04-06
7443,1541,282,2,Worth buying,2023-02-09
7444,3899,48,5,Excellent product,2023-07-25
7445,369,120,4,Very good,2023-09-12
7446,2151,401,2,Fast delivery,2023-12-01
7447,2717,313,5,Good value,2025-02-23
7448,4559,337,3,Very good,2023-03-21
7449,1254,91,4,Excellent product,2023-05-27
7450,3054,470,3,Quality could improve,2023-09-12
7451,1179,487,4,Not satisfied,2025-02-24
7452,4162,451,2,Worth buying,2024-12-12
7453,2283,46,2,Fast delivery,2024-04-29
7454,2747,398,2,Good value,2024-09-19
7455,1535,392,1,Good value,2023-09-14
7456,1141,252,5,Amazing experience,2023-09-23
7457,2136,73,3,Fast delivery,2025-04-13
7458,740,485,1,Fast delivery,2024-12-27
7459,2512,16,3,Worth buying,2024-01-30
7460,4447,274,3,Fast delivery,2025-06-12
7461,4117,6,1,Very good,2024-10-03
7462,4559,375,4,Worth buying,2024-12-28
7463,3186,251,2,Not satisfied,2023-12-23
7464,3782,90,4,Amazing experience,2023-04-01
7465,123,411,4,Quality could improve,2024-01-15
7466,3444,404,4,Average quality,2023-01-22
7467,1334,92,1,Excellent product,2023-03-31
7468,2382,290,5,Good value,2023-06-11
7469,3694,237,3,Very good,2024-08-01
7470,3852,17,2,Very good,2025-03-09
7471,2042,401,4,Average quality,2023-11-12
7472,905,204,5,Average quality,2023-03-16
7473,4458,184,2,Average quality,2023-08-05
7474,2391,44,1,Very good,2023-01-02
7475,4383,187,2,Not satisfied,2025-01-16
7476,3715,151,4,Highly recommended,2025-01-28
7477,873,306,3,Very good,2024-03-09
7478,1636,140,4,Amazing experience,2024-11-18
7479,2775,190,1,Good value,2025-05-13
7480,506,175,1,Very good,2024-07-14
7481,2919,264,5,Average quality,2024-05-31
7482,4439,99,1,Not satisfied,2023-10-01
7483,367,279,1,Very good,2023-03-04
7484,2372,326,1,Highly recommended,2025-01-18
7485,545,297,1,Good value,2023-04-20
7486,3812,219,2,Excellent product,2024-10-25
7487,294,408,3,Highly recommended,2024-04-13
7488,647,26,4,Very good,2024-04-17
7489,2742,378,1,Amazing experience,2023-01-24
7490,3577,47,2,Amazing experience,2025-03-08
7491,1828,130,3,Worth buying,2025-02-12
7492,1869,156,5,Good value,2023-09-18
7493,1632,56,1,Average quality,2024-10-23
7494,4026,497,4,Amazing experience,2024-12-10
7495,3249,79,4,Amazing experience,2023-04-04
7496,2493,244,3,Not satisfied,2025-05-05
7497,4356,76,4,Amazing experience,2023-01-10
7498,1102,361,2,Highly recommended,2023-08-13
7499,953,21,4,Excellent product,2023-06-02
7500,3288,477,3,Worth buying,2024-06-12
7501,3651,108,1,Very good,2024-02-01
7502,2344,199,3,Amazing experience,2024-12-15
7503,2641,46,3,Not satisfied,2025-06-06
7504,2667,447,5,Very good,2025-04-12
7505,3872,387,2,Quality could improve,2023-12-16
7506,972,132,5,Fast delivery,2024-03-01
7507,1579,108,2,Quality could improve,2025-02-26
7508,4091,243,1,Quality could improve,2024-10-30
7509,4416,308,3,Worth buying,2023-02-02
7510,1035,243,1,Not satisfied,2024-04-22
7511,1681,454,5,Excellent product,2023-10-20
7512,4888,493,1,Quality could improve,2024-04-17
7513,3773,435,2,Average quality,2024-08-21
7514,3524,414,4,Quality could improve,2024-09-10
7515,1605,215,3,Worth buying,2024-02-17
7516,1397,345,1,Not satisfied,2023-08-20
7517,2308,217,1,Very good,2024-09-23
7518,2183,361,2,Good value,2024-09-10
7519,2485,373,3,Highly recommended,2023-11-11
7520,1842,109,4,Average quality,2024-11-30
7521,949,417,5,Highly recommended,2023-04-05
7522,834,409,3,Very good,2023-09-03
7523,4066,374,4,Fast delivery,2023-01-10
7524,1550,216,5,Very good,2025-02-23
7525,1781,378,1,Quality could improve,2023-03-07
7526,1616,190,3,Quality could improve,2025-03-03
7527,3867,132,4,Excellent product,2024-08-09
7528,3138,95,3,Not satisfied,2023-02-14
7529,4917,376,5,Good value,2025-02-03
7530,3425,268,3,Highly recommended,2025-06-02
7531,3888,77,2,Quality could improve,2023-08-29
7532,4280,60,5,Worth buying,2024-11-03
7533,1173,404,1,Not satisfied,2023-07-28
7534,971,343,3,Very good,2024-01-10
7535,2821,389,3,Highly recommended,2023-01-27
7536,4108,97,5,Good value,2024-06-02
7537,4659,138,5,Good value,2024-07-02
7538,1685,457,3,Excellent product,2023-09-01
7539,3187,36,3,Quality could improve,2024-07-25
7540,4818,48,3,Amazing experience,2025-01-13
7541,2232,159,2,Average quality,2025-01-07
7542,3287,418,1,Quality could improve,2025-05-05
7543,1889,201,1,Not satisfied,2024-02-22
7544,270,35,2,Average quality,2024-06-07
7545,2877,372,5,Worth buying,2025-01-05
7546,1818,336,2,Amazing experience,2025-04-17
7547,2735,387,4,Fast delivery,2023-07-04
7548,543,241,4,Quality could improve,2025-02-11
7549,4079,174,5,Average quality,2023-12-09
7550,485,428,2,Average quality,2023-05-13
7551,3919,341,5,Worth buying,2023-09-10
7552,4369,495,4,Not satisfied,2023-12-15
7553,2730,22,2,Fast delivery,2023-04-28
7554,4062,204,4,Excellent product,2025-04-04
7555,2069,19,5,Worth buying,2023-03-10
7556,1478,288,5,Excellent product,2023-01-10
7557,1747,347,5,Amazing experience,2024-09-22
7558,2414,258,4,Very good,2025-02-13
7559,3111,186,1,Very good,2023-06-14
7560,1820,453,3,Not satisfied,2024-05-03
7561,4782,490,2,Average quality,2023-03-28
7562,3584,49,4,Excellent product,2024-07-11
7563,2745,323,5,Good value,2025-01-14
7564,49,480,2,Quality could improve,2023-09-14
7565,1386,167,4,Not satisfied,2024-02-24
7566,4206,30,3,Amazing experience,2024-12-30
7567,2301,271,5,Excellent product,2024-05-15
7568,4830,27,5,Quality could improve,2025-02-06
7569,1871,364,2,Average quality,2025-04-07
7570,4476,36,4,Fast delivery,2023-10-05
7571,4544,337,4,Not satisfied,2023-09-08
7572,2873,244,5,Quality could improve,2023-06-05
7573,4137,210,3,Fast delivery,2024-10-28
7574,4004,298,2,Average quality,2023-04-01
7575,749,120,4,Quality could improve,2025-06-08
7576,4768,55,4,Fast delivery,2024-02-07
7577,4803,82,4,Quality could improve,2025-03-29
7578,218,394,1,Average quality,2024-03-29
7579,1756,142,4,Fast delivery,2025-02-17
7580,1192,493,1,Quality could improve,2023-08-22
7581,4593,80,2,Highly recommended,2024-11-22
7582,4261,383,4,Fast delivery,2024-06-12
7583,2415,255,5,Very good,2024-09-23
7584,1320,114,1,Not satisfied,2024-08-10
7585,726,42,1,Amazing experience,2024-06-10
7586,1098,23,2,Good value,2024-09-05
7587,2474,204,3,Very good,2024-10-11
7588,4295,276,2,Amazing experience,2023-11-08
7589,3708,350,3,Amazing experience,2024-08-15
7590,1871,488,1,Fast delivery,2023-07-30
7591,842,446,4,Not satisfied,2024-02-02
7592,4912,372,3,Good value,2023-08-13
7593,4650,424,5,Excellent product,2024-05-24
7594,1486,311,2,Average quality,2024-10-04
7595,4560,208,1,Excellent product,2024-08-24
7596,4829,339,2,Good value,2024-02-07
7597,3581,361,5,Good value,2023-09-27
7598,874,264,5,Worth buying,2023-05-25
7599,910,480,1,Excellent product,2023-01-15
7600,498,333,3,Not satisfied,2025-05-22
7601,1674,223,2,Highly recommended,2023-12-10
7602,1875,387,2,Fast delivery,2023-10-26
7603,2851,168,2,Good value,2025-04-14
7604,1092,406,3,Highly recommended,2024-02-04
7605,2094,77,2,Not satisfied,2024-12-12
7606,3532,412,2,Excellent product,2024-05-08
7607,1978,170,4,Quality could improve,2024-06-16
7608,869,292,2,Quality could improve,2023-01-28
7609,3362,492,5,Fast delivery,2023-11-13
7610,3928,455,2,Amazing experience,2023-01-28
7611,472,47,5,Average quality,2023-07-08
7612,4450,29,2,Quality could improve,2024-09-06
7613,1995,439,2,Fast delivery,2024-12-24
7614,3067,493,1,Not satisfied,2023-07-21
7615,4823,360,3,Average quality,2023-08-30
7616,3835,52,3,Average quality,2024-08-26
7617,2446,44,3,Not satisfied,2023-11-03
7618,2729,17,4,Highly recommended,2024-09-30
7619,4880,232,5,Excellent product,2025-04-24
7620,1522,187,4,Highly recommended,2025-04-19
7621,3859,212,5,Worth buying,2025-05-23
7622,2648,144,3,Highly recommended,2024-05-10
7623,370,237,5,Worth buying,2024-11-17
7624,2963,47,5,Good value,2023-06-17
7625,575,476,2,Amazing experience,2024-11-11
7626,2834,120,1,Fast delivery,2024-03-23
7627,2060,50,2,Average quality,2023-03-13
7628,1720,176,2,Not satisfied,2024-07-24
7629,2902,208,5,Highly recommended,2024-09-14
7630,1602,171,4,Amazing experience,2024-08-12
7631,4894,387,3,Highly recommended,2023-05-16
7632,633,322,1,Amazing experience,2023-08-11
7633,4363,238,2,Good value,2023-10-25
7634,374,283,3,Worth buying,2024-01-29
7635,4163,149,1,Quality could improve,2024-07-05
7636,1456,315,3,Quality could improve,2024-12-27
7637,2413,7,3,Very good,2025-01-25
7638,3876,388,2,Amazing experience,2025-03-01
7639,4281,455,1,Not satisfied,2025-06-07
7640,748,31,1,Average quality,2023-06-14
7641,2108,449,1,Quality could improve,2023-10-07
7642,1114,112,5,Amazing experience,2023-08-03
7643,4296,244,1,Good value,2024-03-25
7644,2263,2,2,Worth buying,2024-10-12
7645,2270,420,4,Fast delivery,2023-06-21
7646,3930,423,5,Average quality,2025-05-27
7647,3815,111,2,Average quality,2023-02-21
7648,3886,333,4,Worth buying,2024-06-16
7649,4265,299,3,Good value,2024-07-30
7650,4422,304,3,Amazing experience,2023-12-30
7651,4955,306,5,Quality could improve,2024-09-29
7652,2084,258,1,Fast delivery,2024-08-25
7653,4586,461,1,Good value,2023-03-02
7654,1591,208,2,Amazing experience,2023-07-16
7655,4246,2,1,Quality could improve,2024-11-26
7656,3708,125,1,Worth buying,2023-08-19
7657,1514,480,1,Quality could improve,2023-02-13
7658,2878,266,5,Not satisfied,2023-05-08
7659,2561,135,5,Good value,2024-05-18
7660,532,416,4,Excellent product,2023-11-05
7661,752,449,2,Highly recommended,2023-09-19
7662,1431,233,1,Quality could improve,2025-02-07
7663,4282,297,5,Good value,2024-12-04
7664,1014,362,1,Worth buying,2024-03-02
7665,2537,130,3,Highly recommended,2023-10-15
7666,3489,406,3,Amazing experience,2024-02-20
7667,4856,347,3,Quality could improve,2024-02-21
7668,1208,445,2,Amazing experience,2024-10-20
7669,2053,89,1,Very good,2023-05-30
7670,4587,393,4,Very good,2023-11-30
7671,1149,309,1,Highly recommended,2024-11-18
7672,2022,276,1,Worth buying,2023-04-29
7673,4842,427,3,Worth buying,2023-11-20
7674,703,215,4,Very good,2023-08-04
7675,4991,152,4,Amazing experience,2023-07-10
7676,190,388,3,Quality could improve,2023-09-23
7677,1584,186,5,Worth buying,2024-10-21
7678,2183,190,4,Quality could improve,2023-07-28
7679,1458,370,4,Amazing experience,2024-09-26
7680,635,12,5,Amazing experience,2024-03-04
7681,3605,334,1,Excellent product,2024-08-14
7682,707,478,2,Quality could improve,2024-05-28
7683,4773,467,5,Excellent product,2024-10-05
7684,4580,462,2,Worth buying,2023-09-11
7685,4470,166,3,Quality could improve,2025-01-18
7686,4122,99,2,Not satisfied,2023-06-12
7687,2478,149,2,Very good,2024-01-01
7688,302,181,4,Highly recommended,2024-10-06
7689,3548,44,5,Very good,2024-02-07
7690,4959,208,3,Worth buying,2024-11-19
7691,3170,75,3,Excellent product,2023-11-04
7692,3240,352,5,Amazing experience,2025-06-10
7693,835,438,1,Average quality,2023-07-12
7694,873,418,3,Amazing experience,2024-09-04
7695,2857,35,4,Worth buying,2025-02-18
7696,4566,197,4,Worth buying,2023-09-07
7697,4307,388,1,Very good,2024-05-29
7698,1067,25,1,Excellent product,2025-04-05
7699,4917,138,1,Average quality,2025-05-23
7700,945,350,2,Amazing experience,2024-02-12
7701,694,49,4,Not satisfied,2023-10-04
7702,1024,106,5,Quality could improve,2023-07-09
7703,1143,329,1,Amazing experience,2025-04-27
7704,739,149,1,Not satisfied,2023-08-03
7705,4845,156,4,Very good,2025-05-11
7706,276,155,3,Amazing experience,2024-06-10
7707,3218,468,1,Fast delivery,2023-06-10
7708,1295,234,5,Very good,2023-07-24
7709,1003,331,4,Excellent product,2024-08-01
7710,4224,464,3,Excellent product,2025-01-16
7711,295,192,5,Amazing experience,2024-09-03
7712,146,331,5,Very good,2023-12-05
7713,3285,256,4,Highly recommended,2023-01-28
7714,1144,291,3,Quality could improve,2024-10-20
7715,2854,311,1,Excellent product,2023-06-25
7716,316,315,2,Amazing experience,2024-01-21
7717,4168,88,5,Good value,2023-11-05
7718,1743,205,3,Very good,2024-06-26
7719,212,274,3,Very good,2024-08-07
7720,2385,316,3,Amazing experience,2024-08-07
7721,4853,441,2,Very good,2024-07-30
7722,2576,330,2,Excellent product,2024-11-05
7723,3568,319,2,Fast delivery,2024-11-24
7724,3438,320,3,Worth buying,2024-07-29
7725,4742,269,3,Highly recommended,2023-05-03
7726,44,486,1,Highly recommended,2024-11-28
7727,1244,72,1,Excellent product,2023-02-08
7728,3276,42,2,Excellent product,2023-08-22
7729,152,142,3,Very good,2024-04-26
7730,2968,234,3,Amazing experience,2024-10-28
7731,2839,415,1,Fast delivery,2025-02-27
7732,1392,126,4,Highly recommended,2024-10-22
7733,1588,477,5,Excellent product,2025-01-07
7734,4659,324,2,Very good,2023-06-01
7735,83,156,5,Average quality,2023-06-01
7736,1575,95,1,Quality could improve,2024-03-02
7737,1520,171,3,Amazing experience,2023-03-03
7738,3805,66,4,Good value,2024-04-21
7739,722,469,2,Very good,2023-01-30
7740,3193,37,1,Average quality,2023-01-24
7741,555,80,5,Not satisfied,2024-08-08
7742,3592,130,1,Fast delivery,2025-03-03
7743,4700,125,4,Good value,2025-04-09
7744,288,397,5,Highly recommended,2024-06-24
7745,4253,137,3,Not satisfied,2023-04-01
7746,3372,495,5,Highly recommended,2023-06-30
7747,4538,448,5,Average quality,2023-04-12
7748,4993,287,1,Good value,2024-05-19
7749,55,283,1,Worth buying,2023-08-04
7750,3062,425,2,Not satisfied,2023-12-12
7751,3115,151,2,Average quality,2025-03-05
7752,2611,454,1,Very good,2023-10-17
7753,3883,90,2,Not satisfied,2023-02-06
7754,2464,142,1,Good value,2024-10-14
7755,3017,246,1,Good value,2025-05-03
7756,3673,1,5,Average quality,2024-09-19
7757,2614,394,5,Worth buying,2025-01-03
7758,1924,59,1,Very good,2023-08-14
7759,867,80,3,Fast delivery,2023-10-10
7760,2352,471,1,Amazing experience,2023-10-20
7761,4656,364,1,Worth buying,2023-01-23
7762,2138,274,1,Good value,2023-03-27
7763,1192,201,4,Worth buying,2023-06-18
7764,1749,149,1,Worth buying,2025-04-19
7765,1621,432,1,Worth buying,2023-10-26
7766,1090,432,2,Fast delivery,2023-06-27
7767,2677,256,3,Fast delivery,2023-06-11
7768,3994,366,3,Quality could improve,2024-06-10
7769,2645,227,1,Highly recommended,2024-10-02
7770,2438,474,3,Very good,2024-03-01
7771,4516,2,5,Quality could improve,2023-11-19
7772,236,228,4,Highly recommended,2024-03-05
7773,1268,94,3,Average quality,2024-03-25
7774,3326,62,5,Worth buying,2024-06-02
7775,209,9,5,Fast delivery,2023-10-26
7776,634,474,5,Amazing experience,2025-06-11
7777,4671,258,5,Quality could improve,2025-01-07
7778,4222,77,5,Fast delivery,2024-01-18
7779,4459,434,5,Quality could improve,2023-03-10
7780,108,89,1,Highly recommended,2023-10-14
7781,1870,150,3,Not satisfied,2025-02-15
7782,2329,249,5,Highly recommended,2023-07-24
7783,4109,85,4,Quality could improve,2024-11-12
7784,443,453,5,Good value,2024-09-09
7785,3001,318,1,Worth buying,2023-04-25
7786,2299,24,1,Quality could improve,2023-09-12
7787,2671,84,4,Average quality,2023-08-23
7788,2388,111,5,Worth buying,2024-09-13
7789,1084,356,2,Excellent product,2024-12-02
7790,3922,358,3,Fast delivery,2025-04-22
7791,3996,125,2,Amazing experience,2023-10-16
7792,69,90,4,Quality could improve,2024-06-09
7793,410,411,1,Quality could improve,2024-03-27
7794,2066,464,1,Fast delivery,2025-01-17
7795,1623,414,4,Highly recommended,2024-11-22
7796,2583,212,3,Quality could improve,2023-03-28
7797,1990,327,5,Not satisfied,2024-02-22
7798,4700,364,2,Very good,2025-04-12
7799,2254,349,3,Highly recommended,2023-01-07
7800,2778,29,3,Excellent product,2023-07-26
7801,154,3,5,Amazing experience,2025-05-18
7802,2286,435,4,Average quality,2024-10-17
7803,1664,342,2,Fast delivery,2024-12-15
7804,2264,322,3,Highly recommended,2023-02-26
7805,3226,245,1,Average quality,2023-01-17
7806,1122,353,2,Excellent product,2024-04-17
7807,3565,287,1,Amazing experience,2024-03-23
7808,2091,180,5,Quality could improve,2025-02-25
7809,4201,242,4,Excellent product,2023-02-25
7810,2671,300,5,Amazing experience,2023-08-20
7811,3047,396,3,Worth buying,2024-11-23
7812,4093,173,2,Excellent product,2023-02-10
7813,3214,43,3,Good value,2024-03-31
7814,200,106,5,Very good,2025-02-02
7815,2933,21,4,Excellent product,2023-02-13
7816,1988,221,2,Highly recommended,2023-10-21
7817,2533,20,4,Average quality,2024-05-28
7818,4715,7,2,Highly recommended,2024-04-16
7819,1432,61,3,Very good,2024-03-11
7820,2329,156,2,Average quality,2023-08-08
7821,967,68,1,Fast delivery,2024-11-02
7822,2350,455,4,Fast delivery,2023-01-27
7823,1120,81,4,Amazing experience,2025-04-22
7824,3136,365,2,Quality could improve,2025-03-25
7825,1577,355,2,Quality could improve,2023-09-02
7826,131,283,4,Worth buying,2024-01-09
7827,3117,218,2,Highly recommended,2023-09-24
7828,617,87,5,Amazing experience,2024-07-08
7829,263,47,4,Average quality,2024-01-01
7830,3108,427,4,Excellent product,2023-06-09
7831,3555,150,1,Average quality,2024-03-22
7832,3532,434,1,Excellent product,2023-11-24
7833,4698,355,4,Average quality,2023-07-04
7834,2236,14,1,Worth buying,2025-04-13
7835,2695,127,2,Very good,2025-02-13
7836,272,305,3,Fast delivery,2024-09-09
7837,986,32,5,Good value,2024-03-22
7838,4377,321,5,Quality could improve,2024-03-30
7839,4579,466,1,Good value,2023-04-20
7840,1395,6,4,Very good,2023-08-15
7841,2288,259,4,Worth buying,2025-02-08
7842,4735,381,1,Very good,2024-02-19
7843,2477,34,1,Amazing experience,2023-09-21
7844,836,331,2,Excellent product,2024-08-14
7845,934,90,5,Amazing experience,2023-10-27
7846,3565,1,2,Good value,2023-07-22
7847,3032,372,1,Good value,2025-05-13
7848,2428,260,4,Good value,2024-08-15
7849,4402,82,3,Average quality,2023-03-27
7850,3698,317,1,Not satisfied,2023-10-07
7851,487,465,3,Good value,2025-05-11
7852,640,148,3,Not satisfied,2023-12-01
7853,741,206,3,Fast delivery,2025-01-10
7854,3867,40,1,Quality could improve,2024-08-31
7855,4968,38,1,Average quality,2024-07-09
7856,4528,440,3,Quality could improve,2024-10-09
7857,1484,485,1,Average quality,2025-02-25
7858,4636,144,1,Worth buying,2024-12-18
7859,1969,241,2,Fast delivery,2024-12-03
7860,572,185,5,Not satisfied,2025-02-13
7861,1976,47,5,Good value,2024-05-26
7862,1173,217,1,Average quality,2023-09-02
7863,2530,34,2,Highly recommended,2024-02-22
7864,240,267,4,Not satisfied,2024-07-31
7865,2220,137,1,Excellent product,2023-03-25
7866,1502,93,2,Good value,2025-02-07
7867,1381,328,5,Amazing experience,2025-01-12
7868,3427,155,3,Worth buying,2024-09-08
7869,865,275,3,Quality could improve,2023-03-05
7870,1400,462,4,Amazing experience,2024-05-22
7871,4524,413,5,Very good,2025-02-12
7872,446,447,2,Fast delivery,2024-11-07
7873,2177,149,3,Amazing experience,2024-04-18
7874,2798,470,3,Highly recommended,2023-01-29
7875,547,394,3,Excellent product,2023-08-05
7876,4601,388,5,Good value,2024-05-03
7877,4251,166,2,Average quality,2023-05-30
7878,4836,221,5,Excellent product,2023-04-29
7879,4319,344,4,Very good,2024-04-20
7880,3870,126,1,Very good,2023-08-12
7881,3701,479,5,Highly recommended,2024-08-14
7882,1319,141,4,Average quality,2023-10-01
7883,1014,314,1,Fast delivery,2023-08-24
7884,424,368,4,Highly recommended,2025-04-22
7885,2160,136,1,Very good,2023-11-28
7886,1148,355,1,Fast delivery,2023-04-26
7887,4703,330,4,Amazing experience,2023-02-13
7888,206,474,2,Quality could improve,2025-03-23
7889,1687,17,1,Worth buying,2023-10-07
7890,4050,321,2,Worth buying,2023-08-05
7891,495,25,1,Worth buying,2025-02-03
7892,150,60,3,Amazing experience,2023-03-15
7893,521,201,2,Highly recommended,2024-09-27
7894,1876,322,3,Amazing experience,2024-05-06
7895,4635,280,3,Average quality,2023-01-04
7896,1952,24,4,Highly recommended,2025-06-17
7897,3663,250,1,Amazing experience,2024-04-14
7898,4060,112,5,Worth buying,2023-05-26
7899,2987,422,5,Average quality,2024-04-18
7900,3896,488,2,Average quality,2024-01-25
7901,4459,296,1,Average quality,2023-01-16
7902,3219,281,5,Worth buying,2024-05-09
7903,3624,484,5,Highly recommended,2023-08-19
7904,652,298,4,Not satisfied,2023-10-04
7905,2187,394,3,Very good,2024-09-27
7906,2909,195,5,Excellent product,2023-06-30
7907,155,121,4,Good value,2024-01-14
7908,188,398,2,Highly recommended,2023-07-04
7909,4372,131,3,Quality could improve,2025-04-19
7910,1139,406,1,Amazing experience,2023-10-31
7911,1742,237,1,Excellent product,2025-05-07
7912,3229,338,4,Excellent product,2023-09-16
7913,1888,380,2,Quality could improve,2025-01-27
7914,4349,197,4,Excellent product,2023-03-01
7915,523,390,3,Good value,2024-03-08
7916,2589,112,5,Worth buying,2024-02-08
7917,4781,313,3,Worth buying,2023-09-06
7918,2996,251,2,Excellent product,2023-01-26
7919,4241,305,3,Excellent product,2023-11-19
7920,1142,490,4,Amazing experience,2024-11-04
7921,1967,148,2,Quality could improve,2023-01-21
7922,1593,17,2,Amazing experience,2025-03-08
7923,4305,105,2,Not satisfied,2023-09-21
7924,624,491,2,Good value,2023-01-25
7925,3442,20,5,Good value,2023-01-25
7926,4838,405,4,Not satisfied,2024-11-20
7927,3041,368,3,Not satisfied,2023-08-04
7928,1935,455,1,Not satisfied,2023-01-25
7929,4886,164,4,Amazing experience,2024-05-06
7930,838,126,1,Very good,2024-06-07
7931,1841,194,1,Quality could improve,2024-11-05
7932,4472,424,5,Very good,2023-07-10
7933,4902,195,3,Average quality,2025-01-13
7934,4877,95,3,Average quality,2025-01-12
7935,4290,31,5,Very good,2023-11-26
7936,713,121,5,Excellent product,2023-03-20
7937,2524,44,4,Amazing experience,2025-04-14
7938,2955,212,2,Highly recommended,2024-04-28
7939,2430,259,1,Not satisfied,2023-11-06
7940,3745,11,2,Very good,2023-12-05
7941,2746,128,3,Fast delivery,2023-11-12
7942,915,185,5,Very good,2023-01-12
7943,2405,214,3,Very good,2025-03-02
7944,3113,69,5,Worth buying,2024-01-20
7945,347,304,1,Amazing experience,2024-05-31
7946,3004,287,5,Worth buying,2023-07-10
7947,2075,243,1,Quality could improve,2023-05-15
7948,4706,449,2,Excellent product,2024-04-15
7949,4745,365,5,Average quality,2023-03-09
7950,4578,392,2,Amazing experience,2023-02-17
7951,1800,257,4,Quality could improve,2024-06-09
7952,560,287,2,Very good,2023-06-04
7953,1522,173,3,Highly recommended,2024-12-09
7954,401,481,2,Not satisfied,2023-04-04
7955,1056,406,3,Highly recommended,2023-10-15
7956,3345,257,3,Amazing experience,2023-04-26
7957,2847,292,1,Very good,2023-10-31
7958,1555,271,1,Fast delivery,2025-05-03
7959,2704,186,3,Average quality,2024-10-08
7960,4989,343,2,Worth buying,2025-05-05
7961,3868,273,5,Not satisfied,2025-04-13
7962,663,228,2,Highly recommended,2023-10-02
7963,2869,36,4,Fast delivery,2024-04-08
7964,3467,307,2,Quality could improve,2023-03-24
7965,3751,123,3,Not satisfied,2023-04-25
7966,4707,262,5,Worth buying,2023-06-13
7967,533,336,4,Worth buying,2023-06-03
7968,4096,485,3,Excellent product,2023-05-22
7969,303,92,1,Not satisfied,2024-06-17
7970,2083,183,5,Fast delivery,2024-10-15
7971,534,393,1,Very good,2025-03-27
7972,3697,290,4,Worth buying,2024-09-04
7973,1538,270,1,Not satisfied,2023-03-05
7974,4176,179,2,Not satisfied,2024-09-21
7975,2498,312,5,Worth buying,2025-01-07
7976,2794,450,2,Highly recommended,2024-08-26
7977,2807,238,4,Good value,2023-10-01
7978,2874,74,4,Excellent product,2024-02-28
7979,3742,100,5,Highly recommended,2023-06-24
7980,1306,344,3,Excellent product,2024-08-23
7981,369,274,2,Worth buying,2024-07-22
7982,3393,401,3,Highly recommended,2023-02-17
7983,3299,245,1,Very good,2025-04-22
7984,2087,130,2,Good value,2025-05-25
7985,2631,487,4,Very good,2023-01-09
7986,105,154,4,Quality could improve,2023-12-21
7987,873,245,4,Excellent product,2024-10-03
7988,2066,314,3,Excellent product,2024-05-16
7989,2368,396,2,Good value,2025-01-24
7990,1411,73,2,Fast delivery,2024-03-13
7991,1775,331,2,Quality could improve,2023-01-04
7992,417,270,5,Highly recommended,2023-07-03
7993,1011,494,2,Highly recommended,2024-03-17
7994,2781,477,3,Amazing experience,2023-12-02
7995,318,213,4,Amazing experience,2024-03-03
7996,30,141,3,Average quality,2023-04-15
7997,693,176,3,Not satisfied,2024-11-12
7998,927,343,3,Average quality,2024-02-15
7999,2352,52,1,Amazing experience,2023-09-03
8000,1360,389,1,Good value,2024-08-25
8001,620,78,4,Very good,2024-08-13
8002,1525,15,2,Not satisfied,2023-11-06
8003,2914,475,1,Very good,2023-06-27
8004,92,418,5,Fast delivery,2023-10-01
8005,589,34,2,Very good,2023-11-23
8006,64,222,5,Average quality,2024-01-03
8007,3113,24,4,Average quality,2023-10-04
8008,1763,23,4,Highly recommended,2023-08-14
8009,1629,172,3,Good value,2023-06-28
8010,906,173,4,Average quality,2024-03-22
8011,3653,160,3,Very good,2024-04-05
8012,216,46,5,Excellent product,2024-06-05
8013,525,384,2,Good value,2024-06-18
8014,371,179,3,Worth buying,2024-04-09
8015,389,290,2,Good value,2025-03-04
8016,2147,441,4,Excellent product,2024-09-29
8017,903,15,2,Very good,2023-10-13
8018,4597,225,4,Quality could improve,2023-11-05
8019,1060,66,2,Good value,2025-02-20
8020,923,298,5,Amazing experience,2024-03-20
8021,1000,466,3,Very good,2023-06-03
8022,3677,53,5,Excellent product,2024-02-19
8023,2274,129,4,Fast delivery,2023-10-04
8024,4974,110,4,Worth buying,2023-09-26
8025,1942,161,2,Quality could improve,2023-02-17
8026,2114,325,2,Worth buying,2025-05-18
8027,3367,457,4,Highly recommended,2023-05-09
8028,969,432,5,Fast delivery,2024-11-21
8029,1499,459,3,Average quality,2024-06-17
8030,1642,187,2,Amazing experience,2025-01-02
8031,3450,69,5,Highly recommended,2024-12-25
8032,669,94,2,Amazing experience,2023-06-10
8033,4218,485,1,Quality could improve,2023-12-12
8034,4666,282,3,Very good,2023-12-14
8035,4495,303,1,Average quality,2024-10-30
8036,1690,379,2,Excellent product,2024-01-05
8037,493,307,2,Average quality,2025-06-04
8038,4271,156,3,Excellent product,2025-05-19
8039,362,260,5,Highly recommended,2024-05-27
8040,148,137,2,Highly recommended,2024-08-27
8041,2384,294,5,Highly recommended,2023-04-19
8042,2102,89,3,Good value,2023-01-24
8043,3836,97,2,Average quality,2024-06-14
8044,1304,68,3,Quality could improve,2023-05-03
8045,447,200,2,Very good,2024-08-04
8046,3734,485,1,Very good,2023-08-17
8047,4070,198,5,Excellent product,2023-04-22
8048,4171,256,5,Quality could improve,2023-03-02
8049,4770,407,4,Highly recommended,2024-12-27
8050,3849,278,3,Not satisfied,2023-09-11
8051,4938,148,1,Highly recommended,2023-09-07
8052,1246,433,5,Good value,2025-01-16
8053,1171,147,4,Worth buying,2023-12-13
8054,886,106,3,Not satisfied,2024-07-01
8055,2597,274,5,Not satisfied,2023-05-23
8056,565,151,4,Quality could improve,2023-11-25
8057,4065,64,1,Very good,2024-12-22
8058,3345,407,1,Worth buying,2023-11-27
8059,3801,131,2,Good value,2025-04-07
8060,3562,449,3,Good value,2024-11-29
8061,4022,257,4,Fast delivery,2025-03-12
8062,4629,452,1,Excellent product,2023-09-27
8063,835,489,4,Good value,2025-04-11
8064,1669,461,4,Not satisfied,2024-10-27
8065,2954,467,4,Highly recommended,2023-01-05
8066,988,302,4,Highly recommended,2024-07-17
8067,4442,420,1,Excellent product,2023-05-14
8068,101,420,1,Average quality,2023-01-29
8069,4047,346,1,Quality could improve,2024-11-15
8070,2604,35,5,Excellent product,2024-09-14
8071,4653,140,2,Amazing experience,2023-05-14
8072,1090,234,2,Good value,2023-05-14
8073,2651,256,3,Not satisfied,2023-09-20
8074,1600,397,2,Quality could improve,2024-10-13
8075,1366,19,3,Fast delivery,2024-07-05
8076,2921,22,5,Very good,2025-04-20
8077,4526,351,3,Very good,2023-01-11
8078,4063,30,3,Good value,2025-01-29
8079,4901,441,4,Fast delivery,2025-06-19
8080,608,455,2,Amazing experience,2025-03-29
8081,120,69,2,Amazing experience,2024-03-06
8082,2086,152,4,Very good,2024-08-10
8083,3299,371,1,Good value,2024-11-22
8084,3149,421,2,Not satisfied,2023-11-03
8085,3114,461,5,Very good,2024-07-27
8086,1403,483,3,Good value,2023-05-28
8087,2545,247,4,Not satisfied,2025-05-07
8088,2295,379,3,Very good,2023-04-18
8089,103,252,1,Average quality,2023-11-22
8090,1297,224,2,Quality could improve,2023-04-01
8091,2168,466,5,Quality could improve,2023-02-07
8092,1252,482,3,Worth buying,2025-03-22
8093,3786,81,3,Excellent product,2024-07-24
8094,3998,254,1,Quality could improve,2023-04-25
8095,1265,281,5,Average quality,2023-02-03
8096,1166,457,2,Amazing experience,2025-03-25
8097,362,196,3,Amazing experience,2024-01-08
8098,2776,190,5,Excellent product,2023-05-08
8099,3497,435,2,Excellent product,2023-06-21
8100,4908,190,4,Not satisfied,2024-06-06
8101,866,364,3,Quality could improve,2023-06-03
8102,2090,125,2,Not satisfied,2023-07-10
8103,4151,325,1,Good value,2025-06-15
8104,2082,311,3,Amazing experience,2023-07-17
8105,311,343,2,Excellent product,2024-02-11
8106,2559,472,4,Excellent product,2024-11-28
8107,251,100,5,Quality could improve,2023-04-29
8108,1704,229,2,Highly recommended,2024-06-11
8109,486,76,4,Amazing experience,2024-03-11
8110,3028,352,1,Amazing experience,2023-04-17
8111,1696,484,5,Good value,2023-10-04
8112,2115,58,2,Amazing experience,2023-11-26
8113,771,487,5,Good value,2024-01-31
8114,1271,173,5,Fast delivery,2023-10-22
8115,3869,391,5,Fast delivery,2024-01-22
8116,4290,321,2,Good value,2023-09-22
8117,3092,55,2,Average quality,2024-10-26
8118,4071,146,1,Very good,2024-12-10
8119,4007,175,4,Amazing experience,2023-12-23
8120,4301,413,5,Very good,2023-10-24
8121,698,36,4,Good value,2023-03-07
8122,4520,465,1,Quality could improve,2024-05-09
8123,4124,67,5,Excellent product,2024-11-15
8124,2246,312,4,Very good,2023-07-13
8125,2858,455,2,Excellent product,2024-11-16
8126,3338,273,4,Highly recommended,2024-06-23
8127,4214,483,5,Quality could improve,2025-01-04
8128,2559,457,2,Very good,2024-10-05
8129,2545,68,3,Good value,2024-03-17
8130,985,126,2,Very good,2024-01-03
8131,147,193,2,Fast delivery,2024-06-17
8132,2535,77,4,Average quality,2023-08-25
8133,1761,284,1,Good value,2024-02-24
8134,252,107,4,Good value,2023-07-12
8135,1568,230,4,Quality could improve,2024-08-01
8136,2720,467,3,Good value,2024-08-24
8137,318,6,3,Fast delivery,2024-06-06
8138,3102,325,2,Excellent product,2025-05-04
8139,4672,498,3,Good value,2024-07-09
8140,4192,246,3,Quality could improve,2025-01-17
8141,311,104,3,Average quality,2025-01-10
8142,3203,291,1,Not satisfied,2025-05-01
8143,99,331,2,Quality could improve,2024-07-30
8144,3357,14,3,Worth buying,2024-12-22
8145,3012,211,3,Not satisfied,2024-05-02
8146,4621,319,1,Not satisfied,2023-03-10
8147,635,421,1,Very good,2023-04-01
8148,1980,117,4,Average quality,2023-06-26
8149,2052,22,5,Quality could improve,2025-04-18
8150,2006,261,3,Good value,2024-07-03
8151,1695,210,3,Average quality,2023-05-28
8152,2069,265,4,Excellent product,2025-01-19
8153,4018,227,1,Excellent product,2024-10-17
8154,2541,383,4,Highly recommended,2023-11-28
8155,980,320,2,Fast delivery,2024-12-04
8156,3754,101,1,Amazing experience,2024-04-22
8157,1838,155,5,Highly recommended,2023-06-14
8158,4681,76,3,Worth buying,2024-02-21
8159,4749,142,3,Excellent product,2024-11-17
8160,2615,269,1,Good value,2023-11-08
8161,4277,475,3,Average quality,2023-05-10
8162,2329,349,5,Highly recommended,2025-04-12
8163,979,415,3,Fast delivery,2023-09-24
8164,3703,235,1,Not satisfied,2024-04-12
8165,4751,432,4,Amazing experience,2024-11-20
8166,3424,146,5,Quality could improve,2023-10-26
8167,1777,230,3,Fast delivery,2024-08-20
8168,2361,244,2,Very good,2024-07-13
8169,875,152,1,Fast delivery,2023-01-17
8170,2146,100,2,Excellent product,2025-06-19
8171,456,293,3,Good value,2023-10-15
8172,2600,25,1,Fast delivery,2024-05-21
8173,269,149,5,Highly recommended,2025-01-18
8174,4530,264,1,Amazing experience,2023-06-08
8175,3188,340,1,Good value,2025-01-30
8176,2208,496,2,Quality could improve,2024-08-31
8177,3616,59,5,Good value,2023-02-23
8178,152,474,4,Not satisfied,2024-12-13
8179,3632,158,3,Very good,2023-02-02
8180,4840,106,2,Not satisfied,2023-08-01
8181,3246,423,1,Amazing experience,2025-05-14
8182,2662,286,4,Average quality,2024-12-11
8183,1332,300,4,Excellent product,2023-05-11
8184,3304,163,3,Highly recommended,2023-06-10
8185,986,225,2,Average quality,2025-02-15
8186,4231,161,3,Very good,2024-04-16
8187,1181,365,1,Quality could improve,2025-01-25
8188,2263,32,1,Not satisfied,2023-05-24
8189,3694,15,2,Good value,2023-02-21
8190,3975,417,3,Average quality,2023-01-13
8191,4743,270,2,Average quality,2024-07-15
8192,1613,403,2,Not satisfied,2024-01-15
8193,18,275,3,Not satisfied,2023-02-11
8194,3790,181,3,Good value,2024-10-24
8195,1554,409,3,Not satisfied,2024-10-26
8196,3941,48,2,Amazing experience,2024-12-26
8197,1803,199,5,Average quality,2024-07-20
8198,4100,179,4,Excellent product,2024-11-20
8199,58,423,2,Amazing experience,2023-09-17
8200,2161,138,5,Fast delivery,2023-05-23
8201,521,327,4,Quality could improve,2023-11-27
8202,1027,143,2,Fast delivery,2024-12-23
8203,2284,119,5,Average quality,2024-12-18
8204,2100,395,5,Highly recommended,2025-01-09
8205,3889,223,5,Fast delivery,2023-12-27
8206,2310,206,1,Quality could improve,2023-09-12
8207,4118,450,1,Quality could improve,2024-02-05
8208,2621,206,3,Quality could improve,2023-12-22
8209,448,166,5,Excellent product,2025-05-03
8210,3136,109,1,Very good,2024-09-03
8211,4067,320,5,Fast delivery,2024-05-17
8212,3514,398,2,Amazing experience,2024-07-16
8213,3403,92,1,Good value,2024-02-05
8214,72,285,2,Quality could improve,2025-04-06
8215,4286,487,4,Excellent product,2024-09-06
8216,3632,147,5,Excellent product,2024-08-22
8217,2817,341,2,Excellent product,2024-02-26
8218,4879,291,2,Fast delivery,2023-04-04
8219,4634,236,3,Highly recommended,2023-03-08
8220,1362,413,5,Fast delivery,2025-01-15
8221,1315,489,2,Quality could improve,2024-09-06
8222,875,4,2,Highly recommended,2024-02-13
8223,1115,491,1,Good value,2024-02-22
8224,2555,352,2,Good value,2023-06-14
8225,4953,406,2,Not satisfied,2024-05-07
8226,703,384,5,Quality could improve,2023-09-29
8227,1658,369,2,Fast delivery,2023-02-18
8228,1593,13,5,Good value,2025-03-16
8229,1675,276,1,Fast delivery,2023-04-07
8230,1232,450,4,Very good,2025-02-16
8231,1988,110,1,Highly recommended,2024-03-22
8232,2346,458,2,Average quality,2024-10-05
8233,751,498,5,Highly recommended,2023-03-04
8234,3890,161,1,Highly recommended,2023-01-20
8235,2965,104,2,Very good,2024-11-18
8236,2040,194,5,Highly recommended,2025-02-21
8237,1033,120,1,Highly recommended,2023-11-08
8238,2081,157,3,Very good,2024-01-18
8239,1124,196,2,Fast delivery,2024-01-22
8240,416,68,5,Very good,2024-02-17
8241,874,339,3,Amazing experience,2023-12-22
8242,2557,425,2,Worth buying,2023-09-12
8243,684,385,4,Fast delivery,2024-07-22
8244,806,23,1,Highly recommended,2024-09-03
8245,4740,96,5,Very good,2023-07-12
8246,1407,468,4,Excellent product,2024-11-19
8247,4098,282,1,Very good,2025-02-21
8248,1407,280,4,Quality could improve,2024-02-14
8249,2020,213,5,Fast delivery,2025-03-03
8250,2577,136,4,Highly recommended,2023-10-21
8251,4951,314,1,Fast delivery,2024-12-07
8252,593,441,1,Excellent product,2023-02-18
8253,3241,306,3,Good value,2024-06-19
8254,4324,199,3,Not satisfied,2024-05-30
8255,2283,41,3,Fast delivery,2023-12-17
8256,1834,246,5,Amazing experience,2023-02-14
8257,232,471,5,Quality could improve,2024-02-05
8258,3036,256,4,Worth buying,2023-07-20
8259,4470,233,1,Fast delivery,2024-12-16
8260,990,180,5,Highly recommended,2023-05-06
8261,4231,128,4,Fast delivery,2024-03-28
8262,2737,214,5,Quality could improve,2025-03-13
8263,2985,54,5,Highly recommended,2025-02-22
8264,156,213,4,Excellent product,2023-08-22
8265,4379,8,3,Worth buying,2025-05-14
8266,2615,471,2,Good value,2024-04-06
8267,2480,173,4,Amazing experience,2023-06-11
8268,4604,368,1,Fast delivery,2023-12-07
8269,2324,316,1,Amazing experience,2023-02-06
8270,3297,320,4,Good value,2024-07-01
8271,2841,343,1,Highly recommended,2024-08-29
8272,4961,264,5,Worth buying,2025-06-19
8273,1499,216,1,Quality could improve,2023-11-06
8274,268,362,5,Not satisfied,2024-11-12
8275,4973,474,3,Good value,2023-11-24
8276,4815,273,3,Quality could improve,2025-03-01
8277,4825,27,1,Worth buying,2023-09-26
8278,1758,335,5,Fast delivery,2023-04-23
8279,2723,300,5,Quality could improve,2025-02-02
8280,2985,452,3,Very good,2024-10-09
8281,2402,340,4,Good value,2023-06-14
8282,2498,186,3,Not satisfied,2024-07-20
8283,2820,312,2,Excellent product,2024-03-03
8284,4091,488,5,Very good,2023-04-21
8285,266,236,2,Highly recommended,2025-03-01
8286,4013,149,4,Worth buying,2024-11-22
8287,3096,208,2,Not satisfied,2023-12-08
8288,3773,36,1,Worth buying,2023-08-30
8289,2675,425,1,Excellent product,2023-12-27
8290,176,269,4,Very good,2025-01-09
8291,802,317,5,Good value,2023-09-26
8292,1889,143,5,Not satisfied,2025-02-09
8293,4468,178,4,Fast delivery,2023-08-23
8294,4209,334,5,Average quality,2025-04-11
8295,4076,499,1,Average quality,2024-03-18
8296,4112,176,3,Very good,2024-11-08
8297,1787,31,2,Highly recommended,2025-02-17
8298,437,98,1,Amazing experience,2024-07-31
8299,2450,255,4,Highly recommended,2025-03-22
8300,933,204,3,Not satisfied,2024-12-25
8301,1259,495,2,Not satisfied,2024-11-27
8302,1573,61,3,Very good,2024-12-10
8303,1577,28,2,Worth buying,2024-08-26
8304,420,85,1,Amazing experience,2024-03-25
8305,3380,307,5,Highly recommended,2025-01-04
8306,1375,18,2,Quality could improve,2024-11-27
8307,4447,114,2,Amazing experience,2025-05-21
8308,931,455,3,Not satisfied,2025-02-19
8309,3864,131,3,Worth buying,2024-03-05
8310,1935,422,1,Fast delivery,2025-05-18
8311,2629,487,5,Good value,2024-08-16
8312,1374,51,4,Highly recommended,2025-05-22
8313,1775,232,2,Worth buying,2024-05-30
8314,490,420,1,Highly recommended,2025-05-04
8315,4524,343,2,Worth buying,2024-02-27
8316,462,437,4,Excellent product,2024-03-17
8317,1256,489,2,Very good,2024-04-11
8318,2959,286,4,Excellent product,2024-11-07
8319,1445,356,2,Worth buying,2025-06-01
8320,4500,348,5,Worth buying,2024-09-26
8321,2634,343,3,Fast delivery,2023-07-01
8322,3402,309,2,Good value,2025-06-18
8323,4846,125,5,Worth buying,2025-04-21
8324,380,54,5,Average quality,2023-01-06
8325,1744,140,3,Highly recommended,2023-06-17
8326,3259,83,3,Highly recommended,2023-01-20
8327,809,269,5,Fast delivery,2023-01-20
8328,3233,82,1,Amazing experience,2024-01-23
8329,2604,198,1,Not satisfied,2025-01-27
8330,4622,280,4,Quality could improve,2024-12-29
8331,832,120,5,Amazing experience,2023-05-02
8332,3158,157,4,Amazing experience,2023-07-17
8333,4765,323,1,Good value,2023-04-22
8334,2704,36,5,Highly recommended,2023-12-08
8335,2831,435,5,Quality could improve,2025-06-16
8336,3850,152,2,Not satisfied,2023-09-15
8337,83,312,5,Worth buying,2025-06-16
8338,3957,438,2,Good value,2023-03-09
8339,758,308,4,Worth buying,2023-02-01
8340,7,48,3,Not satisfied,2025-04-29
8341,1419,479,4,Average quality,2023-10-16
8342,3661,335,3,Fast delivery,2023-02-11
8343,3413,490,1,Not satisfied,2023-07-28
8344,3629,467,4,Amazing experience,2023-10-12
8345,1063,112,3,Quality could improve,2023-05-24
8346,1095,450,2,Good value,2023-11-11
8347,372,366,4,Good value,2024-05-18
8348,1789,22,4,Very good,2023-03-31
8349,3218,58,3,Excellent product,2023-05-22
8350,4184,480,1,Quality could improve,2025-05-06
8351,3433,40,2,Good value,2023-06-21
8352,907,193,2,Highly recommended,2024-11-08
8353,4569,134,1,Excellent product,2024-04-07
8354,4710,499,1,Worth buying,2025-06-11
8355,3769,175,5,Fast delivery,2023-10-28
8356,1355,170,1,Amazing experience,2024-07-22
8357,4993,466,4,Not satisfied,2024-11-19
8358,2470,449,5,Amazing experience,2025-06-01
8359,4936,363,5,Highly recommended,2023-08-15
8360,554,384,5,Average quality,2024-10-20
8361,783,113,3,Fast delivery,2023-10-09
8362,1230,179,2,Fast delivery,2024-11-05
8363,825,417,5,Excellent product,2023-04-05
8364,1948,397,1,Good value,2023-08-15
8365,431,3,4,Very good,2023-09-18
8366,771,84,1,Quality could improve,2023-12-30
8367,4597,144,4,Very good,2023-01-05
8368,909,451,1,Not satisfied,2024-02-17
8369,1968,39,4,Excellent product,2025-03-26
8370,4190,213,5,Very good,2023-11-09
8371,536,293,3,Average quality,2024-10-29
8372,3490,171,3,Worth buying,2023-10-30
8373,357,383,1,Good value,2024-02-29
8374,1019,18,2,Amazing experience,2024-04-18
8375,3729,41,5,Average quality,2025-01-05
8376,3447,380,2,Not satisfied,2023-04-06
8377,3646,404,2,Worth buying,2024-11-19
8378,2317,283,2,Very good,2024-01-06
8379,521,18,5,Amazing experience,2024-12-15
8380,690,472,1,Excellent product,2024-11-10
8381,3521,210,2,Very good,2023-02-28
8382,4633,7,4,Amazing experience,2024-09-19
8383,1865,339,4,Fast delivery,2023-04-18
8384,1996,325,3,Quality could improve,2023-03-13
8385,621,402,3,Not satisfied,2024-02-15
8386,1262,138,5,Fast delivery,2023-09-12
8387,1339,135,4,Amazing experience,2024-03-13
8388,608,319,5,Very good,2023-09-02
8389,4502,272,3,Worth buying,2024-10-16
8390,1073,79,4,Average quality,2024-03-14
8391,361,354,4,Highly recommended,2023-12-26
8392,135,405,2,Highly recommended,2024-06-28
8393,3012,7,5,Quality could improve,2023-07-12
8394,4911,455,2,Fast delivery,2025-01-29
8395,4708,398,3,Fast delivery,2024-09-16
8396,3955,197,1,Average quality,2023-10-29
8397,81,292,3,Average quality,2024-10-12
8398,1957,156,4,Amazing experience,2024-04-08
8399,2730,22,1,Quality could improve,2024-03-28
8400,1571,279,2,Average quality,2023-04-24
8401,3841,210,3,Quality could improve,2024-08-26
8402,900,127,1,Amazing experience,2024-10-28
8403,705,445,1,Not satisfied,2024-03-04
8404,1767,106,1,Amazing experience,2025-04-27
8405,201,429,5,Quality could improve,2023-06-21
8406,4352,321,4,Average quality,2024-12-21
8407,1340,94,5,Average quality,2023-01-27
8408,4875,14,1,Not satisfied,2024-02-12
8409,2497,274,1,Not satisfied,2023-12-02
8410,570,377,1,Worth buying,2025-03-22
8411,802,417,3,Fast delivery,2023-04-04
8412,428,434,3,Average quality,2025-03-14
8413,2721,420,2,Fast delivery,2023-01-07
8414,11,2,2,Quality could improve,2024-04-27
8415,4667,74,1,Very good,2023-12-30
8416,496,152,2,Worth buying,2024-11-20
8417,1817,98,2,Good value,2023-03-20
8418,3762,343,4,Not satisfied,2025-06-04
8419,841,4,3,Worth buying,2025-01-31
8420,2023,194,3,Worth buying,2023-01-05
8421,3055,201,1,Very good,2023-02-16
8422,1019,289,2,Average quality,2023-01-12
8423,2628,305,2,Quality could improve,2025-05-10
8424,3802,410,5,Excellent product,2024-05-19
8425,3284,97,1,Not satisfied,2024-06-12
8426,4754,495,4,Quality could improve,2024-05-26
8427,1153,474,5,Average quality,2023-07-31
8428,2574,466,4,Not satisfied,2025-04-03
8429,3621,78,5,Average quality,2024-10-05
8430,1860,15,1,Very good,2023-06-21
8431,3497,425,2,Fast delivery,2023-06-08
8432,4378,307,3,Very good,2024-07-06
8433,845,324,1,Amazing experience,2024-09-23
8434,970,293,3,Fast delivery,2023-05-09
8435,2425,289,1,Very good,2025-04-05
8436,3227,424,2,Worth buying,2024-02-22
8437,644,275,3,Amazing experience,2024-04-25
8438,1024,352,2,Good value,2024-08-06
8439,3753,384,5,Average quality,2025-05-23
8440,2077,480,1,Excellent product,2024-05-16
8441,2073,388,3,Good value,2023-05-23
8442,2172,161,1,Good value,2023-02-23
8443,2111,118,1,Fast delivery,2023-02-06
8444,1479,402,1,Amazing experience,2023-01-21
8445,2898,416,4,Excellent product,2023-10-27
8446,4869,321,1,Not satisfied,2023-11-28
8447,979,33,1,Average quality,2025-06-02
8448,1371,72,4,Average quality,2025-01-01
8449,3702,307,1,Fast delivery,2023-07-05
8450,228,482,1,Very good,2023-02-05
8451,3139,278,1,Good value,2023-01-29
8452,690,66,3,Amazing experience,2024-05-01
8453,1984,475,2,Excellent product,2023-12-16
8454,2305,251,3,Quality could improve,2024-12-31
8455,1392,344,3,Fast delivery,2023-08-06
8456,2465,150,2,Highly recommended,2023-01-06
8457,4224,269,3,Fast delivery,2024-08-30
8458,4717,124,1,Excellent product,2024-03-08
8459,1441,10,4,Average quality,2024-03-06
8460,3983,209,4,Highly recommended,2023-03-13
8461,126,375,4,Excellent product,2024-05-09
8462,4319,66,4,Fast delivery,2024-04-03
8463,925,212,2,Highly recommended,2024-10-26
8464,1985,469,5,Not satisfied,2024-10-10
8465,430,175,5,Quality could improve,2025-01-31
8466,1649,424,5,Not satisfied,2024-09-07
8467,1705,456,3,Fast delivery,2024-02-26
8468,937,294,2,Good value,2023-10-03
8469,1550,98,4,Good value,2023-08-30
8470,3556,84,5,Worth buying,2023-01-13
8471,4832,204,5,Amazing experience,2023-03-16
8472,278,77,2,Fast delivery,2023-11-11
8473,1688,350,3,Excellent product,2025-03-29
8474,2899,261,4,Quality could improve,2023-06-09
8475,2536,214,1,Fast delivery,2023-03-19
8476,714,312,1,Very good,2024-03-10
8477,1499,370,1,Not satisfied,2023-02-11
8478,178,279,5,Good value,2024-05-29
8479,131,279,2,Worth buying,2023-07-12
8480,622,391,3,Excellent product,2024-11-12
8481,3584,18,3,Very good,2024-11-08
8482,201,371,4,Not satisfied,2025-03-29
8483,429,384,3,Highly recommended,2025-06-16
8484,2629,151,2,Highly recommended,2024-04-28
8485,4110,309,1,Good value,2024-06-08
8486,1951,452,5,Amazing experience,2024-09-27
8487,4007,285,3,Excellent product,2024-02-10
8488,1119,112,3,Worth buying,2024-08-06
8489,2520,441,3,Excellent product,2025-02-15
8490,1245,328,2,Not satisfied,2025-02-17
8491,1797,135,4,Good value,2024-11-22
8492,1967,177,2,Good value,2023-11-16
8493,3421,417,4,Fast delivery,2023-03-23
8494,102,172,2,Excellent product,2023-03-17
8495,3965,18,3,Average quality,2025-04-28
8496,3654,165,5,Quality could improve,2023-08-14
8497,1689,262,2,Amazing experience,2024-03-08
8498,4232,337,2,Worth buying,2023-01-08
8499,1213,392,2,Quality could improve,2024-07-18
8500,4207,348,3,Not satisfied,2023-02-06
8501,1032,169,1,Not satisfied,2024-06-25
8502,3016,384,3,Quality could improve,2025-01-24
8503,1116,248,2,Very good,2024-05-30
8504,671,346,2,Highly recommended,2023-07-27
8505,3356,154,2,Highly recommended,2024-02-22
8506,341,132,4,Quality could improve,2024-03-13
8507,3070,77,3,Highly recommended,2024-09-07
8508,1546,410,3,Average quality,2024-11-10
8509,3260,19,1,Not satisfied,2024-09-29
8510,2407,5,2,Quality could improve,2023-02-02
8511,4819,486,5,Highly recommended,2024-02-23
8512,4426,19,1,Average quality,2025-03-16
8513,807,467,2,Average quality,2024-05-14
8514,3429,251,1,Highly recommended,2024-09-02
8515,3515,103,5,Quality could improve,2024-11-13
8516,2736,464,5,Worth buying,2023-03-03
8517,2295,443,5,Excellent product,2025-03-07
8518,3635,498,1,Average quality,2024-07-08
8519,2897,196,2,Good value,2024-03-17
8520,4103,66,2,Highly recommended,2024-07-18
8521,4968,146,4,Not satisfied,2023-01-11
8522,4106,232,1,Highly recommended,2025-03-28
8523,3257,122,4,Quality could improve,2024-11-16
8524,2537,301,2,Worth buying,2024-06-05
8525,1258,202,5,Highly recommended,2023-12-25
8526,3083,227,3,Highly recommended,2024-01-21
8527,1280,267,5,Amazing experience,2023-01-12
8528,4655,9,2,Average quality,2023-01-08
8529,3377,315,5,Highly recommended,2024-04-19
8530,1346,248,1,Amazing experience,2023-07-02
8531,533,92,4,Quality could improve,2023-01-08
8532,3593,326,2,Quality could improve,2023-07-02
8533,2536,466,4,Fast delivery,2024-10-16
8534,4141,63,2,Worth buying,2023-03-30
8535,2619,302,2,Not satisfied,2023-11-10
8536,1197,244,3,Fast delivery,2025-02-12
8537,4561,369,3,Worth buying,2024-07-16
8538,500,69,1,Quality could improve,2024-06-30
8539,266,193,5,Highly recommended,2023-06-16
8540,2613,64,3,Excellent product,2025-03-25
8541,1756,299,2,Highly recommended,2025-02-09
8542,3598,298,4,Fast delivery,2025-01-15
8543,3959,174,2,Good value,2024-06-05
8544,2821,464,3,Fast delivery,2024-11-29
8545,847,417,5,Worth buying,2023-11-07
8546,136,141,3,Amazing experience,2024-08-28
8547,1302,458,5,Average quality,2024-07-06
8548,935,236,5,Amazing experience,2024-04-15
8549,2793,120,4,Excellent product,2023-07-05
8550,2118,232,3,Very good,2024-11-19
8551,4792,247,2,Good value,2023-12-09
8552,1022,127,3,Worth buying,2023-08-25
8553,644,129,4,Average quality,2024-02-27
8554,3187,152,3,Not satisfied,2025-02-26
8555,2466,332,1,Amazing experience,2023-08-31
8556,4263,49,5,Not satisfied,2025-02-15
8557,186,199,1,Average quality,2023-03-14
8558,4995,180,4,Amazing experience,2023-11-23
8559,3094,91,3,Very good,2025-01-18
8560,258,363,5,Good value,2024-03-08
8561,3452,283,5,Quality could improve,2024-03-31
8562,669,41,3,Fast delivery,2023-11-13
8563,3802,370,4,Fast delivery,2024-08-25
8564,1474,429,3,Not satisfied,2023-03-27
8565,2609,215,5,Quality could improve,2023-03-17
8566,3317,479,3,Good value,2024-04-23
8567,1537,331,1,Good value,2025-01-14
8568,878,32,1,Very good,2023-04-02
8569,3478,228,4,Not satisfied,2023-10-22
8570,3649,115,2,Worth buying,2023-07-14
8571,900,55,5,Very good,2023-06-09
8572,1966,14,2,Worth buying,2023-04-29
8573,1978,88,4,Good value,2025-03-15
8574,2988,143,1,Very good,2024-12-14
8575,4285,28,3,Very good,2023-06-15
8576,3047,173,1,Highly recommended,2025-06-04
8577,3483,271,4,Good value,2025-05-10
8578,3055,487,5,Worth buying,2024-12-14
8579,1464,118,3,Fast delivery,2023-05-14
8580,2112,251,2,Fast delivery,2024-03-29
8581,2971,126,1,Highly recommended,2023-07-15
8582,1206,462,5,Fast delivery,2023-04-07
8583,2946,95,5,Amazing experience,2024-12-03
8584,2225,276,4,Fast delivery,2023-10-25
8585,4557,71,1,Not satisfied,2024-06-03
8586,80,310,3,Very good,2025-01-28
8587,4070,289,2,Not satisfied,2023-07-01
8588,3811,405,5,Not satisfied,2024-05-08
8589,2521,337,2,Excellent product,2025-02-17
8590,117,68,3,Highly recommended,2024-11-23
8591,1794,499,2,Worth buying,2024-10-16
8592,2316,435,1,Amazing experience,2024-08-15
8593,3866,268,4,Worth buying,2024-04-14
8594,4129,89,2,Quality could improve,2023-11-23
8595,2726,24,2,Fast delivery,2023-12-07
8596,2049,327,5,Fast delivery,2024-11-24
8597,2506,143,2,Good value,2024-11-25
8598,812,289,5,Amazing experience,2024-10-06
8599,2404,499,4,Not satisfied,2023-11-06
8600,1050,193,1,Not satisfied,2023-12-08
8601,3463,183,2,Fast delivery,2024-01-09
8602,1959,318,4,Average quality,2024-07-23
8603,324,492,1,Fast delivery,2023-09-17
8604,2704,28,2,Excellent product,2024-07-12
8605,789,297,3,Not satisfied,2024-09-25
8606,2836,61,1,Quality could improve,2023-02-17
8607,3554,98,1,Highly recommended,2024-08-07
8608,1131,135,3,Amazing experience,2023-12-12
8609,1772,233,5,Excellent product,2024-04-21
8610,3739,402,1,Quality could improve,2024-07-14
8611,1119,450,3,Fast delivery,2023-09-21
8612,385,387,3,Average quality,2025-04-06
8613,2231,256,2,Excellent product,2024-05-14
8614,2126,168,1,Not satisfied,2024-02-06
8615,2159,111,1,Amazing experience,2024-07-26
8616,3247,275,5,Amazing experience,2024-07-23
8617,3849,473,1,Worth buying,2023-03-02
8618,2014,305,4,Good value,2023-07-31
8619,971,123,2,Good value,2023-11-13
8620,1252,60,2,Highly recommended,2025-01-06
8621,665,235,5,Amazing experience,2025-06-09
8622,4074,489,4,Highly recommended,2025-03-13
8623,2520,383,1,Worth buying,2024-05-08
8624,3048,374,5,Amazing experience,2023-06-29
8625,4378,309,2,Worth buying,2025-01-12
8626,2249,125,3,Excellent product,2023-09-25
8627,1058,118,3,Worth buying,2024-10-16
8628,478,396,1,Highly recommended,2023-05-08
8629,3088,494,1,Fast delivery,2024-08-07
8630,108,475,4,Average quality,2023-05-04
8631,4633,434,1,Highly recommended,2025-03-02
8632,3679,423,1,Highly recommended,2025-03-23
8633,2814,433,2,Average quality,2024-08-26
8634,1473,189,4,Worth buying,2024-04-19
8635,3368,458,1,Good value,2024-06-26
8636,32,468,1,Highly recommended,2023-02-05
8637,4271,354,5,Very good,2025-04-17
8638,2355,413,3,Very good,2024-10-22
8639,2826,223,1,Average quality,2023-10-01
8640,734,101,5,Good value,2025-03-17
8641,2188,406,2,Amazing experience,2025-01-14
8642,1690,23,5,Amazing experience,2025-05-28
8643,1824,136,5,Good value,2023-11-28
8644,1882,264,5,Not satisfied,2023-10-17
8645,4216,193,2,Good value,2024-08-08
8646,1111,381,4,Average quality,2023-09-22
8647,4493,409,3,Highly recommended,2024-01-10
8648,3119,5,5,Very good,2024-11-05
8649,3275,155,1,Worth buying,2025-01-30
8650,2502,183,2,Excellent product,2023-09-06
8651,4192,428,2,Quality could improve,2023-05-13
8652,3468,172,4,Quality could improve,2023-02-13
8653,206,482,4,Excellent product,2024-10-23
8654,59,456,4,Fast delivery,2023-01-21
8655,69,453,2,Fast delivery,2025-06-05
8656,586,342,2,Excellent product,2024-01-08
8657,2792,470,1,Excellent product,2023-04-29
8658,4211,146,2,Not satisfied,2023-08-02
8659,3922,58,4,Excellent product,2025-01-27
8660,706,202,5,Not satisfied,2023-10-25
8661,1536,12,4,Average quality,2023-04-03
8662,2777,267,1,Quality could improve,2025-05-14
8663,2740,169,5,Fast delivery,2024-03-30
8664,1186,409,1,Good value,2023-05-24
8665,1652,260,2,Average quality,2023-04-05
8666,1524,355,3,Amazing experience,2023-01-18
8667,1851,54,2,Very good,2025-02-21
8668,1205,254,4,Fast delivery,2023-05-22
8669,2388,408,2,Amazing experience,2024-10-14
8670,1238,460,3,Not satisfied,2023-04-09
8671,3758,375,1,Highly recommended,2024-10-23
8672,2061,358,2,Very good,2024-09-03
8673,4859,78,4,Very good,2024-01-16
8674,3910,8,5,Highly recommended,2024-08-27
8675,3825,491,4,Good value,2024-04-04
8676,918,34,2,Quality could improve,2024-03-12
8677,2963,163,2,Average quality,2023-07-18
8678,4831,370,2,Highly recommended,2024-10-13
8679,4904,37,3,Quality could improve,2024-02-13
8680,3828,481,1,Fast delivery,2024-06-16
8681,4143,188,3,Highly recommended,2025-03-29
8682,4980,236,3,Very good,2023-05-04
8683,3668,275,4,Fast delivery,2024-05-17
8684,4893,321,3,Average quality,2024-07-20
8685,3636,71,5,Worth buying,2023-09-14
8686,302,254,1,Good value,2023-04-01
8687,4838,146,3,Highly recommended,2024-10-07
8688,4585,495,1,Average quality,2023-09-12
8689,2729,477,5,Fast delivery,2023-09-22
8690,3582,315,5,Quality could improve,2023-12-23
8691,3696,384,4,Worth buying,2024-08-12
8692,4553,265,1,Average quality,2024-04-07
8693,1816,162,2,Highly recommended,2023-10-04
8694,1658,77,5,Fast delivery,2023-04-14
8695,3494,428,1,Amazing experience,2023-01-08
8696,2314,393,3,Excellent product,2023-03-12
8697,4490,444,3,Excellent product,2025-06-03
8698,947,430,5,Quality could improve,2023-09-24
8699,73,237,4,Not satisfied,2025-02-12
8700,294,37,5,Worth buying,2025-01-28
8701,4117,410,4,Average quality,2024-11-25
8702,3044,3,5,Worth buying,2023-05-05
8703,207,431,5,Good value,2024-11-15
8704,4330,118,2,Amazing experience,2023-01-23
8705,4331,290,4,Good value,2023-03-10
8706,2427,133,2,Highly recommended,2023-02-01
8707,771,362,3,Quality could improve,2023-10-04
8708,201,278,5,Quality could improve,2024-06-29
8709,68,394,4,Not satisfied,2024-04-30
8710,2128,20,1,Not satisfied,2024-06-22
8711,4629,202,1,Highly recommended,2025-05-20
8712,674,430,4,Worth buying,2023-11-29
8713,4929,379,1,Amazing experience,2024-08-25
8714,2904,81,3,Quality could improve,2023-05-28
8715,3112,131,3,Average quality,2023-08-04
8716,341,202,2,Amazing experience,2024-11-12
8717,4458,424,2,Excellent product,2025-06-12
8718,952,313,3,Average quality,2023-05-09
8719,836,41,2,Quality could improve,2023-07-16
8720,2525,204,1,Amazing experience,2023-01-21
8721,3416,99,1,Good value,2024-12-06
8722,4612,196,1,Quality could improve,2023-11-08
8723,2833,412,5,Highly recommended,2023-03-04
8724,4565,77,5,Quality could improve,2023-10-06
8725,3234,429,3,Very good,2024-02-18
8726,4064,273,4,Good value,2024-11-03
8727,1402,319,2,Worth buying,2023-12-16
8728,3074,294,5,Highly recommended,2024-03-12
8729,2488,138,5,Excellent product,2024-01-09
8730,947,125,3,Average quality,2023-04-16
8731,2460,396,2,Very good,2024-11-19
8732,3293,415,4,Very good,2024-04-11
8733,1622,435,4,Highly recommended,2023-03-23
8734,4927,410,1,Fast delivery,2024-05-29
8735,4282,295,1,Worth buying,2023-11-07
8736,1844,155,3,Not satisfied,2023-09-26
8737,4117,469,4,Good value,2023-01-12
8738,3366,21,1,Excellent product,2024-01-10
8739,3818,391,3,Average quality,2024-02-16
8740,1505,133,2,Worth buying,2024-07-01
8741,2447,84,5,Not satisfied,2023-06-02
8742,4667,311,1,Amazing experience,2023-11-06
8743,1596,173,5,Very good,2023-02-05
8744,3609,175,3,Excellent product,2025-03-09
8745,3364,478,5,Quality could improve,2023-08-31
8746,659,11,5,Average quality,2023-07-11
8747,3503,24,4,Amazing experience,2024-01-01
8748,2807,383,5,Amazing experience,2023-08-30
8749,4755,87,4,Worth buying,2023-09-28
8750,281,321,2,Fast delivery,2025-01-20
8751,2104,79,2,Fast delivery,2023-01-30
8752,746,249,2,Very good,2024-07-12
8753,563,386,3,Quality could improve,2024-03-11
8754,3987,34,1,Very good,2025-01-05
8755,3969,402,4,Average quality,2025-03-24
8756,4431,167,3,Fast delivery,2023-02-16
8757,2808,205,3,Quality could improve,2023-02-28
8758,982,475,5,Quality could improve,2023-07-08
8759,3584,271,1,Fast delivery,2023-07-30
8760,3106,10,3,Very good,2024-12-23
8761,4162,252,1,Good value,2025-02-05
8762,3528,149,2,Quality could improve,2023-03-14
8763,515,495,1,Highly recommended,2023-01-15
8764,1928,429,5,Quality could improve,2024-04-06
8765,2153,400,4,Average quality,2025-01-13
8766,877,411,4,Not satisfied,2025-02-20
8767,729,28,4,Excellent product,2023-01-21
8768,981,272,4,Excellent product,2025-03-07
8769,871,237,4,Very good,2025-05-28
8770,3517,31,2,Excellent product,2024-11-19
8771,2659,302,4,Fast delivery,2023-07-29
8772,1567,400,1,Average quality,2023-05-11
8773,2342,310,5,Not satisfied,2025-01-13
8774,4996,140,1,Average quality,2025-01-20
8775,2232,304,5,Good value,2024-09-08
8776,1507,464,3,Quality could improve,2023-11-17
8777,2369,251,2,Quality could improve,2025-04-23
8778,701,162,4,Worth buying,2024-08-12
8779,388,178,5,Quality could improve,2025-06-17
8780,3340,468,4,Not satisfied,2023-05-11
8781,973,312,3,Amazing experience,2023-11-04
8782,3621,431,1,Good value,2025-05-28
8783,2234,112,4,Fast delivery,2023-03-20
8784,4374,71,1,Very good,2024-01-18
8785,4684,330,5,Excellent product,2024-10-14
8786,2810,496,2,Not satisfied,2023-04-20
8787,1560,183,2,Very good,2024-05-13
8788,1227,55,3,Worth buying,2023-04-03
8789,3541,422,3,Fast delivery,2025-04-10
8790,1819,24,2,Quality could improve,2024-11-15
8791,1395,451,5,Worth buying,2024-09-21
8792,1279,319,3,Amazing experience,2024-06-22
8793,4932,484,3,Very good,2025-03-27
8794,4302,253,4,Highly recommended,2023-08-24
8795,4798,157,3,Quality could improve,2024-05-08
8796,2959,201,2,Good value,2024-08-07
8797,1441,210,4,Good value,2025-05-24
8798,793,232,5,Average quality,2024-10-24
8799,2056,205,5,Average quality,2024-01-07
8800,4423,48,1,Amazing experience,2025-04-22
8801,2711,231,2,Excellent product,2024-09-12
8802,4303,301,4,Worth buying,2023-12-27
8803,3659,474,2,Average quality,2023-05-18
8804,4494,23,1,Very good,2023-04-29
8805,2294,199,5,Fast delivery,2024-08-01
8806,3595,188,1,Highly recommended,2023-02-06
8807,3540,154,5,Amazing experience,2025-05-04
8808,340,361,3,Fast delivery,2025-04-06
8809,592,346,1,Not satisfied,2024-11-07
8810,1761,183,1,Highly recommended,2023-09-20
8811,1984,309,1,Excellent product,2025-04-05
8812,4725,352,3,Not satisfied,2023-01-18
8813,2911,152,1,Good value,2023-02-05
8814,3344,130,1,Worth buying,2025-01-13
8815,2393,332,4,Amazing experience,2025-03-04
8816,266,495,1,Amazing experience,2023-03-16
8817,3242,109,2,Very good,2023-10-11
8818,1158,32,2,Average quality,2025-02-08
8819,3713,496,2,Good value,2023-08-15
8820,1401,84,4,Average quality,2023-07-28
8821,3874,416,1,Average quality,2024-09-03
8822,171,457,1,Worth buying,2023-01-02
8823,1040,33,1,Fast delivery,2023-06-04
8824,1277,346,4,Excellent product,2024-10-02
8825,2745,494,1,Fast delivery,2024-06-28
8826,1797,103,2,Quality could improve,2024-02-18
8827,3905,93,1,Worth buying,2023-03-09
8828,3530,359,5,Quality could improve,2024-03-25
8829,3969,422,1,Highly recommended,2024-06-27
8830,2029,164,2,Fast delivery,2024-06-17
8831,1459,171,2,Very good,2023-04-11
8832,3525,382,4,Average quality,2024-12-19
8833,4790,79,5,Not satisfied,2024-05-07
8834,2848,414,1,Good value,2024-02-10
8835,136,326,1,Excellent product,2024-11-13
8836,1236,87,5,Excellent product,2023-11-22
8837,1000,37,5,Not satisfied,2025-05-29
8838,1716,207,3,Good value,2024-05-11
8839,629,94,4,Average quality,2024-01-07
8840,3491,182,3,Not satisfied,2025-06-18
8841,3784,336,4,Worth buying,2024-11-20
8842,615,233,2,Not satisfied,2023-05-05
8843,2407,26,5,Worth buying,2024-01-31
8844,1593,67,5,Worth buying,2025-03-14
8845,3322,152,2,Fast delivery,2023-05-14
8846,4489,41,4,Excellent product,2023-09-25
8847,2171,418,5,Worth buying,2025-04-06
8848,2242,70,2,Fast delivery,2024-08-21
8849,2477,321,5,Not satisfied,2024-02-21
8850,3314,390,5,Excellent product,2024-09-19
8851,17,476,5,Excellent product,2023-09-23
8852,3133,274,3,Quality could improve,2023-07-02
8853,846,32,2,Amazing experience,2024-06-25
8854,2136,174,5,Fast delivery,2024-04-11
8855,311,401,1,Not satisfied,2024-01-13
8856,3157,203,5,Worth buying,2023-11-15
8857,3792,431,5,Excellent product,2023-07-18
8858,2801,20,1,Excellent product,2024-06-20
8859,1957,216,5,Amazing experience,2025-05-18
8860,2331,385,2,Highly recommended,2023-12-06
8861,427,404,1,Excellent product,2024-01-17
8862,4929,133,2,Quality could improve,2025-03-30
8863,4492,80,5,Excellent product,2024-12-09
8864,4382,172,4,Not satisfied,2024-11-05
8865,3212,446,4,Very good,2023-09-19
8866,4802,350,1,Not satisfied,2024-06-29
8867,2815,180,5,Average quality,2024-03-29
8868,1731,486,1,Good value,2023-03-21
8869,3572,138,2,Worth buying,2024-12-01
8870,1805,350,3,Worth buying,2023-11-14
8871,3337,68,1,Worth buying,2025-05-12
8872,3507,192,4,Quality could improve,2024-08-27
8873,2183,169,4,Amazing experience,2024-09-13
8874,513,188,2,Highly recommended,2025-04-21
8875,3206,223,2,Highly recommended,2024-02-06
8876,4326,67,3,Fast delivery,2024-04-19
8877,693,260,1,Amazing experience,2024-12-24
8878,2127,323,5,Worth buying,2024-05-07
8879,4992,436,3,Worth buying,2023-10-26
8880,1582,225,2,Very good,2024-07-19
8881,3743,310,5,Excellent product,2024-10-15
8882,4780,445,3,Average quality,2023-08-03
8883,4040,257,5,Good value,2025-05-24
8884,4212,49,3,Not satisfied,2024-02-12
8885,4097,259,1,Worth buying,2024-03-13
8886,3739,413,2,Worth buying,2023-03-22
8887,4020,248,1,Quality could improve,2024-03-15
8888,148,262,1,Not satisfied,2025-04-15
8889,4785,225,2,Fast delivery,2024-09-09
8890,4828,130,2,Excellent product,2025-06-09
8891,1894,168,3,Amazing experience,2025-02-19
8892,2826,413,2,Not satisfied,2024-12-14
8893,3734,139,4,Not satisfied,2023-07-03
8894,392,190,4,Not satisfied,2024-09-15
8895,2733,208,1,Amazing experience,2023-05-24
8896,11,118,3,Very good,2025-04-02
8897,4261,273,4,Highly recommended,2024-06-04
8898,2428,291,1,Highly recommended,2024-12-12
8899,4466,57,2,Not satisfied,2023-09-23
8900,784,103,3,Average quality,2023-12-19
8901,1941,263,5,Fast delivery,2025-03-01
8902,396,67,1,Fast delivery,2023-09-17
8903,4858,160,5,Not satisfied,2024-11-25
8904,3691,56,4,Good value,2023-05-21
8905,3510,44,2,Good value,2025-03-01
8906,715,278,3,Average quality,2024-03-07
8907,2219,445,5,Amazing experience,2023-08-22
8908,542,174,5,Worth buying,2024-12-05
8909,1643,389,2,Very good,2025-01-01
8910,4683,235,4,Highly recommended,2024-05-21
8911,3492,476,3,Good value,2023-05-22
8912,1252,371,4,Excellent product,2023-02-23
8913,4670,205,5,Quality could improve,2024-02-19
8914,526,491,4,Highly recommended,2024-04-04
8915,1182,20,2,Highly recommended,2024-02-19
8916,1623,148,5,Very good,2025-02-05
8917,266,45,5,Quality could improve,2025-04-23
8918,3685,420,5,Quality could improve,2023-06-03
8919,3902,121,5,Good value,2024-07-01
8920,3746,230,1,Worth buying,2023-11-16
8921,1358,343,5,Excellent product,2024-11-24
8922,2409,56,2,Very good,2023-11-14
8923,3828,137,4,Not satisfied,2025-01-03
8924,4753,78,4,Average quality,2023-03-28
8925,52,231,4,Quality could improve,2024-05-16
8926,682,2,2,Worth buying,2023-11-09
8927,4456,394,4,Excellent product,2024-11-10
8928,3381,52,4,Worth buying,2024-11-20
8929,2551,468,4,Average quality,2024-01-11
8930,4926,496,5,Good value,2024-10-23
8931,1620,350,1,Good value,2023-01-02
8932,3621,364,1,Fast delivery,2023-02-09
8933,1589,67,3,Amazing experience,2024-09-08
8934,4785,115,4,Average quality,2023-09-07
8935,3440,34,2,Excellent product,2024-02-28
8936,3067,130,5,Quality could improve,2023-01-14
8937,633,313,3,Not satisfied,2024-10-31
8938,483,220,1,Good value,2024-11-12
8939,3795,376,5,Average quality,2023-10-27
8940,1837,50,4,Worth buying,2024-02-12
8941,824,104,3,Good value,2023-05-17
8942,4644,131,1,Quality could improve,2024-05-08
8943,591,135,1,Not satisfied,2024-01-23
8944,2678,225,1,Not satisfied,2024-01-31
8945,3911,57,2,Good value,2024-04-16
8946,2132,132,3,Excellent product,2025-06-05
8947,3131,130,4,Not satisfied,2024-07-06
8948,1365,120,3,Amazing experience,2025-04-06
8949,4567,238,2,Amazing experience,2023-09-17
8950,4302,119,1,Not satisfied,2024-04-07
8951,4619,215,5,Quality could improve,2024-03-09
8952,2724,97,1,Average quality,2024-05-20
8953,4520,132,2,Not satisfied,2023-03-25
8954,3216,169,3,Quality could improve,2023-12-25
8955,3199,292,2,Quality could improve,2023-04-03
8956,1495,13,2,Highly recommended,2024-06-15
8957,3458,117,2,Fast delivery,2023-10-26
8958,2321,475,1,Average quality,2025-06-12
8959,783,451,5,Fast delivery,2023-08-28
8960,2969,419,5,Worth buying,2023-07-29
8961,1167,306,5,Fast delivery,2024-05-03
8962,1367,218,4,Fast delivery,2023-01-31
8963,3974,63,1,Excellent product,2023-07-28
8964,4093,3,3,Quality could improve,2025-05-12
8965,2717,214,1,Average quality,2024-06-26
8966,4404,45,2,Quality could improve,2023-09-27
8967,4221,420,2,Good value,2023-10-13
8968,1360,28,1,Average quality,2024-02-18
8969,2747,490,2,Excellent product,2024-05-31
8970,2267,331,2,Worth buying,2024-10-16
8971,3102,355,3,Amazing experience,2024-10-24
8972,3527,304,5,Amazing experience,2024-08-27
8973,2652,158,3,Amazing experience,2024-10-29
8974,733,445,4,Very good,2023-01-23
8975,2590,28,1,Excellent product,2023-09-12
8976,4626,473,2,Highly recommended,2024-02-09
8977,2024,158,5,Worth buying,2023-02-17
8978,578,404,4,Quality could improve,2023-02-21
8979,4608,44,5,Good value,2024-03-06
8980,1284,85,5,Very good,2023-03-09
8981,3765,166,5,Amazing experience,2024-12-30
8982,1380,354,2,Not satisfied,2023-12-13
8983,366,169,5,Not satisfied,2023-10-05
8984,1676,6,3,Fast delivery,2024-04-10
8985,4926,452,2,Very good,2023-03-17
8986,2345,120,4,Excellent product,2024-06-17
8987,2695,14,5,Average quality,2025-02-27
8988,768,249,3,Good value,2023-03-27
8989,323,490,1,Worth buying,2025-05-07
8990,4109,74,5,Worth buying,2023-03-01
8991,1314,352,1,Excellent product,2024-04-08
8992,1852,448,2,Amazing experience,2024-09-08
8993,2396,80,5,Very good,2024-06-04
8994,4789,278,5,Good value,2025-05-19
8995,2745,432,1,Average quality,2025-02-16
8996,3327,323,5,Worth buying,2025-03-29
8997,459,233,2,Average quality,2023-12-16
8998,3574,412,2,Worth buying,2023-05-28
8999,113,442,5,Highly recommended,2024-11-24
9000,1712,198,5,Very good,2023-09-09
9001,1271,172,2,Highly recommended,2023-04-09
9002,305,361,4,Amazing experience,2023-05-18
9003,1149,103,2,Worth buying,2024-03-24
9004,283,196,5,Very good,2023-04-11
9005,4713,484,2,Not satisfied,2023-01-05
9006,4629,137,1,Excellent product,2025-02-27
9007,501,306,3,Highly recommended,2025-01-21
9008,292,390,5,Not satisfied,2024-09-18
9009,3908,442,5,Quality could improve,2025-06-12
9010,1676,164,5,Amazing experience,2024-10-28
9011,1247,413,5,Excellent product,2023-01-15
9012,1541,229,1,Quality could improve,2024-01-15
9013,2962,431,3,Very good,2025-05-15
9014,2110,29,2,Very good,2023-02-25
9015,1050,353,1,Excellent product,2024-09-18
9016,1030,204,1,Amazing experience,2024-01-09
9017,1147,101,5,Highly recommended,2024-03-21
9018,4745,340,2,Not satisfied,2024-01-17
9019,2844,212,2,Amazing experience,2023-10-11
9020,164,344,5,Average quality,2025-02-23
9021,4513,168,2,Not satisfied,2023-07-25
9022,538,244,4,Fast delivery,2024-10-24
9023,744,160,1,Amazing experience,2025-02-27
9024,1497,487,2,Worth buying,2024-11-24
9025,2922,339,5,Excellent product,2024-01-02
9026,2504,450,3,Good value,2023-03-13
9027,1651,182,1,Fast delivery,2023-10-26
9028,3206,43,1,Average quality,2023-10-29
9029,323,289,4,Highly recommended,2025-04-08
9030,1777,397,2,Worth buying,2024-10-26
9031,4547,117,3,Fast delivery,2024-08-28
9032,3509,52,2,Fast delivery,2023-11-01
9033,1454,350,1,Fast delivery,2024-05-16
9034,4447,226,2,Average quality,2023-07-05
9035,1045,438,2,Quality could improve,2023-08-30
9036,1382,396,5,Highly recommended,2023-05-30
9037,2640,281,1,Average quality,2023-02-10
9038,2371,122,2,Highly recommended,2025-06-09
9039,1583,136,5,Highly recommended,2024-09-26
9040,330,228,1,Not satisfied,2024-07-15
9041,2519,247,3,Average quality,2024-12-26
9042,204,302,3,Not satisfied,2025-04-21
9043,4570,275,5,Excellent product,2025-04-28
9044,2307,361,3,Highly recommended,2023-11-16
9045,4591,191,2,Not satisfied,2025-01-31
9046,966,377,3,Not satisfied,2023-10-20
9047,3583,39,1,Quality could improve,2025-04-30
9048,3705,348,4,Highly recommended,2024-06-07
9049,2775,88,2,Fast delivery,2024-07-22
9050,4694,128,3,Excellent product,2025-03-30
9051,3752,204,4,Excellent product,2023-11-18
9052,3613,441,4,Highly recommended,2023-11-30
9053,2524,480,2,Excellent product,2023-07-10
9054,2065,354,2,Fast delivery,2025-06-01
9055,2890,378,2,Excellent product,2025-03-31
9056,1703,279,5,Very good,2024-10-17
9057,539,449,5,Worth buying,2023-12-09
9058,3429,457,1,Excellent product,2024-10-23
9059,2352,499,2,Excellent product,2024-02-19
9060,4307,256,2,Not satisfied,2025-02-19
9061,3539,67,2,Worth buying,2025-02-04
9062,3777,483,3,Average quality,2024-11-08
9063,836,46,5,Not satisfied,2025-01-27
9064,71,399,4,Amazing experience,2024-10-10
9065,1400,199,4,Excellent product,2023-07-15
9066,1535,458,2,Average quality,2023-03-27
9067,805,496,4,Good value,2025-02-28
9068,998,204,4,Not satisfied,2024-03-17
9069,4009,130,1,Good value,2023-12-14
9070,583,381,4,Not satisfied,2024-04-01
9071,925,190,1,Highly recommended,2024-02-20
9072,3091,384,3,Quality could improve,2025-01-03
9073,1024,375,3,Excellent product,2023-10-12
9074,1041,298,2,Excellent product,2024-12-27
9075,4594,2,3,Not satisfied,2023-07-11
9076,1392,275,1,Excellent product,2024-06-05
9077,3946,232,5,Not satisfied,2024-11-30
9078,2980,238,2,Amazing experience,2024-12-02
9079,4332,481,1,Excellent product,2024-01-04
9080,1055,481,3,Excellent product,2024-09-11
9081,2824,49,1,Worth buying,2023-05-11
9082,949,102,1,Average quality,2024-07-12
9083,2391,421,2,Fast delivery,2023-11-29
9084,1250,101,5,Very good,2023-08-15
9085,4140,299,3,Worth buying,2024-06-25
9086,3615,114,5,Average quality,2023-08-09
9087,1795,426,5,Worth buying,2023-03-02
9088,1633,136,3,Worth buying,2023-06-29
9089,944,312,2,Good value,2024-04-24
9090,1723,159,2,Very good,2024-06-17
9091,4989,441,4,Not satisfied,2024-03-18
9092,2352,318,1,Highly recommended,2023-05-18
9093,2174,72,2,Fast delivery,2023-05-09
9094,197,374,4,Quality could improve,2025-03-17
9095,2701,254,3,Good value,2023-02-02
9096,4767,193,4,Average quality,2024-08-11
9097,3311,279,5,Worth buying,2025-04-30
9098,79,485,5,Very good,2023-02-25
9099,3932,278,3,Not satisfied,2024-05-29
9100,2625,28,4,Not satisfied,2024-02-26
9101,1319,60,4,Excellent product,2024-05-21
9102,449,32,5,Good value,2023-10-27
9103,392,259,1,Quality could improve,2024-04-25
9104,735,114,5,Average quality,2023-06-26
9105,1545,278,3,Fast delivery,2024-07-12
9106,4080,448,1,Highly recommended,2025-01-24
9107,2636,14,3,Fast delivery,2025-05-01
9108,2874,18,1,Amazing experience,2024-11-11
9109,4032,433,3,Worth buying,2025-01-12
9110,1382,204,3,Highly recommended,2025-05-16
9111,4857,392,2,Worth buying,2023-01-01
9112,4377,386,4,Highly recommended,2023-12-19
9113,2356,446,1,Excellent product,2023-07-07
9114,2595,335,4,Excellent product,2024-10-21
9115,1392,373,2,Amazing experience,2024-02-05
9116,3020,280,3,Not satisfied,2023-12-29
9117,1496,404,5,Highly recommended,2025-01-27
9118,213,443,2,Quality could improve,2024-05-08
9119,1975,139,1,Very good,2023-01-21
9120,4449,118,5,Highly recommended,2024-12-18
9121,35,310,4,Very good,2025-06-12
9122,2429,352,5,Amazing experience,2024-08-10
9123,3848,226,2,Worth buying,2024-04-10
9124,2341,358,2,Highly recommended,2025-01-05
9125,3571,468,5,Amazing experience,2025-03-28
9126,937,130,1,Worth buying,2023-06-24
9127,1719,107,2,Worth buying,2024-06-23
9128,217,443,4,Excellent product,2023-03-08
9129,563,220,1,Fast delivery,2023-07-09
9130,468,390,2,Fast delivery,2025-02-15
9131,322,148,3,Very good,2024-07-30
9132,837,413,2,Fast delivery,2025-03-16
9133,4930,266,5,Amazing experience,2023-01-25
9134,288,26,4,Fast delivery,2024-03-15
9135,1904,335,1,Quality could improve,2024-03-19
9136,1584,113,5,Highly recommended,2024-04-10
9137,2483,163,1,Amazing experience,2024-01-18
9138,639,25,3,Average quality,2025-05-06
9139,3612,69,1,Average quality,2025-04-11
9140,3270,82,1,Fast delivery,2025-03-27
9141,297,372,2,Not satisfied,2024-11-09
9142,2224,403,1,Quality could improve,2023-06-15
9143,2024,306,4,Quality could improve,2023-02-24
9144,179,344,3,Good value,2023-10-05
9145,2228,41,4,Not satisfied,2023-06-03
9146,3222,399,5,Worth buying,2024-10-01
9147,3450,448,1,Worth buying,2023-11-03
9148,4447,235,4,Fast delivery,2025-01-22
9149,918,33,4,Highly recommended,2023-11-06
9150,1412,234,3,Worth buying,2023-12-12
9151,1603,205,1,Not satisfied,2024-01-31
9152,3740,254,4,Not satisfied,2024-09-28
9153,1232,72,1,Worth buying,2024-01-24
9154,1488,325,5,Worth buying,2024-10-30
9155,1544,478,1,Good value,2025-01-04
9156,4711,285,2,Worth buying,2024-01-14
9157,4807,453,5,Worth buying,2024-07-02
9158,422,372,3,Fast delivery,2023-10-16
9159,4139,214,3,Good value,2025-06-14
9160,2215,117,3,Not satisfied,2023-11-26
9161,2831,240,1,Highly recommended,2025-01-15
9162,1776,387,3,Quality could improve,2024-06-24
9163,873,142,1,Very good,2025-03-31
9164,2228,403,3,Excellent product,2023-09-22
9165,731,389,5,Excellent product,2024-12-23
9166,4930,190,1,Excellent product,2024-12-09
9167,3778,126,4,Not satisfied,2024-09-28
9168,1527,408,3,Quality could improve,2023-11-11
9169,4536,188,5,Worth buying,2024-12-17
9170,1294,406,5,Quality could improve,2024-06-26
9171,4165,356,5,Excellent product,2024-01-10
9172,2875,236,4,Amazing experience,2023-02-23
9173,1224,45,4,Amazing experience,2023-01-15
9174,540,378,2,Fast delivery,2024-07-31
9175,4115,481,2,Not satisfied,2025-03-28
9176,4177,411,5,Not satisfied,2025-04-20
9177,4133,416,2,Quality could improve,2024-09-22
9178,3947,495,5,Highly recommended,2023-12-02
9179,4406,76,2,Excellent product,2025-01-08
9180,3870,2,1,Excellent product,2023-09-19
9181,2780,268,4,Not satisfied,2025-02-01
9182,4776,407,1,Very good,2024-03-02
9183,3411,428,3,Good value,2024-11-19
9184,2296,165,3,Excellent product,2023-05-19
9185,252,314,3,Not satisfied,2024-12-10
9186,4471,44,1,Excellent product,2024-08-01
9187,844,215,3,Fast delivery,2025-05-10
9188,2340,216,1,Fast delivery,2023-02-22
9189,2928,187,1,Worth buying,2024-02-09
9190,1759,273,5,Amazing experience,2025-06-17
9191,2302,446,5,Very good,2024-04-17
9192,379,296,1,Excellent product,2023-06-13
9193,4335,450,5,Excellent product,2024-08-05
9194,631,277,5,Not satisfied,2024-10-19
9195,2832,288,3,Very good,2023-07-24
9196,4243,426,3,Excellent product,2023-08-09
9197,344,9,5,Not satisfied,2023-07-02
9198,4657,303,1,Excellent product,2024-07-31
9199,2423,160,1,Quality could improve,2024-07-20
9200,1622,475,3,Quality could improve,2023-12-05
9201,3578,1,5,Highly recommended,2024-09-01
9202,3930,34,4,Worth buying,2023-06-01
9203,2656,316,5,Highly recommended,2024-08-24
9204,1009,249,2,Excellent product,2025-06-15
9205,3553,439,2,Average quality,2023-03-26
9206,342,282,1,Good value,2024-03-06
9207,46,405,5,Excellent product,2023-09-08
9208,3991,302,4,Highly recommended,2024-07-24
9209,398,335,3,Not satisfied,2024-05-08
9210,171,186,5,Average quality,2024-12-31
9211,298,385,2,Amazing experience,2023-12-04
9212,704,171,5,Worth buying,2024-02-17
9213,3659,118,3,Very good,2023-01-08
9214,668,69,4,Good value,2025-04-11
9215,520,484,3,Not satisfied,2023-06-04
9216,2667,127,1,Amazing experience,2024-01-01
9217,484,353,5,Amazing experience,2024-05-02
9218,1571,184,1,Worth buying,2023-12-07
9219,2602,433,3,Quality could improve,2024-08-15
9220,2239,316,1,Fast delivery,2024-03-23
9221,3272,203,3,Fast delivery,2023-03-20
9222,1937,56,1,Quality could improve,2023-02-13
9223,4280,300,2,Excellent product,2024-10-10
9224,231,444,1,Worth buying,2024-08-16
9225,198,228,2,Very good,2025-06-13
9226,2400,408,4,Not satisfied,2024-02-06
9227,3461,265,2,Worth buying,2024-06-07
9228,906,375,1,Amazing experience,2025-04-25
9229,104,204,2,Quality could improve,2023-06-18
9230,4899,480,1,Quality could improve,2023-10-26
9231,2191,170,5,Not satisfied,2025-02-12
9232,3633,147,2,Not satisfied,2024-01-05
9233,56,118,2,Amazing experience,2024-12-26
9234,3342,307,4,Excellent product,2025-03-15
9235,3591,336,4,Very good,2023-04-10
9236,3646,103,5,Good value,2024-12-27
9237,2064,102,2,Not satisfied,2025-03-17
9238,4597,337,1,Quality could improve,2024-11-21
9239,284,276,2,Amazing experience,2024-04-14
9240,2245,173,5,Highly recommended,2023-02-10
9241,4822,496,3,Highly recommended,2025-03-01
9242,2123,374,3,Not satisfied,2024-01-04
9243,2299,483,1,Fast delivery,2025-02-23
9244,3113,88,5,Fast delivery,2024-03-16
9245,1802,176,5,Very good,2023-06-04
9246,2152,292,2,Highly recommended,2024-11-12
9247,1606,124,3,Quality could improve,2025-06-13
9248,386,19,4,Good value,2024-07-15
9249,4951,415,4,Worth buying,2024-02-14
9250,172,262,3,Worth buying,2024-07-08
9251,1982,332,3,Quality could improve,2025-05-14
9252,2983,9,3,Excellent product,2024-03-27
9253,3658,433,3,Highly recommended,2023-04-10
9254,3348,33,2,Highly recommended,2023-07-21
9255,1522,359,1,Very good,2023-08-11
9256,1285,467,2,Fast delivery,2023-01-27
9257,1627,402,2,Amazing experience,2024-12-21
9258,159,317,2,Not satisfied,2025-05-08
9259,125,251,1,Highly recommended,2023-01-16
9260,1906,462,2,Very good,2025-02-12
9261,893,238,1,Amazing experience,2024-08-02
9262,2376,73,5,Quality could improve,2024-01-18
9263,1116,127,1,Average quality,2024-02-06
9264,4961,300,4,Highly recommended,2024-01-27
9265,506,441,4,Good value,2023-04-25
9266,2380,493,3,Excellent product,2023-11-26
9267,3986,66,2,Very good,2024-06-25
9268,296,111,5,Worth buying,2023-11-23
9269,3901,431,5,Worth buying,2023-09-03
9270,3849,218,2,Highly recommended,2023-02-03
9271,3640,272,1,Good value,2025-04-13
9272,1219,357,3,Fast delivery,2024-12-20
9273,3603,100,2,Fast delivery,2024-09-20
9274,457,99,1,Quality could improve,2025-04-30
9275,3179,7,2,Worth buying,2024-10-15
9276,4197,328,2,Amazing experience,2025-05-05
9277,539,430,1,Good value,2023-07-13
9278,2205,294,2,Good value,2023-02-15
9279,4264,443,2,Fast delivery,2023-07-22
9280,810,441,2,Worth buying,2024-03-26
9281,173,315,2,Very good,2023-07-26
9282,1581,445,4,Amazing experience,2023-03-24
9283,1867,9,1,Worth buying,2025-04-27
9284,737,191,3,Average quality,2024-07-22
9285,3893,383,3,Good value,2023-06-02
9286,9,456,5,Amazing experience,2023-05-13
9287,904,7,1,Not satisfied,2023-05-06
9288,1773,316,3,Amazing experience,2023-10-21
9289,1142,157,4,Fast delivery,2023-11-25
9290,954,494,1,Very good,2023-12-12
9291,721,65,4,Excellent product,2025-02-21
9292,4086,309,3,Good value,2023-04-12
9293,3695,363,4,Average quality,2024-04-22
9294,599,198,2,Excellent product,2023-04-16
9295,1060,340,1,Excellent product,2025-04-04
9296,710,222,4,Worth buying,2025-05-14
9297,2396,233,1,Quality could improve,2024-07-21
9298,2133,381,5,Very good,2025-03-10
9299,4312,277,2,Worth buying,2023-11-04
9300,4509,99,1,Quality could improve,2024-11-03
9301,688,123,5,Fast delivery,2024-08-11
9302,1174,338,5,Good value,2024-01-29
9303,2462,180,1,Worth buying,2025-05-09
9304,4436,205,1,Excellent product,2024-07-11
9305,4728,427,5,Excellent product,2024-06-01
9306,2128,103,5,Very good,2025-03-26
9307,3044,54,3,Worth buying,2024-02-06
9308,338,323,5,Average quality,2025-04-24
9309,2961,96,4,Quality could improve,2023-10-29
9310,2768,393,5,Very good,2023-04-11
9311,4961,148,3,Highly recommended,2025-06-16
9312,3691,13,4,Quality could improve,2024-08-29
9313,4757,152,3,Worth buying,2024-06-18
9314,4384,187,3,Excellent product,2024-09-16
9315,3043,500,4,Good value,2023-11-21
9316,1129,125,4,Highly recommended,2023-10-18
9317,3351,423,4,Fast delivery,2024-04-18
9318,384,285,3,Not satisfied,2024-04-21
9319,3762,44,2,Not satisfied,2023-11-09
9320,1150,172,5,Very good,2024-07-08
9321,1603,252,3,Good value,2023-10-21
9322,2055,263,5,Not satisfied,2024-12-02
9323,4080,467,2,Average quality,2023-09-16
9324,392,320,1,Excellent product,2023-03-18
9325,3528,242,2,Very good,2024-11-23
9326,2053,322,1,Average quality,2025-04-22
9327,4713,389,1,Excellent product,2024-01-06
9328,3376,342,3,Quality could improve,2023-05-12
9329,3615,421,4,Fast delivery,2024-02-28
9330,1180,469,3,Very good,2023-09-15
9331,1839,411,5,Fast delivery,2025-03-29
9332,4489,223,3,Amazing experience,2024-07-29
9333,2527,115,4,Very good,2025-05-30
9334,4274,475,1,Quality could improve,2023-06-04
9335,3689,344,5,Very good,2023-06-25
9336,3170,487,4,Amazing experience,2024-07-23
9337,263,213,4,Good value,2024-07-26
9338,3584,476,5,Excellent product,2024-10-29
9339,519,58,2,Good value,2023-10-09
9340,3194,204,5,Excellent product,2025-04-09
9341,4471,278,2,Fast delivery,2023-01-09
9342,4811,353,5,Average quality,2025-06-19
9343,2021,55,3,Excellent product,2025-02-01
9344,4186,304,5,Amazing experience,2023-10-07
9345,716,486,3,Good value,2024-10-03
9346,1674,201,5,Quality could improve,2024-02-21
9347,4568,465,4,Quality could improve,2025-02-12
9348,290,425,1,Average quality,2023-06-11
9349,3645,440,5,Very good,2023-05-06
9350,2272,490,1,Highly recommended,2024-01-01
9351,3329,309,1,Amazing experience,2023-11-03
9352,417,242,5,Very good,2024-03-31
9353,430,456,2,Very good,2023-01-16
9354,2733,444,1,Fast delivery,2025-05-21
9355,888,481,2,Highly recommended,2023-01-17
9356,835,450,4,Excellent product,2024-08-10
9357,214,451,4,Excellent product,2024-09-03
9358,438,256,5,Quality could improve,2023-02-09
9359,523,89,1,Worth buying,2025-01-25
9360,3090,40,2,Worth buying,2024-05-27
9361,3651,189,3,Average quality,2025-06-07
9362,1782,155,1,Average quality,2023-07-30
9363,2393,315,4,Amazing experience,2024-03-28
9364,1607,384,5,Fast delivery,2024-10-04
9365,3627,225,2,Very good,2024-08-03
9366,3398,366,1,Good value,2023-11-29
9367,4107,210,2,Very good,2023-01-07
9368,4031,137,3,Excellent product,2024-03-30
9369,33,45,2,Amazing experience,2023-12-23
9370,7,310,4,Very good,2024-08-09
9371,4898,11,4,Worth buying,2024-09-19
9372,2224,449,2,Not satisfied,2023-03-30
9373,1692,470,1,Amazing experience,2025-05-07
9374,1109,406,3,Highly recommended,2024-09-17
9375,3114,160,5,Good value,2024-12-04
9376,4432,173,2,Worth buying,2023-08-09
9377,4496,83,4,Good value,2023-05-10
9378,1110,191,1,Excellent product,2024-08-28
9379,4871,485,5,Fast delivery,2024-09-09
9380,1035,421,2,Worth buying,2023-07-13
9381,4376,345,5,Not satisfied,2023-03-03
9382,773,127,2,Very good,2023-01-06
9383,2223,9,3,Worth buying,2024-09-25
9384,4175,346,4,Highly recommended,2024-08-03
9385,1898,489,1,Quality could improve,2023-04-06
9386,4910,202,5,Amazing experience,2024-11-13
9387,2366,330,1,Amazing experience,2023-03-09
9388,1191,155,3,Very good,2023-11-01
9389,2448,437,5,Very good,2023-04-08
9390,1646,484,1,Average quality,2024-09-07
9391,4531,104,5,Quality could improve,2024-05-10
9392,486,59,5,Very good,2023-02-06
9393,2609,480,1,Fast delivery,2023-05-07
9394,999,253,5,Good value,2024-12-15
9395,3642,163,4,Fast delivery,2024-07-29
9396,4127,134,2,Excellent product,2023-08-10
9397,2081,339,1,Average quality,2023-06-24
9398,4081,282,5,Very good,2024-12-22
9399,489,453,3,Good value,2023-05-04
9400,3464,291,1,Average quality,2023-03-28
9401,3211,79,4,Amazing experience,2024-03-12
9402,4311,362,1,Amazing experience,2024-11-02
9403,1160,473,1,Amazing experience,2024-06-10
9404,4296,427,5,Amazing experience,2025-02-10
9405,3532,183,3,Fast delivery,2023-02-02
9406,2329,45,3,Very good,2024-02-28
9407,837,185,4,Not satisfied,2025-04-27
9408,572,382,5,Amazing experience,2024-12-27
9409,3259,393,5,Fast delivery,2024-01-14
9410,1589,370,1,Very good,2023-08-01
9411,3308,496,2,Not satisfied,2023-11-05
9412,4652,78,2,Not satisfied,2023-07-29
9413,3772,222,4,Amazing experience,2024-03-11
9414,45,63,4,Amazing experience,2024-07-06
9415,1935,21,5,Good value,2025-01-26
9416,221,182,3,Quality could improve,2024-06-08
9417,1081,70,3,Worth buying,2023-08-27
9418,1775,443,5,Fast delivery,2023-05-09
9419,1335,199,2,Highly recommended,2024-04-26
9420,895,354,1,Average quality,2024-04-01
9421,3710,63,4,Very good,2023-03-06
9422,4915,78,3,Amazing experience,2025-02-11
9423,2336,145,3,Average quality,2024-01-07
9424,2104,492,4,Quality could improve,2023-05-04
9425,3280,263,5,Very good,2024-08-13
9426,1205,229,5,Not satisfied,2025-02-08
9427,1793,226,5,Worth buying,2023-05-10
9428,368,339,2,Fast delivery,2023-02-18
9429,3915,286,3,Good value,2025-05-28
9430,3802,336,4,Amazing experience,2025-02-04
9431,1348,288,5,Amazing experience,2024-08-23
9432,1764,364,3,Quality could improve,2023-09-02
9433,320,455,5,Average quality,2023-08-11
9434,3314,128,5,Not satisfied,2024-12-08
9435,2526,436,2,Very good,2023-02-26
9436,2897,237,4,Good value,2023-07-31
9437,3979,416,1,Good value,2023-10-07
9438,517,280,5,Excellent product,2024-08-31
9439,3509,1,2,Quality could improve,2025-02-13
9440,2158,108,5,Quality could improve,2024-03-24
9441,1728,374,4,Excellent product,2024-11-19
9442,1544,454,3,Fast delivery,2024-08-05
9443,3849,448,4,Very good,2023-09-13
9444,4783,459,3,Good value,2023-04-14
9445,2542,212,1,Very good,2023-04-24
9446,1447,32,2,Average quality,2023-07-18
9447,609,292,4,Not satisfied,2023-06-05
9448,2784,427,1,Good value,2024-03-19
9449,1802,112,2,Quality could improve,2025-06-11
9450,1263,300,5,Amazing experience,2025-04-09
9451,2262,326,5,Quality could improve,2024-06-12
9452,4845,183,3,Highly recommended,2023-11-09
9453,4899,218,2,Amazing experience,2024-03-26
9454,1791,410,3,Very good,2023-02-12
9455,4940,91,1,Amazing experience,2025-04-06
9456,1497,113,1,Average quality,2023-10-02
9457,3063,410,5,Excellent product,2024-07-28
9458,1550,89,5,Amazing experience,2024-12-08
9459,3907,91,4,Worth buying,2024-04-26
9460,4866,64,2,Worth buying,2025-03-11
9461,4637,497,5,Worth buying,2025-05-28
9462,1522,305,3,Fast delivery,2025-03-25
9463,1224,271,5,Quality could improve,2024-11-19
9464,885,21,3,Not satisfied,2023-07-22
9465,3269,88,1,Worth buying,2024-03-02
9466,4531,187,5,Fast delivery,2023-01-18
9467,3038,441,2,Good value,2024-04-18
9468,329,259,2,Amazing experience,2023-07-05
9469,375,158,5,Very good,2023-01-31
9470,401,97,1,Excellent product,2023-11-27
9471,543,63,1,Worth buying,2023-12-11
9472,4643,158,4,Very good,2023-07-29
9473,4473,126,2,Not satisfied,2025-04-30
9474,1774,128,4,Average quality,2025-04-17
9475,2488,438,4,Fast delivery,2023-06-24
9476,946,334,2,Amazing experience,2025-02-23
9477,2998,392,1,Good value,2024-09-12
9478,2575,181,1,Highly recommended,2023-04-12
9479,4075,358,2,Fast delivery,2025-01-26
9480,1018,329,5,Very good,2024-07-25
9481,1255,118,5,Highly recommended,2023-04-26
9482,2341,127,4,Quality could improve,2024-03-09
9483,408,67,3,Not satisfied,2025-02-02
9484,1901,435,5,Worth buying,2024-10-06
9485,4451,485,1,Average quality,2024-11-09
9486,2175,190,4,Highly recommended,2024-10-31
9487,151,34,3,Highly recommended,2023-01-29
9488,385,441,5,Quality could improve,2024-07-07
9489,3479,445,4,Fast delivery,2024-11-05
9490,4346,233,5,Good value,2024-06-02
9491,1575,490,3,Amazing experience,2025-05-17
9492,3148,127,1,Quality could improve,2024-02-26
9493,2906,490,1,Fast delivery,2025-05-21
9494,4142,167,1,Highly recommended,2024-07-16
9495,4938,488,3,Excellent product,2023-07-18
9496,2667,486,2,Highly recommended,2025-06-11
9497,878,484,3,Not satisfied,2023-12-27
9498,3577,392,3,Quality could improve,2024-04-30
9499,1245,490,3,Not satisfied,2023-04-04
9500,1428,62,1,Worth buying,2024-04-01
9501,3347,223,4,Very good,2023-06-02
9502,4619,479,4,Very good,2023-06-29
9503,476,13,4,Amazing experience,2024-01-08
9504,1426,51,1,Excellent product,2024-05-13
9505,787,412,2,Excellent product,2024-03-01
9506,4175,277,1,Average quality,2024-09-17
9507,1799,337,5,Worth buying,2024-11-07
9508,13,221,3,Good value,2023-06-17
9509,1956,360,4,Good value,2024-05-12
9510,3331,51,5,Average quality,2024-03-07
9511,1450,187,2,Worth buying,2025-04-01
9512,271,71,4,Highly recommended,2023-10-27
9513,4538,279,2,Amazing experience,2024-05-14
9514,3688,391,5,Fast delivery,2023-10-05
9515,4450,397,2,Quality could improve,2023-02-26
9516,2759,204,4,Highly recommended,2023-04-20
9517,4206,372,4,Amazing experience,2024-12-29
9518,4231,474,2,Quality could improve,2023-03-23
9519,8,474,2,Amazing experience,2023-08-13
9520,4103,332,2,Amazing experience,2024-11-06
9521,4123,241,5,Highly recommended,2025-04-06
9522,4600,386,4,Good value,2023-02-08
9523,4051,267,2,Fast delivery,2023-05-10
9524,4658,257,3,Amazing experience,2025-02-17
9525,3250,178,4,Average quality,2024-05-16
9526,4421,31,1,Highly recommended,2024-02-02
9527,4377,96,3,Not satisfied,2023-08-04
9528,4126,278,4,Not satisfied,2023-09-13
9529,2641,104,3,Average quality,2024-05-23
9530,4153,389,5,Quality could improve,2024-07-07
9531,4299,463,3,Amazing experience,2024-04-11
9532,122,166,3,Highly recommended,2025-02-15
9533,1966,333,3,Highly recommended,2023-08-19
9534,4820,246,2,Quality could improve,2024-08-05
9535,1104,271,1,Fast delivery,2023-10-21
9536,2660,320,5,Amazing experience,2023-11-06
9537,4654,434,4,Not satisfied,2024-11-12
9538,3002,225,4,Quality could improve,2024-04-11
9539,2862,102,3,Good value,2023-03-06
9540,3970,455,3,Good value,2023-11-20
9541,1037,492,1,Average quality,2024-01-11
9542,2597,196,4,Not satisfied,2024-10-02
9543,989,213,3,Not satisfied,2023-05-10
9544,1828,278,4,Worth buying,2024-07-18
9545,3464,400,4,Highly recommended,2024-01-22
9546,4020,363,5,Excellent product,2024-06-30
9547,1907,351,3,Good value,2023-02-19
9548,414,156,2,Good value,2023-03-02
9549,68,459,3,Good value,2024-01-15
9550,379,266,1,Fast delivery,2023-01-18
9551,2473,251,3,Quality could improve,2025-01-12
9552,3130,357,3,Average quality,2023-08-29
9553,1624,170,1,Not satisfied,2023-07-26
9554,1909,358,3,Highly recommended,2023-04-28
9555,3345,489,4,Highly recommended,2023-05-09
9556,2954,404,4,Average quality,2024-01-16
9557,3973,352,1,Very good,2025-02-13
9558,2122,175,5,Excellent product,2024-05-26
9559,4804,343,1,Excellent product,2024-09-07
9560,317,272,3,Very good,2023-01-29
9561,4924,413,3,Average quality,2024-01-25
9562,1775,455,5,Not satisfied,2024-07-29
9563,826,151,2,Average quality,2024-09-13
9564,2586,411,2,Highly recommended,2024-03-18
9565,529,406,1,Amazing experience,2024-01-30
9566,4960,24,3,Good value,2024-07-01
9567,1753,377,5,Not satisfied,2024-11-07
9568,3321,410,5,Excellent product,2023-09-19
9569,1300,173,3,Good value,2023-06-26
9570,798,44,5,Not satisfied,2025-04-07
9571,4712,362,2,Very good,2024-08-18
9572,1385,222,1,Excellent product,2023-09-19
9573,2848,81,5,Not satisfied,2025-02-13
9574,1626,241,3,Quality could improve,2023-02-22
9575,4111,220,4,Fast delivery,2024-10-15
9576,2456,443,4,Good value,2024-10-28
9577,4038,400,3,Fast delivery,2025-06-11
9578,848,143,5,Not satisfied,2023-05-11
9579,4718,147,3,Average quality,2024-07-19
9580,1291,410,4,Good value,2023-01-10
9581,669,445,3,Not satisfied,2023-02-27
9582,614,396,3,Amazing experience,2023-07-15
9583,1335,437,5,Average quality,2024-05-20
9584,2286,410,3,Worth buying,2023-08-03
9585,1308,134,3,Highly recommended,2023-12-30
9586,4335,270,3,Worth buying,2023-12-26
9587,272,19,4,Amazing experience,2025-05-31
9588,3823,460,2,Good value,2024-09-11
9589,1530,166,2,Fast delivery,2024-12-25
9590,199,28,1,Fast delivery,2024-04-12
9591,3096,194,4,Very good,2023-12-05
9592,752,413,2,Good value,2024-07-04
9593,4726,67,1,Excellent product,2024-04-28
9594,3118,414,4,Good value,2024-09-18
9595,3,483,1,Worth buying,2023-04-08
9596,4373,368,1,Very good,2023-11-01
9597,4660,346,3,Highly recommended,2025-05-16
9598,3023,439,2,Excellent product,2025-05-15
9599,4194,171,4,Amazing experience,2024-08-30
9600,2335,71,3,Fast delivery,2023-11-11
9601,1902,324,1,Excellent product,2023-09-21
9602,4160,81,3,Fast delivery,2024-11-23
9603,4033,52,5,Highly recommended,2024-04-24
9604,163,418,2,Worth buying,2023-06-04
9605,4977,46,5,Not satisfied,2024-02-28
9606,3614,448,4,Good value,2025-03-29
9607,1435,321,4,Good value,2024-12-19
9608,968,475,1,Very good,2025-02-01
9609,925,92,4,Fast delivery,2024-12-17
9610,4733,200,4,Quality could improve,2025-03-06
9611,1869,451,5,Worth buying,2023-01-01
9612,2949,225,3,Quality could improve,2024-08-13
9613,2667,238,1,Average quality,2023-06-17
9614,2767,108,4,Worth buying,2024-06-17
9615,4460,171,1,Not satisfied,2024-01-13
9616,1866,157,3,Amazing experience,2025-06-19
9617,621,196,1,Average quality,2024-11-21
9618,3027,113,3,Average quality,2023-07-04
9619,3215,341,2,Highly recommended,2024-01-06
9620,3591,335,2,Average quality,2024-09-15
9621,2520,221,5,Worth buying,2023-09-04
9622,3369,102,5,Worth buying,2024-01-06
9623,2189,245,2,Highly recommended,2023-09-25
9624,598,386,5,Quality could improve,2024-02-20
9625,1464,67,3,Average quality,2023-04-15
9626,3424,184,2,Good value,2025-06-12
9627,1007,429,1,Good value,2023-05-09
9628,2199,116,1,Highly recommended,2024-06-05
9629,1419,210,2,Fast delivery,2025-05-27
9630,4689,488,4,Highly recommended,2025-01-01
9631,942,458,2,Very good,2023-11-05
9632,4372,351,3,Average quality,2025-03-07
9633,1593,458,4,Worth buying,2024-09-13
9634,4198,213,5,Highly recommended,2024-03-27
9635,4611,161,3,Average quality,2023-01-21
9636,900,53,4,Worth buying,2023-03-18
9637,2950,86,3,Very good,2025-06-03
9638,284,367,1,Worth buying,2025-03-23
9639,1508,460,2,Very good,2024-11-03
9640,4987,235,3,Quality could improve,2024-11-15
9641,4367,280,5,Worth buying,2023-08-27
9642,4053,21,1,Highly recommended,2025-01-25
9643,1909,77,5,Good value,2024-12-06
9644,854,317,5,Average quality,2024-10-03
9645,4320,421,3,Amazing experience,2023-04-10
9646,1325,253,5,Fast delivery,2024-07-06
9647,3517,491,2,Fast delivery,2024-11-21
9648,1876,84,3,Worth buying,2024-02-12
9649,1185,322,2,Good value,2023-01-22
9650,1944,260,3,Worth buying,2023-03-01
9651,565,126,4,Amazing experience,2024-10-25
9652,4981,35,1,Very good,2023-04-12
9653,3426,115,3,Good value,2023-07-17
9654,2178,298,1,Worth buying,2024-05-07
9655,1044,104,1,Amazing experience,2024-06-04
9656,3536,112,2,Not satisfied,2024-03-12
9657,816,497,2,Average quality,2023-03-08
9658,2592,54,5,Fast delivery,2025-04-08
9659,344,8,5,Amazing experience,2023-09-12
9660,2341,129,5,Amazing experience,2025-03-06
9661,4405,282,4,Highly recommended,2024-03-27
9662,3415,231,4,Fast delivery,2025-06-11
9663,729,223,5,Average quality,2023-04-09
9664,430,344,4,Not satisfied,2024-12-22
9665,2074,150,2,Excellent product,2023-03-19
9666,1173,158,2,Highly recommended,2023-08-05
9667,3458,75,3,Average quality,2024-05-21
9668,935,446,1,Quality could improve,2024-09-01
9669,4404,164,5,Amazing experience,2023-04-25
9670,2582,392,2,Worth buying,2024-12-17
9671,4556,416,5,Fast delivery,2025-02-21
9672,2141,403,2,Highly recommended,2025-05-03
9673,3928,303,2,Worth buying,2024-03-05
9674,479,391,5,Worth buying,2024-05-24
9675,333,269,5,Fast delivery,2023-12-18
9676,3275,149,1,Quality could improve,2024-07-01
9677,2197,493,2,Amazing experience,2024-02-23
9678,4051,195,3,Not satisfied,2024-09-10
9679,1328,468,1,Highly recommended,2023-05-28
9680,3298,50,2,Good value,2025-06-12
9681,1173,496,3,Fast delivery,2024-03-19
9682,3642,170,1,Fast delivery,2023-02-26
9683,4126,40,5,Very good,2024-07-17
9684,2955,458,4,Fast delivery,2025-04-24
9685,3845,254,2,Very good,2023-01-11
9686,421,325,1,Not satisfied,2023-03-13
9687,2235,299,2,Worth buying,2024-06-13
9688,2043,179,2,Average quality,2023-11-28
9689,2178,462,2,Amazing experience,2025-01-30
9690,891,207,1,Average quality,2025-03-22
9691,827,303,4,Quality could improve,2023-07-06
9692,3926,436,3,Very good,2023-06-10
9693,3600,116,5,Worth buying,2024-01-05
9694,19,99,2,Average quality,2023-06-13
9695,1339,147,5,Excellent product,2024-05-04
9696,2069,54,2,Good value,2023-10-28
9697,3729,399,1,Quality could improve,2024-10-07
9698,3247,154,3,Very good,2024-12-13
9699,1347,217,3,Highly recommended,2024-08-01
9700,1977,271,3,Not satisfied,2023-03-28
9701,2932,228,2,Fast delivery,2024-07-15
9702,13,374,3,Excellent product,2023-01-27
9703,4307,443,1,Amazing experience,2024-09-14
9704,1795,163,3,Not satisfied,2024-11-10
9705,2400,100,1,Quality could improve,2025-01-21
9706,2743,236,5,Good value,2024-03-24
9707,4977,334,3,Fast delivery,2024-03-15
9708,1391,378,1,Quality could improve,2023-12-28
9709,1995,56,1,Average quality,2024-09-16
9710,644,433,2,Quality could improve,2024-03-29
9711,3722,63,4,Good value,2023-03-08
9712,3589,322,2,Very good,2024-04-26
9713,2225,8,5,Excellent product,2024-06-22
9714,2190,223,1,Good value,2025-03-12
9715,3055,383,5,Worth buying,2023-09-30
9716,2737,155,3,Very good,2025-03-13
9717,3923,474,3,Fast delivery,2025-04-04
9718,148,293,1,Very good,2023-05-04
9719,2420,92,4,Average quality,2024-03-02
9720,4893,20,2,Quality could improve,2024-12-03
9721,795,258,5,Not satisfied,2023-12-10
9722,3548,62,3,Worth buying,2023-04-25
9723,927,167,5,Average quality,2024-01-17
9724,910,355,2,Amazing experience,2023-04-15
9725,2073,254,1,Worth buying,2023-04-30
9726,4452,391,4,Quality could improve,2025-04-27
9727,800,302,4,Worth buying,2024-08-13
9728,3216,231,5,Not satisfied,2024-05-29
9729,1278,8,2,Good value,2023-03-23
9730,1340,458,2,Good value,2025-06-01
9731,301,435,2,Worth buying,2025-02-23
9732,1607,430,2,Very good,2023-12-25
9733,402,412,5,Fast delivery,2024-12-04
9734,3911,102,4,Highly recommended,2025-01-26
9735,3275,265,1,Very good,2024-04-29
9736,2419,92,3,Very good,2023-09-17
9737,498,268,5,Amazing experience,2024-05-25
9738,2683,12,2,Very good,2024-12-19
9739,2910,135,5,Very good,2023-03-07
9740,4716,291,3,Fast delivery,2025-04-28
9741,337,26,1,Average quality,2024-04-13
9742,2854,172,4,Good value,2023-01-02
9743,1524,325,3,Not satisfied,2025-02-02
9744,2097,151,2,Excellent product,2025-04-10
9745,4878,445,5,Very good,2023-09-22
9746,3070,335,2,Amazing experience,2023-10-25
9747,154,43,4,Not satisfied,2024-11-28
9748,4747,103,5,Good value,2023-08-23
9749,3163,383,2,Very good,2024-10-30
9750,1292,38,3,Worth buying,2023-08-19
9751,4672,240,1,Not satisfied,2025-05-17
9752,4174,319,4,Not satisfied,2025-03-24
9753,4180,278,1,Excellent product,2024-07-09
9754,2066,235,4,Quality could improve,2025-06-06
9755,4468,365,1,Excellent product,2023-07-05
9756,716,385,2,Average quality,2024-02-17
9757,6,337,3,Not satisfied,2023-07-06
9758,4802,142,3,Very good,2024-11-30
9759,4839,217,2,Amazing experience,2024-06-23
9760,1673,173,4,Worth buying,2024-05-21
9761,3157,1,3,Quality could improve,2024-03-20
9762,3425,77,4,Fast delivery,2024-02-01
9763,3472,48,1,Quality could improve,2024-06-29
9764,3669,216,3,Good value,2024-01-10
9765,3362,374,3,Good value,2023-04-09
9766,4182,115,3,Amazing experience,2024-10-14
9767,1849,178,3,Worth buying,2024-08-06
9768,4790,278,5,Very good,2024-09-16
9769,3484,64,3,Not satisfied,2024-05-27
9770,4028,185,2,Fast delivery,2024-01-28
9771,4393,461,3,Quality could improve,2024-04-12
9772,4797,274,3,Very good,2024-06-23
9773,325,225,5,Quality could improve,2025-04-24
9774,1005,334,3,Worth buying,2024-04-22
9775,3366,301,5,Amazing experience,2024-12-10
9776,505,198,2,Average quality,2024-08-29
9777,2240,218,5,Highly recommended,2025-06-11
9778,4609,342,5,Good value,2024-08-10
9779,1158,147,5,Amazing experience,2024-06-03
9780,387,133,5,Quality could improve,2025-04-06
9781,1593,488,2,Very good,2025-01-24
9782,4523,70,4,Amazing experience,2024-03-29
9783,2861,176,2,Good value,2023-04-22
9784,1201,20,4,Worth buying,2023-06-08
9785,2523,335,3,Worth buying,2025-02-01
9786,4629,164,2,Very good,2023-10-22
9787,3396,60,4,Highly recommended,2025-04-05
9788,928,432,4,Average quality,2024-03-23
9789,1521,55,1,Quality could improve,2023-03-18
9790,2542,335,5,Excellent product,2024-03-22
9791,4297,392,4,Average quality,2023-04-15
9792,1351,155,1,Good value,2024-04-29
9793,3064,305,5,Excellent product,2024-07-22
9794,1793,143,2,Fast delivery,2024-02-12
9795,2210,206,3,Amazing experience,2024-10-01
9796,4130,288,1,Excellent product,2024-09-20
9797,4079,420,1,Average quality,2025-03-31
9798,2009,172,3,Excellent product,2024-05-01
9799,4178,270,2,Quality could improve,2023-07-12
9800,245,351,3,Good value,2025-03-10
9801,4478,71,4,Very good,2023-03-04
9802,3727,74,4,Worth buying,2024-08-25
9803,2068,370,4,Average quality,2023-08-12
9804,1088,105,1,Excellent product,2023-02-17
9805,3803,192,2,Worth buying,2024-09-12
9806,4251,385,5,Quality could improve,2024-02-09
9807,1604,355,2,Fast delivery,2023-04-06
9808,1494,11,4,Average quality,2023-10-09
9809,4283,367,5,Good value,2025-03-11
9810,1193,90,1,Quality could improve,2025-03-21
9811,710,109,4,Amazing experience,2023-09-17
9812,1629,52,3,Fast delivery,2024-12-12
9813,2005,371,2,Amazing experience,2024-02-02
9814,3220,491,4,Amazing experience,2025-02-16
9815,420,236,5,Worth buying,2024-12-08
9816,4700,372,5,Average quality,2023-11-21
9817,3948,417,1,Worth buying,2023-04-20
9818,928,340,4,Highly recommended,2025-04-29
9819,668,11,4,Not satisfied,2023-02-16
9820,1494,252,3,Worth buying,2023-03-16
9821,1056,476,4,Not satisfied,2023-08-19
9822,3203,356,1,Worth buying,2023-03-11
9823,3705,418,2,Worth buying,2023-02-09
9824,786,85,1,Fast delivery,2023-02-07
9825,4890,419,1,Not satisfied,2023-09-20
9826,3186,55,5,Fast delivery,2025-01-18
9827,4092,304,5,Excellent product,2025-05-09
9828,4463,41,3,Amazing experience,2024-08-12
9829,517,19,3,Highly recommended,2023-03-03
9830,1049,466,2,Amazing experience,2024-10-07
9831,1314,95,1,Worth buying,2023-04-05
9832,4467,117,4,Not satisfied,2023-06-26
9833,2499,406,1,Quality could improve,2025-02-06
9834,604,196,2,Excellent product,2025-02-15
9835,1759,341,3,Amazing experience,2023-08-31
9836,2027,396,5,Amazing experience,2024-01-24
9837,248,398,3,Worth buying,2023-07-13
9838,4336,196,1,Amazing experience,2024-12-21
9839,3947,128,2,Not satisfied,2023-10-03
9840,2773,71,4,Very good,2023-06-01
9841,3812,60,5,Worth buying,2023-01-23
9842,6,304,5,Amazing experience,2025-01-11
9843,3469,97,3,Average quality,2023-04-30
9844,2923,8,5,Not satisfied,2024-01-28
9845,4458,216,4,Average quality,2025-05-25
9846,4240,146,5,Very good,2024-12-19
9847,954,275,5,Amazing experience,2024-11-24
9848,746,153,2,Worth buying,2024-02-23
9849,1927,336,2,Average quality,2023-06-16
9850,1659,13,4,Very good,2025-04-20
9851,3681,307,4,Amazing experience,2024-08-23
9852,4328,10,5,Amazing experience,2024-01-25
9853,4338,279,5,Amazing experience,2025-04-24
9854,1127,203,2,Fast delivery,2024-09-12
9855,1528,11,1,Not satisfied,2023-07-18
9856,3843,240,4,Fast delivery,2024-08-06
9857,4738,93,1,Good value,2023-07-18
9858,4277,419,1,Highly recommended,2023-03-06
9859,1712,136,3,Good value,2023-12-17
9860,227,407,5,Quality could improve,2024-04-26
9861,1089,31,1,Highly recommended,2023-05-14
9862,1905,84,1,Excellent product,2024-06-30
9863,3679,149,1,Highly recommended,2025-02-18
9864,2920,264,4,Not satisfied,2025-01-06
9865,4962,39,2,Fast delivery,2024-03-31
9866,3236,403,3,Not satisfied,2023-12-08
9867,2938,468,2,Fast delivery,2023-09-07
9868,15,420,1,Amazing experience,2025-02-14
9869,4282,267,3,Excellent product,2024-05-11
9870,3745,452,4,Worth buying,2023-10-18
9871,1392,423,5,Amazing experience,2023-07-20
9872,787,352,5,Very good,2023-04-17
9873,4244,220,5,Amazing experience,2024-03-23
9874,367,252,4,Very good,2024-04-18
9875,1622,414,5,Not satisfied,2025-06-05
9876,4619,493,1,Quality could improve,2024-03-23
9877,2321,246,5,Fast delivery,2023-05-15
9878,341,487,5,Average quality,2025-02-03
9879,1775,379,4,Fast delivery,2025-05-01
9880,1241,432,4,Worth buying,2023-02-01
9881,2209,381,1,Not satisfied,2023-01-18
9882,4760,280,3,Worth buying,2024-07-16
9883,4465,109,4,Amazing experience,2024-12-17
9884,2751,37,4,Amazing experience,2025-04-15
9885,3469,342,4,Fast delivery,2024-11-07
9886,3405,297,5,Average quality,2024-11-29
9887,3285,28,5,Highly recommended,2025-01-01
9888,3075,286,3,Quality could improve,2023-01-08
9889,4862,376,1,Not satisfied,2023-01-26
9890,1015,493,5,Quality could improve,2024-06-13
9891,4019,473,1,Very good,2023-06-05
9892,4063,454,3,Highly recommended,2024-03-10
9893,3792,297,3,Very good,2025-02-08
9894,498,3,5,Good value,2024-08-03
9895,3322,136,5,Quality could improve,2024-07-04
9896,1903,169,5,Highly recommended,2023-06-09
9897,3015,121,4,Fast delivery,2025-01-13
9898,1590,55,4,Not satisfied,2024-08-20
9899,2682,209,2,Worth buying,2023-05-10
9900,855,16,2,Very good,2025-06-16
9901,120,433,5,Worth buying,2023-11-28
9902,2721,142,1,Good value,2023-05-09
9903,121,335,4,Fast delivery,2025-03-21
9904,2727,120,2,Highly recommended,2024-12-12
9905,1087,43,2,Not satisfied,2024-02-22
9906,725,194,2,Amazing experience,2023-08-02
9907,3362,421,2,Fast delivery,2024-06-01
9908,926,132,4,Excellent product,2023-12-11
9909,4326,223,5,Highly recommended,2025-02-02
9910,4337,287,3,Not satisfied,2025-04-26
9911,2249,438,4,Very good,2023-02-12
9912,2483,170,3,Good value,2023-08-05
9913,3696,161,2,Fast delivery,2025-02-22
9914,3668,215,4,Fast delivery,2023-03-25
9915,4752,7,1,Fast delivery,2023-08-04
9916,1433,250,3,Excellent product,2024-05-23
9917,2170,166,2,Amazing experience,2025-04-06
9918,1898,270,5,Good value,2025-06-12
9919,2817,275,5,Average quality,2023-05-27
9920,4111,163,4,Average quality,2024-09-29
9921,3149,39,4,Excellent product,2024-11-24
9922,2783,2,3,Worth buying,2025-04-15
9923,3585,150,2,Highly recommended,2025-01-26
9924,1442,211,5,Highly recommended,2024-08-01
9925,4761,500,2,Highly recommended,2025-02-10
9926,1191,420,3,Fast delivery,2024-07-18
9927,1787,315,4,Very good,2024-05-14
9928,2854,117,4,Good value,2025-04-24
9929,794,165,5,Worth buying,2024-06-16
9930,1055,373,1,Fast delivery,2025-05-22
9931,2041,130,3,Fast delivery,2023-05-01
9932,1805,296,1,Excellent product,2023-05-07
9933,749,162,4,Very good,2023-01-29
9934,3796,464,5,Good value,2025-05-24
9935,4225,459,1,Quality could improve,2024-10-30
9936,4324,207,4,Highly recommended,2023-07-26
9937,4481,387,2,Very good,2024-04-14
9938,1992,323,2,Good value,2024-03-14
9939,2438,384,1,Amazing experience,2023-12-18
9940,1933,21,2,Not satisfied,2023-06-12
9941,1837,241,4,Quality could improve,2025-01-11
9942,516,103,1,Average quality,2023-02-17
9943,4481,355,3,Average quality,2023-11-30
9944,1739,306,5,Fast delivery,2024-08-20
9945,1356,38,3,Very good,2024-06-11
9946,4666,208,4,Excellent product,2024-09-21
9947,883,165,2,Good value,2023-09-24
9948,2580,194,4,Good value,2023-05-22
9949,4775,394,4,Amazing experience,2024-12-15
9950,1918,445,5,Highly recommended,2023-03-29
9951,4357,496,3,Very good,2025-03-26
9952,3509,435,2,Very good,2023-02-01
9953,2936,428,1,Very good,2023-02-05
9954,2167,44,5,Worth buying,2025-05-15
9955,1530,323,3,Very good,2023-10-03
9956,1414,61,5,Amazing experience,2024-02-14
9957,1275,287,2,Fast delivery,2024-11-08
9958,807,335,5,Very good,2024-09-07
9959,3337,470,4,Good value,2023-11-18
9960,3953,143,1,Very good,2024-01-08
9961,1512,102,5,Worth buying,2025-03-24
9962,2732,284,1,Worth buying,2023-09-19
9963,4390,209,1,Excellent product,2024-04-26
9964,591,59,5,Good value,2024-02-01
9965,1472,144,2,Fast delivery,2024-04-15
9966,809,82,5,Highly recommended,2023-02-28
9967,634,134,3,Worth buying,2024-11-24
9968,1889,345,5,Very good,2024-02-07
9969,3383,493,4,Average quality,2025-05-15
9970,2358,224,3,Quality could improve,2023-12-30
9971,357,37,2,Average quality,2023-01-23
9972,3490,97,3,Highly recommended,2025-04-07
9973,1111,149,3,Not satisfied,2023-10-24
9974,2386,384,2,Amazing experience,2025-02-22
9975,2513,487,1,Good value,2024-07-04
9976,3879,397,3,Amazing experience,2024-06-02
9977,563,141,3,Worth buying,2023-04-08
9978,1488,447,4,Good value,2023-10-23
9979,2168,114,2,Highly recommended,2024-05-15
9980,1413,60,1,Average quality,2024-08-15
9981,3543,107,2,Highly recommended,2023-05-23
9982,4293,470,1,Quality could improve,2024-07-03
9983,2790,339,4,Not satisfied,2024-07-06
9984,39,448,4,Good value,2025-04-22
9985,4822,407,5,Excellent product,2023-07-12
9986,2789,467,5,Good value,2024-07-21
9987,4570,66,3,Very good,2023-09-03
9988,2106,296,2,Quality could improve,2024-06-02
9989,3738,248,4,Amazing experience,2023-11-20
9990,1922,374,2,Highly recommended,2025-03-19
9991,2637,349,4,Quality could improve,2023-12-08
9992,2096,187,1,Quality could improve,2024-05-26
9993,3266,66,5,Excellent product,2025-05-30
9994,289,252,3,Highly recommended,2023-05-07
9995,2309,344,3,Not satisfied,2023-09-14
9996,1527,424,2,Fast delivery,2025-03-25
9997,338,6,3,Not satisfied,2024-05-25
9998,4216,266,4,Average quality,2025-03-01
9999,1897,196,5,Excellent product,2023-04-07
10000,328,219,3,Amazing experience,2024-03-13
10001,931,13,5,Worth buying,2025-02-10
10002,4987,370,4,Quality could improve,2023-04-25
10003,4595,298,5,Highly recommended,2024-07-05
10004,4218,153,4,Good value,2023-04-04
10005,1724,265,3,Very good,2025-02-17
10006,4021,437,3,Very good,2023-01-07
10007,426,198,1,Worth buying,2023-08-25
10008,2167,492,1,Worth buying,2024-02-09
10009,4814,224,1,Amazing experience,2024-12-15
10010,21,193,3,Good value,2024-06-26
10011,2416,69,3,Good value,2024-10-12
10012,4594,107,1,Quality could improve,2024-03-24
10013,1007,198,5,Highly recommended,2023-02-25
10014,767,156,1,Average quality,2023-10-13
10015,2875,475,1,Not satisfied,2024-09-25
10016,2328,377,3,Not satisfied,2025-04-22
10017,47,349,5,Not satisfied,2023-05-31
10018,2281,375,5,Quality could improve,2025-05-13
10019,2181,361,2,Good value,2025-03-11
10020,3474,211,4,Quality could improve,2024-09-07
10021,4289,437,4,Quality could improve,2023-09-12
10022,4565,341,1,Amazing experience,2023-04-14
10023,4450,152,1,Not satisfied,2024-05-28
10024,1227,431,4,Highly recommended,2023-04-08
10025,2919,492,3,Worth buying,2023-01-14
10026,4629,376,2,Good value,2025-06-02
10027,3210,152,5,Very good,2023-03-02
10028,1168,342,2,Fast delivery,2025-02-28
10029,3822,194,3,Average quality,2023-08-16
10030,958,356,5,Very good,2025-01-03
10031,3294,174,4,Highly recommended,2023-11-07
10032,3234,257,2,Fast delivery,2023-11-19
10033,4003,198,4,Highly recommended,2023-08-05
10034,3827,278,5,Average quality,2024-03-19
10035,3939,378,3,Good value,2024-07-19
10036,1988,217,5,Quality could improve,2023-12-06
10037,473,155,2,Average quality,2024-08-30
10038,2938,262,2,Quality could improve,2024-01-06
10039,1661,236,3,Excellent product,2023-04-13
10040,204,12,4,Not satisfied,2024-11-24
10041,486,38,3,Worth buying,2025-04-09
10042,661,120,4,Average quality,2023-07-12
10043,2414,321,4,Not satisfied,2023-09-13
10044,2305,153,5,Good value,2023-11-24
10045,2897,138,1,Fast delivery,2024-01-27
10046,1344,6,1,Fast delivery,2024-11-15
10047,1707,474,2,Not satisfied,2024-11-26
10048,3183,239,3,Excellent product,2025-02-17
10049,1116,240,2,Highly recommended,2023-01-13
10050,301,45,4,Average quality,2023-01-24
10051,1559,432,1,Good value,2023-11-07
10052,2676,383,2,Average quality,2024-10-23
10053,3764,427,2,Quality could improve,2024-05-23
10054,2067,153,1,Excellent product,2023-07-30
10055,899,297,4,Very good,2024-11-01
10056,431,78,4,Amazing experience,2023-04-13
10057,573,238,1,Excellent product,2024-01-17
10058,4383,175,3,Amazing experience,2023-07-16
10059,3335,308,2,Quality could improve,2023-04-17
10060,2829,403,2,Fast delivery,2024-05-26
10061,3271,408,5,Worth buying,2023-01-22
10062,2744,368,1,Quality could improve,2023-05-10
10063,3986,204,4,Not satisfied,2024-02-22
10064,2142,13,2,Very good,2023-02-27
10065,4094,464,1,Quality could improve,2024-08-19
10066,1512,441,4,Good value,2024-07-07
10067,3240,354,5,Average quality,2023-12-14
10068,3653,479,1,Good value,2024-04-06
10069,2357,25,4,Fast delivery,2024-08-23
10070,4167,252,5,Not satisfied,2025-02-15
10071,2488,472,1,Good value,2025-01-04
10072,4328,225,3,Very good,2025-03-14
10073,2720,368,1,Highly recommended,2023-10-28
10074,2560,499,1,Amazing experience,2024-04-22
10075,3626,495,1,Very good,2023-02-26
10076,3586,15,1,Excellent product,2024-03-14
10077,1691,166,3,Worth buying,2023-07-24
10078,842,274,2,Fast delivery,2025-03-16
10079,1825,443,4,Average quality,2023-06-03
10080,3040,228,2,Fast delivery,2024-08-03
10081,2601,238,2,Quality could improve,2023-07-26
10082,3521,63,1,Highly recommended,2023-08-10
10083,4117,96,3,Quality could improve,2024-01-18
10084,1643,475,2,Quality could improve,2023-01-13
10085,4465,6,1,Highly recommended,2023-05-13
10086,4105,423,3,Average quality,2024-12-22
10087,1053,256,3,Excellent product,2024-12-06
10088,581,434,5,Highly recommended,2024-08-05
10089,1331,341,3,Worth buying,2023-07-11
10090,4722,431,4,Worth buying,2023-11-23
10091,3128,455,5,Good value,2025-06-15
10092,182,124,3,Worth buying,2023-05-10
10093,2958,407,3,Highly recommended,2023-03-16
10094,2907,148,1,Good value,2023-04-20
10095,4531,200,5,Average quality,2023-10-14
10096,4875,352,2,Amazing experience,2024-12-29
10097,4651,153,1,Not satisfied,2024-11-17
10098,1236,101,3,Fast delivery,2024-01-27
10099,1784,153,3,Not satisfied,2023-11-15
10100,1726,56,3,Fast delivery,2025-04-17
10101,2900,256,3,Not satisfied,2023-05-30
10102,2140,321,3,Very good,2023-06-04
10103,3470,177,1,Very good,2023-11-30
10104,2000,370,3,Average quality,2024-08-10
10105,2083,395,1,Not satisfied,2023-03-14
10106,762,446,4,Highly recommended,2025-04-25
10107,668,435,3,Fast delivery,2023-09-03
10108,1486,261,5,Worth buying,2024-08-17
10109,3575,378,4,Average quality,2023-12-11
10110,3550,213,3,Very good,2023-06-04
10111,4175,34,2,Worth buying,2024-01-19
10112,4080,417,1,Highly recommended,2024-03-08
10113,1089,359,5,Good value,2024-06-03
10114,672,30,5,Very good,2023-05-07
10115,2899,236,5,Very good,2023-05-24
10116,4293,3,4,Excellent product,2024-10-27
10117,2201,85,4,Highly recommended,2024-11-08
10118,1283,71,1,Fast delivery,2023-04-03
10119,1547,98,2,Not satisfied,2023-10-13
10120,3386,469,1,Quality could improve,2024-04-09
10121,765,394,4,Fast delivery,2023-01-12
10122,1968,309,3,Amazing experience,2023-11-26
10123,1868,152,1,Good value,2023-11-26
10124,705,430,3,Amazing experience,2024-06-22
10125,122,212,1,Highly recommended,2024-09-10
10126,4923,36,1,Highly recommended,2024-07-11
10127,1395,375,3,Good value,2023-03-12
10128,628,9,1,Not satisfied,2024-02-09
10129,4355,26,5,Excellent product,2023-07-06
10130,1392,274,4,Quality could improve,2024-01-07
10131,2486,212,5,Excellent product,2024-07-07
10132,1175,321,2,Highly recommended,2025-03-02
10133,4057,308,2,Highly recommended,2023-02-28
10134,274,387,2,Not satisfied,2024-07-08
10135,4544,17,2,Quality could improve,2024-12-11
10136,3180,320,4,Quality could improve,2023-11-23
10137,4907,280,3,Highly recommended,2023-04-23
10138,4611,485,2,Amazing experience,2023-03-05
10139,3301,10,2,Fast delivery,2024-03-20
10140,1025,203,2,Highly recommended,2024-02-08
10141,2514,27,1,Not satisfied,2024-01-05
10142,1036,421,4,Good value,2023-04-12
10143,336,500,4,Not satisfied,2024-09-06
10144,2373,426,2,Worth buying,2023-05-19
10145,3618,335,1,Quality could improve,2025-02-19
10146,119,481,4,Not satisfied,2025-05-19
10147,4922,454,2,Highly recommended,2024-11-09
10148,3008,302,4,Excellent product,2024-05-13
10149,3644,255,4,Worth buying,2024-01-24
10150,2065,421,1,Fast delivery,2024-11-07
10151,3145,352,1,Not satisfied,2025-05-31
10152,4251,471,2,Amazing experience,2023-10-26
10153,650,108,1,Worth buying,2023-02-12
10154,4354,202,1,Amazing experience,2025-05-08
10155,2854,305,1,Good value,2024-11-13
10156,4726,308,1,Good value,2023-03-22
10157,3924,363,1,Not satisfied,2024-12-19
10158,4540,188,3,Average quality,2025-01-14
10159,486,330,3,Good value,2024-05-19
10160,2793,368,1,Worth buying,2024-12-20
10161,1451,203,3,Average quality,2024-07-17
10162,2595,53,4,Very good,2024-03-09
10163,3240,438,3,Amazing experience,2023-11-29
10164,4686,162,3,Good value,2023-04-13
10165,3903,359,3,Very good,2024-03-06
10166,3740,301,1,Very good,2023-10-27
10167,4086,225,4,Excellent product,2023-12-09
10168,2042,415,1,Not satisfied,2024-12-22
10169,274,13,4,Worth buying,2023-05-28
10170,1308,342,2,Not satisfied,2023-07-18
10171,4561,139,1,Very good,2023-01-06
10172,1183,209,1,Amazing experience,2023-05-03
10173,4325,147,5,Excellent product,2024-11-15
10174,4683,500,4,Very good,2025-06-03
10175,1513,328,4,Fast delivery,2023-06-09
10176,4479,148,4,Not satisfied,2025-05-29
10177,3446,271,3,Quality could improve,2024-01-03
10178,504,296,4,Fast delivery,2023-02-05
10179,2423,175,5,Good value,2024-10-04
10180,520,263,1,Very good,2024-01-31
10181,3711,168,2,Fast delivery,2024-02-23
10182,2247,372,4,Fast delivery,2025-05-21
10183,2400,199,2,Excellent product,2023-05-10
10184,1066,136,5,Amazing experience,2023-07-11
10185,639,72,3,Fast delivery,2025-02-12
10186,654,360,2,Amazing experience,2024-07-24
10187,3764,104,5,Worth buying,2023-08-09
10188,4412,145,5,Good value,2024-01-17
10189,2413,156,1,Highly recommended,2024-12-13
10190,1120,214,3,Amazing experience,2024-06-22
10191,2709,284,3,Good value,2024-10-01
10192,2390,56,2,Highly recommended,2023-02-24
10193,1492,255,1,Quality could improve,2024-03-21
10194,911,331,1,Highly recommended,2025-01-08
10195,4980,170,2,Quality could improve,2023-04-14
10196,4103,432,3,Excellent product,2024-08-20
10197,1913,37,3,Amazing experience,2025-02-23
10198,544,453,1,Very good,2024-02-21
10199,80,163,1,Worth buying,2023-09-06
10200,166,90,2,Highly recommended,2023-05-29
10201,4085,495,1,Good value,2023-04-21
10202,3055,442,5,Excellent product,2024-07-28
10203,1174,175,4,Not satisfied,2023-05-07
10204,856,143,4,Highly recommended,2025-04-12
10205,1428,301,2,Amazing experience,2023-12-09
10206,1478,253,4,Very good,2023-03-22
10207,1286,310,2,Fast delivery,2023-05-10
10208,2138,140,2,Not satisfied,2024-08-15
10209,3634,461,5,Very good,2023-07-18
10210,673,320,4,Average quality,2024-02-20
10211,1761,267,2,Average quality,2025-05-09
10212,823,416,4,Not satisfied,2024-08-07
10213,664,459,1,Worth buying,2024-06-02
10214,2287,103,5,Not satisfied,2024-03-05
10215,3119,419,4,Amazing experience,2024-08-14
10216,4000,491,4,Excellent product,2024-04-23
10217,2108,24,1,Good value,2025-03-22
10218,2838,97,1,Highly recommended,2023-04-07
10219,1285,15,4,Very good,2024-02-23
10220,3398,400,5,Amazing experience,2024-07-31
10221,4408,312,1,Very good,2025-01-13
10222,2031,189,5,Quality could improve,2023-05-21
10223,872,101,2,Amazing experience,2023-11-16
10224,1752,95,3,Quality could improve,2025-01-28
10225,2777,303,1,Amazing experience,2024-04-27
10226,4589,445,3,Highly recommended,2025-01-29
10227,1575,321,1,Highly recommended,2023-05-22
10228,1389,445,4,Highly recommended,2025-01-07
10229,1581,477,3,Not satisfied,2023-09-08
10230,334,337,4,Excellent product,2023-12-28
10231,3528,226,2,Good value,2024-02-11
10232,3493,181,4,Very good,2023-05-22
10233,4045,183,5,Amazing experience,2023-09-09
10234,3480,368,4,Quality could improve,2024-11-09
10235,3048,396,3,Quality could improve,2025-06-08
10236,8,410,3,Not satisfied,2023-07-05
10237,4052,63,2,Highly recommended,2023-04-11
10238,58,108,5,Good value,2024-07-03
10239,3445,282,1,Amazing experience,2023-06-28
10240,1883,442,3,Highly recommended,2025-03-29
10241,170,121,2,Highly recommended,2025-03-30
10242,1022,143,1,Average quality,2025-05-05
10243,1767,101,1,Excellent product,2024-01-18
10244,852,362,5,Not satisfied,2025-02-24
10245,2107,402,3,Fast delivery,2023-12-29
10246,986,263,2,Highly recommended,2025-05-20
10247,3408,442,1,Very good,2024-02-04
10248,1954,257,1,Fast delivery,2025-02-02
10249,3289,318,1,Good value,2023-12-04
10250,2355,58,1,Not satisfied,2024-05-13
10251,4637,480,1,Quality could improve,2024-03-04
10252,2886,178,5,Good value,2024-05-18
10253,1496,253,2,Very good,2023-11-16
10254,3020,347,2,Fast delivery,2023-09-29
10255,1607,82,4,Fast delivery,2024-03-08
10256,1662,76,3,Worth buying,2024-09-05
10257,994,438,4,Very good,2023-12-29
10258,131,227,2,Good value,2023-12-05
10259,533,433,5,Very good,2023-01-21
10260,2988,192,4,Amazing experience,2025-01-31
10261,3787,489,3,Not satisfied,2024-01-18
10262,1290,289,1,Amazing experience,2025-02-09
10263,1677,212,1,Worth buying,2024-04-07
10264,3644,264,2,Not satisfied,2024-11-18
10265,1177,13,2,Amazing experience,2025-04-21
10266,4752,497,4,Fast delivery,2025-01-09
10267,4846,49,3,Amazing experience,2023-07-11
10268,4631,463,1,Highly recommended,2025-04-02
10269,2053,235,4,Highly recommended,2024-01-03
10270,2258,424,5,Amazing experience,2024-05-11
10271,3124,455,4,Not satisfied,2023-12-10
10272,3506,217,3,Not satisfied,2025-05-23
10273,2311,178,5,Amazing experience,2023-04-30
10274,708,239,1,Good value,2023-11-17
10275,2580,260,1,Excellent product,2023-03-29
10276,1876,454,5,Good value,2025-04-24
10277,86,246,1,Good value,2023-01-12
10278,3492,105,4,Quality could improve,2024-11-10
10279,4365,72,3,Average quality,2025-02-07
10280,3390,312,3,Worth buying,2024-04-25
10281,244,290,2,Very good,2024-09-13
10282,3271,133,5,Worth buying,2025-02-04
10283,722,4,1,Fast delivery,2023-11-23
10284,1658,224,5,Fast delivery,2023-06-17
10285,4819,496,2,Good value,2025-06-03
10286,4818,39,4,Amazing experience,2023-07-20
10287,2587,237,2,Worth buying,2024-08-18
10288,1175,184,2,Average quality,2024-05-20
10289,2069,389,3,Average quality,2023-08-07
10290,4213,413,4,Amazing experience,2024-10-14
10291,2275,259,3,Good value,2023-08-28
10292,2293,195,4,Highly recommended,2024-05-31
10293,916,164,5,Very good,2023-06-26
10294,2094,328,4,Good value,2023-08-03
10295,2062,282,5,Quality could improve,2024-03-14
10296,4744,357,5,Excellent product,2024-05-24
10297,1615,100,2,Highly recommended,2024-05-04
10298,2535,288,3,Highly recommended,2023-10-27
10299,867,371,3,Not satisfied,2024-09-22
10300,3862,387,3,Not satisfied,2024-05-09
10301,2156,356,3,Average quality,2023-05-17
10302,2265,467,5,Amazing experience,2023-08-26
10303,2499,438,3,Very good,2024-09-15
10304,4507,366,1,Excellent product,2023-02-10
10305,3666,27,5,Average quality,2024-08-10
10306,994,370,3,Excellent product,2023-10-07
10307,737,147,5,Average quality,2023-04-10
10308,2915,171,3,Fast delivery,2024-04-18
10309,953,217,1,Average quality,2023-09-09
10310,4424,487,4,Amazing experience,2023-07-04
10311,4346,63,5,Quality could improve,2024-01-28
10312,3227,314,4,Average quality,2023-03-09
10313,2227,54,3,Very good,2023-10-15
10314,3032,234,3,Fast delivery,2024-03-10
10315,338,172,1,Excellent product,2025-03-23
10316,1683,416,1,Average quality,2023-05-27
10317,722,140,1,Fast delivery,2023-11-27
10318,54,441,5,Quality could improve,2023-06-19
10319,3753,351,4,Average quality,2023-01-18
10320,1444,167,3,Average quality,2024-09-28
10321,1752,301,3,Average quality,2024-12-04
10322,4008,166,3,Quality could improve,2024-10-12
10323,4440,410,4,Average quality,2024-06-08
10324,4432,60,3,Average quality,2023-01-14
10325,1888,226,5,Highly recommended,2023-06-10
10326,4168,244,1,Highly recommended,2023-09-15
10327,4295,462,2,Average quality,2023-01-27
10328,334,144,1,Excellent product,2024-07-18
10329,4457,135,2,Average quality,2023-08-01
10330,83,22,5,Average quality,2023-03-06
10331,1239,310,2,Average quality,2023-12-09
10332,1762,320,3,Quality could improve,2024-11-14
10333,343,218,1,Amazing experience,2024-02-02
10334,2182,17,1,Quality could improve,2025-04-08
10335,2642,339,5,Highly recommended,2023-10-26
10336,4675,97,2,Not satisfied,2023-04-07
10337,4362,204,3,Good value,2025-02-27
10338,1171,321,1,Good value,2023-12-04
10339,1505,402,4,Quality could improve,2024-06-03
10340,4433,459,3,Good value,2025-06-03
10341,3719,173,2,Excellent product,2024-05-18
10342,3245,285,5,Very good,2024-09-05
10343,2304,172,2,Not satisfied,2023-04-23
10344,723,46,2,Amazing experience,2023-05-09
10345,863,269,3,Not satisfied,2023-03-27
10346,3410,257,2,Amazing experience,2023-05-05
10347,3225,21,5,Not satisfied,2024-09-24
10348,850,110,1,Amazing experience,2025-06-14
10349,3006,347,4,Excellent product,2024-10-12
10350,2070,34,4,Worth buying,2023-06-20
10351,2348,182,3,Average quality,2023-06-03
10352,1015,245,2,Very good,2024-10-06
10353,2364,214,3,Worth buying,2025-04-29
10354,1802,109,1,Worth buying,2024-08-17
10355,3378,168,2,Highly recommended,2025-02-06
10356,2315,260,2,Fast delivery,2023-10-02
10357,2889,90,3,Quality could improve,2025-05-01
10358,2688,59,1,Fast delivery,2023-12-30
10359,2183,387,3,Amazing experience,2025-05-24
10360,638,147,2,Average quality,2025-01-12
10361,3735,152,5,Good value,2024-12-10
10362,1851,87,4,Amazing experience,2023-10-24
10363,2086,55,4,Not satisfied,2023-05-14
10364,1917,430,1,Average quality,2023-07-26
10365,3723,340,1,Very good,2023-05-30
10366,2794,8,2,Fast delivery,2025-02-27
10367,4687,211,2,Average quality,2025-03-08
10368,4575,260,2,Average quality,2024-08-14
10369,758,364,4,Worth buying,2023-06-12
10370,4967,221,3,Good value,2024-10-12
10371,1256,383,3,Not satisfied,2024-02-17
10372,2509,143,4,Good value,2023-06-22
10373,3871,259,1,Amazing experience,2024-09-06
10374,1099,393,1,Fast delivery,2024-03-18
10375,3633,124,4,Not satisfied,2023-08-22
10376,1678,89,5,Amazing experience,2024-04-23
10377,1725,491,1,Worth buying,2024-06-13
10378,236,172,3,Average quality,2023-07-28
10379,951,463,1,Highly recommended,2023-05-30
10380,3194,447,3,Worth buying,2023-08-22
10381,3865,216,1,Worth buying,2023-06-07
10382,594,357,2,Average quality,2024-09-19
10383,643,159,4,Quality could improve,2025-06-14
10384,4482,382,5,Highly recommended,2025-04-30
10385,1128,382,3,Amazing experience,2023-06-04
10386,3263,79,1,Average quality,2023-09-25
10387,467,211,4,Very good,2023-09-15
10388,211,23,3,Worth buying,2023-11-06
10389,1692,271,3,Very good,2024-12-30
10390,4019,57,2,Average quality,2023-10-10
10391,2032,152,4,Excellent product,2024-01-03
10392,3998,213,1,Average quality,2024-05-15
10393,3988,336,1,Average quality,2025-05-18
10394,3691,206,5,Average quality,2025-03-29
10395,4307,396,1,Excellent product,2024-03-05
10396,2363,23,2,Average quality,2025-05-19
10397,4761,67,4,Quality could improve,2023-07-17
10398,165,437,2,Worth buying,2025-03-05
10399,1401,365,4,Not satisfied,2023-07-26
10400,4063,101,1,Highly recommended,2023-08-30
10401,4504,112,3,Quality could improve,2024-07-31
10402,2444,153,1,Average quality,2024-12-21
10403,3403,374,1,Worth buying,2023-06-20
10404,926,144,1,Worth buying,2025-03-10
10405,2992,451,4,Very good,2023-04-14
10406,542,142,4,Amazing experience,2024-06-23
10407,3585,481,5,Quality could improve,2024-08-30
10408,33,82,5,Quality could improve,2024-06-24
10409,2312,433,2,Excellent product,2025-05-03
10410,184,178,2,Not satisfied,2024-05-15
10411,925,228,5,Not satisfied,2025-01-09
10412,1351,296,2,Not satisfied,2023-01-24
10413,4698,140,2,Very good,2024-08-18
10414,4057,490,1,Average quality,2023-11-18
10415,1912,58,1,Excellent product,2023-05-15
10416,4076,14,5,Fast delivery,2023-03-22
10417,2946,371,2,Highly recommended,2024-11-10
10418,2542,59,5,Average quality,2023-07-28
10419,3012,451,1,Fast delivery,2024-03-30
10420,3777,143,2,Highly recommended,2023-06-12
10421,173,153,1,Amazing experience,2023-12-28
10422,1196,91,4,Very good,2024-10-17
10423,1454,322,1,Worth buying,2024-08-22
10424,1333,260,2,Very good,2025-01-29
10425,3505,20,5,Not satisfied,2023-08-07
10426,821,344,4,Amazing experience,2023-11-01
10427,3395,147,2,Fast delivery,2023-10-19
10428,741,163,2,Highly recommended,2025-02-08
10429,2039,404,2,Fast delivery,2023-09-24
10430,1971,2,4,Average quality,2023-02-14
10431,3273,15,4,Excellent product,2023-06-02
10432,4995,99,3,Worth buying,2024-10-05
10433,377,259,2,Amazing experience,2023-12-01
10434,2079,293,2,Worth buying,2025-05-25
10435,3399,417,2,Good value,2024-10-17
10436,2267,402,5,Highly recommended,2024-12-31
10437,714,3,5,Worth buying,2023-05-22
10438,3953,67,4,Fast delivery,2023-02-22
10439,2940,477,3,Worth buying,2024-05-11
10440,3127,15,1,Excellent product,2023-11-22
10441,3732,358,4,Average quality,2024-11-07
10442,831,326,4,Worth buying,2023-04-28
10443,4290,17,1,Good value,2023-09-27
10444,1877,262,1,Not satisfied,2023-07-18
10445,111,55,2,Highly recommended,2024-03-31
10446,481,18,4,Very good,2024-09-08
10447,3264,269,3,Quality could improve,2023-04-16
10448,631,235,5,Quality could improve,2023-08-16
10449,437,194,1,Very good,2025-06-18
10450,4246,211,2,Good value,2024-02-17
10451,605,475,2,Quality could improve,2024-04-16
10452,525,486,4,Not satisfied,2023-05-29
10453,246,169,2,Worth buying,2024-06-15
10454,1197,299,5,Highly recommended,2025-03-06
10455,1492,443,5,Good value,2023-08-30
10456,2907,137,2,Worth buying,2023-04-07
10457,2666,249,4,Quality could improve,2024-12-01
10458,4854,413,1,Worth buying,2024-02-24
10459,1087,311,5,Excellent product,2023-02-19
10460,631,208,2,Fast delivery,2023-09-17
10461,3394,469,2,Worth buying,2023-09-27
10462,3533,193,4,Very good,2023-09-17
10463,2896,143,3,Not satisfied,2023-07-16
10464,2219,391,2,Quality could improve,2024-08-05
10465,4872,449,3,Excellent product,2023-01-01
10466,190,43,1,Average quality,2023-05-19
10467,1400,13,3,Quality could improve,2024-10-27
10468,2810,15,1,Amazing experience,2024-08-27
10469,2045,421,2,Fast delivery,2023-06-07
10470,2069,280,3,Worth buying,2023-09-29
10471,2456,471,3,Highly recommended,2025-06-07
10472,3542,146,2,Highly recommended,2023-09-07
10473,621,91,1,Fast delivery,2023-02-24
10474,258,491,4,Average quality,2025-04-27
10475,4216,264,5,Very good,2025-01-15
10476,3334,413,2,Highly recommended,2025-06-07
10477,2942,326,3,Amazing experience,2023-09-16
10478,2488,223,5,Quality could improve,2025-04-16
10479,3607,22,2,Very good,2024-04-10
10480,2074,178,5,Highly recommended,2025-01-09
10481,3955,205,1,Highly recommended,2024-01-16
10482,3929,320,5,Amazing experience,2025-03-27
10483,2696,158,5,Very good,2025-05-30
10484,616,480,1,Quality could improve,2023-05-08
10485,3457,416,5,Not satisfied,2024-04-15
10486,1750,369,4,Fast delivery,2023-04-12
10487,3110,163,3,Highly recommended,2024-08-23
10488,2815,165,2,Excellent product,2024-11-21
10489,1710,452,1,Worth buying,2023-03-01
10490,3732,440,2,Very good,2024-04-02
10491,2602,145,4,Excellent product,2023-01-22
10492,2133,334,1,Worth buying,2023-09-21
10493,593,69,2,Fast delivery,2024-07-22
10494,2719,35,3,Fast delivery,2025-02-15
10495,2426,216,2,Good value,2024-10-19
10496,2359,281,4,Worth buying,2023-10-19
10497,1477,359,1,Good value,2023-02-10
10498,1322,166,4,Amazing experience,2024-06-02
10499,1448,189,3,Worth buying,2024-12-19
10500,4114,310,2,Excellent product,2023-08-29
10501,3631,91,4,Good value,2023-10-25
10502,2056,475,2,Worth buying,2024-05-28
10503,52,139,5,Fast delivery,2023-03-24
10504,4625,230,4,Highly recommended,2023-04-27
10505,4253,456,3,Excellent product,2023-04-30
10506,1861,305,5,Very good,2023-07-08
10507,4205,327,5,Very good,2024-06-23
10508,49,26,3,Quality could improve,2024-09-20
10509,1056,105,5,Highly recommended,2024-04-10
10510,1099,80,4,Amazing experience,2024-01-31
10511,3549,352,4,Fast delivery,2023-08-05
10512,3868,398,3,Excellent product,2023-01-22
10513,2258,17,5,Good value,2023-06-28
10514,2321,333,1,Not satisfied,2025-04-02
10515,239,333,5,Not satisfied,2024-12-29
10516,2565,335,1,Excellent product,2023-12-02
10517,2391,51,3,Good value,2023-08-23
10518,399,377,3,Good value,2025-03-09
10519,3080,363,3,Quality could improve,2024-09-06
10520,1919,128,1,Amazing experience,2025-03-22
10521,1131,254,3,Very good,2023-03-07
10522,2164,396,4,Fast delivery,2024-10-22
10523,72,432,5,Fast delivery,2025-02-12
10524,3626,325,1,Not satisfied,2024-08-25
10525,4113,275,3,Not satisfied,2025-05-08
10526,5,463,4,Excellent product,2025-03-08
10527,815,111,5,Fast delivery,2024-12-25
10528,4929,46,3,Amazing experience,2024-08-01
10529,2048,346,1,Worth buying,2024-10-25
10530,1788,149,4,Amazing experience,2023-11-19
10531,1471,1,1,Worth buying,2024-06-02
10532,4316,50,2,Fast delivery,2024-09-06
10533,4240,406,4,Excellent product,2023-12-08
10534,2542,342,1,Amazing experience,2025-02-17
10535,2471,498,3,Very good,2024-07-21
10536,2201,280,1,Excellent product,2024-04-11
10537,3940,182,2,Fast delivery,2024-12-11
10538,219,416,4,Excellent product,2024-09-25
10539,3957,177,2,Worth buying,2023-09-16
10540,1801,370,5,Good value,2025-04-27
10541,2609,134,5,Very good,2023-09-23
10542,2973,312,2,Not satisfied,2023-04-02
10543,1096,248,1,Good value,2024-07-17
10544,2805,421,3,Not satisfied,2023-03-19
10545,4509,278,3,Good value,2025-06-13
10546,3633,283,1,Highly recommended,2025-02-27
10547,692,488,3,Not satisfied,2023-03-01
10548,2044,426,1,Highly recommended,2025-02-23
10549,3430,145,1,Highly recommended,2023-03-30
10550,4903,341,5,Worth buying,2024-03-29
10551,343,77,2,Worth buying,2024-09-24
10552,1427,388,1,Good value,2025-01-14
10553,1594,497,3,Good value,2024-11-22
10554,4029,322,1,Very good,2023-07-01
10555,1227,47,1,Worth buying,2025-04-16
10556,3168,280,2,Worth buying,2023-02-18
10557,4399,122,2,Not satisfied,2023-07-24
10558,878,20,2,Highly recommended,2024-04-30
10559,2260,292,5,Fast delivery,2023-01-11
10560,2460,173,4,Not satisfied,2025-04-05
10561,2813,185,1,Good value,2025-01-06
10562,2859,94,4,Highly recommended,2023-08-29
10563,37,494,1,Good value,2023-02-05
10564,415,212,2,Excellent product,2024-08-09
10565,3190,184,4,Worth buying,2025-02-13
10566,3815,59,1,Very good,2024-08-18
10567,229,377,3,Not satisfied,2023-04-28
10568,4047,227,1,Excellent product,2025-03-10
10569,778,411,4,Worth buying,2024-12-31
10570,3267,268,5,Excellent product,2024-07-22
10571,4755,63,1,Highly recommended,2024-11-30
10572,3042,264,4,Quality could improve,2023-06-26
10573,1157,10,1,Fast delivery,2024-08-08
10574,2182,198,5,Good value,2025-03-26
10575,3480,440,1,Highly recommended,2023-11-12
10576,3382,181,3,Not satisfied,2024-06-23
10577,4876,30,5,Good value,2023-05-08
10578,2125,129,4,Good value,2024-02-05
10579,3402,391,1,Not satisfied,2023-06-10
10580,391,230,1,Average quality,2023-02-04
10581,3854,16,4,Highly recommended,2024-08-04
10582,976,441,4,Excellent product,2024-08-31
10583,752,383,3,Fast delivery,2025-03-28
10584,988,86,1,Fast delivery,2024-08-30
10585,138,60,5,Good value,2024-04-28
10586,1148,495,5,Highly recommended,2023-03-01
10587,3520,225,1,Very good,2025-01-03
10588,2168,79,1,Very good,2025-03-31
10589,1233,54,5,Worth buying,2024-04-17
10590,2380,155,4,Very good,2025-03-03
10591,3290,197,2,Average quality,2024-10-01
10592,4987,415,4,Good value,2024-08-11
10593,1800,165,1,Good value,2023-04-12
10594,1717,438,4,Highly recommended,2024-02-11
10595,2622,293,3,Fast delivery,2023-10-20
10596,1394,489,5,Not satisfied,2023-10-26
10597,2826,442,5,Not satisfied,2024-08-01
10598,2041,193,3,Average quality,2023-01-12
10599,3000,55,1,Amazing experience,2025-03-08
10600,457,173,4,Fast delivery,2023-12-26
10601,4303,241,1,Excellent product,2025-04-01
10602,2342,100,5,Fast delivery,2023-06-19
10603,1392,85,2,Not satisfied,2025-06-11
10604,1305,100,5,Excellent product,2024-10-10
10605,3229,493,3,Not satisfied,2023-01-10
10606,4578,497,5,Average quality,2025-04-02
10607,699,17,1,Worth buying,2024-04-20
10608,2356,251,4,Average quality,2023-07-21
10609,3124,93,3,Quality could improve,2025-03-09
10610,4659,338,5,Highly recommended,2024-10-26
10611,284,166,2,Good value,2024-03-25
10612,1196,441,3,Quality could improve,2023-01-26
10613,2434,254,2,Highly recommended,2024-07-21
10614,3048,263,5,Quality could improve,2025-05-30
10615,4532,268,2,Worth buying,2024-03-27
10616,96,296,4,Amazing experience,2023-10-25
10617,1187,499,4,Good value,2024-06-23
10618,4222,343,2,Not satisfied,2025-01-12
10619,282,1,4,Not satisfied,2025-02-20
10620,4735,192,3,Excellent product,2024-02-15
10621,3085,326,1,Amazing experience,2023-06-30
10622,145,225,2,Worth buying,2023-06-19
10623,1513,338,3,Quality could improve,2024-04-28
10624,1053,190,3,Amazing experience,2024-11-15
10625,1550,168,3,Highly recommended,2023-11-30
10626,3178,272,1,Quality could improve,2023-03-12
10627,2734,391,3,Good value,2024-05-05
10628,4864,176,1,Fast delivery,2023-07-27
10629,1993,6,5,Highly recommended,2024-04-26
10630,904,324,3,Very good,2024-06-17
10631,2942,475,1,Average quality,2023-03-11
10632,1078,497,2,Good value,2023-12-07
10633,271,270,2,Worth buying,2023-09-09
10634,3667,22,3,Good value,2023-04-16
10635,3491,255,1,Excellent product,2024-11-29
10636,2248,411,4,Amazing experience,2024-07-21
10637,2378,194,3,Average quality,2025-05-19
10638,4177,418,5,Fast delivery,2023-03-29
10639,392,195,5,Not satisfied,2023-04-23
10640,62,8,1,Good value,2023-06-30
10641,3791,123,3,Quality could improve,2024-04-13
10642,3524,54,3,Very good,2023-06-18
10643,3518,431,1,Very good,2024-07-16
10644,1290,365,3,Good value,2023-11-22
10645,2349,51,5,Quality could improve,2024-03-13
10646,3430,226,2,Fast delivery,2023-01-12
10647,1550,202,2,Not satisfied,2024-05-23
10648,4264,77,3,Not satisfied,2023-12-01
10649,4882,7,1,Amazing experience,2023-12-28
10650,723,32,2,Worth buying,2025-04-18
10651,3268,286,1,Highly recommended,2024-05-14
10652,2361,335,3,Highly recommended,2023-07-09
10653,282,79,3,Amazing experience,2025-02-27
10654,2846,120,4,Highly recommended,2024-07-01
10655,3266,317,5,Quality could improve,2025-04-27
10656,2397,186,1,Worth buying,2024-06-05
10657,2020,110,2,Fast delivery,2023-12-10
10658,3648,485,3,Not satisfied,2024-02-20
10659,536,229,5,Worth buying,2024-02-16
10660,2553,42,1,Excellent product,2023-09-11
10661,3589,459,2,Very good,2023-04-04
10662,3599,423,5,Not satisfied,2024-07-27
10663,336,207,2,Very good,2024-06-22
10664,3649,418,1,Fast delivery,2023-09-19
10665,3799,152,4,Fast delivery,2024-05-06
10666,202,347,3,Highly recommended,2023-04-19
10667,1688,441,5,Not satisfied,2023-12-15
10668,3035,55,2,Fast delivery,2023-12-13
10669,24,68,2,Worth buying,2025-01-12
10670,1254,266,4,Amazing experience,2024-02-09
10671,1540,287,4,Not satisfied,2023-10-16
10672,4276,355,2,Excellent product,2025-03-01
10673,1252,372,3,Good value,2023-06-04
10674,3709,89,4,Not satisfied,2023-05-21
10675,4909,110,2,Highly recommended,2023-01-15
10676,111,239,4,Fast delivery,2024-03-01
10677,141,167,2,Amazing experience,2023-01-23
10678,4603,106,4,Excellent product,2024-06-27
10679,4721,128,3,Amazing experience,2025-02-18
10680,238,420,5,Worth buying,2023-04-10
10681,2606,260,2,Very good,2023-08-24
10682,4524,448,1,Very good,2024-08-02
10683,1863,481,3,Fast delivery,2023-11-13
10684,4599,47,4,Excellent product,2024-08-05
10685,3451,240,2,Worth buying,2024-08-08
10686,1295,33,4,Worth buying,2025-05-24
10687,2467,432,2,Fast delivery,2024-10-17
10688,1566,78,5,Fast delivery,2023-12-16
10689,3147,439,4,Average quality,2025-04-07
10690,123,448,2,Highly recommended,2023-09-20
10691,3367,20,1,Very good,2023-11-27
10692,2376,412,5,Highly recommended,2025-01-11
10693,2315,405,2,Highly recommended,2023-12-04
10694,2280,409,1,Worth buying,2023-10-22
10695,2628,215,5,Amazing experience,2024-08-20
10696,4396,68,4,Fast delivery,2024-11-02
10697,4050,344,4,Worth buying,2024-08-19
10698,1433,252,1,Excellent product,2024-11-09
10699,2300,304,3,Excellent product,2023-06-27
10700,4505,96,2,Amazing experience,2024-08-06
10701,1349,37,3,Very good,2024-10-06
10702,4644,44,3,Fast delivery,2025-01-15
10703,1309,156,1,Not satisfied,2025-06-18
10704,4865,197,3,Fast delivery,2024-10-07
10705,846,301,3,Average quality,2023-11-20
10706,69,500,2,Highly recommended,2024-04-11
10707,826,402,1,Highly recommended,2025-05-29
10708,2758,197,5,Excellent product,2025-03-30
10709,1124,29,3,Very good,2024-11-23
10710,4958,71,2,Worth buying,2025-04-21
10711,1142,110,5,Not satisfied,2023-04-23
10712,4060,119,3,Good value,2024-02-23
10713,3165,313,2,Excellent product,2024-07-01
10714,4850,287,5,Excellent product,2023-04-02
10715,3794,229,5,Good value,2025-04-25
10716,3945,37,3,Amazing experience,2024-08-29
10717,1533,217,1,Good value,2024-06-24
10718,4907,402,1,Very good,2024-09-25
10719,4929,488,3,Amazing experience,2024-03-11
10720,2885,179,2,Excellent product,2025-03-23
10721,3793,148,1,Not satisfied,2023-05-25
10722,2172,46,4,Amazing experience,2023-08-05
10723,559,132,5,Worth buying,2024-05-03
10724,2598,75,4,Excellent product,2025-01-17
10725,4863,430,5,Fast delivery,2023-06-20
10726,134,483,5,Average quality,2023-01-16
10727,2310,415,5,Average quality,2024-09-26
10728,4122,273,3,Quality could improve,2025-04-06
10729,2825,457,4,Quality could improve,2024-09-23
10730,4284,480,5,Good value,2024-12-26
10731,3478,166,3,Highly recommended,2023-01-16
10732,4529,33,2,Worth buying,2024-09-16
10733,4055,24,1,Excellent product,2025-04-07
10734,1974,323,3,Amazing experience,2025-04-15
10735,3755,422,3,Average quality,2024-10-15
10736,711,98,2,Good value,2024-10-20
10737,2129,109,1,Average quality,2023-08-21
10738,9,160,1,Average quality,2024-09-29
10739,3752,130,5,Very good,2023-12-31
10740,3119,97,4,Amazing experience,2025-03-18
10741,2093,499,2,Very good,2023-12-27
10742,2754,359,4,Very good,2024-09-12
10743,696,375,1,Very good,2024-06-22
10744,2,154,1,Not satisfied,2023-09-01
10745,2083,377,3,Very good,2024-11-22
10746,3093,410,1,Not satisfied,2024-03-28
10747,2803,198,3,Average quality,2024-07-06
10748,4554,387,4,Average quality,2024-01-27
10749,4154,262,3,Amazing experience,2023-07-08
10750,4023,276,3,Good value,2023-05-12
10751,4329,323,2,Amazing experience,2023-01-01
10752,1984,477,2,Quality could improve,2023-05-10
10753,168,12,2,Average quality,2023-03-01
10754,3666,162,3,Not satisfied,2023-01-06
10755,92,14,5,Excellent product,2024-02-16
10756,814,173,2,Amazing experience,2023-11-16
10757,3678,380,2,Not satisfied,2023-07-23
10758,2996,217,1,Quality could improve,2024-09-01
10759,2522,157,1,Quality could improve,2023-04-03
10760,657,418,3,Not satisfied,2024-04-08
10761,3473,260,5,Not satisfied,2025-05-12
10762,1660,73,3,Quality could improve,2024-11-01
10763,3164,424,2,Not satisfied,2024-11-22
10764,3050,351,5,Highly recommended,2023-10-02
10765,1863,193,1,Good value,2024-12-06
10766,1172,304,5,Quality could improve,2024-11-24
10767,721,61,5,Highly recommended,2023-10-08
10768,429,348,1,Average quality,2025-02-23
10769,2567,239,1,Very good,2025-06-09
10770,1520,73,2,Excellent product,2024-06-01
10771,1659,434,3,Highly recommended,2024-06-26
10772,1915,148,2,Very good,2024-07-27
10773,1437,384,3,Amazing experience,2023-01-24
10774,1973,124,4,Quality could improve,2025-02-01
10775,2003,102,2,Quality could improve,2023-06-13
10776,1623,314,3,Highly recommended,2024-01-06
10777,1259,438,2,Excellent product,2025-05-31
10778,131,464,5,Average quality,2023-01-09
10779,3602,82,1,Excellent product,2024-10-23
10780,2439,75,2,Average quality,2024-02-20
10781,1086,231,2,Amazing experience,2024-03-18
10782,1322,390,5,Excellent product,2025-03-21
10783,4766,218,5,Not satisfied,2024-09-02
10784,4827,51,2,Excellent product,2025-01-04
10785,4850,331,4,Good value,2024-11-04
10786,4504,346,2,Average quality,2023-01-23
10787,1298,466,4,Not satisfied,2023-10-06
10788,2818,368,2,Worth buying,2023-09-29
10789,1205,318,4,Amazing experience,2024-08-21
10790,369,295,4,Worth buying,2023-02-02
10791,177,12,1,Amazing experience,2024-02-03
10792,1893,472,5,Highly recommended,2025-02-17
10793,695,102,2,Very good,2023-06-07
10794,1416,477,2,Worth buying,2023-04-12
10795,927,269,3,Worth buying,2023-11-11
10796,193,409,3,Quality could improve,2023-03-01
10797,1784,361,3,Highly recommended,2023-01-18
10798,2994,208,2,Worth buying,2023-09-06
10799,1399,277,4,Highly recommended,2024-09-25
10800,614,498,1,Quality could improve,2023-04-26
10801,2278,393,2,Not satisfied,2023-12-16
10802,4186,375,2,Good value,2024-03-01
10803,776,468,5,Fast delivery,2024-02-06
10804,3305,436,1,Fast delivery,2024-12-10
10805,318,387,1,Worth buying,2024-09-04
10806,1644,254,1,Excellent product,2024-09-12
10807,1949,123,2,Very good,2024-03-30
10808,1835,152,3,Quality could improve,2023-09-21
10809,2179,433,5,Good value,2024-10-14
10810,2233,15,3,Highly recommended,2023-01-12
10811,750,409,5,Average quality,2024-09-16
10812,3458,318,4,Fast delivery,2025-04-01
10813,1562,18,3,Fast delivery,2023-04-29
10814,2076,132,5,Not satisfied,2024-05-01
10815,4398,489,1,Worth buying,2025-02-14
10816,304,204,5,Worth buying,2024-10-09
10817,630,384,1,Very good,2025-04-26
10818,2635,65,4,Not satisfied,2025-02-03
10819,61,357,5,Good value,2023-05-02
10820,23,243,3,Average quality,2023-07-18
10821,3133,370,3,Quality could improve,2024-12-11
10822,3932,203,3,Excellent product,2024-11-23
10823,3354,218,1,Average quality,2024-12-13
10824,4789,109,2,Average quality,2023-11-27
10825,1228,171,1,Quality could improve,2024-05-27
10826,3479,400,3,Amazing experience,2023-06-19
10827,3052,163,2,Excellent product,2023-12-11
10828,3462,294,1,Average quality,2024-04-10
10829,2152,276,3,Very good,2024-06-28
10830,2185,160,2,Highly recommended,2023-11-08
10831,4935,32,2,Good value,2024-04-19
10832,251,93,2,Highly recommended,2024-04-29
10833,4698,235,1,Good value,2024-06-19
10834,2346,139,1,Worth buying,2023-09-02
10835,1172,428,3,Excellent product,2024-10-31
10836,3507,252,3,Good value,2023-01-15
10837,133,275,1,Worth buying,2025-05-04
10838,3996,58,1,Very good,2025-05-11
10839,1191,434,3,Excellent product,2023-05-14
10840,2672,12,1,Quality could improve,2024-11-12
10841,1407,357,4,Amazing experience,2024-06-06
10842,396,421,1,Fast delivery,2024-05-09
10843,2482,439,4,Worth buying,2024-02-03
10844,2253,49,3,Average quality,2023-11-01
10845,2561,439,4,Good value,2024-04-20
10846,2539,160,5,Good value,2023-07-16
10847,362,36,2,Quality could improve,2023-04-05
10848,12,232,4,Not satisfied,2025-06-13
10849,729,140,2,Average quality,2024-09-14
10850,1168,131,1,Amazing experience,2024-01-03
10851,3302,110,2,Very good,2024-05-25
10852,3439,477,2,Excellent product,2024-04-06
10853,3271,382,3,Fast delivery,2024-07-14
10854,1276,309,5,Excellent product,2025-03-13
10855,4688,93,3,Very good,2025-05-29
10856,2598,140,4,Highly recommended,2024-07-09
10857,2024,475,1,Worth buying,2023-03-12
10858,3745,187,3,Highly recommended,2024-03-10
10859,1350,126,2,Quality could improve,2023-08-12
10860,2930,338,3,Average quality,2024-09-07
10861,952,452,4,Average quality,2025-03-08
10862,4788,274,3,Quality could improve,2024-09-28
10863,4811,408,5,Average quality,2023-08-02
10864,746,131,3,Amazing experience,2023-05-20
10865,4199,340,3,Worth buying,2024-03-30
10866,3095,242,1,Fast delivery,2024-02-11
10867,2766,176,1,Average quality,2023-03-21
10868,123,171,5,Quality could improve,2024-08-07
10869,3350,392,5,Amazing experience,2025-01-12
10870,2826,107,4,Fast delivery,2025-02-11
10871,212,327,3,Quality could improve,2023-02-19
10872,4452,384,5,Average quality,2023-05-28
10873,4290,341,3,Excellent product,2024-02-29
10874,4532,182,4,Good value,2023-02-28
10875,1480,12,3,Good value,2023-11-20
10876,4283,253,1,Very good,2023-10-31
10877,4801,424,1,Quality could improve,2023-11-04
10878,1490,107,4,Worth buying,2023-01-20
10879,4017,62,3,Very good,2023-04-05
10880,2118,257,4,Good value,2023-05-16
10881,1570,185,5,Quality could improve,2023-07-02
10882,2787,405,5,Quality could improve,2024-05-19
10883,3162,495,4,Amazing experience,2023-09-18
10884,2250,442,2,Average quality,2025-01-05
10885,3847,455,4,Worth buying,2024-03-28
10886,859,126,5,Highly recommended,2025-01-25
10887,2837,340,2,Not satisfied,2024-12-05
10888,1625,293,5,Highly recommended,2023-06-01
10889,1176,250,5,Quality could improve,2025-02-23
10890,2428,182,2,Highly recommended,2024-12-09
10891,2413,387,4,Not satisfied,2023-08-07
10892,796,359,2,Amazing experience,2023-03-02
10893,1218,461,3,Excellent product,2023-04-19
10894,4481,66,1,Quality could improve,2023-02-10
10895,3246,36,3,Highly recommended,2023-09-04
10896,3280,198,4,Not satisfied,2024-12-08
10897,1618,349,4,Average quality,2025-05-03
10898,3153,373,3,Not satisfied,2025-02-19
10899,1433,214,3,Fast delivery,2023-02-20
10900,4896,409,5,Not satisfied,2023-03-08
10901,3493,381,5,Average quality,2024-11-26
10902,2528,340,3,Fast delivery,2024-06-02
10903,4775,395,1,Highly recommended,2023-02-20
10904,4296,487,1,Very good,2023-12-27
10905,1688,174,4,Average quality,2024-02-09
10906,2734,334,5,Not satisfied,2024-05-10
10907,3703,392,3,Excellent product,2023-04-12
10908,186,146,4,Fast delivery,2023-11-30
10909,2895,121,4,Amazing experience,2024-05-19
10910,2849,412,2,Highly recommended,2023-01-29
10911,1576,383,3,Worth buying,2024-04-29
10912,612,42,3,Good value,2025-06-11
10913,1640,156,2,Fast delivery,2023-08-06
10914,4803,439,5,Amazing experience,2023-03-29
10915,1156,252,2,Very good,2024-05-19
10916,2089,122,3,Quality could improve,2024-07-11
10917,4955,114,4,Highly recommended,2024-02-09
10918,2423,285,4,Highly recommended,2024-04-23
10919,3782,400,2,Fast delivery,2024-08-24
10920,2611,408,5,Not satisfied,2024-08-01
10921,347,47,5,Not satisfied,2025-02-10
10922,281,434,2,Good value,2024-07-24
10923,440,49,4,Not satisfied,2023-08-21
10924,3265,471,5,Worth buying,2025-04-21
10925,3451,163,2,Highly recommended,2025-05-28
10926,707,327,1,Very good,2024-11-28
10927,280,314,1,Quality could improve,2025-05-14
10928,1251,205,5,Good value,2024-03-29
10929,4502,325,1,Very good,2023-03-21
10930,3148,35,4,Not satisfied,2024-12-05
10931,1703,154,1,Average quality,2025-01-31
10932,3154,173,5,Amazing experience,2023-02-08
10933,2569,485,5,Worth buying,2024-07-20
10934,1001,241,1,Fast delivery,2023-09-29
10935,2365,127,5,Good value,2023-06-08
10936,4314,90,3,Very good,2024-07-15
10937,4556,396,5,Very good,2025-02-26
10938,4886,267,3,Quality could improve,2024-08-17
10939,751,229,3,Not satisfied,2023-01-03
10940,2541,430,5,Good value,2023-05-30
10941,58,277,1,Not satisfied,2024-05-15
10942,4136,7,4,Amazing experience,2025-01-20
10943,4303,3,4,Excellent product,2024-12-13
10944,1353,465,3,Quality could improve,2024-08-27
10945,1461,197,4,Highly recommended,2024-06-29
10946,3660,45,3,Not satisfied,2024-08-18
10947,2033,216,4,Excellent product,2024-03-25
10948,1867,92,5,Good value,2025-04-22
10949,4116,425,2,Fast delivery,2023-03-26
10950,4153,396,1,Average quality,2023-04-03
10951,4451,256,3,Average quality,2025-02-02
10952,2334,243,4,Amazing experience,2023-06-14
10953,419,235,2,Very good,2023-08-23
10954,392,82,2,Highly recommended,2025-05-18
10955,3279,152,4,Fast delivery,2024-05-26
10956,4946,447,5,Average quality,2023-04-15
10957,3574,291,5,Fast delivery,2023-11-28
10958,3332,438,5,Fast delivery,2023-08-16
10959,3143,33,2,Not satisfied,2024-05-02
10960,3202,157,2,Not satisfied,2025-05-16
10961,527,477,2,Average quality,2024-09-23
10962,3876,6,4,Average quality,2023-03-14
10963,3061,175,5,Average quality,2023-07-30
10964,179,396,5,Average quality,2024-12-12
10965,4175,377,3,Very good,2023-05-14
10966,2625,492,3,Good value,2023-03-29
10967,3700,284,4,Not satisfied,2024-10-17
10968,4325,267,4,Average quality,2024-04-11
10969,2604,377,2,Highly recommended,2024-05-06
10970,548,156,2,Amazing experience,2024-03-13
10971,2121,65,4,Excellent product,2023-09-22
10972,3774,292,1,Excellent product,2023-02-07
10973,3135,57,2,Very good,2023-12-06
10974,4893,44,4,Quality could improve,2023-11-09
10975,3707,181,1,Very good,2025-03-11
10976,4322,470,1,Worth buying,2023-01-19
10977,740,314,1,Good value,2024-05-09
10978,3959,156,4,Average quality,2025-04-22
10979,3703,195,4,Very good,2024-06-04
10980,2485,205,2,Worth buying,2024-05-05
10981,4538,400,2,Average quality,2023-09-23
10982,4188,281,2,Fast delivery,2024-10-17
10983,4396,230,3,Good value,2024-05-06
10984,3251,376,4,Good value,2024-03-10
10985,3085,85,3,Not satisfied,2025-02-20
10986,69,345,3,Quality could improve,2023-11-07
10987,1009,352,2,Excellent product,2023-07-03
10988,1643,416,4,Amazing experience,2025-02-26
10989,1247,16,4,Not satisfied,2024-06-23
10990,1232,124,5,Average quality,2025-05-18
10991,4178,44,4,Excellent product,2023-01-30
10992,1456,273,4,Quality could improve,2024-06-30
10993,2550,185,1,Very good,2024-02-12
10994,1242,467,2,Quality could improve,2025-04-02
10995,1536,105,5,Average quality,2023-10-20
10996,4120,335,2,Very good,2024-08-20
10997,4069,368,2,Excellent product,2023-02-06
10998,712,300,1,Very good,2023-04-06
10999,4822,487,2,Highly recommended,2023-07-17
11000,4115,384,5,Very good,2023-05-11
11001,3128,499,3,Quality could improve,2025-05-19
11002,2209,333,3,Very good,2024-07-06
11003,3758,420,5,Very good,2025-03-16
11004,3155,278,2,Not satisfied,2024-05-23
11005,769,210,3,Highly recommended,2023-02-09
11006,3908,58,2,Highly recommended,2023-02-11
11007,3891,445,3,Excellent product,2024-06-25
11008,1987,85,4,Very good,2023-04-04
11009,1982,179,1,Quality could improve,2023-09-15
11010,907,293,5,Amazing experience,2023-07-03
11011,265,477,3,Worth buying,2024-07-21
11012,2739,481,5,Worth buying,2023-02-23
11013,2599,272,5,Fast delivery,2023-08-06
11014,4754,245,1,Fast delivery,2024-02-01
11015,3366,329,3,Excellent product,2023-05-27
11016,874,162,4,Not satisfied,2024-11-30
11017,3884,16,4,Highly recommended,2023-09-10
11018,4957,255,5,Excellent product,2023-09-08
11019,1917,3,1,Worth buying,2023-03-26
11020,4005,159,3,Excellent product,2023-08-21
11021,990,397,1,Fast delivery,2023-10-31
11022,2080,445,4,Good value,2024-01-09
11023,3560,298,5,Excellent product,2025-05-08
11024,3188,406,2,Excellent product,2024-12-21
11025,422,358,4,Worth buying,2024-07-30
11026,2964,339,2,Fast delivery,2023-06-29
11027,2228,418,2,Fast delivery,2023-10-24
11028,4451,346,1,Quality could improve,2025-05-12
11029,1245,198,2,Very good,2024-03-17
11030,3288,246,4,Good value,2023-12-27
11031,1100,279,5,Average quality,2024-03-10
11032,3921,333,1,Amazing experience,2023-08-13
11033,2442,227,1,Good value,2024-07-12
11034,2553,34,4,Worth buying,2025-03-08
11035,3209,321,2,Highly recommended,2024-07-29
11036,1474,449,5,Good value,2023-02-14
11037,4180,360,3,Very good,2024-09-14
11038,1867,394,5,Average quality,2024-12-25
11039,3955,336,2,Excellent product,2023-04-25
11040,3223,46,3,Quality could improve,2025-03-29
11041,14,270,3,Good value,2023-08-25
11042,865,217,5,Not satisfied,2023-09-10
11043,3371,292,4,Average quality,2023-09-07
11044,4401,81,3,Excellent product,2025-04-30
11045,3688,201,3,Average quality,2024-03-24
11046,63,253,5,Excellent product,2024-03-20
11047,71,75,3,Highly recommended,2023-04-18
11048,4256,109,2,Quality could improve,2024-11-29
11049,813,152,5,Good value,2023-06-08
11050,3765,465,5,Not satisfied,2023-02-02
11051,607,337,3,Average quality,2023-01-08
11052,4881,180,4,Good value,2024-10-21
11053,4132,259,5,Good value,2023-07-18
11054,3883,286,2,Worth buying,2024-05-15
11055,4399,395,2,Very good,2023-04-02
11056,4317,328,1,Quality could improve,2025-04-26
11057,2792,451,2,Highly recommended,2024-11-23
11058,811,482,3,Very good,2024-04-29
11059,4093,221,5,Amazing experience,2024-04-23
11060,1438,329,4,Quality could improve,2023-07-03
11061,795,380,3,Highly recommended,2024-06-28
11062,3110,26,3,Very good,2024-12-27
11063,2851,56,2,Excellent product,2025-01-19
11064,2797,208,4,Highly recommended,2025-03-29
11065,1078,86,2,Amazing experience,2025-03-18
11066,2549,176,1,Not satisfied,2023-04-01
11067,4570,344,1,Amazing experience,2025-01-15
11068,3076,250,3,Good value,2024-10-10
11069,3145,294,2,Amazing experience,2023-10-30
11070,4616,88,5,Average quality,2024-08-17
11071,2742,414,5,Amazing experience,2024-08-30
11072,1263,14,1,Amazing experience,2023-12-31
11073,1322,318,5,Worth buying,2024-12-22
11074,1466,217,3,Amazing experience,2023-05-05
11075,2772,452,2,Good value,2024-10-06
11076,1095,372,5,Quality could improve,2023-11-06
11077,2230,484,2,Very good,2024-10-26
11078,2931,119,3,Highly recommended,2024-11-22
11079,1133,497,1,Excellent product,2025-02-09
11080,100,439,3,Fast delivery,2024-10-08
11081,4565,180,5,Very good,2025-01-27
11082,1360,236,4,Not satisfied,2024-12-30
11083,401,63,5,Amazing experience,2023-03-25
11084,2415,47,4,Not satisfied,2023-03-11
11085,3401,483,5,Fast delivery,2024-02-19
11086,4832,320,4,Quality could improve,2025-06-17
11087,3850,417,1,Excellent product,2023-09-13
11088,3200,121,4,Very good,2024-04-21
11089,1463,398,1,Highly recommended,2023-04-13
11090,463,26,5,Not satisfied,2024-10-18
11091,799,391,1,Highly recommended,2023-10-26
11092,1810,232,1,Fast delivery,2023-09-01
11093,717,227,1,Quality could improve,2023-06-30
11094,606,162,3,Amazing experience,2024-04-10
11095,1970,161,5,Average quality,2024-01-28
11096,3518,126,1,Very good,2024-06-08
11097,4873,88,3,Good value,2025-06-01
11098,1627,385,5,Excellent product,2023-06-19
11099,2168,113,4,Not satisfied,2024-11-30
11100,1473,247,3,Excellent product,2025-05-27
11101,3800,419,4,Quality could improve,2023-05-28
11102,2340,141,5,Good value,2024-04-19
11103,3756,414,5,Excellent product,2025-01-30
11104,2768,475,5,Fast delivery,2025-04-14
11105,2995,247,4,Average quality,2023-08-21
11106,3978,374,4,Excellent product,2024-01-03
11107,481,257,5,Not satisfied,2023-04-28
11108,4595,261,4,Worth buying,2025-05-09
11109,130,246,4,Very good,2024-04-25
11110,2060,226,5,Excellent product,2025-01-18
11111,706,86,3,Fast delivery,2023-07-28
11112,2595,403,2,Quality could improve,2023-03-29
11113,1382,140,4,Quality could improve,2024-04-07
11114,175,157,2,Fast delivery,2023-03-08
11115,3669,24,4,Not satisfied,2023-05-17
11116,3733,327,2,Worth buying,2024-06-01
11117,2289,264,5,Amazing experience,2024-05-26
11118,1754,38,3,Highly recommended,2025-05-12
11119,1013,107,1,Average quality,2023-10-16
11120,2858,247,2,Amazing experience,2023-02-19
11121,2731,260,2,Not satisfied,2023-02-01
11122,1897,281,2,Fast delivery,2025-06-04
11123,2427,236,4,Worth buying,2025-01-12
11124,235,359,4,Quality could improve,2023-09-18
11125,3518,369,1,Very good,2024-03-13
11126,622,236,3,Not satisfied,2024-07-05
11127,697,212,5,Fast delivery,2025-02-09
11128,2670,148,4,Not satisfied,2025-01-11
11129,1564,242,2,Excellent product,2023-08-16
11130,4259,422,2,Highly recommended,2024-10-11
11131,439,34,4,Amazing experience,2024-08-29
11132,3918,52,2,Quality could improve,2023-05-25
11133,4485,173,4,Not satisfied,2023-05-11
11134,733,214,3,Average quality,2023-06-23
11135,1612,444,2,Not satisfied,2024-07-01
11136,4739,346,4,Average quality,2023-05-09
11137,3030,382,1,Very good,2024-05-20
11138,917,156,5,Fast delivery,2023-08-22
11139,1817,443,3,Highly recommended,2025-02-23
11140,699,241,4,Very good,2023-07-06
11141,908,484,3,Not satisfied,2023-10-31
11142,1189,221,4,Highly recommended,2023-06-01
11143,2706,216,4,Very good,2025-02-20
11144,252,435,3,Not satisfied,2025-02-28
11145,3400,311,4,Good value,2023-03-25
11146,4722,112,2,Worth buying,2024-07-13
11147,2368,466,1,Worth buying,2023-05-02
11148,4076,27,1,Worth buying,2023-08-03
11149,4622,85,5,Amazing experience,2025-06-18
11150,1079,50,4,Worth buying,2023-02-04
11151,4020,109,4,Amazing experience,2024-04-19
11152,756,57,2,Highly recommended,2023-09-01
11153,2679,496,4,Very good,2023-08-24
11154,4012,333,2,Very good,2024-11-28
11155,182,236,4,Good value,2024-05-02
11156,2164,239,4,Quality could improve,2023-02-28
11157,1490,191,3,Quality could improve,2024-10-21
11158,1703,384,5,Fast delivery,2023-05-26
11159,1605,44,1,Quality could improve,2023-08-05
11160,4528,12,5,Not satisfied,2024-09-03
11161,3474,466,4,Quality could improve,2024-05-28
11162,4864,489,5,Highly recommended,2024-08-09
11163,755,370,5,Good value,2023-06-26
11164,3166,387,3,Very good,2024-08-22
11165,3495,289,5,Not satisfied,2025-06-04
11166,942,72,5,Amazing experience,2023-11-06
11167,2423,132,1,Good value,2024-08-05
11168,1779,342,3,Excellent product,2023-03-04
11169,4866,250,2,Fast delivery,2023-03-02
11170,1162,426,4,Very good,2023-07-20
11171,4734,354,3,Very good,2025-05-03
11172,4748,443,1,Worth buying,2025-02-16
11173,1553,290,5,Excellent product,2025-05-26
11174,319,25,4,Fast delivery,2025-01-14
11175,649,59,1,Very good,2024-11-06
11176,3935,92,1,Worth buying,2024-05-13
11177,4178,336,1,Fast delivery,2025-05-02
11178,1067,112,1,Worth buying,2025-03-06
11179,2496,245,5,Amazing experience,2023-08-23
11180,3280,220,5,Excellent product,2023-01-25
11181,4139,82,4,Worth buying,2023-02-28
11182,40,235,2,Excellent product,2023-06-06
11183,4422,84,1,Excellent product,2025-03-08
11184,2240,99,3,Excellent product,2024-08-30
11185,141,325,5,Average quality,2025-01-20
11186,1599,137,2,Not satisfied,2023-11-28
11187,2843,486,2,Fast delivery,2023-03-01
11188,3792,4,1,Worth buying,2025-02-03
11189,1041,254,1,Excellent product,2023-08-27
11190,680,347,4,Not satisfied,2023-11-22
11191,593,417,1,Highly recommended,2023-11-12
11192,4723,202,3,Not satisfied,2025-02-20
11193,3549,262,1,Highly recommended,2024-06-06
11194,4978,200,2,Not satisfied,2024-10-20
11195,4293,361,5,Very good,2024-05-26
11196,1881,17,1,Worth buying,2024-07-09
11197,477,417,5,Quality could improve,2025-05-19
11198,1659,207,5,Highly recommended,2023-02-17
11199,668,115,5,Worth buying,2024-10-16
11200,4091,149,3,Average quality,2023-12-11
11201,4590,441,3,Not satisfied,2025-01-26
11202,3262,202,1,Average quality,2023-07-12
11203,16,287,3,Good value,2023-02-06
11204,4047,310,3,Amazing experience,2023-09-11
11205,2954,162,3,Excellent product,2023-09-27
11206,1149,373,1,Worth buying,2023-05-24
11207,1695,13,1,Fast delivery,2024-02-20
11208,3262,471,5,Very good,2024-12-24
11209,4593,209,1,Very good,2023-11-17
11210,123,370,4,Good value,2025-05-13
11211,4232,395,1,Worth buying,2025-03-08
11212,3600,332,2,Fast delivery,2025-01-26
11213,1251,54,2,Fast delivery,2023-11-27
11214,740,217,2,Excellent product,2024-10-26
11215,1681,214,3,Quality could improve,2023-08-22
11216,1118,284,2,Excellent product,2025-06-13
11217,3057,4,1,Good value,2025-03-07
11218,3286,149,4,Excellent product,2023-07-19
11219,4303,118,2,Very good,2024-05-07
11220,3080,423,4,Average quality,2024-01-21
11221,3952,260,3,Very good,2024-07-14
11222,3617,32,2,Excellent product,2025-04-18
11223,4205,185,5,Not satisfied,2023-09-04
11224,4819,425,5,Not satisfied,2023-02-26
11225,748,170,3,Average quality,2025-06-14
11226,3138,488,2,Amazing experience,2024-05-09
11227,642,409,5,Worth buying,2024-09-19
11228,3681,111,1,Amazing experience,2024-01-08
11229,1755,399,3,Average quality,2025-04-12
11230,2899,153,2,Not satisfied,2023-03-27
11231,3187,415,2,Very good,2023-05-15
11232,3276,312,2,Not satisfied,2024-09-24
11233,126,324,1,Not satisfied,2023-03-17
11234,1274,101,1,Highly recommended,2025-04-20
11235,3493,294,3,Not satisfied,2024-08-13
11236,4770,390,4,Average quality,2023-09-10
11237,2466,432,3,Highly recommended,2024-10-26
11238,3089,436,3,Quality could improve,2024-03-28
11239,3583,230,3,Highly recommended,2025-05-07
11240,3856,283,2,Good value,2025-05-08
11241,3900,485,1,Good value,2024-06-20
11242,1881,186,2,Good value,2024-11-28
11243,4950,43,2,Excellent product,2024-07-02
11244,3514,485,4,Not satisfied,2023-01-19
11245,2360,349,1,Not satisfied,2023-06-21
11246,1375,129,2,Average quality,2025-06-14
11247,299,29,5,Excellent product,2024-06-02
11248,1191,69,4,Highly recommended,2024-05-06
11249,3273,482,1,Very good,2025-03-19
11250,1600,147,1,Average quality,2023-02-24
11251,2142,7,1,Fast delivery,2023-07-09
11252,4692,248,2,Very good,2023-03-10
11253,4044,407,1,Worth buying,2024-11-15
11254,2012,303,5,Highly recommended,2024-07-11
11255,3101,331,2,Average quality,2025-01-04
11256,1572,329,2,Good value,2023-06-06
11257,4201,38,4,Not satisfied,2023-05-13
11258,1193,63,5,Excellent product,2024-11-14
11259,4471,238,2,Fast delivery,2024-12-04
11260,3207,183,1,Very good,2023-02-19
11261,3662,350,5,Very good,2025-06-01
11262,1296,305,3,Amazing experience,2024-11-10
11263,980,391,2,Not satisfied,2024-08-25
11264,4722,138,2,Excellent product,2023-03-29
11265,4487,119,4,Worth buying,2023-09-18
11266,2085,456,1,Not satisfied,2024-05-23
11267,226,341,3,Not satisfied,2023-12-01
11268,1914,290,4,Average quality,2025-02-23
11269,479,30,2,Amazing experience,2023-10-04
11270,3901,201,3,Worth buying,2024-09-16
11271,1445,448,2,Fast delivery,2023-04-09
11272,2251,52,3,Excellent product,2024-11-09
11273,4554,195,3,Excellent product,2023-06-03
11274,4898,24,3,Amazing experience,2024-11-30
11275,4468,379,2,Very good,2024-08-08
11276,1840,306,1,Worth buying,2023-11-10
11277,4534,157,5,Good value,2024-01-11
11278,350,224,2,Quality could improve,2024-07-14
11279,1839,486,4,Amazing experience,2023-01-14
11280,4030,244,4,Average quality,2024-04-04
11281,2406,440,5,Excellent product,2023-06-20
11282,4094,473,1,Highly recommended,2024-11-18
11283,3241,95,5,Good value,2023-08-05
11284,3114,196,1,Very good,2023-03-19
11285,2880,272,3,Quality could improve,2023-07-16
11286,2306,474,4,Very good,2025-04-07
11287,3192,456,2,Excellent product,2024-08-21
11288,720,326,2,Average quality,2024-05-17
11289,764,274,1,Amazing experience,2023-03-16
11290,1865,34,3,Amazing experience,2023-10-31
11291,1418,130,1,Average quality,2023-09-29
11292,2262,67,3,Worth buying,2024-06-05
11293,1066,33,1,Not satisfied,2025-04-13
11294,2065,475,2,Quality could improve,2023-08-04
11295,4257,18,1,Excellent product,2023-03-14
11296,4866,261,5,Worth buying,2025-01-14
11297,2199,189,3,Good value,2023-09-27
11298,2087,39,4,Amazing experience,2023-10-12
11299,313,365,2,Worth buying,2023-06-06
11300,4380,464,4,Very good,2025-02-25
11301,10,377,1,Not satisfied,2023-06-10
11302,1212,228,3,Quality could improve,2024-05-01
11303,4243,53,2,Very good,2023-10-20
11304,50,301,2,Quality could improve,2024-01-12
11305,3196,119,4,Good value,2024-02-16
11306,1066,48,5,Quality could improve,2023-02-11
11307,2781,444,3,Very good,2023-11-07
11308,4688,317,4,Excellent product,2023-10-23
11309,1904,147,2,Very good,2024-04-09
11310,4834,14,1,Amazing experience,2025-06-17
11311,4165,235,4,Worth buying,2024-02-22
11312,4667,226,5,Amazing experience,2025-06-10
11313,1902,474,4,Average quality,2025-05-17
11314,2007,423,5,Not satisfied,2023-12-25
11315,1012,478,2,Average quality,2023-11-05
11316,1606,496,1,Very good,2023-08-01
11317,2587,468,5,Worth buying,2024-01-31
11318,599,458,1,Amazing experience,2024-08-17
11319,2058,130,1,Quality could improve,2023-08-05
11320,2929,357,2,Good value,2023-05-05
11321,1927,117,3,Quality could improve,2024-06-09
11322,336,87,2,Average quality,2025-04-10
11323,3225,188,1,Excellent product,2025-04-16
11324,2600,436,1,Very good,2024-12-25
11325,2001,286,1,Excellent product,2023-05-16
11326,69,225,3,Excellent product,2023-09-06
11327,4370,91,3,Fast delivery,2024-04-26
11328,1503,208,1,Very good,2024-09-26
11329,1529,413,5,Not satisfied,2024-12-24
11330,246,68,2,Fast delivery,2024-12-11
11331,3148,363,3,Amazing experience,2025-02-26
11332,2884,286,5,Excellent product,2024-12-08
11333,690,342,4,Not satisfied,2023-01-25
11334,2211,390,1,Worth buying,2024-09-16
11335,4202,58,3,Good value,2023-02-28
11336,3691,248,1,Average quality,2023-09-03
11337,3020,190,1,Fast delivery,2023-01-14
11338,1742,477,1,Very good,2024-12-17
11339,3724,184,3,Worth buying,2024-06-16
11340,322,28,1,Highly recommended,2023-02-14
11341,3467,396,5,Amazing experience,2024-02-03
11342,3895,325,4,Good value,2024-08-15
11343,3663,233,2,Average quality,2023-03-26
11344,4043,283,3,Good value,2025-02-04
11345,1578,173,4,Amazing experience,2024-08-25
11346,2871,23,1,Not satisfied,2024-07-07
11347,1400,422,5,Good value,2023-02-21
11348,1365,167,3,Good value,2025-03-09
11349,3367,11,4,Amazing experience,2024-03-20
11350,951,396,4,Excellent product,2023-07-30
11351,2409,315,4,Good value,2023-06-27
11352,3106,446,3,Quality could improve,2023-01-29
11353,1422,41,1,Good value,2024-03-24
11354,2642,55,1,Not satisfied,2025-01-21
11355,1843,488,4,Amazing experience,2024-01-16
11356,164,55,1,Fast delivery,2023-01-01
11357,3997,346,1,Good value,2025-01-19
11358,4054,342,5,Good value,2024-06-02
11359,1736,149,2,Very good,2023-07-02
11360,1943,284,2,Very good,2024-06-06
11361,2831,62,2,Very good,2024-12-13
11362,3297,315,4,Very good,2023-04-23
11363,867,273,1,Good value,2023-09-20
11364,3867,3,3,Not satisfied,2023-12-05
11365,2427,296,2,Good value,2023-11-09
11366,4137,404,2,Amazing experience,2023-03-28
11367,2541,60,5,Amazing experience,2024-02-14
11368,169,371,1,Highly recommended,2024-03-14
11369,1271,5,2,Fast delivery,2025-01-14
11370,3060,424,5,Average quality,2025-03-02
11371,206,424,4,Highly recommended,2024-06-24
11372,942,338,1,Not satisfied,2024-11-16
11373,2203,89,3,Worth buying,2024-09-13
11374,1960,302,2,Worth buying,2025-04-13
11375,1051,167,1,Quality could improve,2023-11-15
11376,4589,300,3,Excellent product,2023-12-17
11377,3172,152,1,Fast delivery,2025-04-12
11378,4229,457,2,Quality could improve,2023-01-09
11379,92,484,1,Good value,2024-07-31
11380,4324,196,5,Worth buying,2023-05-27
11381,2498,297,5,Highly recommended,2023-11-03
11382,4381,310,2,Highly recommended,2023-01-23
11383,1966,391,1,Excellent product,2023-11-30
11384,1344,466,1,Quality could improve,2023-10-04
11385,3438,436,5,Worth buying,2025-02-01
11386,1226,413,1,Average quality,2025-02-14
11387,303,296,1,Very good,2023-11-22
11388,353,492,5,Excellent product,2025-05-29
11389,4945,377,4,Very good,2023-07-22
11390,4451,286,4,Excellent product,2023-08-31
11391,4288,396,5,Not satisfied,2024-03-08
11392,662,437,4,Very good,2024-11-13
11393,3695,466,1,Good value,2024-02-18
11394,1849,419,5,Not satisfied,2023-10-01
11395,334,261,2,Average quality,2023-07-24
11396,3954,329,2,Good value,2025-02-01
11397,4014,19,5,Quality could improve,2023-03-17
11398,4080,269,2,Amazing experience,2024-06-05
11399,4493,362,3,Good value,2023-09-01
11400,2523,4,4,Fast delivery,2025-03-30
11401,3788,270,3,Fast delivery,2024-05-13
11402,2439,484,1,Worth buying,2024-02-12
11403,3525,419,2,Average quality,2024-09-11
11404,2714,155,1,Good value,2024-05-21
11405,3813,220,3,Not satisfied,2024-11-22
11406,4948,101,4,Average quality,2024-04-26
11407,1866,267,2,Worth buying,2023-04-30
11408,1813,310,3,Fast delivery,2023-08-22
11409,4990,296,1,Highly recommended,2025-01-23
11410,1505,409,2,Worth buying,2024-01-06
11411,1627,475,2,Amazing experience,2023-11-21
11412,3446,11,4,Quality could improve,2024-02-19
11413,1764,307,2,Excellent product,2023-11-10
11414,2481,376,5,Good value,2023-01-15
11415,400,95,1,Good value,2023-06-14
11416,4388,52,1,Very good,2024-04-06
11417,3406,168,1,Very good,2024-12-24
11418,3149,33,4,Fast delivery,2023-09-26
11419,1079,202,5,Quality could improve,2024-07-26
11420,1448,482,4,Highly recommended,2025-01-05
11421,4011,383,5,Quality could improve,2025-02-15
11422,2065,104,2,Quality could improve,2025-05-28
11423,4623,302,5,Very good,2024-07-31
11424,3548,376,5,Very good,2023-10-16
11425,2435,27,5,Fast delivery,2023-07-18
11426,3717,88,2,Fast delivery,2023-05-12
11427,3718,40,4,Quality could improve,2024-01-17
11428,1887,28,1,Very good,2024-09-16
11429,3144,380,1,Quality could improve,2023-08-11
11430,1551,378,5,Quality could improve,2025-06-05
11431,4894,391,5,Amazing experience,2023-01-19
11432,1073,287,5,Highly recommended,2025-06-19
11433,4699,115,5,Not satisfied,2024-08-03
11434,4135,342,3,Worth buying,2023-09-08
11435,1598,285,3,Highly recommended,2024-05-11
11436,462,470,4,Very good,2024-08-24
11437,1721,185,2,Not satisfied,2025-01-18
11438,4589,169,3,Worth buying,2024-09-17
11439,1788,332,5,Very good,2023-05-06
11440,3168,207,2,Excellent product,2024-09-15
11441,2899,277,3,Highly recommended,2024-04-20
11442,2210,432,4,Worth buying,2023-02-27
11443,4289,494,3,Very good,2025-03-29
11444,56,121,3,Good value,2023-08-05
11445,4139,137,4,Quality could improve,2023-05-12
11446,1702,259,5,Amazing experience,2024-03-23
11447,2960,59,4,Fast delivery,2023-07-14
11448,2040,179,5,Fast delivery,2023-10-07
11449,4108,64,4,Average quality,2024-07-07
11450,4236,444,5,Not satisfied,2023-01-03
11451,2741,82,1,Fast delivery,2025-03-16
11452,2326,331,3,Average quality,2024-02-13
11453,213,277,3,Excellent product,2024-02-11
11454,2012,42,4,Excellent product,2023-08-07
11455,4695,299,4,Highly recommended,2023-04-07
11456,4568,3,4,Fast delivery,2023-02-23
11457,1100,38,3,Worth buying,2023-03-07
11458,2909,355,4,Worth buying,2023-08-30
11459,909,274,5,Not satisfied,2024-03-28
11460,3432,29,5,Worth buying,2024-10-15
11461,1131,105,4,Fast delivery,2024-01-28
11462,2779,354,1,Amazing experience,2023-03-03
11463,1766,259,3,Amazing experience,2023-03-07
11464,559,293,3,Quality could improve,2024-04-06
11465,3302,220,2,Quality could improve,2025-06-06
11466,1537,338,3,Quality could improve,2025-05-12
11467,3419,411,3,Average quality,2023-10-14
11468,3613,46,4,Worth buying,2023-12-20
11469,638,326,3,Amazing experience,2024-10-29
11470,3919,438,3,Excellent product,2024-01-27
11471,481,325,4,Fast delivery,2023-10-14
11472,4250,399,1,Quality could improve,2025-06-11
11473,2610,359,3,Worth buying,2023-12-13
11474,4084,93,3,Not satisfied,2025-06-02
11475,114,258,5,Amazing experience,2024-10-18
11476,2648,334,5,Fast delivery,2025-02-11
11477,1155,275,3,Amazing experience,2025-01-22
11478,4379,272,1,Highly recommended,2023-04-17
11479,3235,226,5,Excellent product,2023-02-22
11480,1038,82,2,Worth buying,2023-08-26
11481,1767,260,3,Highly recommended,2025-02-09
11482,1824,267,3,Worth buying,2024-05-06
11483,243,369,3,Average quality,2023-09-24
11484,2513,265,3,Very good,2024-03-29
11485,4753,146,4,Good value,2024-06-26
11486,310,391,4,Good value,2025-06-08
11487,76,322,2,Highly recommended,2025-04-01
11488,211,246,5,Fast delivery,2024-11-14
11489,1577,169,2,Good value,2025-02-05
11490,3842,283,2,Very good,2025-06-19
11491,397,107,1,Quality could improve,2023-07-02
11492,4616,19,3,Excellent product,2023-06-07
11493,1502,359,4,Excellent product,2025-04-04
11494,2460,297,5,Not satisfied,2024-05-02
11495,2370,173,1,Highly recommended,2024-07-15
11496,2449,272,1,Average quality,2023-05-27
11497,2529,401,4,Average quality,2023-08-16
11498,3612,108,1,Amazing experience,2024-03-09
11499,1439,224,2,Not satisfied,2024-07-26
11500,1802,423,4,Fast delivery,2023-04-04
11501,741,59,3,Amazing experience,2025-05-24
11502,4954,130,3,Fast delivery,2023-12-03
11503,4464,399,1,Excellent product,2024-08-19
11504,3835,384,2,Good value,2023-08-16
11505,4239,222,3,Good value,2024-07-01
11506,1890,274,5,Very good,2023-02-12
11507,54,156,2,Worth buying,2024-07-11
11508,2866,440,4,Good value,2023-03-07
11509,1054,391,5,Good value,2023-12-27
11510,367,58,5,Very good,2023-01-02
11511,3291,247,4,Not satisfied,2024-05-19
11512,3462,294,2,Good value,2023-07-11
11513,2572,96,5,Very good,2024-12-29
11514,1383,51,5,Average quality,2025-02-16
11515,1854,140,1,Not satisfied,2025-05-12
11516,2609,269,4,Highly recommended,2024-10-07
11517,4214,330,4,Excellent product,2025-01-30
11518,3089,25,4,Worth buying,2024-04-01
11519,2815,338,3,Amazing experience,2025-03-09
11520,2422,204,3,Quality could improve,2023-10-26
11521,3856,247,1,Good value,2023-09-21
11522,930,470,4,Worth buying,2023-03-15
11523,1361,38,5,Excellent product,2025-03-21
11524,2593,51,5,Highly recommended,2024-01-16
11525,2118,172,5,Fast delivery,2023-01-15
11526,87,104,3,Fast delivery,2025-05-03
11527,2644,70,1,Highly recommended,2023-03-26
11528,3199,251,5,Amazing experience,2023-05-26
11529,2847,466,2,Amazing experience,2023-03-21
11530,283,357,1,Very good,2025-02-10
11531,3267,93,4,Worth buying,2025-02-08
11532,3073,247,4,Not satisfied,2024-06-06
11533,886,272,5,Quality could improve,2024-10-04
11534,3465,193,2,Amazing experience,2023-07-05
11535,711,390,1,Worth buying,2024-03-20
11536,901,478,3,Amazing experience,2023-08-25
11537,2702,475,4,Excellent product,2025-03-12
11538,1783,264,3,Worth buying,2023-09-15
11539,3737,332,3,Fast delivery,2025-02-09
11540,426,4,5,Amazing experience,2023-04-26
11541,2134,441,1,Fast delivery,2023-06-03
11542,3290,40,1,Quality could improve,2024-04-21
11543,994,207,2,Highly recommended,2025-03-31
11544,278,406,3,Average quality,2024-12-23
11545,3897,473,5,Amazing experience,2024-07-24
11546,4612,244,3,Quality could improve,2025-04-19
11547,3836,417,5,Average quality,2024-03-22
11548,706,355,3,Quality could improve,2024-12-11
11549,4750,81,5,Average quality,2023-02-06
11550,610,440,3,Good value,2024-10-10
11551,3297,158,2,Fast delivery,2023-02-16
11552,1236,343,1,Worth buying,2025-04-10
11553,3912,391,4,Quality could improve,2025-06-01
11554,4509,475,3,Amazing experience,2023-06-11
11555,3815,201,3,Excellent product,2024-06-13
11556,4726,75,5,Very good,2025-04-26
11557,957,107,3,Very good,2024-11-16
11558,2660,102,4,Good value,2025-01-21
11559,2378,118,1,Good value,2024-04-09
11560,1103,219,5,Quality could improve,2023-11-19
11561,2031,69,2,Quality could improve,2024-08-04
11562,1134,378,2,Very good,2025-05-30
11563,1232,429,4,Quality could improve,2023-10-24
11564,4130,303,2,Fast delivery,2025-03-23
11565,2677,131,5,Amazing experience,2023-07-13
11566,4641,235,1,Highly recommended,2025-04-17
11567,4859,207,5,Quality could improve,2024-02-09
11568,3847,39,5,Quality could improve,2025-01-30
11569,1147,103,3,Not satisfied,2023-04-05
11570,264,385,2,Highly recommended,2023-09-24
11571,3273,378,1,Average quality,2023-08-28
11572,4531,65,5,Quality could improve,2023-12-19
11573,2436,497,1,Quality could improve,2025-03-14
11574,301,443,4,Excellent product,2024-10-01
11575,429,409,2,Highly recommended,2025-02-08
11576,1828,3,5,Not satisfied,2024-10-22
11577,4851,290,2,Not satisfied,2023-12-19
11578,969,411,2,Very good,2023-04-16
11579,4580,254,3,Highly recommended,2025-06-08
11580,2827,267,1,Fast delivery,2024-03-17
11581,3897,280,1,Average quality,2023-11-05
11582,2074,75,2,Highly recommended,2023-12-21
11583,1872,176,5,Average quality,2024-09-22
11584,515,210,3,Quality could improve,2024-06-11
11585,3581,316,2,Excellent product,2023-08-19
11586,3859,83,2,Good value,2025-01-06
11587,3192,290,4,Highly recommended,2023-07-14
11588,1417,130,4,Highly recommended,2023-09-19
11589,3698,19,5,Not satisfied,2024-01-10
11590,1231,280,3,Excellent product,2023-12-28
11591,1682,412,3,Not satisfied,2024-02-13
11592,3257,433,1,Very good,2024-04-19
11593,533,226,5,Fast delivery,2023-08-25
11594,2313,364,3,Very good,2023-05-04
11595,3331,309,1,Very good,2023-04-08
11596,1630,78,2,Average quality,2024-06-23
11597,2582,174,4,Not satisfied,2025-02-17
11598,2047,419,4,Excellent product,2023-06-03
11599,3162,448,3,Quality could improve,2023-07-13
11600,256,428,3,Fast delivery,2023-10-05
11601,2039,275,4,Quality could improve,2024-07-13
11602,299,334,1,Quality could improve,2023-09-20
11603,1583,306,1,Highly recommended,2023-12-29
11604,3515,192,1,Amazing experience,2025-03-18
11605,333,263,3,Worth buying,2023-06-30
11606,675,51,2,Excellent product,2024-03-17
11607,2970,320,3,Not satisfied,2025-01-20
11608,1202,285,2,Quality could improve,2023-10-29
11609,197,209,1,Highly recommended,2023-04-09
11610,1936,40,1,Not satisfied,2024-04-20
11611,1933,468,4,Highly recommended,2023-07-07
11612,4272,276,4,Not satisfied,2023-10-31
11613,2375,101,1,Amazing experience,2024-07-07
11614,4484,115,5,Not satisfied,2024-03-11
11615,3585,101,3,Fast delivery,2024-10-14
11616,659,183,5,Not satisfied,2023-04-18
11617,4405,380,4,Highly recommended,2024-01-15
11618,2643,5,4,Not satisfied,2024-06-17
11619,4473,380,1,Not satisfied,2024-12-25
11620,3454,100,1,Fast delivery,2024-01-11
11621,3611,464,3,Excellent product,2023-10-13
11622,575,202,4,Quality could improve,2024-12-28
11623,1546,154,5,Very good,2023-11-16
11624,2287,164,3,Highly recommended,2025-05-03
11625,2935,438,2,Amazing experience,2024-01-19
11626,288,20,3,Excellent product,2024-06-05
11627,2012,381,1,Worth buying,2024-03-04
11628,695,426,4,Quality could improve,2024-03-17
11629,1199,460,5,Amazing experience,2023-03-28
11630,3733,448,4,Good value,2024-01-03
11631,3279,167,5,Average quality,2025-03-04
11632,1890,183,3,Fast delivery,2025-04-25
11633,2024,381,1,Good value,2023-07-03
11634,3475,315,2,Highly recommended,2024-08-06
11635,998,113,3,Fast delivery,2025-05-23
11636,1372,90,1,Not satisfied,2024-04-30
11637,2626,235,5,Not satisfied,2023-03-26
11638,3044,260,5,Fast delivery,2024-05-12
11639,3676,141,1,Highly recommended,2025-05-12
11640,3594,357,5,Amazing experience,2023-09-24
11641,1351,195,4,Not satisfied,2025-05-08
11642,4414,425,1,Not satisfied,2023-01-04
11643,1156,214,2,Very good,2023-05-24
11644,2693,432,4,Amazing experience,2023-11-23
11645,1671,425,4,Average quality,2023-04-19
11646,2908,188,1,Excellent product,2024-05-31
11647,4327,159,4,Amazing experience,2023-10-12
11648,3360,381,5,Amazing experience,2023-10-27
11649,2755,369,2,Good value,2024-07-29
11650,3903,60,5,Good value,2024-07-14
11651,1240,40,5,Good value,2023-09-19
11652,1400,252,4,Quality could improve,2023-07-27
11653,4858,146,4,Highly recommended,2023-12-09
11654,4923,99,5,Fast delivery,2023-08-10
11655,840,60,4,Very good,2024-10-28
11656,1467,102,2,Quality could improve,2025-04-04
11657,2013,432,1,Fast delivery,2023-07-30
11658,585,317,2,Not satisfied,2025-04-02
11659,4811,253,4,Fast delivery,2024-01-02
11660,4952,467,1,Average quality,2023-07-09
11661,2906,298,1,Worth buying,2023-05-01
11662,1453,386,4,Average quality,2023-09-14
11663,3166,485,5,Average quality,2025-06-03
11664,498,346,3,Fast delivery,2024-10-20
11665,480,72,2,Good value,2023-05-19
11666,4454,422,5,Worth buying,2023-07-22
11667,4642,459,2,Amazing experience,2023-06-22
11668,3645,28,1,Worth buying,2024-01-03
11669,570,232,3,Fast delivery,2023-03-30
11670,4682,144,5,Excellent product,2023-05-11
11671,2525,5,2,Not satisfied,2023-01-28
11672,591,193,3,Highly recommended,2024-09-16
11673,3925,259,5,Quality could improve,2024-02-27
11674,3622,393,5,Excellent product,2024-07-10
11675,554,476,4,Excellent product,2023-12-05
11676,2151,139,3,Excellent product,2023-02-08
11677,651,389,4,Worth buying,2023-09-27
11678,3179,142,3,Highly recommended,2024-01-20
11679,2146,82,2,Very good,2024-11-01
11680,3513,398,5,Fast delivery,2023-08-21
11681,3610,485,5,Highly recommended,2024-07-12
11682,3050,425,3,Amazing experience,2023-02-17
11683,365,304,3,Average quality,2023-03-11
11684,2454,87,4,Very good,2024-05-04
11685,381,408,4,Highly recommended,2023-08-10
11686,1185,429,5,Worth buying,2024-04-21
11687,2800,418,5,Good value,2025-03-03
11688,1519,11,4,Very good,2024-02-27
11689,3061,320,4,Fast delivery,2024-11-11
11690,3700,177,2,Amazing experience,2023-05-08
11691,4065,312,1,Good value,2025-02-08
11692,1,325,2,Highly recommended,2023-03-25
11693,2148,223,3,Very good,2023-01-16
11694,4160,5,5,Highly recommended,2023-10-14
11695,300,234,1,Quality could improve,2025-05-23
11696,3579,87,3,Good value,2024-12-22
11697,1941,190,1,Very good,2024-11-11
11698,3264,163,1,Average quality,2023-07-07
11699,1855,239,2,Excellent product,2024-09-12
11700,1321,206,5,Fast delivery,2023-03-29
11701,2871,228,5,Quality could improve,2023-04-07
11702,2963,422,4,Quality could improve,2024-08-14
11703,4413,224,4,Amazing experience,2023-05-11
11704,44,372,2,Good value,2023-05-25
11705,3603,299,1,Average quality,2024-11-13
11706,4,106,3,Good value,2024-10-18
11707,142,487,2,Excellent product,2024-05-18
11708,1809,353,2,Very good,2024-10-24
11709,3191,394,4,Worth buying,2024-09-18
11710,361,375,4,Worth buying,2023-05-03
11711,2294,356,5,Not satisfied,2025-05-01
11712,4455,478,4,Very good,2025-02-14
11713,1648,78,4,Highly recommended,2023-10-21
11714,2366,185,3,Worth buying,2023-03-05
11715,4564,137,5,Highly recommended,2024-03-24
11716,1360,87,1,Very good,2023-08-18
11717,616,357,3,Worth buying,2023-10-02
11718,3869,422,1,Excellent product,2024-01-03
11719,4092,189,4,Worth buying,2024-01-01
11720,4155,120,3,Quality could improve,2024-11-04
11721,2425,41,3,Quality could improve,2025-04-21
11722,1805,466,2,Excellent product,2025-02-01
11723,1689,411,4,Quality could improve,2023-06-10
11724,1780,130,2,Highly recommended,2023-08-08
11725,2211,108,4,Quality could improve,2024-01-06
11726,1167,459,4,Highly recommended,2024-12-21
11727,576,237,4,Not satisfied,2024-04-17
11728,402,364,3,Not satisfied,2025-04-23
11729,3402,150,1,Amazing experience,2023-06-11
11730,4118,236,4,Good value,2024-01-16
11731,328,245,2,Highly recommended,2024-12-03
11732,4557,8,2,Quality could improve,2023-01-23
11733,3632,345,5,Amazing experience,2023-06-04
11734,621,482,2,Average quality,2023-08-13
11735,3711,499,1,Average quality,2023-06-27
11736,2641,123,1,Good value,2023-04-14
11737,927,39,5,Quality could improve,2023-03-08
11738,1360,368,5,Excellent product,2024-11-29
11739,85,115,4,Average quality,2024-04-04
11740,1980,385,5,Highly recommended,2024-06-05
11741,2356,475,3,Quality could improve,2024-01-25
11742,1796,236,3,Very good,2024-06-10
11743,2706,261,3,Average quality,2024-02-16
11744,3807,423,2,Amazing experience,2023-06-25
11745,1614,373,5,Not satisfied,2024-06-19
11746,2474,326,4,Excellent product,2023-02-25
11747,1714,122,2,Highly recommended,2023-04-13
11748,607,219,2,Highly recommended,2024-07-28
11749,3585,308,4,Highly recommended,2023-02-18
11750,3764,87,1,Not satisfied,2023-11-14
11751,2000,408,5,Good value,2024-01-10
11752,118,114,4,Very good,2025-04-20
11753,3385,340,2,Good value,2023-11-13
11754,3257,372,3,Very good,2024-02-12
11755,1120,335,3,Average quality,2024-11-25
11756,4506,45,2,Amazing experience,2024-10-21
11757,4595,463,2,Quality could improve,2025-01-23
11758,2438,165,3,Excellent product,2024-04-03
11759,2636,457,5,Good value,2025-02-18
11760,986,148,3,Very good,2025-02-16
11761,1002,458,5,Good value,2023-10-16
11762,3663,79,2,Good value,2025-03-26
11763,3401,490,2,Excellent product,2025-01-14
11764,4411,168,5,Good value,2024-02-03
11765,975,169,2,Highly recommended,2024-04-12
11766,2197,290,2,Highly recommended,2025-05-26
11767,1422,379,4,Not satisfied,2024-11-28
11768,491,158,3,Fast delivery,2024-06-01
11769,1432,1,5,Amazing experience,2023-05-02
11770,3732,312,3,Fast delivery,2025-01-23
11771,4658,6,3,Fast delivery,2024-07-30
11772,2868,181,2,Fast delivery,2023-09-13
11773,3811,102,1,Fast delivery,2023-11-30
11774,1682,380,4,Amazing experience,2025-03-01
11775,3450,429,4,Good value,2023-10-21
11776,1267,137,1,Very good,2025-03-07
11777,1605,355,4,Fast delivery,2023-08-28
11778,241,14,2,Amazing experience,2023-03-29
11779,4760,131,4,Quality could improve,2024-07-28
11780,318,411,3,Excellent product,2025-04-11
11781,4803,305,3,Highly recommended,2025-01-08
11782,1202,343,4,Highly recommended,2024-06-25
11783,1118,56,3,Very good,2024-08-17
11784,2419,54,4,Fast delivery,2024-10-19
11785,2151,350,5,Good value,2024-01-25
11786,3460,163,5,Very good,2023-03-05
11787,4249,353,3,Highly recommended,2024-07-24
11788,1899,387,4,Not satisfied,2024-03-06
11789,2348,180,3,Good value,2025-06-06
11790,3601,295,5,Good value,2023-02-02
11791,747,415,5,Highly recommended,2025-01-07
11792,3226,40,5,Good value,2025-03-25
11793,1487,483,5,Good value,2024-10-15
11794,2455,471,2,Highly recommended,2023-12-08
11795,1072,74,3,Fast delivery,2023-03-30
11796,877,440,1,Average quality,2023-08-28
11797,411,298,2,Amazing experience,2024-08-26
11798,2347,46,3,Quality could improve,2024-03-05
11799,2826,272,3,Highly recommended,2023-07-20
11800,4999,254,2,Average quality,2024-05-09
11801,4682,145,4,Highly recommended,2024-12-14
11802,4738,76,2,Highly recommended,2023-04-14
11803,2329,3,3,Average quality,2023-01-02
11804,2958,199,3,Amazing experience,2023-07-10
11805,648,469,2,Very good,2025-06-11
11806,2830,398,2,Worth buying,2025-04-09
11807,3619,19,4,Worth buying,2025-03-19
11808,4521,438,2,Highly recommended,2024-01-27
11809,3110,55,2,Amazing experience,2023-01-13
11810,4432,359,5,Good value,2024-10-12
11811,624,258,5,Worth buying,2024-11-01
11812,1732,295,1,Fast delivery,2023-03-06
11813,3063,403,2,Not satisfied,2024-01-07
11814,3703,14,4,Very good,2024-03-18
11815,2475,439,4,Excellent product,2023-11-02
11816,1700,345,1,Very good,2024-02-28
11817,790,67,1,Average quality,2023-08-22
11818,3261,4,2,Worth buying,2024-01-01
11819,4037,249,1,Amazing experience,2023-10-22
11820,4397,418,4,Highly recommended,2025-01-07
11821,4194,367,4,Very good,2025-02-22
11822,146,183,4,Fast delivery,2024-01-24
11823,1207,92,3,Very good,2024-10-26
11824,4,285,2,Not satisfied,2023-02-05
11825,2210,382,5,Worth buying,2024-11-22
11826,4553,490,2,Not satisfied,2024-08-18
11827,2186,308,4,Quality could improve,2023-04-02
11828,384,477,3,Amazing experience,2024-02-09
11829,3454,85,4,Fast delivery,2024-09-13
11830,3804,100,3,Worth buying,2023-08-16
11831,3877,418,5,Not satisfied,2023-04-04
11832,1901,101,2,Quality could improve,2025-05-22
11833,466,472,1,Very good,2023-12-16
11834,3270,132,1,Highly recommended,2024-10-17
11835,3060,399,2,Amazing experience,2024-06-02
11836,4715,259,1,Fast delivery,2023-09-29
11837,4986,167,4,Excellent product,2024-09-25
11838,434,153,3,Average quality,2023-05-04
11839,2799,371,1,Fast delivery,2023-06-19
11840,2200,405,2,Worth buying,2025-03-04
11841,4423,240,4,Excellent product,2025-03-21
11842,457,350,5,Average quality,2023-10-13
11843,1136,65,5,Average quality,2023-02-22
11844,84,294,2,Quality could improve,2024-08-19
11845,2555,186,1,Average quality,2024-06-03
11846,444,233,4,Average quality,2024-08-02
11847,1033,53,2,Worth buying,2024-08-31
11848,2698,226,3,Good value,2024-09-06
11849,2457,200,4,Fast delivery,2025-05-02
11850,4999,150,1,Highly recommended,2023-10-16
11851,3435,182,5,Quality could improve,2024-03-29
11852,3926,70,4,Not satisfied,2025-03-15
11853,2685,360,1,Not satisfied,2025-03-23
11854,4779,318,4,Not satisfied,2023-03-04
11855,4069,445,1,Quality could improve,2025-06-14
11856,765,406,3,Highly recommended,2024-01-24
11857,2677,211,1,Average quality,2023-10-29
11858,3291,342,1,Excellent product,2023-10-27
11859,3741,41,5,Highly recommended,2025-04-12
11860,3245,487,2,Not satisfied,2023-12-28
11861,3856,463,3,Very good,2023-09-04
11862,2792,421,4,Fast delivery,2023-12-13
11863,639,60,2,Highly recommended,2023-12-10
11864,4656,50,2,Amazing experience,2025-04-14
11865,1704,319,1,Amazing experience,2023-02-20
11866,1021,7,1,Quality could improve,2025-01-25
11867,27,222,5,Highly recommended,2023-06-02
11868,481,262,1,Highly recommended,2024-06-17
11869,3821,352,5,Very good,2023-12-14
11870,716,294,3,Excellent product,2023-05-02
11871,2729,218,4,Not satisfied,2023-06-28
11872,2625,129,2,Fast delivery,2025-06-16
11873,3124,255,1,Good value,2024-09-29
11874,4775,265,2,Very good,2025-02-09
11875,2061,436,4,Highly recommended,2023-03-13
11876,3033,426,3,Good value,2024-04-08
11877,536,37,2,Average quality,2023-03-01
11878,1277,13,1,Average quality,2023-09-11
11879,2568,482,4,Not satisfied,2024-10-15
11880,422,481,5,Worth buying,2025-01-18
11881,113,492,4,Worth buying,2023-02-20
11882,59,350,1,Amazing experience,2025-03-23
11883,3518,131,3,Very good,2024-08-11
11884,580,190,1,Fast delivery,2025-05-13
11885,291,233,2,Highly recommended,2024-04-02
11886,4166,300,3,Not satisfied,2023-10-07
11887,3059,62,1,Amazing experience,2024-10-31
11888,1573,211,4,Good value,2024-03-06
11889,2030,65,4,Average quality,2023-11-11
11890,1201,467,5,Very good,2023-03-03
11891,54,146,4,Very good,2024-07-02
11892,1723,214,5,Very good,2025-06-12
11893,4955,197,5,Highly recommended,2024-07-05
11894,4642,141,1,Worth buying,2023-11-11
11895,1145,315,1,Quality could improve,2025-03-13
11896,3695,207,1,Amazing experience,2024-12-01
11897,1583,119,2,Fast delivery,2025-05-16
11898,2955,252,4,Very good,2025-04-04
11899,3209,398,1,Not satisfied,2023-08-28
11900,1612,485,4,Quality could improve,2024-09-14
11901,4621,110,3,Excellent product,2025-05-08
11902,169,225,2,Quality could improve,2025-05-01
11903,1801,485,5,Fast delivery,2023-04-04
11904,3332,348,3,Highly recommended,2025-02-05
11905,4399,167,4,Good value,2024-02-08
11906,2564,256,2,Fast delivery,2025-04-23
11907,4157,317,1,Not satisfied,2025-06-05
11908,1309,360,1,Fast delivery,2024-10-10
11909,4149,13,1,Amazing experience,2023-01-30
11910,2403,377,5,Good value,2024-12-25
11911,3129,267,4,Very good,2024-06-05
11912,1523,466,5,Not satisfied,2024-10-27
11913,950,172,1,Excellent product,2023-07-26
11914,741,456,4,Good value,2023-11-11
11915,1353,434,4,Amazing experience,2023-09-04
11916,3542,292,4,Excellent product,2023-10-14
11917,3450,167,4,Fast delivery,2025-02-17
11918,4959,140,4,Amazing experience,2024-06-10
11919,2584,205,3,Highly recommended,2024-03-11
11920,866,263,1,Fast delivery,2024-02-15
11921,2847,57,5,Not satisfied,2023-11-02
11922,673,388,5,Quality could improve,2024-05-30
11923,2231,127,2,Average quality,2024-05-13
11924,857,82,4,Fast delivery,2024-01-29
11925,4811,271,4,Fast delivery,2023-10-21
11926,3817,74,5,Very good,2025-03-15
11927,735,233,3,Quality could improve,2023-04-02
11928,1348,433,2,Very good,2023-08-21
11929,2730,402,1,Excellent product,2023-01-21
11930,213,380,3,Quality could improve,2023-01-06
11931,1294,156,5,Highly recommended,2023-10-09
11932,1012,438,2,Worth buying,2023-07-20
11933,643,337,4,Good value,2024-03-16
11934,4985,270,2,Fast delivery,2023-03-14
11935,464,320,4,Quality could improve,2024-01-02
11936,577,131,4,Good value,2025-05-09
11937,705,162,1,Fast delivery,2024-02-09
11938,82,120,3,Not satisfied,2023-01-24
11939,4233,144,5,Highly recommended,2025-06-02
11940,3420,448,5,Not satisfied,2023-12-19
11941,691,10,5,Good value,2023-06-26
11942,2536,450,3,Average quality,2024-06-10
11943,292,81,1,Not satisfied,2023-05-16
11944,591,86,5,Fast delivery,2025-03-10
11945,3536,156,2,Average quality,2024-02-24
11946,4325,65,1,Very good,2024-08-03
11947,1592,373,2,Quality could improve,2023-12-27
11948,3111,372,4,Very good,2024-12-29
11949,2417,4,4,Average quality,2023-09-04
11950,2434,412,3,Quality could improve,2023-09-04
11951,1061,104,5,Worth buying,2025-06-03
11952,343,44,2,Average quality,2025-05-14
11953,1042,1,3,Amazing experience,2024-11-23
11954,4756,480,3,Average quality,2024-05-14
11955,2713,156,2,Excellent product,2024-09-23
11956,1232,292,4,Very good,2024-10-28
11957,3781,142,1,Highly recommended,2025-05-18
11958,4717,171,4,Amazing experience,2023-01-24
11959,969,239,3,Quality could improve,2023-09-29
11960,43,493,3,Very good,2025-06-04
11961,954,157,4,Not satisfied,2023-08-30
11962,4473,410,3,Quality could improve,2024-08-07
11963,1584,493,1,Very good,2024-10-20
11964,4907,151,3,Amazing experience,2024-12-12
11965,3210,135,1,Worth buying,2025-05-21
11966,4772,187,2,Very good,2024-05-23
11967,3488,483,3,Average quality,2024-09-04
11968,2581,63,2,Amazing experience,2024-04-14
11969,2229,237,4,Average quality,2025-03-08
11970,2720,198,4,Quality could improve,2025-01-18
11971,1205,274,5,Average quality,2023-09-25
11972,2704,65,3,Highly recommended,2023-08-22
11973,1041,213,2,Excellent product,2023-11-10
11974,4709,481,5,Excellent product,2025-03-31
11975,258,45,3,Fast delivery,2023-03-26
11976,2282,205,4,Very good,2024-11-09
11977,3550,189,3,Highly recommended,2024-04-26
11978,3006,304,1,Very good,2023-01-01
11979,1821,231,4,Good value,2023-06-06
11980,3004,128,5,Fast delivery,2023-10-10
11981,1717,362,3,Very good,2024-07-07
11982,2502,407,2,Very good,2023-08-26
11983,315,371,4,Good value,2024-11-21
11984,781,115,1,Highly recommended,2023-03-10
11985,3899,3,5,Excellent product,2024-08-21
11986,4530,480,5,Worth buying,2024-06-25
11987,16,10,3,Good value,2024-01-06
11988,3926,21,3,Amazing experience,2023-12-30
11989,1588,436,4,Average quality,2024-09-04
11990,1241,301,2,Very good,2023-05-15
11991,252,458,4,Good value,2024-01-19
11992,467,351,4,Quality could improve,2024-08-14
11993,4633,307,5,Highly recommended,2024-04-16
11994,2493,260,5,Average quality,2025-06-06
11995,648,369,5,Average quality,2025-04-09
11996,3239,232,2,Amazing experience,2024-03-12
11997,1653,154,2,Amazing experience,2023-08-28
11998,443,145,5,Average quality,2024-06-05
11999,3031,133,4,Not satisfied,2023-06-05
12000,2913,491,2,Not satisfied,2024-07-27
